  0
SECTION
  2
HEADER
  9
$ACADVER
  1
AC1015
  9
$ACADMAINTVER
 70
     6
  9
$DWGCODEPAGE
  3
ANSI_1252
  9
$INSBASE
 10
0.0
 20
0.0
 30
0.0
  9
$EXTMIN
 10
-122.2335915997
 20
-17.4088633463
 30
0.0
  9
$EXTMAX
 10
42.7664084003
 20
20.7287366556
 30
0.0
  9
$LIMMIN
 10
0.0
 20
0.0
  9
$LIMMAX
 10
420.0
 20
297.0
  9
$ORTHOMODE
 70
     0
  9
$REGENMODE
 70
     1
  9
$FILLMODE
 70
     1
  9
$QTEXTMODE
 70
     0
  9
$MIRRTEXT
 70
     1
  9
$LTSCALE
 40
1.0
  9
$ATTMODE
 70
     1
  9
$TEXTSIZE
 40
3.5
  9
$TRACEWID
 40
1.0
  9
$TEXTSTYLE
  7
Standard
  9
$CLAYER
  8
0
  9
$CELTYPE
  6
ByLayer
  9
$CECOLOR
 62
   256
  9
$CELTSCALE
 40
1.0
  9
$DISPSILH
 70
     0
  9
$DIMSCALE
 40
1.0
  9
$DIMASZ
 40
3.302
  9
$DIMEXO
 40
0.0
  9
$DIMDLI
 40
3.75
  9
$DIMRND
 40
0.0
  9
$DIMDLE
 40
0.0
  9
$DIMEXE
 40
1.0
  9
$DIMTP
 40
0.0
  9
$DIMTM
 40
0.0
  9
$DIMTXT
 40
3.5
  9
$DIMCEN
 40
2.5
  9
$DIMTSZ
 40
0.0
  9
$DIMTOL
 70
     0
  9
$DIMLIM
 70
     0
  9
$DIMTIH
 70
     1
  9
$DIMTOH
 70
     1
  9
$DIMSE1
 70
     0
  9
$DIMSE2
 70
     0
  9
$DIMTAD
 70
     1
  9
$DIMZIN
 70
     1
  9
$DIMBLK
  1

  9
$DIMASO
 70
     1
  9
$DIMSHO
 70
     1
  9
$DIMPOST
  1

  9
$DIMAPOST
  1

  9
$DIMALT
 70
     0
  9
$DIMALTD
 70
     3
  9
$DIMALTF
 40
0.0393700787
  9
$DIMLFAC
 40
1.0
  9
$DIMTOFL
 70
     1
  9
$DIMTVP
 40
0.0
  9
$DIMTIX
 70
     0
  9
$DIMSOXD
 70
     0
  9
$DIMSAH
 70
     0
  9
$DIMBLK1
  1

  9
$DIMBLK2
  1

  9
$DIMSTYLE
  2
ISO-25
  9
$DIMCLRD
 70
     0
  9
$DIMCLRE
 70
     0
  9
$DIMCLRT
 70
     0
  9
$DIMTFAC
 40
1.0
  9
$DIMGAP
 40
1.524
  9
$DIMJUST
 70
     0
  9
$DIMSD1
 70
     0
  9
$DIMSD2
 70
     0
  9
$DIMTOLJ
 70
     0
  9
$DIMTZIN
 70
     1
  9
$DIMALTZ
 70
     0
  9
$DIMALTTZ
 70
     0
  9
$DIMUPT
 70
     0
  9
$DIMDEC
 70
     2
  9
$DIMTDEC
 70
     2
  9
$DIMALTU
 70
     2
  9
$DIMALTTD
 70
     3
  9
$DIMTXSTY
  7
Standard
  9
$DIMAUNIT
 70
     0
  9
$DIMADEC
 70
     2
  9
$DIMALTRND
 40
0.0
  9
$DIMAZIN
 70
     0
  9
$DIMDSEP
 70
    44
  9
$DIMATFIT
 70
     3
  9
$DIMFRAC
 70
     0
  9
$DIMLDRBLK
  1

  9
$DIMLUNIT
 70
     2
  9
$DIMLWD
 70
    -2
  9
$DIMLWE
 70
    -2
  9
$DIMTMOVE
 70
     0
  9
$LUNITS
 70
     2
  9
$LUPREC
 70
     2
  9
$SKETCHINC
 40
1.0
  9
$FILLETRAD
 40
0.0
  9
$AUNITS
 70
     0
  9
$AUPREC
 70
     2
  9
$MENU
  1
.
  9
$ELEVATION
 40
0.0
  9
$PELEVATION
 40
0.0
  9
$THICKNESS
 40
0.0
  9
$LIMCHECK
 70
     0
  9
$CHAMFERA
 40
0.0
  9
$CHAMFERB
 40
0.0
  9
$CHAMFERC
 40
0.0
  9
$CHAMFERD
 40
0.0
  9
$SKPOLY
 70
     0
  9
$TDCREATE
 40
2460170.537660984
  9
$TDUCREATE
 40
2460170.45432765
  9
$TDUPDATE
 40
2460170.537780197
  9
$TDUUPDATE
 40
2460170.454446863
  9
$TDINDWG
 40
0.0000000116
  9
$TDUSRTIMER
 40
0.0000000116
  9
$USRTIMER
 70
     1
  9
$ANGBASE
 50
0.0
  9
$ANGDIR
 70
     0
  9
$PDMODE
 70
     0
  9
$PDSIZE
 40
-1.0
  9
$PLINEWID
 40
0.0
  9
$SPLFRAME
 70
     0
  9
$SPLINETYPE
 70
     6
  9
$SPLINESEGS
 70
     8
  9
$HANDSEED
  5
10CF
  9
$SURFTAB1
 70
     6
  9
$SURFTAB2
 70
     6
  9
$SURFTYPE
 70
     6
  9
$SURFU
 70
     6
  9
$SURFV
 70
     6
  9
$UCSBASE
  2

  9
$UCSNAME
  2

  9
$UCSORG
 10
0.0
 20
0.0
 30
0.0
  9
$UCSXDIR
 10
1.0
 20
0.0
 30
0.0
  9
$UCSYDIR
 10
0.0
 20
1.0
 30
0.0
  9
$UCSORTHOREF
  2

  9
$UCSORTHOVIEW
 70
     0
  9
$UCSORGTOP
 10
0.0
 20
0.0
 30
0.0
  9
$UCSORGBOTTOM
 10
0.0
 20
0.0
 30
0.0
  9
$UCSORGLEFT
 10
0.0
 20
0.0
 30
0.0
  9
$UCSORGRIGHT
 10
0.0
 20
0.0
 30
0.0
  9
$UCSORGFRONT
 10
0.0
 20
0.0
 30
0.0
  9
$UCSORGBACK
 10
0.0
 20
0.0
 30
0.0
  9
$PUCSBASE
  2

  9
$PUCSNAME
  2

  9
$PUCSORG
 10
0.0
 20
0.0
 30
0.0
  9
$PUCSXDIR
 10
1.0
 20
0.0
 30
0.0
  9
$PUCSYDIR
 10
0.0
 20
1.0
 30
0.0
  9
$PUCSORTHOREF
  2

  9
$PUCSORTHOVIEW
 70
     0
  9
$PUCSORGTOP
 10
0.0
 20
0.0
 30
0.0
  9
$PUCSORGBOTTOM
 10
0.0
 20
0.0
 30
0.0
  9
$PUCSORGLEFT
 10
0.0
 20
0.0
 30
0.0
  9
$PUCSORGRIGHT
 10
0.0
 20
0.0
 30
0.0
  9
$PUCSORGFRONT
 10
0.0
 20
0.0
 30
0.0
  9
$PUCSORGBACK
 10
0.0
 20
0.0
 30
0.0
  9
$USERI1
 70
     0
  9
$USERI2
 70
     0
  9
$USERI3
 70
     0
  9
$USERI4
 70
     0
  9
$USERI5
 70
     0
  9
$USERR1
 40
0.0
  9
$USERR2
 40
0.0
  9
$USERR3
 40
0.0
  9
$USERR4
 40
0.0
  9
$USERR5
 40
0.0
  9
$WORLDVIEW
 70
     1
  9
$SHADEDGE
 70
     3
  9
$SHADEDIF
 70
    70
  9
$TILEMODE
 70
     1
  9
$MAXACTVP
 70
    64
  9
$PINSBASE
 10
0.0
 20
0.0
 30
0.0
  9
$PLIMCHECK
 70
     0
  9
$PEXTMIN
 10
1.0000000000E+20
 20
1.0000000000E+20
 30
1.0000000000E+20
  9
$PEXTMAX
 10
-1.0000000000E+20
 20
-1.0000000000E+20
 30
-1.0000000000E+20
  9
$PLIMMIN
 10
0.0
 20
0.0
  9
$PLIMMAX
 10
420.0
 20
297.0
  9
$UNITMODE
 70
     0
  9
$VISRETAIN
 70
     1
  9
$PLINEGEN
 70
     0
  9
$PSLTSCALE
 70
     1
  9
$TREEDEPTH
 70
  3020
  9
$CMLSTYLE
  2
Standard
  9
$CMLJUST
 70
     0
  9
$CMLSCALE
 40
20.0
  9
$PROXYGRAPHICS
 70
     1
  9
$MEASUREMENT
 70
     1
  9
$CELWEIGHT
370
    -1
  9
$ENDCAPS
280
     0
  9
$JOINSTYLE
280
     0
  9
$LWDISPLAY
290
     1
  9
$INSUNITS
 70
     4
  9
$HYPERLINKBASE
  1

  9
$STYLESHEET
  1

  9
$XEDIT
290
     1
  9
$CEPSNTYPE
380
     0
  9
$PSTYLEMODE
290
     1
  9
$FINGERPRINTGUID
  2
{e669b233-c7e1-439c-a811-32db22091bb1}
  9
$VERSIONGUID
  2
{FAEB1C32-E019-11D5-929B-00C0DF256EC4}
  9
$EXTNAMES
290
     1
  9
$PSVPSCALE
 40
0.0
  9
$OLESTARTUP
290
     0
  0
ENDSEC
  0
SECTION
  2
CLASSES
  0
CLASS
  1
ACDBDICTIONARYWDFLT
  2
AcDbDictionaryWithDefault
  3
ObjectDBX Classes
 90
        0
280
     0
281
     0
  0
CLASS
  1
VISUALSTYLE
  2
AcDbVisualStyle
  3
ObjectDBX Classes
 90
     4095
280
     0
281
     0
  0
CLASS
  1
MATERIAL
  2
AcDbMaterial
  3
ObjectDBX Classes
 90
     1153
280
     0
281
     0
  0
CLASS
  1
SCALE
  2
AcDbScale
  3
ObjectDBX Classes
 90
     1153
280
     0
281
     0
  0
CLASS
  1
TABLESTYLE
  2
AcDbTableStyle
  3
ObjectDBX Classes
 90
     4095
280
     0
281
     0
  0
CLASS
  1
MLEADERSTYLE
  2
AcDbMLeaderStyle
  3
ACDB_MLEADERSTYLE_CLASS
 90
     4095
280
     0
281
     0
  0
CLASS
  1
SUN
  2
AcDbSun
  3
SCENEOE
 90
     1153
280
     0
281
     0
  0
CLASS
  1
ACDBPLACEHOLDER
  2
AcDbPlaceHolder
  3
ObjectDBX Classes
 90
        0
280
     0
281
     0
  0
CLASS
  1
LAYOUT
  2
AcDbLayout
  3
ObjectDBX Classes
 90
        0
280
     0
281
     0
  0
ENDSEC
  0
SECTION
  2
TABLES
  0
TABLE
  2
VPORT
  5
8
330
0
100
AcDbSymbolTable
 70
     1
  0
VPORT
  5
29
330
8
100
AcDbSymbolTableRecord
100
AcDbViewportTableRecord
  2
*Active
 70
     0
 10
0.0
 20
0.0
 11
1.0
 21
1.0
 12
-39.7335915997
 22
1.6599366547
 13
0.0
 23
0.0
 14
10.0
 24
10.0
 15
10.0
 25
10.0
 16
0.0
 26
0.0
 36
1.0
 17
0.0
 27
0.0
 37
0.0
 40
38.9003520019
 41
4.3264389996
 42
50.0
 43
0.0
 44
0.0
 50
0.0
 51
0.0
 71
     0
 72
   100
 73
     1
 74
     3
 75
     0
 76
     0
 77
     0
 78
     0
281
     0
 65
     1
110
0.0
120
0.0
130
0.0
111
1.0
121
0.0
131
0.0
112
0.0
122
1.0
132
0.0
 79
     0
146
0.0
  0
ENDTAB
  0
TABLE
  2
LTYPE
  5
5
330
0
100
AcDbSymbolTable
 70
     6
  0
LTYPE
  5
14
330
5
100
AcDbSymbolTableRecord
100
AcDbLinetypeTableRecord
  2
ByBlock
 70
     0
  3

 72
    65
 73
     0
 40
0.0
  0
LTYPE
  5
15
330
5
100
AcDbSymbolTableRecord
100
AcDbLinetypeTableRecord
  2
ByLayer
 70
     0
  3

 72
    65
 73
     0
 40
0.0
  0
LTYPE
  5
16
330
5
100
AcDbSymbolTableRecord
100
AcDbLinetypeTableRecord
  2
Continuous
 70
     0
  3
Solid line
 72
    65
 73
     0
 40
0.0
  0
LTYPE
  5
5E
330
5
100
AcDbSymbolTableRecord
100
AcDbLinetypeTableRecord
  2
HIDDEN
 70
     0
  3
Hidden __ __ __ __ __ __ __ __ __ __ __ __ __ __
 72
    65
 73
     2
 40
1.905
 49
1.27
 74
     0
 49
-0.635
 74
     0
  0
LTYPE
  5
5F
330
5
100
AcDbSymbolTableRecord
100
AcDbLinetypeTableRecord
  2
PHANTOM
 70
     0
  3
Phantom ______  __  __  ______  __  __  ______
 72
    65
 73
     6
 40
12.7
 49
6.35
 74
     0
 49
-1.27
 74
     0
 49
1.27
 74
     0
 49
-1.27
 74
     0
 49
1.27
 74
     0
 49
-1.27
 74
     0
  0
LTYPE
  5
60
330
5
100
AcDbSymbolTableRecord
100
AcDbLinetypeTableRecord
  2
CENTER
 70
     0
  3
Center ____ _ ____ _ ____ _ ____ _ ____ _ ____
 72
    65
 73
     4
 40
10.16
 49
6.35
 74
     0
 49
-1.27
 74
     0
 49
1.27
 74
     0
 49
-1.27
 74
     0
  0
LTYPE
  5
61
330
5
100
AcDbSymbolTableRecord
100
AcDbLinetypeTableRecord
  2
CENTERX2
 70
     0
  3
Center (2x) ________  __  ________  __  _____
 72
    65
 73
     4
 40
20.32
 49
12.7
 74
     0
 49
-2.54
 74
     0
 49
2.54
 74
     0
 49
-2.54
 74
     0
  0
LTYPE
  5
62
330
5
100
AcDbSymbolTableRecord
100
AcDbLinetypeTableRecord
  2
DOT2
 70
     0
  3
Dot (.5x) ........................................
 72
    65
 73
     2
 40
0.635
 49
0.0
 74
     0
 49
-0.635
 74
     0
  0
ENDTAB
  0
TABLE
  2
LAYER
  5
2
330
0
100
AcDbSymbolTable
 70
     1
  0
LAYER
  5
10
330
2
100
AcDbSymbolTableRecord
100
AcDbLayerTableRecord
  2
0
 70
     0
 62
     7
  6
Continuous
370
    -3
390
F
  0
ENDTAB
  0
TABLE
  2
STYLE
  5
3
330
0
100
AcDbSymbolTable
 70
     2
  0
STYLE
  5
11
330
3
100
AcDbSymbolTableRecord
100
AcDbTextStyleTableRecord
  2
Standard
 70
     0
 40
0.0
 41
1.0
 50
0.0
 71
     0
 42
3.5
  3
txt
  4

  0
STYLE
  5
10CC
330
3
100
AcDbSymbolTableRecord
100
AcDbTextStyleTableRecord
  2
SLDTEXTSTYLE0
 70
     0
 40
0.0
 41
0.7
 50
0.0
 71
     0
 42
3.5
  3
TXT
  4

  0
ENDTAB
  0
TABLE
  2
VIEW
  5
6
330
0
100
AcDbSymbolTable
 70
     0
  0
ENDTAB
  0
TABLE
  2
UCS
  5
7
330
0
100
AcDbSymbolTable
 70
     0
  0
ENDTAB
  0
TABLE
  2
APPID
  5
9
330
0
100
AcDbSymbolTable
 70
     1
  0
APPID
  5
12
330
9
100
AcDbSymbolTableRecord
100
AcDbRegAppTableRecord
  2
ACAD
 70
     0
  0
ENDTAB
  0
TABLE
  2
DIMSTYLE
  5
A
330
0
100
AcDbSymbolTable
 70
     1
100
AcDbDimStyleTable
  0
DIMSTYLE
105
27
330
A
100
AcDbSymbolTableRecord
100
AcDbDimStyleTableRecord
  2
ISO-25
 70
     0
 41
2.5
 42
0.625
 43
3.75
 44
1.25
 73
     0
 74
     0
 77
     1
 78
     8
140
2.5
141
2.5
143
0.0393700787
147
0.625
171
     3
172
     1
178
     0
271
     2
272
     2
274
     3
278
    44
283
     0
284
     8
340
11
  0
ENDTAB
  0
TABLE
  2
BLOCK_RECORD
  5
1
330
0
100
AcDbSymbolTable
 70
     1
  0
BLOCK_RECORD
  5
1F
330
1
100
AcDbSymbolTableRecord
100
AcDbBlockTableRecord
  2
*Model_Space
340
22
  0
BLOCK_RECORD
  5
1B
330
1
100
AcDbSymbolTableRecord
100
AcDbBlockTableRecord
  2
*Paper_Space
340
1E
  0
BLOCK_RECORD
  5
23
330
1
100
AcDbSymbolTableRecord
100
AcDbBlockTableRecord
  2
*Paper_Space0
340
26
  0
ENDTAB
  0
ENDSEC
  0
SECTION
  2
BLOCKS
  0
BLOCK
  5
20
330
1F
100
AcDbEntity
  8
0
100
AcDbBlockBegin
  2
*Model_Space
 70
     0
 10
0.0
 20
0.0
 30
0.0
  3
*Model_Space
  1

  0
ENDBLK
  5
21
330
1F
100
AcDbEntity
  8
0
100
AcDbBlockEnd
  0
BLOCK
  5
1C
330
1B
100
AcDbEntity
 67
     1
  8
0
100
AcDbBlockBegin
  2
*Paper_Space
 70
     0
 10
0.0
 20
0.0
 30
0.0
  3
*Paper_Space
  1

  0
ENDBLK
  5
1D
330
1B
100
AcDbEntity
 67
     1
  8
0
100
AcDbBlockEnd
  0
BLOCK
  5
24
330
23
100
AcDbEntity
  8
0
100
AcDbBlockBegin
  2
*Paper_Space0
 70
     0
 10
0.0
 20
0.0
 30
0.0
  3
*Paper_Space0
  1

  0
ENDBLK
  5
25
330
23
100
AcDbEntity
  8
0
100
AcDbBlockEnd
  0
ENDSEC
  0
SECTION
  2
ENTITIES
  0
LWPOLYLINE
  5
63
330
1F
100
AcDbEntity
  8
0
  6
Continuous
 62
     7
100
AcDbPolyline
 90
       12
 70
   128
 43
0.0
 10
-105.4473519325
 20
12.3287366546
 10
-104.8002596872
 20
12.3287366546
 10
-104.8002596872
 20
12.3287366546
 10
-104.8002596872
 20
8.8287366546
 10
-104.8002596872
 20
8.8287366546
 10
-105.1143622513
 20
8.8287366546
 10
-105.1143622513
 20
8.8287366546
 10
-105.1143622513
 20
11.9697622957
 10
-105.1143622513
 20
11.9697622957
 10
-105.6528237898
 20
11.9697622957
 10
-105.6528237898
 20
11.9697622957
 10
-105.4473951039
 20
12.3287366546
  0
LWPOLYLINE
  5
64
330
1F
100
AcDbEntity
  8
0
  6
Continuous
 62
     7
100
AcDbPolyline
 90
       65
 70
   128
 43
0.0
 10
-102.7361154556
 20
8.7389930649
 10
-102.9871587257
 20
8.9135723918
 10
-102.9871587257
 20
8.9135723918
 10
-102.0140016744
 20
10.3361485136
 10
-102.0140016744
 20
10.3361485136
 10
-102.2005000718
 20
10.3165171034
 10
-102.3820906167
 20
10.3095058854
 10
-102.3820906167
 20
10.3095058854
 10
-102.4921667385
 20
10.314413738
 10
-102.5973350077
 20
10.3284361739
 10
-102.698997668
 20
10.3515731931
 10
-102.7957524757
 20
10.3845259175
 10
-102.8890016744
 20
10.4265932251
 10
-102.9773430205
 20
10.4777751162
 10
-103.0621787577
 20
10.5387727123
 10
-103.1421066423
 20
10.6088848918
 10
-103.215023309
 20
10.6860082892
 10
-103.2788253923
 20
10.7673384175
 10
-103.3321106487
 20
10.8528752764
 10
-103.3762813218
 20
10.943319988
 10
-103.409935168
 20
11.0372703085
 10
-103.4344744308
 20
11.1361284816
 10
-103.4491979885
 20
11.2391933854
 10
-103.4541058411
 20
11.34646502
 10
-103.4541058411
 20
11.34646502
 10
-103.4449912577
 20
11.4929994751
 10
-103.4183486295
 20
11.6318215905
 10
-103.3734768346
 20
11.763632488
 10
-103.3110769949
 20
11.8877310457
 10
-103.2318502321
 20
12.00271502
 10
-103.1378999116
 20
12.1050788021
 10
-103.0285249116
 20
12.1955235136
 10
-102.9044263539
 20
12.2740491546
 10
-102.7705120911
 20
12.3371501162
 10
-102.6316899757
 20
12.3827230328
 10
-102.4879600077
 20
12.409365661
 10
-102.340023309
 20
12.4184802444
 10
-102.340023309
 20
12.4184802444
 10
-102.1948910975
 20
12.409365661
 10
-102.0553678603
 20
12.3834241546
 10
-101.9214535975
 20
12.3392534816
 10
-101.793148309
 20
12.2775547636
 10
-101.6739576039
 20
12.1997302444
 10
-101.5687893346
 20
12.108584411
 10
-101.4769423795
 20
12.00271502
 10
-101.3984167385
 20
11.8828231931
 10
-101.3360168987
 20
11.7545179046
 10
-101.2911451039
 20
11.6213047636
 10
-101.2645024757
 20
11.4845860136
 10
-101.2553878923
 20
11.342959411
 10
-101.2553878923
 20
11.342959411
 10
-101.2609968667
 20
11.2328832892
 10
-101.277122668
 20
11.1207038021
 10
-101.3051675398
 20
11.0050187059
 10
-101.3437292385
 20
10.8872302444
 10
-101.3675673795
 20
10.8262326482
 10
-101.3963133731
 20
10.7624305649
 10
-101.4292660975
 20
10.6951228726
 10
-101.4664255526
 20
10.6257118149
 10
-101.5077917385
 20
10.5520940264
 10
-101.5533646552
 20
10.4763728726
 10
-101.6038454244
 20
10.3971461098
 10
-101.6585329244
 20
10.3151148598
 10
-101.6585329244
 20
10.3151148598
 10
-102.7361571231
 20
8.7389930649
  0
LWPOLYLINE
  5
65
330
1F
100
AcDbEntity
  8
0
  6
Continuous
 62
     7
100
AcDbPolyline
 90
       68
 70
   128
 43
0.0
 10
-102.3238897324
 20
10.6684802444
 10
-102.2404640141
 20
10.6719858534
 10
-102.1619383731
 20
10.6811004367
 10
-102.0869183411
 20
10.697226238
 10
-102.0168061616
 20
10.7196621354
 10
-101.9501995911
 20
10.7477070072
 10
-101.8877997513
 20
10.7827630969
 10
-101.8303077641
 20
10.8241292828
 10
-101.7763213859
 20
10.8718055649
 10
-101.7279439821
 20
10.9243896995
 10
-101.6858766744
 20
10.9790771995
 10
-101.6501194629
 20
11.0365691867
 10
-101.6213734693
 20
11.096865661
 10
-101.59823645
 20
11.1599666226
 10
-101.5821106487
 20
11.2251709495
 10
-101.5729960654
 20
11.2931797636
 10
-101.5694904564
 20
11.3639930649
 10
-101.5694904564
 20
11.3639930649
 10
-101.5729960654
 20
11.4348063662
 10
-101.5835128923
 20
11.5028151803
 10
-101.601742059
 20
11.5680195072
 10
-101.6269824436
 20
11.6311204687
 10
-101.6592340462
 20
11.6907158213
 10
-101.6984968667
 20
11.7482078085
 10
-101.745472027
 20
11.8035964303
 10
-101.7994584052
 20
11.8554794431
 10
-101.8583526359
 20
11.9031557251
 10
-101.9200513539
 20
11.944521911
 10
-101.9852556808
 20
11.9795780008
 10
-102.0532644949
 20
12.0083239944
 10
-102.1240777962
 20
12.0307598918
 10
-102.1983967064
 20
12.0468856931
 10
-102.2755201039
 20
12.0560002764
 10
-102.3561491103
 20
12.0595058854
 10
-102.3561491103
 20
12.0595058854
 10
-102.4360769949
 20
12.0560002764
 10
-102.5124992705
 20
12.0468856931
 10
-102.586117059
 20
12.0307598918
 10
-102.6569303603
 20
12.0083239944
 10
-102.7249391744
 20
11.9795780008
 10
-102.7901435013
 20
11.944521911
 10
-102.8518422193
 20
11.9031557251
 10
-102.91073645
 20
11.8554794431
 10
-102.9647228282
 20
11.8035964303
 10
-103.0109968667
 20
11.7482078085
 10
-103.0502596872
 20
11.6907158213
 10
-103.0825112898
 20
11.6311204687
 10
-103.1077516744
 20
11.5680195072
 10
-103.1259808411
 20
11.5028151803
 10
-103.136497668
 20
11.4348063662
 10
-103.140003277
 20
11.3639930649
 10
-103.140003277
 20
11.3639930649
 10
-103.136497668
 20
11.2931797636
 10
-103.1252797193
 20
11.2251709495
 10
-103.1063494308
 20
11.1599666226
 10
-103.0804079244
 20
11.096865661
 10
-103.0467540782
 20
11.0365691867
 10
-103.0053878923
 20
10.9790771995
 10
-102.9570104885
 20
10.9243896995
 10
-102.9009207449
 20
10.8718055649
 10
-102.8399231487
 20
10.8241292828
 10
-102.7754199436
 20
10.7827630969
 10
-102.7074111295
 20
10.7477070072
 10
-102.63729895
 20
10.7196621354
 10
-102.5636811616
 20
10.697226238
 10
-102.4865577641
 20
10.6811004367
 10
-102.4066298795
 20
10.6719858534
 10
-102.3238975077
 20
10.6684802444
  0
LWPOLYLINE
  5
66
330
1F
100
AcDbEntity
  8
0
  6
Continuous
 62
     7
100
AcDbPolyline
 90
       12
 70
   128
 43
0.0
 10
-96.9473719597
 20
12.3287366546
 10
-96.3002596872
 20
12.3287366546
 10
-96.3002596872
 20
12.3287366546
 10
-96.3002596872
 20
8.8287366546
 10
-96.3002596872
 20
8.8287366546
 10
-96.6143622513
 20
8.8287366546
 10
-96.6143622513
 20
8.8287366546
 10
-96.6143622513
 20
11.9697622957
 10
-96.6143622513
 20
11.9697622957
 10
-97.1528237898
 20
11.9697622957
 10
-97.1528237898
 20
11.9697622957
 10
-96.9473951039
 20
12.3287366546
  0
LWPOLYLINE
  5
67
330
1F
100
AcDbEntity
  8
0
  6
Continuous
 62
     7
100
AcDbPolyline
 90
      113
 70
   128
 43
0.0
 10
-93.2973027229
 20
10.7785563662
 10
-93.2118181808
 20
10.7329834495
 10
-93.132591418
 20
10.6860082892
 10
-93.0596747513
 20
10.6369297636
 10
-92.992367059
 20
10.5871501162
 10
-92.9306683411
 20
10.5352671034
 10
-92.8752797193
 20
10.4812807251
 10
-92.8262011936
 20
10.4265932251
 10
-92.7827316423
 20
10.3698023598
 10
-92.7448710654
 20
10.3116092508
 10
-92.7119183411
 20
10.2513127764
 10
-92.6838734693
 20
10.1889129367
 10
-92.6614375718
 20
10.1251108534
 10
-92.6432084052
 20
10.0585042828
 10
-92.6305882129
 20
9.9904954687
 10
-92.6235769949
 20
9.9203832892
 10
-92.6207725077
 20
9.8481677444
 10
-92.6207725077
 20
9.8481677444
 10
-92.6249792385
 20
9.7472062059
 10
-92.6375994308
 20
9.6490491546
 10
-92.6579319629
 20
9.5536965905
 10
-92.6866779564
 20
9.4618496354
 10
-92.7245385334
 20
9.3721060457
 10
-92.77011145
 20
9.2865691867
 10
-92.8233967064
 20
9.2031356931
 10
-92.8857965462
 20
9.1232078085
 10
-92.8857965462
 20
9.1232078085
 10
-92.9713334052
 20
9.0334642187
 10
-93.0652837257
 20
8.9549385777
 10
-93.1683486295
 20
8.889033129
 10
-93.2805281167
 20
8.8350467508
 10
-93.4011210654
 20
8.7929794431
 10
-93.5301274757
 20
8.7628312059
 10
-93.6682484693
 20
8.745303161
 10
-93.8147829244
 20
8.7389930649
 10
-93.8147829244
 20
8.7389930649
 10
-93.9557084052
 20
8.7446020392
 10
-94.0882204244
 20
8.7600267187
 10
-94.2123189821
 20
8.7866693469
 10
-94.3266018346
 20
8.8231276803
 10
-94.4331723475
 20
8.8708039623
 10
-94.5299271552
 20
8.9289970713
 10
-94.6182685013
 20
8.9970058854
 10
-94.6981963859
 20
9.0762326482
 10
-94.7690096872
 20
9.1617695072
 10
-94.8300072834
 20
9.2494097316
 10
-94.8811891744
 20
9.3391533213
 10
-94.9239576039
 20
9.4310002764
 10
-94.9569103282
 20
9.5249505969
 10
-94.9800473475
 20
9.6210042828
 10
-94.9940697834
 20
9.7191613341
 10
-94.9989776359
 20
9.8194217508
 10
-94.9989776359
 20
9.8194217508
 10
-94.9961731487
 20
9.8930395392
 10
-94.988460809
 20
9.9645539623
 10
-94.9758406167
 20
10.03396502
 10
-94.9583125718
 20
10.1019738341
 10
-94.9351755526
 20
10.1678792828
 10
-94.9071306808
 20
10.2316813662
 10
-94.8741779564
 20
10.2940812059
 10
-94.8363173795
 20
10.3543776803
 10
-94.7921467064
 20
10.413271911
 10
-94.742367059
 20
10.4700627764
 10
-94.6855761936
 20
10.5254513982
 10
-94.6224752321
 20
10.5794377764
 10
-94.5537652962
 20
10.632021911
 10
-94.4780441423
 20
10.6825026803
 10
-94.3967140141
 20
10.7315812059
 10
-94.308372668
 20
10.7785563662
 10
-94.308372668
 20
10.7785563662
 10
-94.4282644949
 20
10.8479674239
 10
-94.5320305205
 20
10.9257919431
 10
-94.6196707449
 20
11.0106276803
 10
-94.6918862898
 20
11.103876879
 10
-94.7479760334
 20
11.2027350521
 10
-94.7872388539
 20
11.3050988341
 10
-94.8117781167
 20
11.4109682251
 10
-94.8194904564
 20
11.5203432251
 10
-94.8194904564
 20
11.5203432251
 10
-94.8110769949
 20
11.6318215905
 10
-94.7858366103
 20
11.7418977123
 10
-94.7430681808
 20
11.8512727123
 10
-94.68417395
 20
11.9585443469
 10
-94.6098550398
 20
12.0602070072
 10
-94.5229159372
 20
12.1499505969
 10
-94.4233566423
 20
12.228476238
 10
-94.3104760334
 20
12.2957839303
 10
-94.1884808411
 20
12.3497703085
 10
-94.0615777962
 20
12.3876308854
 10
-93.9304680205
 20
12.4107679046
 10
-93.7937492705
 20
12.4184802444
 10
-93.7937492705
 20
12.4184802444
 10
-93.6605361295
 20
12.4107679046
 10
-93.5329319629
 20
12.3876308854
 10
-93.4102356487
 20
12.3483680649
 10
-93.2924471872
 20
12.2943816867
 10
-93.1830721872
 20
12.2270739944
 10
-93.0870185013
 20
12.1478472316
 10
-93.0028838859
 20
12.0581036418
 10
-92.9313694629
 20
11.9571421034
 10
-92.8738774757
 20
11.8498704687
 10
-92.8332124116
 20
11.7390932251
 10
-92.8086731487
 20
11.6262126162
 10
-92.8002596872
 20
11.51052752
 10
-92.8002596872
 20
11.51052752
 10
-92.807972027
 20
11.3969457892
 10
-92.8311090462
 20
11.2896741546
 10
-92.8703718667
 20
11.1887126162
 10
-92.9243582449
 20
11.0940611739
 10
-92.9944704244
 20
11.0057198277
 10
-93.0793061616
 20
10.9243896995
 10
-93.1809688218
 20
10.8479674239
 10
-93.2973550398
 20
10.7785563662
  0
LWPOLYLINE
  5
68
330
1F
100
AcDbEntity
  8
0
  6
Continuous
 62
     7
100
AcDbPolyline
 90
       64
 70
   128
 43
0.0
 10
-93.8112735748
 20
12.0595058854
 10
-93.8848951039
 20
12.0567013982
 10
-93.9550072834
 20
12.0496901803
 10
-94.0216138539
 20
12.037069988
 10
-94.0854159372
 20
12.0195419431
 10
-94.1464135334
 20
11.9964049239
 10
-94.2032043987
 20
11.9690611739
 10
-94.257190777
 20
11.9361084495
 10
-94.308372668
 20
11.8982478726
 10
-94.3546467064
 20
11.8568816867
 10
-94.3946106487
 20
11.8141132572
 10
-94.4282644949
 20
11.7692414623
 10
-94.4563093667
 20
11.7222663021
 10
-94.4773430205
 20
11.6731877764
 10
-94.4927677
 20
11.6227070072
 10
-94.5025834052
 20
11.5701228726
 10
-94.5053878923
 20
11.5154353726
 10
-94.5053878923
 20
11.5154353726
 10
-94.5018822834
 20
11.4607478726
 10
-94.4920665782
 20
11.408163738
 10
-94.475940777
 20
11.3562807251
 10
-94.4521026359
 20
11.3057999559
 10
-94.4226555205
 20
11.2567214303
 10
-94.3861971872
 20
11.2083440264
 10
-94.3434287577
 20
11.162069988
 10
-94.2936491103
 20
11.1164970713
 10
-94.2396627321
 20
11.0744297636
 10
-94.1828718667
 20
11.0379714303
 10
-94.1246787577
 20
11.0078231931
 10
-94.0636811616
 20
10.9825828085
 10
-94.0005802
 20
10.9629513982
 10
-93.9353758731
 20
10.9489289623
 10
-93.8680681808
 20
10.9405155008
 10
-93.7986571231
 20
10.9377110136
 10
-93.7986571231
 20
10.9377110136
 10
-93.7096146552
 20
10.9426188662
 10
-93.6226755526
 20
10.9580435457
 10
-93.5385409372
 20
10.9832839303
 10
-93.4565096872
 20
11.01834002
 10
-93.3800874116
 20
11.0625106931
 10
-93.3127797193
 20
11.1143937059
 10
-93.2545866103
 20
11.1732879367
 10
-93.2048069629
 20
11.2398945072
 10
-93.1655441423
 20
11.3107078085
 10
-93.1367981487
 20
11.380819988
 10
-93.1199712257
 20
11.4516332892
 10
-93.1143622513
 20
11.5224465905
 10
-93.1143622513
 20
11.5224465905
 10
-93.1171667385
 20
11.572226238
 10
-93.1255802
 20
11.6206036418
 10
-93.1396026359
 20
11.6675788021
 10
-93.1592340462
 20
11.7145539623
 10
-93.1844744308
 20
11.760126879
 10
-93.214622668
 20
11.8042975521
 10
-93.2510810013
 20
11.8477671034
 10
-93.293148309
 20
11.8905355328
 10
-93.3401234693
 20
11.9297983534
 10
-93.3920064821
 20
11.9641533213
 10
-93.4494984693
 20
11.9936004367
 10
-93.511898309
 20
12.0174385777
 10
-93.5792060013
 20
12.0356677444
 10
-93.6514215462
 20
12.0489890585
 10
-93.7285449436
 20
12.0567013982
 10
-93.8112773154
 20
12.0595058854
  0
LWPOLYLINE
  5
69
330
1F
100
AcDbEntity
  8
0
  6
Continuous
 62
     7
100
AcDbPolyline
 90
       64
 70
   128
 43
0.0
 10
-93.7908887863
 20
10.5787366546
 10
-93.8841939821
 20
10.5752310457
 10
-93.97323645
 20
10.5640130969
 10
-94.058773309
 20
10.5464850521
 10
-94.1401034372
 20
10.5212446675
 10
-94.2179279564
 20
10.4882919431
 10
-94.2922468667
 20
10.4483280008
 10
-94.3623590462
 20
10.4013528405
 10
-94.4282644949
 20
10.3473664623
 10
-94.4885609693
 20
10.2884722316
 10
-94.5404439821
 20
10.2274746354
 10
-94.5846146552
 20
10.1636725521
 10
-94.6203718667
 20
10.0977671034
 10
-94.6491178603
 20
10.0290571675
 10
-94.6687492705
 20
9.9582438662
 10
-94.6806683411
 20
9.8846260777
 10
-94.6848750718
 20
9.8089049239
 10
-94.6848750718
 20
9.8089049239
 10
-94.6778638539
 20
9.7149546034
 10
-94.6575313218
 20
9.6245098918
 10
-94.6231763539
 20
9.5354674239
 10
-94.5755000718
 20
9.4499305649
 10
-94.5152035975
 20
9.3700026803
 10
-94.4436891744
 20
9.3005916226
 10
-94.3616579244
 20
9.2395940264
 10
-94.2684087257
 20
9.1891132572
 10
-94.1653438218
 20
9.1491493149
 10
-94.0552677
 20
9.1211044431
 10
-93.9367781167
 20
9.1035763982
 10
-93.8112773154
 20
9.0979674239
 10
-93.8112773154
 20
9.0979674239
 10
-93.7131202641
 20
9.1014730328
 10
-93.6205721872
 20
9.1119898598
 10
-93.5329319629
 20
9.1295179046
 10
-93.4509007129
 20
9.1540571675
 10
-93.3737773154
 20
9.1849065264
 10
-93.3015617705
 20
9.2234682251
 10
-93.2342540782
 20
9.26834002
 10
-93.1725553603
 20
9.3209241546
 10
-93.1171667385
 20
9.37771502
 10
-93.0687893346
 20
9.4373103726
 10
-93.0274231487
 20
9.4990090905
 10
-92.9944704244
 20
9.5628111739
 10
-92.968528918
 20
9.6287166226
 10
-92.9495986295
 20
9.6974265585
 10
-92.9383806808
 20
9.7682398598
 10
-92.9348750718
 20
9.8418576482
 10
-92.9348750718
 20
9.8418576482
 10
-92.9390818026
 20
9.9133720713
 10
-92.9502997513
 20
9.9820820072
 10
-92.9699311616
 20
10.0493896995
 10
-92.9972749116
 20
10.1145940264
 10
-93.0330321231
 20
10.177694988
 10
-93.0758005526
 20
10.2386925841
 10
-93.1269824436
 20
10.2975868149
 10
-93.1858766744
 20
10.3543776803
 10
-93.2503798795
 20
10.4069618149
 10
-93.3176875718
 20
10.4525347316
 10
-93.3885008731
 20
10.4910964303
 10
-93.4628197834
 20
10.522646911
 10
-93.5399431808
 20
10.5471861739
 10
-93.6205721872
 20
10.5647142187
 10
-93.7040056808
 20
10.5752310457
 10
-93.7909447834
 20
10.5787366546
  0
LWPOLYLINE
  5
6A
330
1F
100
AcDbEntity
  8
0
  6
Continuous
 62
     7
100
AcDbPolyline
 90
       12
 70
   128
 43
0.0
 10
-88.4473919868
 20
12.3287366546
 10
-87.8002596872
 20
12.3287366546
 10
-87.8002596872
 20
12.3287366546
 10
-87.8002596872
 20
8.8287366546
 10
-87.8002596872
 20
8.8287366546
 10
-88.1143622513
 20
8.8287366546
 10
-88.1143622513
 20
8.8287366546
 10
-88.1143622513
 20
11.9697622957
 10
-88.1143622513
 20
11.9697622957
 10
-88.6528237898
 20
11.9697622957
 10
-88.6528237898
 20
11.9697622957
 10
-88.4473951039
 20
12.3287366546
  0
LWPOLYLINE
  5
6B
330
1F
100
AcDbEntity
  8
0
  6
Continuous
 62
     7
100
AcDbPolyline
 90
       12
 70
   128
 43
0.0
 10
-86.2745642662
 20
12.3287366546
 10
-84.1207725077
 20
12.3287366546
 10
-84.1207725077
 20
12.3287366546
 10
-85.9605160975
 20
8.7389930649
 10
-85.9605160975
 20
8.7389930649
 10
-86.2318502321
 20
8.8883320072
 10
-86.2318502321
 20
8.8883320072
 10
-84.6522228282
 20
11.9697622957
 10
-84.6522228282
 20
11.9697622957
 10
-86.2746186616
 20
11.9697622957
 10
-86.2746186616
 20
11.9697622957
 10
-86.2746186616
 20
12.3287366546
  0
LWPOLYLINE
  5
6C
330
1F
100
AcDbEntity
  8
0
  6
Continuous
 62
     7
100
AcDbPolyline
 90
       12
 70
   128
 43
0.0
 10
-79.9473524094
 20
12.3287366546
 10
-79.3002596872
 20
12.3287366546
 10
-79.3002596872
 20
12.3287366546
 10
-79.3002596872
 20
8.8287366546
 10
-79.3002596872
 20
8.8287366546
 10
-79.6143622513
 20
8.8287366546
 10
-79.6143622513
 20
8.8287366546
 10
-79.6143622513
 20
11.9697622957
 10
-79.6143622513
 20
11.9697622957
 10
-80.1528237898
 20
11.9697622957
 10
-80.1528237898
 20
11.9697622957
 10
-79.9473951039
 20
12.3287366546
  0
LWPOLYLINE
  5
6D
330
1F
100
AcDbEntity
  8
0
  6
Continuous
 62
     7
100
AcDbPolyline
 90
       65
 70
   128
 43
0.0
 10
-76.3835906982
 20
12.4184802444
 10
-76.1417060013
 20
12.228476238
 10
-76.1417060013
 20
12.228476238
 10
-77.0664856487
 20
10.8143135777
 10
-77.0664856487
 20
10.8143135777
 10
-76.8813894949
 20
10.8395539623
 10
-76.7040056808
 20
10.8479674239
 10
-76.7040056808
 20
10.8479674239
 10
-76.597435168
 20
10.8430595713
 10
-76.4950713859
 20
10.8290371354
 10
-76.3969143346
 20
10.8059001162
 10
-76.3029640141
 20
10.7729473918
 10
-76.2132204244
 20
10.7308800841
 10
-76.1269824436
 20
10.6796981931
 10
-76.0456523154
 20
10.6187005969
 10
-75.9678277962
 20
10.5485884175
 10
-75.8970144949
 20
10.47146502
 10
-75.835315777
 20
10.3901348918
 10
-75.7834327641
 20
10.3045980328
 10
-75.7413654564
 20
10.2148544431
 10
-75.7084127321
 20
10.1202030008
 10
-75.6845745911
 20
10.0213448277
 10
-75.6705521552
 20
9.9182799239
 10
-75.6656443026
 20
9.8110082892
 10
-75.6656443026
 20
9.8110082892
 10
-75.6740577641
 20
9.6644738341
 10
-75.7007003923
 20
9.5249505969
 10
-75.7441699436
 20
9.3931396995
 10
-75.8058686616
 20
9.2676388982
 10
-75.882992059
 20
9.1526549239
 10
-75.9755401359
 20
9.0502911418
 10
-76.0821106487
 20
8.9598464303
 10
-76.2041058411
 20
8.882021911
 10
-76.3352156167
 20
8.8196220713
 10
-76.4719343667
 20
8.7747502764
 10
-76.6128598475
 20
8.7481076482
 10
-76.7593943026
 20
8.7389930649
 10
-76.7593943026
 20
8.7389930649
 10
-76.9003197834
 20
8.7474065264
 10
-77.0363374116
 20
8.7733480328
 10
-77.1674471872
 20
8.8168175841
 10
-77.2929479885
 20
8.8771140585
 10
-77.4093342064
 20
8.9535363341
 10
-77.5123991103
 20
9.0439810457
 10
-77.6028438218
 20
9.1484481931
 10
-77.6792660975
 20
9.2669377764
 10
-77.7402636936
 20
9.3952430649
 10
-77.7844343667
 20
9.5270539623
 10
-77.8103758731
 20
9.6637727123
 10
-77.8194904564
 20
9.8046981931
 10
-77.8194904564
 20
9.8046981931
 10
-77.8138814821
 20
9.9126709495
 10
-77.7977556808
 20
10.0241493149
 10
-77.7711130526
 20
10.1377310457
 10
-77.7339535975
 20
10.2541172636
 10
-77.7101154564
 20
10.314413738
 10
-77.6827717064
 20
10.3782158213
 10
-77.6505201039
 20
10.44412127
 10
-77.6147628923
 20
10.5135323277
 10
-77.5740978282
 20
10.5864489944
 10
-77.5299271552
 20
10.6614690264
 10
-77.4808486295
 20
10.7399946675
 10
-77.4282644949
 20
10.8213247957
 10
-77.4282644949
 20
10.8213247957
 10
-76.3835930205
 20
12.4184802444
  0
LWPOLYLINE
  5
6E
330
1F
100
AcDbEntity
  8
0
  6
Continuous
 62
     7
100
AcDbPolyline
 90
       68
 70
   128
 43
0.0
 10
-76.769888401
 20
10.4889930649
 10
-76.8498390141
 20
10.4854874559
 10
-76.925560168
 20
10.4763728726
 10
-76.9977757129
 20
10.4602470713
 10
-77.0664856487
 20
10.4385122957
 10
-77.1309888539
 20
10.4097663021
 10
-77.1912853282
 20
10.3747102123
 10
-77.2480761936
 20
10.3333440264
 10
-77.30136145
 20
10.2856677444
 10
-77.3490377321
 20
10.2337847316
 10
-77.390403918
 20
10.1783961098
 10
-77.4254600077
 20
10.1209041226
 10
-77.4542060013
 20
10.0606076482
 10
-77.4766418987
 20
9.9975066867
 10
-77.4927677
 20
9.931601238
 10
-77.5018822834
 20
9.8635924239
 10
-77.5053878923
 20
9.7920780008
 10
-77.5053878923
 20
9.7920780008
 10
-77.5018822834
 20
9.7212646995
 10
-77.4913654564
 20
9.6539570072
 10
-77.4738374116
 20
9.5880515585
 10
-77.4492981487
 20
9.5256517187
 10
-77.4184487898
 20
9.4653552444
 10
-77.3798870911
 20
9.408564379
 10
-77.3350152962
 20
9.3531757572
 10
-77.2824311616
 20
9.3012927444
 10
-77.2249391744
 20
9.2536164623
 10
-77.1646427
 20
9.2122502764
 10
-77.1015417385
 20
9.1771941867
 10
-77.0356362898
 20
9.1491493149
 10
-76.9669263539
 20
9.1267134175
 10
-76.894710809
 20
9.1105876162
 10
-76.8203918987
 20
9.1014730328
 10
-76.7425673795
 20
9.0979674239
 10
-76.7425673795
 20
9.0979674239
 10
-76.6647428603
 20
9.1014730328
 10
-76.59042395
 20
9.1105876162
 10
-76.5182084052
 20
9.1267134175
 10
-76.4494984693
 20
9.1491493149
 10
-76.3835930205
 20
9.1771941867
 10
-76.320492059
 20
9.2122502764
 10
-76.2608967064
 20
9.2536164623
 10
-76.2034047193
 20
9.3012927444
 10
-76.1508205846
 20
9.3531757572
 10
-76.105247668
 20
9.408564379
 10
-76.0673870911
 20
9.4653552444
 10
-76.0358366103
 20
9.5256517187
 10
-76.0112973475
 20
9.5880515585
 10
-75.9937693026
 20
9.6539570072
 10
-75.9832524757
 20
9.7212646995
 10
-75.9797468667
 20
9.7920780008
 10
-75.9797468667
 20
9.7920780008
 10
-75.9832524757
 20
9.8635924239
 10
-75.9944704244
 20
9.931601238
 10
-76.0119984693
 20
9.9975066867
 10
-76.0372388539
 20
10.0606076482
 10
-76.0701915782
 20
10.1209041226
 10
-76.1101555205
 20
10.1783961098
 10
-76.1571306808
 20
10.2337847316
 10
-76.211117059
 20
10.2856677444
 10
-76.2707124116
 20
10.3333440264
 10
-76.3331122513
 20
10.3747102123
 10
-76.3983165782
 20
10.4097663021
 10
-76.4663253923
 20
10.4385122957
 10
-76.5378398154
 20
10.4602470713
 10
-76.6121587257
 20
10.4763728726
 10
-76.6892821231
 20
10.4854874559
 10
-76.7699111295
 20
10.4889930649
  0
LWPOLYLINE
  5
6F
330
1F
100
AcDbEntity
  8
0
  6
Continuous
 62
     7
100
AcDbPolyline
 90
       12
 70
   128
 43
0.0
 10
-71.4473724365
 20
12.3287366546
 10
-70.8002596872
 20
12.3287366546
 10
-70.8002596872
 20
12.3287366546
 10
-70.8002596872
 20
8.8287366546
 10
-70.8002596872
 20
8.8287366546
 10
-71.1143622513
 20
8.8287366546
 10
-71.1143622513
 20
8.8287366546
 10
-71.1143622513
 20
11.9697622957
 10
-71.1143622513
 20
11.9697622957
 10
-71.6528237898
 20
11.9697622957
 10
-71.6528237898
 20
11.9697622957
 10
-71.4473951039
 20
12.3287366546
  0
LWPOLYLINE
  5
70
330
1F
100
AcDbEntity
  8
0
  6
Continuous
 62
     7
100
AcDbPolyline
 90
      132
 70
   128
 43
0.0
 10
-67.3002004623
 20
12.3287366546
 10
-67.3002596872
 20
11.9697622957
 10
-67.3002596872
 20
11.9697622957
 10
-68.4907644949
 20
11.9697622957
 10
-68.4907644949
 20
11.9697622957
 10
-68.6793662577
 20
11.049189379
 10
-68.6793662577
 20
11.049189379
 10
-68.5678878923
 20
11.0786364944
 10
-68.4620185013
 20
11.10037127
 10
-68.3617580846
 20
11.1129914623
 10
-68.2671066423
 20
11.1171981931
 10
-68.2671066423
 20
11.1171981931
 10
-68.1500193026
 20
11.1122903405
 10
-68.0378398154
 20
11.096865661
 10
-67.9312693026
 20
11.0716252764
 10
-67.8296066423
 20
11.0365691867
 10
-67.7335529564
 20
10.9916973918
 10
-67.6431082449
 20
10.93630877
 10
-67.5575713859
 20
10.8711044431
 10
-67.4769423795
 20
10.7953832892
 10
-67.4040257129
 20
10.7119497957
 10
-67.3409247513
 20
10.6236084495
 10
-67.2869383731
 20
10.5289570072
 10
-67.2434688218
 20
10.4293977123
 10
-67.2091138539
 20
10.3235283213
 10
-67.1852757129
 20
10.2120499559
 10
-67.1705521552
 20
10.0949626162
 10
-67.1656443026
 20
9.9722663021
 10
-67.1656443026
 20
9.9722663021
 10
-67.1684487898
 20
9.8867294431
 10
-67.1754600077
 20
9.8025948277
 10
-67.1880802
 20
9.7205635777
 10
-67.2056082449
 20
9.6399345713
 10
-67.2280441423
 20
9.5614089303
 10
-67.2553878923
 20
9.4849866546
 10
-67.2883406167
 20
9.4099666226
 10
-67.3255000718
 20
9.3363488341
 10
-67.3668662577
 20
9.2662366546
 10
-67.4124391744
 20
9.2003312059
 10
-67.4608165782
 20
9.138632488
 10
-67.5126995911
 20
9.0811405008
 10
-67.5687893346
 20
9.0278552444
 10
-67.6283846872
 20
8.9787767187
 10
-67.690784527
 20
8.9339049239
 10
-67.7573910975
 20
8.8932398598
 10
-67.8268021552
 20
8.8567815264
 10
-67.8990177
 20
8.8259321675
 10
-67.9733366103
 20
8.7992895392
 10
-68.0504600077
 20
8.7775547636
 10
-68.1303878923
 20
8.7607278405
 10
-68.2131202641
 20
8.74880877
 10
-68.2986571231
 20
8.7410964303
 10
-68.3862973475
 20
8.7389930649
 10
-68.3862973475
 20
8.7389930649
 10
-68.4907644949
 20
8.7431997957
 10
-68.5910249116
 20
8.7565211098
 10
-68.6870785975
 20
8.7775547636
 10
-68.7789255526
 20
8.8077030008
 10
-68.866565777
 20
8.8462646995
 10
-68.9499992705
 20
8.8939409816
 10
-69.0299271552
 20
8.9493296034
 10
-69.1049471872
 20
9.0138328085
 10
-69.1743582449
 20
9.0853472316
 10
-69.2360569629
 20
9.1617695072
 10
-69.2907444629
 20
9.2430996354
 10
-69.3384207449
 20
9.330038738
 10
-69.3783846872
 20
9.4211845713
 10
-69.4106362898
 20
9.517939379
 10
-69.4358766744
 20
9.6196020392
 10
-69.4541058411
 20
9.7261725521
 10
-69.4541058411
 20
9.7261725521
 10
-69.140003277
 20
9.7261725521
 10
-69.140003277
 20
9.7261725521
 10
-69.1147628923
 20
9.6266132572
 10
-69.0825112898
 20
9.5375707892
 10
-69.0425473475
 20
9.4576429046
 10
-68.9955721872
 20
9.3875307251
 10
-68.9401835654
 20
9.3258320072
 10
-68.8763814821
 20
9.2704433854
 10
-68.8041659372
 20
9.220663738
 10
-68.7235369308
 20
9.1778953085
 10
-68.6380000718
 20
9.1428392187
 10
-68.5496587257
 20
9.1182999559
 10
-68.4599151359
 20
9.1028752764
 10
-68.3680681808
 20
9.0979674239
 10
-68.3680681808
 20
9.0979674239
 10
-68.2783245911
 20
9.1021741546
 10
-68.1920866103
 20
9.1140932251
 10
-68.1086531167
 20
9.1337246354
 10
-68.0287252321
 20
9.1617695072
 10
-67.9523029564
 20
9.1968255969
 10
-67.878685168
 20
9.24099627
 10
-67.8085729885
 20
9.292178161
 10
-67.7412652962
 20
9.3517735136
 10
-67.6802677
 20
9.4169778405
 10
-67.6269824436
 20
9.4863888982
 10
-67.5821106487
 20
9.5600066867
 10
-67.5449511936
 20
9.6371300841
 10
-67.5162052
 20
9.7184602123
 10
-67.495872668
 20
9.8032959495
 10
-67.4839535975
 20
9.8923384175
 10
-67.4797468667
 20
9.9855876162
 10
-67.4797468667
 20
9.9855876162
 10
-67.4832524757
 20
10.0697222316
 10
-67.4937693026
 20
10.1496501162
 10
-67.5119984693
 20
10.22537127
 10
-67.5372388539
 20
10.2968856931
 10
-67.5694904564
 20
10.3648945072
 10
-67.608753277
 20
10.4286965905
 10
-67.6557284372
 20
10.4882919431
 10
-67.7097148154
 20
10.5436805649
 10
-67.769310168
 20
10.5941613341
 10
-67.8345144949
 20
10.6376308854
 10
-67.9039255526
 20
10.6740892187
 10
-67.9782444629
 20
10.7049385777
 10
-68.0574712257
 20
10.7280755969
 10
-68.1416058411
 20
10.74490252
 10
-68.2299471872
 20
10.7547182251
 10
-68.3238975077
 20
10.7582238341
 10
-68.3238975077
 20
10.7582238341
 10
-68.4052276359
 20
10.7554193469
 10
-68.4914656167
 20
10.7470058854
 10
-68.5812092064
 20
10.7329834495
 10
-68.6758606487
 20
10.7133520392
 10
-68.7740177
 20
10.6881116546
 10
-68.8770826039
 20
10.6572622957
 10
-68.9836531167
 20
10.6208039623
 10
-69.0951314821
 20
10.5787366546
 10
-69.0951314821
 20
10.5787366546
 10
-68.7361571231
 20
12.3287366546
 10
-68.7361571231
 20
12.3287366546
 10
-67.3002596872
 20
12.3287366546
  0
LWPOLYLINE
  5
71
330
1F
100
AcDbEntity
  8
0
  6
Continuous
 62
     7
100
AcDbPolyline
 90
       12
 70
   128
 43
0.0
 10
-62.9473924637
 20
12.3287366546
 10
-62.3002596872
 20
12.3287366546
 10
-62.3002596872
 20
12.3287366546
 10
-62.3002596872
 20
8.8287366546
 10
-62.3002596872
 20
8.8287366546
 10
-62.6143622513
 20
8.8287366546
 10
-62.6143622513
 20
8.8287366546
 10
-62.6143622513
 20
11.9697622957
 10
-62.6143622513
 20
11.9697622957
 10
-63.1528237898
 20
11.9697622957
 10
-63.1528237898
 20
11.9697622957
 10
-62.9473951039
 20
12.3287366546
  0
LWPOLYLINE
  5
72
330
1F
100
AcDbEntity
  8
0
  6
Continuous
 62
     7
100
AcDbPolyline
 90
       20
 70
   128
 43
0.0
 10
-59.088408947
 20
12.4184802444
 10
-59.0246186616
 20
12.4184802444
 10
-59.0246186616
 20
12.4184802444
 10
-59.0246186616
 20
9.9954033213
 10
-59.0246186616
 20
9.9954033213
 10
-58.6207725077
 20
9.9954033213
 10
-58.6207725077
 20
9.9954033213
 10
-58.6207725077
 20
9.6364289623
 10
-58.6207725077
 20
9.6364289623
 10
-59.0246186616
 20
9.6364289623
 10
-59.0246186616
 20
9.6364289623
 10
-59.0246186616
 20
8.8287366546
 10
-59.0246186616
 20
8.8287366546
 10
-59.3387212257
 20
8.8287366546
 10
-59.3387212257
 20
8.8287366546
 10
-59.3387212257
 20
9.6364289623
 10
-59.3387212257
 20
9.6364289623
 10
-60.9989776359
 20
9.6364289623
 10
-60.9989776359
 20
9.6364289623
 10
-59.0884207449
 20
12.4184802444
  0
LWPOLYLINE
  5
73
330
1F
100
AcDbEntity
  8
0
  6
Continuous
 62
     7
100
AcDbPolyline
 90
        6
 70
   128
 43
0.0
 10
-59.3387186527
 20
9.9954033213
 10
-59.3387212257
 20
11.5154353726
 10
-59.3387212257
 20
11.5154353726
 10
-60.3819904564
 20
9.9954033213
 10
-60.3819904564
 20
9.9954033213
 10
-59.3387212257
 20
9.9954033213
  0
LWPOLYLINE
  5
74
330
1F
100
AcDbEntity
  8
0
  6
Continuous
 62
     7
100
AcDbPolyline
 90
       12
 70
   128
 43
0.0
 10
-54.4473826885
 20
12.3287366546
 10
-53.8002596872
 20
12.3287366546
 10
-53.8002596872
 20
12.3287366546
 10
-53.8002596872
 20
8.8287366546
 10
-53.8002596872
 20
8.8287366546
 10
-54.1143622513
 20
8.8287366546
 10
-54.1143622513
 20
8.8287366546
 10
-54.1143622513
 20
11.9697622957
 10
-54.1143622513
 20
11.9697622957
 10
-54.6528237898
 20
11.9697622957
 10
-54.6528237898
 20
11.9697622957
 10
-54.4473951039
 20
12.3287366546
  0
LWPOLYLINE
  5
75
330
1F
100
AcDbEntity
  8
0
  6
Continuous
 62
     7
100
AcDbPolyline
 90
      184
 70
   128
 43
0.0
 10
-52.0502328873
 20
11.5210443469
 10
-52.3643622513
 20
11.5210443469
 10
-52.3643622513
 20
11.5210443469
 10
-52.3370185013
 20
11.6262126162
 10
-52.3033646552
 20
11.7243696675
 10
-52.2648029564
 20
11.8169177444
 10
-52.2199311616
 20
11.9031557251
 10
-52.1701515141
 20
11.9830836098
 10
-52.1140617705
 20
12.0567013982
 10
-52.0523630526
 20
12.1247102123
 10
-51.9850553603
 20
12.1857078085
 10
-51.9135409372
 20
12.2403953085
 10
-51.8385209052
 20
12.2873704687
 10
-51.7606963859
 20
12.327334411
 10
-51.6793662577
 20
12.3602871354
 10
-51.5945305205
 20
12.38552752
 10
-51.5068902962
 20
12.4037566867
 10
-51.4164455846
 20
12.4149746354
 10
-51.3224952641
 20
12.4184802444
 10
-51.3224952641
 20
12.4184802444
 10
-51.1857765141
 20
12.4107679046
 10
-51.0539656167
 20
12.3869297636
 10
-50.9270625718
 20
12.3476669431
 10
-50.8043662577
 20
12.2929794431
 10
-50.690784527
 20
12.224970629
 10
-50.5912252321
 20
12.1457438662
 10
-50.5049872513
 20
12.0552991546
 10
-50.4320705846
 20
11.9543376162
 10
-50.3745785975
 20
11.8463648598
 10
-50.3332124116
 20
11.736288738
 10
-50.3086731487
 20
11.6241092508
 10
-50.3002596872
 20
11.5091252764
 10
-50.3002596872
 20
11.5091252764
 10
-50.3065697834
 20
11.3983480328
 10
-50.3255000718
 20
11.2938808854
 10
-50.3577516744
 20
11.1950227123
 10
-50.4026234693
 20
11.1017735136
 10
-50.4601154564
 20
11.014834411
 10
-50.5302276359
 20
10.9335042828
 10
-50.6129600077
 20
10.8584842508
 10
-50.7090136936
 20
10.7890731931
 10
-50.7090136936
 20
10.7890731931
 10
-50.5989375718
 20
10.7322823277
 10
-50.4986771552
 20
10.6635723918
 10
-50.4089335654
 20
10.5829433854
 10
-50.3297068026
 20
10.4903953085
 10
-50.3297068026
 20
10.4903953085
 10
-50.280628277
 20
10.420283129
 10
-50.2385609693
 20
10.3473664623
 10
-50.2021026359
 20
10.2730475521
 10
-50.1726555205
 20
10.1959241546
 10
-50.1502196231
 20
10.1173985136
 10
-50.1340938218
 20
10.0367695072
 10
-50.1242781167
 20
9.9533360136
 10
-50.1207725077
 20
9.8685002764
 10
-50.1207725077
 20
9.8685002764
 10
-50.1305882129
 20
9.7219658213
 10
-50.16073645
 20
9.5789369751
 10
-50.2105160975
 20
9.4387126162
 10
-50.280628277
 20
9.302694988
 10
-50.3675673795
 20
9.1757919431
 10
-50.468528918
 20
9.0643135777
 10
-50.5849151359
 20
8.96755877
 10
-50.7153237898
 20
8.8862286418
 10
-50.8569503923
 20
8.8217254367
 10
-51.0069904564
 20
8.77615252
 10
-51.1654439821
 20
8.7481076482
 10
-51.3316098475
 20
8.7389930649
 10
-51.3316098475
 20
8.7389930649
 10
-51.4437893346
 20
8.7431997957
 10
-51.5517620911
 20
8.7551188662
 10
-51.6548269949
 20
8.77615252
 10
-51.7529840462
 20
8.8048985136
 10
-51.8462332449
 20
8.8413568469
 10
-51.9345745911
 20
8.8862286418
 10
-52.0187092064
 20
8.9395138982
 10
-52.0979359693
 20
9.0012126162
 10
-52.1715537577
 20
9.0706236739
 10
-52.2381603282
 20
9.1477470713
 10
-52.2984568026
 20
9.2325828085
 10
-52.351742059
 20
9.3251308854
 10
-52.3987172193
 20
9.4246901803
 10
-52.4386811616
 20
9.5326629367
 10
-52.4723350077
 20
9.647646911
 10
-52.4989776359
 20
9.7710443469
 10
-52.4989776359
 20
9.7710443469
 10
-52.1848750718
 20
9.7710443469
 10
-52.1848750718
 20
9.7710443469
 10
-52.1596346872
 20
9.6904153405
 10
-52.1322909372
 20
9.6153953085
 10
-52.1014415782
 20
9.5459842508
 10
-52.0684888539
 20
9.4828832892
 10
-52.0334327641
 20
9.4253913021
 10
-51.9948710654
 20
9.3735082892
 10
-51.9542060013
 20
9.3272342508
 10
-51.91073645
 20
9.2872703085
 10
-51.91073645
 20
9.2872703085
 10
-51.8511410975
 20
9.2430996354
 10
-51.7880401359
 20
9.2045379367
 10
-51.7207324436
 20
9.1715852123
 10
-51.6499191423
 20
9.1456437059
 10
-51.5748991103
 20
9.1246100521
 10
-51.4956723475
 20
9.1098864944
 10
-51.4129399757
 20
9.100771911
 10
-51.3260008731
 20
9.0979674239
 10
-51.3260008731
 20
9.0979674239
 10
-51.2278438218
 20
9.1014730328
 10
-51.1345946231
 20
9.1119898598
 10
-51.046253277
 20
9.1288167828
 10
-50.9628197834
 20
9.1533560457
 10
-50.8849952641
 20
9.1842054046
 10
-50.8113774757
 20
9.2227671034
 10
-50.7433686616
 20
9.2676388982
 10
-50.6795665782
 20
9.319521911
 10
-50.6220745911
 20
9.3763127764
 10
-50.5722949436
 20
9.4352070072
 10
-50.5302276359
 20
9.4962046034
 10
-50.495872668
 20
9.5600066867
 10
-50.4692300398
 20
9.6259121354
 10
-50.4502997513
 20
9.6946220713
 10
-50.4383806808
 20
9.7654353726
 10
-50.4348750718
 20
9.8383520392
 10
-50.4348750718
 20
9.8383520392
 10
-50.4425874116
 20
9.9358079687
 10
-50.465023309
 20
10.030459411
 10
-50.5028838859
 20
10.1216052444
 10
-50.5561691423
 20
10.2092454687
 10
-50.6220745911
 20
10.2905755969
 10
-50.6977957449
 20
10.3613888982
 10
-50.7847348475
 20
10.4209842508
 10
-50.8814896552
 20
10.4700627764
 10
-50.9354760334
 20
10.4910964303
 10
-50.9971747513
 20
10.5100267187
 10
-51.0651835654
 20
10.52615252
 10
-51.1409047193
 20
10.5408760777
 10
-51.2229359693
 20
10.55349627
 10
-51.3119784372
 20
10.5640130969
 10
-51.4087332449
 20
10.5724265585
 10
-51.5117981487
 20
10.5787366546
 10
-51.5117981487
 20
10.5787366546
 10
-51.5117981487
 20
10.9377110136
 10
-51.5117981487
 20
10.9377110136
 10
-51.3820906167
 20
10.9426188662
 10
-51.2586931808
 20
10.9587446675
 10
-51.1409047193
 20
10.9839850521
 10
-51.0294263539
 20
11.0204433854
 10
-50.9277636936
 20
11.0646140585
 10
-50.8415257129
 20
11.1143937059
 10
-50.7700112898
 20
11.1697823277
 10
-50.7132204244
 20
11.2307799239
 10
-50.6697508731
 20
11.2966853726
 10
-50.6389015141
 20
11.3646941867
 10
-50.6206723475
 20
11.4362086098
 10
-50.6143622513
 20
11.51052752
 10
-50.6143622513
 20
11.51052752
 10
-50.6171667385
 20
11.56521502
 10
-50.6269824436
 20
11.6185002764
 10
-50.6424071231
 20
11.6689810457
 10
-50.6641418987
 20
11.7187606931
 10
-50.6921867705
 20
11.7657358534
 10
-50.7265417385
 20
11.81130877
 10
-50.7672068026
 20
11.8547783213
 10
-50.8141819629
 20
11.8961445072
 10
-50.8653638539
 20
11.9347062059
 10
-50.9200513539
 20
11.9676589303
 10
-50.9782444629
 20
11.9957038021
 10
-51.0399431808
 20
12.0188408213
 10
-51.1044463859
 20
12.0363688662
 10
-51.1724552
 20
12.0489890585
 10
-51.2439696231
 20
12.0567013982
 10
-51.3182885334
 20
12.0595058854
 10
-51.3182885334
 20
12.0595058854
 10
-51.4374792385
 20
12.0517935457
 10
-51.5489576039
 20
12.0286565264
 10
-51.6513213859
 20
11.9907959495
 10
-51.7459728282
 20
11.9368095713
 10
-51.7901435013
 20
11.9031557251
 10
-51.832210809
 20
11.8645940264
 10
-51.8728758731
 20
11.8211244751
 10
-51.9114375718
 20
11.7713448277
 10
-51.9492981487
 20
11.7166573277
 10
-51.9843542385
 20
11.6570619751
 10
-52.0180080846
 20
11.5918576482
 10
-52.0502596872
 20
11.5210443469
  0
LWPOLYLINE
  5
76
330
1F
100
AcDbEntity
  8
0
  6
Continuous
 62
     7
100
AcDbPolyline
 90
       12
 70
   128
 43
0.0
 10
-45.9473729134
 20
12.3287366546
 10
-45.3002596872
 20
12.3287366546
 10
-45.3002596872
 20
12.3287366546
 10
-45.3002596872
 20
8.8287366546
 10
-45.3002596872
 20
8.8287366546
 10
-45.6143622513
 20
8.8287366546
 10
-45.6143622513
 20
8.8287366546
 10
-45.6143622513
 20
11.9697622957
 10
-45.6143622513
 20
11.9697622957
 10
-46.1528237898
 20
11.9697622957
 10
-46.1528237898
 20
11.9697622957
 10
-45.9473951039
 20
12.3287366546
  0
LWPOLYLINE
  5
77
330
1F
100
AcDbEntity
  8
0
  6
Continuous
 62
     7
100
AcDbPolyline
 90
      106
 70
   128
 43
0.0
 10
-43.5502529144
 20
11.2518135777
 10
-43.8643622513
 20
11.2518135777
 10
-43.8643622513
 20
11.2518135777
 10
-43.8559487898
 20
11.3766132572
 10
-43.8377196231
 20
11.4958039623
 10
-43.8103758731
 20
11.6086845713
 10
-43.7725152962
 20
11.7166573277
 10
-43.7255401359
 20
11.818319988
 10
-43.6687492705
 20
11.9150747957
 10
-43.6021427
 20
12.0055195072
 10
-43.5257204244
 20
12.0903552444
 10
-43.4422869308
 20
12.1674786418
 10
-43.3532444629
 20
12.2340852123
 10
-43.2599952641
 20
12.2901749559
 10
-43.1625393346
 20
12.3364489944
 10
-43.0594744308
 20
12.3722062059
 10
-42.9522027962
 20
12.3981477123
 10
-42.840023309
 20
12.4135723918
 10
-42.7229359693
 20
12.4184802444
 10
-42.7229359693
 20
12.4184802444
 10
-42.6079519949
 20
12.4135723918
 10
-42.4978758731
 20
12.3988488341
 10
-42.3941098475
 20
12.3750106931
 10
-42.2952516744
 20
12.3413568469
 10
-42.2027035975
 20
12.2971861739
 10
-42.1157644949
 20
12.2439009175
 10
-42.0337332449
 20
12.1815010777
 10
-41.9580120911
 20
12.108584411
 10
-41.8893021552
 20
12.0293576482
 10
-41.8304079244
 20
11.9466252764
 10
-41.7799271552
 20
11.8603872957
 10
-41.7385609693
 20
11.7713448277
 10
-41.7070104885
 20
11.678095629
 10
-41.6838734693
 20
11.5813408213
 10
-41.6705521552
 20
11.4817815264
 10
-41.6656443026
 20
11.3780155008
 10
-41.6656443026
 20
11.3780155008
 10
-41.6747588859
 20
11.2321821675
 10
-41.7021026359
 20
11.0912566867
 10
-41.7469744308
 20
10.9552390585
 10
-41.8107765141
 20
10.823428161
 10
-41.8514415782
 20
10.7561204687
 10
-41.9005201039
 20
10.6825026803
 10
-41.9580120911
 20
10.6032759175
 10
-42.0239175398
 20
10.5191413021
 10
-42.0989375718
 20
10.4279954687
 10
-42.1816699436
 20
10.3319417828
 10
-42.2735168987
 20
10.2302791226
 10
-42.3737773154
 20
10.1223063662
 10
-42.3737773154
 20
10.1223063662
 10
-43.2494784372
 20
9.1877110136
 10
-43.2494784372
 20
9.1877110136
 10
-41.6207725077
 20
9.1877110136
 10
-41.6207725077
 20
9.1877110136
 10
-41.6207725077
 20
8.8287366546
 10
-41.6207725077
 20
8.8287366546
 10
-43.9989776359
 20
8.8287366546
 10
-43.9989776359
 20
8.8287366546
 10
-42.6416058411
 20
10.2772542828
 10
-42.6416058411
 20
10.2772542828
 10
-42.542747668
 20
10.3810203085
 10
-42.4530040782
 20
10.4777751162
 10
-42.3723750718
 20
10.5675187059
 10
-42.3008606487
 20
10.6502510777
 10
-42.238460809
 20
10.7266733534
 10
-42.1844744308
 20
10.7953832892
 10
-42.1403037577
 20
10.857783129
 10
-42.1045465462
 20
10.9131717508
 10
-42.0498590462
 20
11.01834002
 10
-42.0105962257
 20
11.1263127764
 10
-41.9874592064
 20
11.2363888982
 10
-41.9797468667
 20
11.349970629
 10
-41.9797468667
 20
11.349970629
 10
-41.9832524757
 20
11.4214850521
 10
-41.9937693026
 20
11.490194988
 10
-42.0105962257
 20
11.5561004367
 10
-42.0344343667
 20
11.61990252
 10
-42.0659848475
 20
11.681601238
 10
-42.1038454244
 20
11.7397943469
 10
-42.1480160975
 20
11.7958840905
 10
-42.1998991103
 20
11.8498704687
 10
-42.2566899757
 20
11.8989489944
 10
-42.3162853282
 20
11.9417174239
 10
-42.378685168
 20
11.9774746354
 10
-42.4445906167
 20
12.0069217508
 10
-42.5140016744
 20
12.03005877
 10
-42.5855160975
 20
12.0461845713
 10
-42.6605361295
 20
12.0560002764
 10
-42.7390617705
 20
12.0595058854
 10
-42.7390617705
 20
12.0595058854
 10
-42.8210930205
 20
12.0560002764
 10
-42.8996186616
 20
12.0461845713
 10
-42.9746386936
 20
12.0293576482
 10
-43.0461531167
 20
12.006220629
 10
-43.1141619308
 20
11.9767735136
 10
-43.1786651359
 20
11.9403151803
 10
-43.2396627321
 20
11.896845629
 10
-43.2971547193
 20
11.8470659816
 10
-43.3497388539
 20
11.7916773598
 10
-43.3960128923
 20
11.7306797636
 10
-43.4366779564
 20
11.6640731931
 10
-43.4717340462
 20
11.59255877
 10
-43.5004800398
 20
11.5154353726
 10
-43.5229159372
 20
11.4327030008
 10
-43.5397428603
 20
11.3450627764
 10
-43.5502596872
 20
11.2518135777
  0
LWPOLYLINE
  5
78
330
1F
100
AcDbEntity
  8
0
  6
Continuous
 62
     7
100
AcDbPolyline
 90
       12
 70
   128
 43
0.0
 10
-37.4473929405
 20
12.3287366546
 10
-36.8002596872
 20
12.3287366546
 10
-36.8002596872
 20
12.3287366546
 10
-36.8002596872
 20
8.8287366546
 10
-36.8002596872
 20
8.8287366546
 10
-37.1143622513
 20
8.8287366546
 10
-37.1143622513
 20
8.8287366546
 10
-37.1143622513
 20
11.9697622957
 10
-37.1143622513
 20
11.9697622957
 10
-37.6528237898
 20
11.9697622957
 10
-37.6528237898
 20
11.9697622957
 10
-37.4473951039
 20
12.3287366546
  0
LWPOLYLINE
  5
79
330
1F
100
AcDbEntity
  8
0
  6
Continuous
 62
     7
100
AcDbPolyline
 90
       12
 70
   128
 43
0.0
 10
-34.7550809383
 20
12.3287366546
 10
-34.1079519949
 20
12.3287366546
 10
-34.1079519949
 20
12.3287366546
 10
-34.1079519949
 20
8.8287366546
 10
-34.1079519949
 20
8.8287366546
 10
-34.422054559
 20
8.8287366546
 10
-34.422054559
 20
8.8287366546
 10
-34.422054559
 20
11.9697622957
 10
-34.422054559
 20
11.9697622957
 10
-34.9605160975
 20
11.9697622957
 10
-34.9605160975
 20
11.9697622957
 10
-34.7550874116
 20
12.3287366546
  0
LWPOLYLINE
  5
7A
330
1F
100
AcDbEntity
  8
0
  6
Continuous
 62
     7
100
AcDbPolyline
 90
       12
 70
   128
 43
0.0
 10
-28.9473831654
 20
12.3287366546
 10
-28.3002596872
 20
12.3287366546
 10
-28.3002596872
 20
12.3287366546
 10
-28.3002596872
 20
8.8287366546
 10
-28.3002596872
 20
8.8287366546
 10
-28.6143622513
 20
8.8287366546
 10
-28.6143622513
 20
8.8287366546
 10
-28.6143622513
 20
11.9697622957
 10
-28.6143622513
 20
11.9697622957
 10
-29.1528237898
 20
11.9697622957
 10
-29.1528237898
 20
11.9697622957
 10
-28.9473951039
 20
12.3287366546
  0
LWPOLYLINE
  5
7B
330
1F
100
AcDbEntity
  8
0
  6
Continuous
 62
     7
100
AcDbPolyline
 90
      100
 70
   128
 43
0.0
 10
-26.9989669323
 20
10.577334411
 10
-26.9968742705
 20
10.7456036418
 10
-26.9898630526
 20
10.9040571675
 10
-26.9779439821
 20
11.0533961098
 10
-26.9618181808
 20
11.1922182251
 10
-26.9414856487
 20
11.3212246354
 10
-26.9155441423
 20
11.4404153405
 10
-26.8853959052
 20
11.5497903405
 10
-26.8510409372
 20
11.6493496354
 10
-26.8124792385
 20
11.7411965905
 10
-26.769710809
 20
11.8274345713
 10
-26.7227356487
 20
11.9073624559
 10
-26.6722548795
 20
11.982382488
 10
-26.6182685013
 20
12.0510924239
 10
-26.5607765141
 20
12.1141933854
 10
-26.4990777962
 20
12.1709842508
 10
-26.4331723475
 20
12.2228672636
 10
-26.3644624116
 20
12.2684401803
 10
-26.2936491103
 20
12.3084041226
 10
-26.2214335654
 20
12.3420579687
 10
-26.1464135334
 20
12.3694017187
 10
-26.0699912577
 20
12.3911364944
 10
-25.9914656167
 20
12.4065611739
 10
-25.9115377321
 20
12.4156757572
 10
-25.8288053603
 20
12.4184802444
 10
-25.8288053603
 20
12.4184802444
 10
-25.7453718667
 20
12.4156757572
 10
-25.6633406167
 20
12.4065611739
 10
-25.5841138539
 20
12.3911364944
 10
-25.5062893346
 20
12.3694017187
 10
-25.4305681808
 20
12.3420579687
 10
-25.3569503923
 20
12.3084041226
 10
-25.2847348475
 20
12.2684401803
 10
-25.2153237898
 20
12.2221661418
 10
-25.1487172193
 20
12.170283129
 10
-25.0849151359
 20
12.1113888982
 10
-25.0253197834
 20
12.0468856931
 10
-24.9692300398
 20
11.9767735136
 10
-24.9166459052
 20
11.8996501162
 10
-24.8675673795
 20
11.8169177444
 10
-24.8226955846
 20
11.7278752764
 10
-24.780628277
 20
11.6325227123
 10
-24.7434688218
 20
11.5301589303
 10
-24.7105160975
 20
11.4193816867
 10
-24.6831723475
 20
11.3001909816
 10
-24.66073645
 20
11.1725868149
 10
-24.6432084052
 20
11.0365691867
 10
-24.6305882129
 20
10.8914369751
 10
-24.6235769949
 20
10.7385924239
 10
-24.6207725077
 20
10.577334411
 10
-24.6207725077
 20
10.577334411
 10
-24.6235769949
 20
10.41677752
 10
-24.6305882129
 20
10.2646340905
 10
-24.6432084052
 20
10.1202030008
 10
-24.6600353282
 20
9.9848864944
 10
-24.6824712257
 20
9.8579834495
 10
-24.7098149757
 20
9.7394938662
 10
-24.7413654564
 20
9.6287166226
 10
-24.7785249116
 20
9.5270539623
 10
-24.8198910975
 20
9.43240252
 10
-24.8647628923
 20
9.3440611739
 10
-24.9131402962
 20
9.2613288021
 10
-24.9657244308
 20
9.1842054046
 10
-25.0218141744
 20
9.1133921034
 10
-25.0821106487
 20
9.0488888982
 10
-25.1459127321
 20
8.9899946675
 10
-25.2132204244
 20
8.9374105328
 10
-25.2833326039
 20
8.8911364944
 10
-25.3555481487
 20
8.8504714303
 10
-25.429867059
 20
8.8168175841
 10
-25.5055882129
 20
8.7887727123
 10
-25.5834127321
 20
8.7670379367
 10
-25.6633406167
 20
8.7516132572
 10
-25.7453718667
 20
8.7417975521
 10
-25.8288053603
 20
8.7389930649
 10
-25.8288053603
 20
8.7389930649
 10
-25.9115377321
 20
8.7417975521
 10
-25.9914656167
 20
8.7509121354
 10
-26.0699912577
 20
8.7663368149
 10
-26.1457124116
 20
8.7873704687
 10
-26.2200313218
 20
8.8140130969
 10
-26.2922468667
 20
8.8476669431
 10
-26.3623590462
 20
8.8869297636
 10
-26.4303678603
 20
8.9318015585
 10
-26.4955721872
 20
8.9829834495
 10
-26.5572709052
 20
9.0397743149
 10
-26.6147628923
 20
9.1028752764
 10
-26.6687492705
 20
9.1722863341
 10
-26.7192300398
 20
9.2466052444
 10
-26.7662052
 20
9.3272342508
 10
-26.8096747513
 20
9.4141733534
 10
-26.8489375718
 20
9.5067214303
 10
-26.8839936616
 20
9.6069818469
 10
-26.9148430205
 20
9.7170579687
 10
-26.9400834052
 20
9.8369497957
 10
-26.961117059
 20
9.9659562059
 10
-26.9779439821
 20
10.1040771995
 10
-26.9898630526
 20
10.25271502
 10
-26.9968742705
 20
10.4104674239
 10
-26.9989776359
 20
10.577334411
  0
LWPOLYLINE
  5
7C
330
1F
100
AcDbEntity
  8
0
  6
Continuous
 62
     7
100
AcDbPolyline
 90
       85
 70
   128
 43
0.0
 10
-26.6848653555
 20
10.5787366546
 10
-26.6834728282
 20
10.4385122957
 10
-26.6778638539
 20
10.3067013982
 10
-26.6694503923
 20
10.1833039623
 10
-26.6582324436
 20
10.0697222316
 10
-26.6428077641
 20
9.9645539623
 10
-26.6245785975
 20
9.8677991546
 10
-26.6028438218
 20
9.7801589303
 10
-26.5776034372
 20
9.7016332892
 10
-26.5488574436
 20
9.6294177444
 10
-26.5173069629
 20
9.5621100521
 10
-26.4829519949
 20
9.4990090905
 10
-26.445091418
 20
9.4408159816
 10
-26.4037252321
 20
9.3868296034
 10
-26.359554559
 20
9.3370499559
 10
-26.311878277
 20
9.292178161
 10
-26.2613975077
 20
9.2515130969
 10
-26.1548269949
 20
9.1842054046
 10
-26.0454519949
 20
9.1365291226
 10
-25.9332725077
 20
9.107783129
 10
-25.8182885334
 20
9.0979674239
 10
-25.8182885334
 20
9.0979674239
 10
-25.7026034372
 20
9.1070820072
 10
-25.59042395
 20
9.1358280008
 10
-25.4824511936
 20
9.1821020392
 10
-25.3779840462
 20
9.248007488
 10
-25.3282043987
 20
9.2879714303
 10
-25.2819303603
 20
9.3321421034
 10
-25.238460809
 20
9.3819217508
 10
-25.1977957449
 20
9.435908129
 10
-25.1606362898
 20
9.494101238
 10
-25.1262813218
 20
9.5579033213
 10
-25.0954319629
 20
9.6259121354
 10
-25.0673870911
 20
9.6988288021
 10
-25.0673870911
 20
9.6988288021
 10
-25.0365377321
 20
9.7927791226
 10
-25.0091939821
 20
9.8909361739
 10
-24.9867580846
 20
9.9940010777
 10
-24.9678277962
 20
10.1012727123
 10
-24.9538053603
 20
10.2134521995
 10
-24.9432885334
 20
10.3305395392
 10
-24.9369784372
 20
10.4525347316
 10
-24.9348750718
 20
10.5787366546
 10
-24.9348750718
 20
10.5787366546
 10
-24.9369784372
 20
10.7049385777
 10
-24.9418862898
 20
10.8255315264
 10
-24.9517019949
 20
10.939814379
 10
-24.9643221872
 20
11.0484882572
 10
-24.9811491103
 20
11.151553161
 10
-25.0007805205
 20
11.2483079687
 10
-25.0253197834
 20
11.3394538021
 10
-25.0526635334
 20
11.424990661
 10
-25.0835128923
 20
11.5049185457
 10
-25.1171667385
 20
11.5785363341
 10
-25.1536250718
 20
11.64724627
 10
-25.1928878923
 20
11.7103472316
 10
-25.2349552
 20
11.7678392187
 10
-25.2805281167
 20
11.8197222316
 10
-25.3282043987
 20
11.86599627
 10
-25.378685168
 20
11.9066613341
 10
-25.484554559
 20
11.9732679046
 10
-25.5925273154
 20
12.0216453085
 10
-25.7040056808
 20
12.0496901803
 10
-25.8182885334
 20
12.0595058854
 10
-25.8182885334
 20
12.0595058854
 10
-25.9339736295
 20
12.0496901803
 10
-26.0468542385
 20
12.0216453085
 10
-26.1555281167
 20
11.9732679046
 10
-26.2613975077
 20
11.9066613341
 10
-26.311878277
 20
11.8666973918
 10
-26.3588534372
 20
11.8218255969
 10
-26.4030241103
 20
11.7720459495
 10
-26.4436891744
 20
11.7180595713
 10
-26.4815497513
 20
11.6598664623
 10
-26.5166058411
 20
11.5967655008
 10
-26.5481563218
 20
11.5294578085
 10
-26.5769023154
 20
11.4572422636
 10
-26.6021427
 20
11.3787166226
 10
-26.6238774757
 20
11.2910763982
 10
-26.6428077641
 20
11.1950227123
 10
-26.6575313218
 20
11.0891533213
 10
-26.6694503923
 20
10.9748704687
 10
-26.6778638539
 20
10.8521741546
 10
-26.6834728282
 20
10.7196621354
 10
-26.6848750718
 20
10.5787366546
  0
LWPOLYLINE
  5
7D
330
1F
100
AcDbEntity
  8
0
  6
Continuous
 62
     7
100
AcDbPolyline
 90
      100
 70
   128
 43
0.0
 10
-21.1912840605
 20
10.577334411
 10
-21.1891819629
 20
10.7456036418
 10
-21.1821707449
 20
10.9040571675
 10
-21.1702516744
 20
11.0533961098
 10
-21.1541258731
 20
11.1922182251
 10
-21.1337933411
 20
11.3212246354
 10
-21.1078518346
 20
11.4404153405
 10
-21.0777035975
 20
11.5497903405
 10
-21.0433486295
 20
11.6493496354
 10
-21.0047869308
 20
11.7411965905
 10
-20.9620185013
 20
11.8274345713
 10
-20.9150433411
 20
11.9073624559
 10
-20.8645625718
 20
11.982382488
 10
-20.8105761936
 20
12.0510924239
 10
-20.7530842064
 20
12.1141933854
 10
-20.6913854885
 20
12.1709842508
 10
-20.6254800398
 20
12.2228672636
 10
-20.5567701039
 20
12.2684401803
 10
-20.4859568026
 20
12.3084041226
 10
-20.4137412577
 20
12.3420579687
 10
-20.3387212257
 20
12.3694017187
 10
-20.26229895
 20
12.3911364944
 10
-20.183773309
 20
12.4065611739
 10
-20.1038454244
 20
12.4156757572
 10
-20.0211130526
 20
12.4184802444
 10
-20.0211130526
 20
12.4184802444
 10
-19.937679559
 20
12.4156757572
 10
-19.855648309
 20
12.4065611739
 10
-19.7764215462
 20
12.3911364944
 10
-19.698597027
 20
12.3694017187
 10
-19.6228758731
 20
12.3420579687
 10
-19.5492580846
 20
12.3084041226
 10
-19.4770425398
 20
12.2684401803
 10
-19.4076314821
 20
12.2221661418
 10
-19.3410249116
 20
12.170283129
 10
-19.2772228282
 20
12.1113888982
 10
-19.2176274757
 20
12.0468856931
 10
-19.1615377321
 20
11.9767735136
 10
-19.1089535975
 20
11.8996501162
 10
-19.0598750718
 20
11.8169177444
 10
-19.015003277
 20
11.7278752764
 10
-18.9729359693
 20
11.6325227123
 10
-18.9357765141
 20
11.5301589303
 10
-18.9028237898
 20
11.4193816867
 10
-18.8754800398
 20
11.3001909816
 10
-18.8530441423
 20
11.1725868149
 10
-18.8355160975
 20
11.0365691867
 10
-18.8228959052
 20
10.8914369751
 10
-18.8158846872
 20
10.7385924239
 10
-18.8130802
 20
10.577334411
 10
-18.8130802
 20
10.577334411
 10
-18.8158846872
 20
10.41677752
 10
-18.8228959052
 20
10.2646340905
 10
-18.8355160975
 20
10.1202030008
 10
-18.8523430205
 20
9.9848864944
 10
-18.874778918
 20
9.8579834495
 10
-18.902122668
 20
9.7394938662
 10
-18.9336731487
 20
9.6287166226
 10
-18.9708326039
 20
9.5270539623
 10
-19.0121987898
 20
9.43240252
 10
-19.0570705846
 20
9.3440611739
 10
-19.1054479885
 20
9.2613288021
 10
-19.1580321231
 20
9.1842054046
 10
-19.2141218667
 20
9.1133921034
 10
-19.2744183411
 20
9.0488888982
 10
-19.3382204244
 20
8.9899946675
 10
-19.4055281167
 20
8.9374105328
 10
-19.4756402962
 20
8.8911364944
 10
-19.5478558411
 20
8.8504714303
 10
-19.6221747513
 20
8.8168175841
 10
-19.6978959052
 20
8.7887727123
 10
-19.7757204244
 20
8.7670379367
 10
-19.855648309
 20
8.7516132572
 10
-19.937679559
 20
8.7417975521
 10
-20.0211130526
 20
8.7389930649
 10
-20.0211130526
 20
8.7389930649
 10
-20.1038454244
 20
8.7417975521
 10
-20.183773309
 20
8.7509121354
 10
-20.26229895
 20
8.7663368149
 10
-20.3380201039
 20
8.7873704687
 10
-20.4123390141
 20
8.8140130969
 10
-20.484554559
 20
8.8476669431
 10
-20.5546667385
 20
8.8869297636
 10
-20.6226755526
 20
8.9318015585
 10
-20.6878798795
 20
8.9829834495
 10
-20.7495785975
 20
9.0397743149
 10
-20.8070705846
 20
9.1028752764
 10
-20.8610569629
 20
9.1722863341
 10
-20.9115377321
 20
9.2466052444
 10
-20.9585128923
 20
9.3272342508
 10
-21.0019824436
 20
9.4141733534
 10
-21.0412452641
 20
9.5067214303
 10
-21.0763013539
 20
9.6069818469
 10
-21.1071507129
 20
9.7170579687
 10
-21.1323910975
 20
9.8369497957
 10
-21.1534247513
 20
9.9659562059
 10
-21.1702516744
 20
10.1040771995
 10
-21.1821707449
 20
10.25271502
 10
-21.1891819629
 20
10.4104674239
 10
-21.1912853282
 20
10.577334411
  0
LWPOLYLINE
  5
7E
330
1F
100
AcDbEntity
  8
0
  6
Continuous
 62
     7
100
AcDbPolyline
 90
       85
 70
   128
 43
0.0
 10
-20.8771824837
 20
10.5787366546
 10
-20.8757805205
 20
10.4385122957
 10
-20.8701715462
 20
10.3067013982
 10
-20.8617580846
 20
10.1833039623
 10
-20.8505401359
 20
10.0697222316
 10
-20.8351154564
 20
9.9645539623
 10
-20.8168862898
 20
9.8677991546
 10
-20.7951515141
 20
9.7801589303
 10
-20.7699111295
 20
9.7016332892
 10
-20.7411651359
 20
9.6294177444
 10
-20.7096146552
 20
9.5621100521
 10
-20.6752596872
 20
9.4990090905
 10
-20.6373991103
 20
9.4408159816
 10
-20.5960329244
 20
9.3868296034
 10
-20.5518622513
 20
9.3370499559
 10
-20.5041859693
 20
9.292178161
 10
-20.4537052
 20
9.2515130969
 10
-20.3471346872
 20
9.1842054046
 10
-20.2377596872
 20
9.1365291226
 10
-20.1255802
 20
9.107783129
 10
-20.0105962257
 20
9.0979674239
 10
-20.0105962257
 20
9.0979674239
 10
-19.8949111295
 20
9.1070820072
 10
-19.7827316423
 20
9.1358280008
 10
-19.6747588859
 20
9.1821020392
 10
-19.5702917385
 20
9.248007488
 10
-19.5205120911
 20
9.2879714303
 10
-19.4742380526
 20
9.3321421034
 10
-19.4307685013
 20
9.3819217508
 10
-19.3901034372
 20
9.435908129
 10
-19.3529439821
 20
9.494101238
 10
-19.3185890141
 20
9.5579033213
 10
-19.2877396552
 20
9.6259121354
 10
-19.2596947834
 20
9.6988288021
 10
-19.2596947834
 20
9.6988288021
 10
-19.2288454244
 20
9.7927791226
 10
-19.2015016744
 20
9.8909361739
 10
-19.179065777
 20
9.9940010777
 10
-19.1601354885
 20
10.1012727123
 10
-19.1461130526
 20
10.2134521995
 10
-19.1355962257
 20
10.3305395392
 10
-19.1292861295
 20
10.4525347316
 10
-19.1271827641
 20
10.5787366546
 10
-19.1271827641
 20
10.5787366546
 10
-19.1292861295
 20
10.7049385777
 10
-19.1341939821
 20
10.8255315264
 10
-19.1440096872
 20
10.939814379
 10
-19.1566298795
 20
11.0484882572
 10
-19.1734568026
 20
11.151553161
 10
-19.1930882129
 20
11.2483079687
 10
-19.2176274757
 20
11.3394538021
 10
-19.2449712257
 20
11.424990661
 10
-19.2758205846
 20
11.5049185457
 10
-19.3094744308
 20
11.5785363341
 10
-19.3459327641
 20
11.64724627
 10
-19.3851955846
 20
11.7103472316
 10
-19.4272628923
 20
11.7678392187
 10
-19.472835809
 20
11.8197222316
 10
-19.5205120911
 20
11.86599627
 10
-19.5709928603
 20
11.9066613341
 10
-19.6768622513
 20
11.9732679046
 10
-19.7848350077
 20
12.0216453085
 10
-19.8963133731
 20
12.0496901803
 10
-20.0105962257
 20
12.0595058854
 10
-20.0105962257
 20
12.0595058854
 10
-20.1262813218
 20
12.0496901803
 10
-20.2391619308
 20
12.0216453085
 10
-20.347835809
 20
11.9732679046
 10
-20.4537052
 20
11.9066613341
 10
-20.5041859693
 20
11.8666973918
 10
-20.5511611295
 20
11.8218255969
 10
-20.5953318026
 20
11.7720459495
 10
-20.6359968667
 20
11.7180595713
 10
-20.6738574436
 20
11.6598664623
 10
-20.7089135334
 20
11.5967655008
 10
-20.7404640141
 20
11.5294578085
 10
-20.7692100077
 20
11.4572422636
 10
-20.7944503923
 20
11.3787166226
 10
-20.816185168
 20
11.2910763982
 10
-20.8351154564
 20
11.1950227123
 10
-20.8498390141
 20
11.0891533213
 10
-20.8617580846
 20
10.9748704687
 10
-20.8701715462
 20
10.8521741546
 10
-20.8757805205
 20
10.7196621354
 10
-20.8771827641
 20
10.5787366546
  0
LWPOLYLINE
  5
7F
330
1F
100
AcDbEntity
  8
0
  6
Continuous
 62
     7
100
AcDbPolyline
 90
       65
 70
   128
 43
0.0
 10
-17.7361518145
 20
8.7389930649
 10
-17.9871587257
 20
8.9135723918
 10
-17.9871587257
 20
8.9135723918
 10
-17.0140016744
 20
10.3361485136
 10
-17.0140016744
 20
10.3361485136
 10
-17.2005000718
 20
10.3165171034
 10
-17.3820906167
 20
10.3095058854
 10
-17.3820906167
 20
10.3095058854
 10
-17.4921667385
 20
10.314413738
 10
-17.5973350077
 20
10.3284361739
 10
-17.698997668
 20
10.3515731931
 10
-17.7957524757
 20
10.3845259175
 10
-17.8890016744
 20
10.4265932251
 10
-17.9773430205
 20
10.4777751162
 10
-18.0621787577
 20
10.5387727123
 10
-18.1421066423
 20
10.6088848918
 10
-18.215023309
 20
10.6860082892
 10
-18.2788253923
 20
10.7673384175
 10
-18.3321106487
 20
10.8528752764
 10
-18.3762813218
 20
10.943319988
 10
-18.409935168
 20
11.0372703085
 10
-18.4344744308
 20
11.1361284816
 10
-18.4491979885
 20
11.2391933854
 10
-18.4541058411
 20
11.34646502
 10
-18.4541058411
 20
11.34646502
 10
-18.4449912577
 20
11.4929994751
 10
-18.4183486295
 20
11.6318215905
 10
-18.3734768346
 20
11.763632488
 10
-18.3110769949
 20
11.8877310457
 10
-18.2318502321
 20
12.00271502
 10
-18.1378999116
 20
12.1050788021
 10
-18.0285249116
 20
12.1955235136
 10
-17.9044263539
 20
12.2740491546
 10
-17.7705120911
 20
12.3371501162
 10
-17.6316899757
 20
12.3827230328
 10
-17.4879600077
 20
12.409365661
 10
-17.340023309
 20
12.4184802444
 10
-17.340023309
 20
12.4184802444
 10
-17.1948910975
 20
12.409365661
 10
-17.0553678603
 20
12.3834241546
 10
-16.9214535975
 20
12.3392534816
 10
-16.793148309
 20
12.2775547636
 10
-16.6739576039
 20
12.1997302444
 10
-16.5687893346
 20
12.108584411
 10
-16.4769423795
 20
12.00271502
 10
-16.3984167385
 20
11.8828231931
 10
-16.3360168987
 20
11.7545179046
 10
-16.2911451039
 20
11.6213047636
 10
-16.2645024757
 20
11.4845860136
 10
-16.2553878923
 20
11.342959411
 10
-16.2553878923
 20
11.342959411
 10
-16.2609968667
 20
11.2328832892
 10
-16.277122668
 20
11.1207038021
 10
-16.3051675398
 20
11.0050187059
 10
-16.3437292385
 20
10.8872302444
 10
-16.3675673795
 20
10.8262326482
 10
-16.3963133731
 20
10.7624305649
 10
-16.4292660975
 20
10.6951228726
 10
-16.4664255526
 20
10.6257118149
 10
-16.5077917385
 20
10.5520940264
 10
-16.5533646552
 20
10.4763728726
 10
-16.6038454244
 20
10.3971461098
 10
-16.6585329244
 20
10.3151148598
 10
-16.6585329244
 20
10.3151148598
 10
-17.7361571231
 20
8.7389930649
  0
LWPOLYLINE
  5
80
330
1F
100
AcDbEntity
  8
0
  6
Continuous
 62
     7
100
AcDbPolyline
 90
       68
 70
   128
 43
0.0
 10
-17.3238962889
 20
10.6684802444
 10
-17.2404640141
 20
10.6719858534
 10
-17.1619383731
 20
10.6811004367
 10
-17.0869183411
 20
10.697226238
 10
-17.0168061616
 20
10.7196621354
 10
-16.9501995911
 20
10.7477070072
 10
-16.8877997513
 20
10.7827630969
 10
-16.8303077641
 20
10.8241292828
 10
-16.7763213859
 20
10.8718055649
 10
-16.7279439821
 20
10.9243896995
 10
-16.6858766744
 20
10.9790771995
 10
-16.6501194629
 20
11.0365691867
 10
-16.6213734693
 20
11.096865661
 10
-16.59823645
 20
11.1599666226
 10
-16.5821106487
 20
11.2251709495
 10
-16.5729960654
 20
11.2931797636
 10
-16.5694904564
 20
11.3639930649
 10
-16.5694904564
 20
11.3639930649
 10
-16.5729960654
 20
11.4348063662
 10
-16.5835128923
 20
11.5028151803
 10
-16.601742059
 20
11.5680195072
 10
-16.6269824436
 20
11.6311204687
 10
-16.6592340462
 20
11.6907158213
 10
-16.6984968667
 20
11.7482078085
 10
-16.745472027
 20
11.8035964303
 10
-16.7994584052
 20
11.8554794431
 10
-16.8583526359
 20
11.9031557251
 10
-16.9200513539
 20
11.944521911
 10
-16.9852556808
 20
11.9795780008
 10
-17.0532644949
 20
12.0083239944
 10
-17.1240777962
 20
12.0307598918
 10
-17.1983967064
 20
12.0468856931
 10
-17.2755201039
 20
12.0560002764
 10
-17.3561491103
 20
12.0595058854
 10
-17.3561491103
 20
12.0595058854
 10
-17.4360769949
 20
12.0560002764
 10
-17.5124992705
 20
12.0468856931
 10
-17.586117059
 20
12.0307598918
 10
-17.6569303603
 20
12.0083239944
 10
-17.7249391744
 20
11.9795780008
 10
-17.7901435013
 20
11.944521911
 10
-17.8518422193
 20
11.9031557251
 10
-17.91073645
 20
11.8554794431
 10
-17.9647228282
 20
11.8035964303
 10
-18.0109968667
 20
11.7482078085
 10
-18.0502596872
 20
11.6907158213
 10
-18.0825112898
 20
11.6311204687
 10
-18.1077516744
 20
11.5680195072
 10
-18.1259808411
 20
11.5028151803
 10
-18.136497668
 20
11.4348063662
 10
-18.140003277
 20
11.3639930649
 10
-18.140003277
 20
11.3639930649
 10
-18.136497668
 20
11.2931797636
 10
-18.1252797193
 20
11.2251709495
 10
-18.1063494308
 20
11.1599666226
 10
-18.0804079244
 20
11.096865661
 10
-18.0467540782
 20
11.0365691867
 10
-18.0053878923
 20
10.9790771995
 10
-17.9570104885
 20
10.9243896995
 10
-17.9009207449
 20
10.8718055649
 10
-17.8399231487
 20
10.8241292828
 10
-17.7754199436
 20
10.7827630969
 10
-17.7074111295
 20
10.7477070072
 10
-17.63729895
 20
10.7196621354
 10
-17.5636811616
 20
10.697226238
 10
-17.4865577641
 20
10.6811004367
 10
-17.4066298795
 20
10.6719858534
 10
-17.3238975077
 20
10.6684802444
  0
LWPOLYLINE
  5
81
330
1F
100
AcDbEntity
  8
0
  6
Continuous
 62
     7
100
AcDbPolyline
 90
      100
 70
   128
 43
0.0
 10
-12.6912817359
 20
10.577334411
 10
-12.6891819629
 20
10.7456036418
 10
-12.6821707449
 20
10.9040571675
 10
-12.6702516744
 20
11.0533961098
 10
-12.6541258731
 20
11.1922182251
 10
-12.6337933411
 20
11.3212246354
 10
-12.6078518346
 20
11.4404153405
 10
-12.5777035975
 20
11.5497903405
 10
-12.5433486295
 20
11.6493496354
 10
-12.5047869308
 20
11.7411965905
 10
-12.4620185013
 20
11.8274345713
 10
-12.4150433411
 20
11.9073624559
 10
-12.3645625718
 20
11.982382488
 10
-12.3105761936
 20
12.0510924239
 10
-12.2530842064
 20
12.1141933854
 10
-12.1913854885
 20
12.1709842508
 10
-12.1254800398
 20
12.2228672636
 10
-12.0567701039
 20
12.2684401803
 10
-11.9859568026
 20
12.3084041226
 10
-11.9137412577
 20
12.3420579687
 10
-11.8387212257
 20
12.3694017187
 10
-11.76229895
 20
12.3911364944
 10
-11.683773309
 20
12.4065611739
 10
-11.6038454244
 20
12.4156757572
 10
-11.5211130526
 20
12.4184802444
 10
-11.5211130526
 20
12.4184802444
 10
-11.437679559
 20
12.4156757572
 10
-11.355648309
 20
12.4065611739
 10
-11.2764215462
 20
12.3911364944
 10
-11.198597027
 20
12.3694017187
 10
-11.1228758731
 20
12.3420579687
 10
-11.0492580846
 20
12.3084041226
 10
-10.9770425398
 20
12.2684401803
 10
-10.9076314821
 20
12.2221661418
 10
-10.8410249116
 20
12.170283129
 10
-10.7772228282
 20
12.1113888982
 10
-10.7176274757
 20
12.0468856931
 10
-10.6615377321
 20
11.9767735136
 10
-10.6089535975
 20
11.8996501162
 10
-10.5598750718
 20
11.8169177444
 10
-10.515003277
 20
11.7278752764
 10
-10.4729359693
 20
11.6325227123
 10
-10.4357765141
 20
11.5301589303
 10
-10.4028237898
 20
11.4193816867
 10
-10.3754800398
 20
11.3001909816
 10
-10.3530441423
 20
11.1725868149
 10
-10.3355160975
 20
11.0365691867
 10
-10.3228959052
 20
10.8914369751
 10
-10.3158846872
 20
10.7385924239
 10
-10.3130802
 20
10.577334411
 10
-10.3130802
 20
10.577334411
 10
-10.3158846872
 20
10.41677752
 10
-10.3228959052
 20
10.2646340905
 10
-10.3355160975
 20
10.1202030008
 10
-10.3523430205
 20
9.9848864944
 10
-10.374778918
 20
9.8579834495
 10
-10.402122668
 20
9.7394938662
 10
-10.4336731487
 20
9.6287166226
 10
-10.4708326039
 20
9.5270539623
 10
-10.5121987898
 20
9.43240252
 10
-10.5570705846
 20
9.3440611739
 10
-10.6054479885
 20
9.2613288021
 10
-10.6580321231
 20
9.1842054046
 10
-10.7141218667
 20
9.1133921034
 10
-10.7744183411
 20
9.0488888982
 10
-10.8382204244
 20
8.9899946675
 10
-10.9055281167
 20
8.9374105328
 10
-10.9756402962
 20
8.8911364944
 10
-11.0478558411
 20
8.8504714303
 10
-11.1221747513
 20
8.8168175841
 10
-11.1978959052
 20
8.7887727123
 10
-11.2757204244
 20
8.7670379367
 10
-11.355648309
 20
8.7516132572
 10
-11.437679559
 20
8.7417975521
 10
-11.5211130526
 20
8.7389930649
 10
-11.5211130526
 20
8.7389930649
 10
-11.6038454244
 20
8.7417975521
 10
-11.683773309
 20
8.7509121354
 10
-11.76229895
 20
8.7663368149
 10
-11.8380201039
 20
8.7873704687
 10
-11.9123390141
 20
8.8140130969
 10
-11.984554559
 20
8.8476669431
 10
-12.0546667385
 20
8.8869297636
 10
-12.1226755526
 20
8.9318015585
 10
-12.1878798795
 20
8.9829834495
 10
-12.2495785975
 20
9.0397743149
 10
-12.3070705846
 20
9.1028752764
 10
-12.3610569629
 20
9.1722863341
 10
-12.4115377321
 20
9.2466052444
 10
-12.4585128923
 20
9.3272342508
 10
-12.5019824436
 20
9.4141733534
 10
-12.5412452641
 20
9.5067214303
 10
-12.5763013539
 20
9.6069818469
 10
-12.6071507129
 20
9.7170579687
 10
-12.6323910975
 20
9.8369497957
 10
-12.6534247513
 20
9.9659562059
 10
-12.6702516744
 20
10.1040771995
 10
-12.6821707449
 20
10.25271502
 10
-12.6891819629
 20
10.4104674239
 10
-12.6912853282
 20
10.577334411
  0
LWPOLYLINE
  5
82
330
1F
100
AcDbEntity
  8
0
  6
Continuous
 62
     7
100
AcDbPolyline
 90
       85
 70
   128
 43
0.0
 10
-12.3771801591
 20
10.5787366546
 10
-12.3757805205
 20
10.4385122957
 10
-12.3701715462
 20
10.3067013982
 10
-12.3617580846
 20
10.1833039623
 10
-12.3505401359
 20
10.0697222316
 10
-12.3351154564
 20
9.9645539623
 10
-12.3168862898
 20
9.8677991546
 10
-12.2951515141
 20
9.7801589303
 10
-12.2699111295
 20
9.7016332892
 10
-12.2411651359
 20
9.6294177444
 10
-12.2096146552
 20
9.5621100521
 10
-12.1752596872
 20
9.4990090905
 10
-12.1373991103
 20
9.4408159816
 10
-12.0960329244
 20
9.3868296034
 10
-12.0518622513
 20
9.3370499559
 10
-12.0041859693
 20
9.292178161
 10
-11.9537052
 20
9.2515130969
 10
-11.8471346872
 20
9.1842054046
 10
-11.7377596872
 20
9.1365291226
 10
-11.6255802
 20
9.107783129
 10
-11.5105962257
 20
9.0979674239
 10
-11.5105962257
 20
9.0979674239
 10
-11.3949111295
 20
9.1070820072
 10
-11.2827316423
 20
9.1358280008
 10
-11.1747588859
 20
9.1821020392
 10
-11.0702917385
 20
9.248007488
 10
-11.0205120911
 20
9.2879714303
 10
-10.9742380526
 20
9.3321421034
 10
-10.9307685013
 20
9.3819217508
 10
-10.8901034372
 20
9.435908129
 10
-10.8529439821
 20
9.494101238
 10
-10.8185890141
 20
9.5579033213
 10
-10.7877396552
 20
9.6259121354
 10
-10.7596947834
 20
9.6988288021
 10
-10.7596947834
 20
9.6988288021
 10
-10.7288454244
 20
9.7927791226
 10
-10.7015016744
 20
9.8909361739
 10
-10.679065777
 20
9.9940010777
 10
-10.6601354885
 20
10.1012727123
 10
-10.6461130526
 20
10.2134521995
 10
-10.6355962257
 20
10.3305395392
 10
-10.6292861295
 20
10.4525347316
 10
-10.6271827641
 20
10.5787366546
 10
-10.6271827641
 20
10.5787366546
 10
-10.6292861295
 20
10.7049385777
 10
-10.6341939821
 20
10.8255315264
 10
-10.6440096872
 20
10.939814379
 10
-10.6566298795
 20
11.0484882572
 10
-10.6734568026
 20
11.151553161
 10
-10.6930882129
 20
11.2483079687
 10
-10.7176274757
 20
11.3394538021
 10
-10.7449712257
 20
11.424990661
 10
-10.7758205846
 20
11.5049185457
 10
-10.8094744308
 20
11.5785363341
 10
-10.8459327641
 20
11.64724627
 10
-10.8851955846
 20
11.7103472316
 10
-10.9272628923
 20
11.7678392187
 10
-10.972835809
 20
11.8197222316
 10
-11.0205120911
 20
11.86599627
 10
-11.0709928603
 20
11.9066613341
 10
-11.1768622513
 20
11.9732679046
 10
-11.2848350077
 20
12.0216453085
 10
-11.3963133731
 20
12.0496901803
 10
-11.5105962257
 20
12.0595058854
 10
-11.5105962257
 20
12.0595058854
 10
-11.6262813218
 20
12.0496901803
 10
-11.7391619308
 20
12.0216453085
 10
-11.847835809
 20
11.9732679046
 10
-11.9537052
 20
11.9066613341
 10
-12.0041859693
 20
11.8666973918
 10
-12.0511611295
 20
11.8218255969
 10
-12.0953318026
 20
11.7720459495
 10
-12.1359968667
 20
11.7180595713
 10
-12.1738574436
 20
11.6598664623
 10
-12.2089135334
 20
11.5967655008
 10
-12.2404640141
 20
11.5294578085
 10
-12.2692100077
 20
11.4572422636
 10
-12.2944503923
 20
11.3787166226
 10
-12.316185168
 20
11.2910763982
 10
-12.3351154564
 20
11.1950227123
 10
-12.3498390141
 20
11.0891533213
 10
-12.3617580846
 20
10.9748704687
 10
-12.3701715462
 20
10.8521741546
 10
-12.3757805205
 20
10.7196621354
 10
-12.3771827641
 20
10.5787366546
  0
LWPOLYLINE
  5
83
330
1F
100
AcDbEntity
  8
0
  6
Continuous
 62
     7
100
AcDbPolyline
 90
      113
 70
   128
 43
0.0
 10
-8.2973539829
 20
10.7785563662
 10
-8.2118181808
 20
10.7329834495
 10
-8.132591418
 20
10.6860082892
 10
-8.0596747513
 20
10.6369297636
 10
-7.992367059
 20
10.5871501162
 10
-7.9306683411
 20
10.5352671034
 10
-7.8752797193
 20
10.4812807251
 10
-7.8262011936
 20
10.4265932251
 10
-7.7827316423
 20
10.3698023598
 10
-7.7448710654
 20
10.3116092508
 10
-7.7119183411
 20
10.2513127764
 10
-7.6838734693
 20
10.1889129367
 10
-7.6614375718
 20
10.1251108534
 10
-7.6432084052
 20
10.0585042828
 10
-7.6305882129
 20
9.9904954687
 10
-7.6235769949
 20
9.9203832892
 10
-7.6207725077
 20
9.8481677444
 10
-7.6207725077
 20
9.8481677444
 10
-7.6249792385
 20
9.7472062059
 10
-7.6375994308
 20
9.6490491546
 10
-7.6579319629
 20
9.5536965905
 10
-7.6866779564
 20
9.4618496354
 10
-7.7245385334
 20
9.3721060457
 10
-7.77011145
 20
9.2865691867
 10
-7.8233967064
 20
9.2031356931
 10
-7.8857965462
 20
9.1232078085
 10
-7.8857965462
 20
9.1232078085
 10
-7.9713334052
 20
9.0334642187
 10
-8.0652837257
 20
8.9549385777
 10
-8.1683486295
 20
8.889033129
 10
-8.2805281167
 20
8.8350467508
 10
-8.4011210654
 20
8.7929794431
 10
-8.5301274757
 20
8.7628312059
 10
-8.6682484693
 20
8.745303161
 10
-8.8147829244
 20
8.7389930649
 10
-8.8147829244
 20
8.7389930649
 10
-8.9557084052
 20
8.7446020392
 10
-9.0882204244
 20
8.7600267187
 10
-9.2123189821
 20
8.7866693469
 10
-9.3266018346
 20
8.8231276803
 10
-9.4331723475
 20
8.8708039623
 10
-9.5299271552
 20
8.9289970713
 10
-9.6182685013
 20
8.9970058854
 10
-9.6981963859
 20
9.0762326482
 10
-9.7690096872
 20
9.1617695072
 10
-9.8300072834
 20
9.2494097316
 10
-9.8811891744
 20
9.3391533213
 10
-9.9239576039
 20
9.4310002764
 10
-9.9569103282
 20
9.5249505969
 10
-9.9800473475
 20
9.6210042828
 10
-9.9940697834
 20
9.7191613341
 10
-9.9989776359
 20
9.8194217508
 10
-9.9989776359
 20
9.8194217508
 10
-9.9961731487
 20
9.8930395392
 10
-9.988460809
 20
9.9645539623
 10
-9.9758406167
 20
10.03396502
 10
-9.9583125718
 20
10.1019738341
 10
-9.9351755526
 20
10.1678792828
 10
-9.9071306808
 20
10.2316813662
 10
-9.8741779564
 20
10.2940812059
 10
-9.8363173795
 20
10.3543776803
 10
-9.7921467064
 20
10.413271911
 10
-9.742367059
 20
10.4700627764
 10
-9.6855761936
 20
10.5254513982
 10
-9.6224752321
 20
10.5794377764
 10
-9.5537652962
 20
10.632021911
 10
-9.4780441423
 20
10.6825026803
 10
-9.3967140141
 20
10.7315812059
 10
-9.308372668
 20
10.7785563662
 10
-9.308372668
 20
10.7785563662
 10
-9.4282644949
 20
10.8479674239
 10
-9.5320305205
 20
10.9257919431
 10
-9.6196707449
 20
11.0106276803
 10
-9.6918862898
 20
11.103876879
 10
-9.7479760334
 20
11.2027350521
 10
-9.7872388539
 20
11.3050988341
 10
-9.8117781167
 20
11.4109682251
 10
-9.8194904564
 20
11.5203432251
 10
-9.8194904564
 20
11.5203432251
 10
-9.8110769949
 20
11.6318215905
 10
-9.7858366103
 20
11.7418977123
 10
-9.7430681808
 20
11.8512727123
 10
-9.68417395
 20
11.9585443469
 10
-9.6098550398
 20
12.0602070072
 10
-9.5229159372
 20
12.1499505969
 10
-9.4233566423
 20
12.228476238
 10
-9.3104760334
 20
12.2957839303
 10
-9.1884808411
 20
12.3497703085
 10
-9.0615777962
 20
12.3876308854
 10
-8.9304680205
 20
12.4107679046
 10
-8.7937492705
 20
12.4184802444
 10
-8.7937492705
 20
12.4184802444
 10
-8.6605361295
 20
12.4107679046
 10
-8.5329319629
 20
12.3876308854
 10
-8.4102356487
 20
12.3483680649
 10
-8.2924471872
 20
12.2943816867
 10
-8.1830721872
 20
12.2270739944
 10
-8.0870185013
 20
12.1478472316
 10
-8.0028838859
 20
12.0581036418
 10
-7.9313694629
 20
11.9571421034
 10
-7.8738774757
 20
11.8498704687
 10
-7.8332124116
 20
11.7390932251
 10
-7.8086731487
 20
11.6262126162
 10
-7.8002596872
 20
11.51052752
 10
-7.8002596872
 20
11.51052752
 10
-7.807972027
 20
11.3969457892
 10
-7.8311090462
 20
11.2896741546
 10
-7.8703718667
 20
11.1887126162
 10
-7.9243582449
 20
11.0940611739
 10
-7.9944704244
 20
11.0057198277
 10
-8.0793061616
 20
10.9243896995
 10
-8.1809688218
 20
10.8479674239
 10
-8.2973550398
 20
10.7785563662
  0
LWPOLYLINE
  5
84
330
1F
100
AcDbEntity
  8
0
  6
Continuous
 62
     7
100
AcDbPolyline
 90
       64
 70
   128
 43
0.0
 10
-8.8112726808
 20
12.0595058854
 10
-8.8848951039
 20
12.0567013982
 10
-8.9550072834
 20
12.0496901803
 10
-9.0216138539
 20
12.037069988
 10
-9.0854159372
 20
12.0195419431
 10
-9.1464135334
 20
11.9964049239
 10
-9.2032043987
 20
11.9690611739
 10
-9.257190777
 20
11.9361084495
 10
-9.308372668
 20
11.8982478726
 10
-9.3546467064
 20
11.8568816867
 10
-9.3946106487
 20
11.8141132572
 10
-9.4282644949
 20
11.7692414623
 10
-9.4563093667
 20
11.7222663021
 10
-9.4773430205
 20
11.6731877764
 10
-9.4927677
 20
11.6227070072
 10
-9.5025834052
 20
11.5701228726
 10
-9.5053878923
 20
11.5154353726
 10
-9.5053878923
 20
11.5154353726
 10
-9.5018822834
 20
11.4607478726
 10
-9.4920665782
 20
11.408163738
 10
-9.475940777
 20
11.3562807251
 10
-9.4521026359
 20
11.3057999559
 10
-9.4226555205
 20
11.2567214303
 10
-9.3861971872
 20
11.2083440264
 10
-9.3434287577
 20
11.162069988
 10
-9.2936491103
 20
11.1164970713
 10
-9.2396627321
 20
11.0744297636
 10
-9.1828718667
 20
11.0379714303
 10
-9.1246787577
 20
11.0078231931
 10
-9.0636811616
 20
10.9825828085
 10
-9.0005802
 20
10.9629513982
 10
-8.9353758731
 20
10.9489289623
 10
-8.8680681808
 20
10.9405155008
 10
-8.7986571231
 20
10.9377110136
 10
-8.7986571231
 20
10.9377110136
 10
-8.7096146552
 20
10.9426188662
 10
-8.6226755526
 20
10.9580435457
 10
-8.5385409372
 20
10.9832839303
 10
-8.4565096872
 20
11.01834002
 10
-8.3800874116
 20
11.0625106931
 10
-8.3127797193
 20
11.1143937059
 10
-8.2545866103
 20
11.1732879367
 10
-8.2048069629
 20
11.2398945072
 10
-8.1655441423
 20
11.3107078085
 10
-8.1367981487
 20
11.380819988
 10
-8.1199712257
 20
11.4516332892
 10
-8.1143622513
 20
11.5224465905
 10
-8.1143622513
 20
11.5224465905
 10
-8.1171667385
 20
11.572226238
 10
-8.1255802
 20
11.6206036418
 10
-8.1396026359
 20
11.6675788021
 10
-8.1592340462
 20
11.7145539623
 10
-8.1844744308
 20
11.760126879
 10
-8.214622668
 20
11.8042975521
 10
-8.2510810013
 20
11.8477671034
 10
-8.293148309
 20
11.8905355328
 10
-8.3401234693
 20
11.9297983534
 10
-8.3920064821
 20
11.9641533213
 10
-8.4494984693
 20
11.9936004367
 10
-8.511898309
 20
12.0174385777
 10
-8.5792060013
 20
12.0356677444
 10
-8.6514215462
 20
12.0489890585
 10
-8.7285449436
 20
12.0567013982
 10
-8.8112773154
 20
12.0595058854
  0
LWPOLYLINE
  5
85
330
1F
100
AcDbEntity
  8
0
  6
Continuous
 62
     7
100
AcDbPolyline
 90
       64
 70
   128
 43
0.0
 10
-8.7909400463
 20
10.5787366546
 10
-8.8841939821
 20
10.5752310457
 10
-8.97323645
 20
10.5640130969
 10
-9.058773309
 20
10.5464850521
 10
-9.1401034372
 20
10.5212446675
 10
-9.2179279564
 20
10.4882919431
 10
-9.2922468667
 20
10.4483280008
 10
-9.3623590462
 20
10.4013528405
 10
-9.4282644949
 20
10.3473664623
 10
-9.4885609693
 20
10.2884722316
 10
-9.5404439821
 20
10.2274746354
 10
-9.5846146552
 20
10.1636725521
 10
-9.6203718667
 20
10.0977671034
 10
-9.6491178603
 20
10.0290571675
 10
-9.6687492705
 20
9.9582438662
 10
-9.6806683411
 20
9.8846260777
 10
-9.6848750718
 20
9.8089049239
 10
-9.6848750718
 20
9.8089049239
 10
-9.6778638539
 20
9.7149546034
 10
-9.6575313218
 20
9.6245098918
 10
-9.6231763539
 20
9.5354674239
 10
-9.5755000718
 20
9.4499305649
 10
-9.5152035975
 20
9.3700026803
 10
-9.4436891744
 20
9.3005916226
 10
-9.3616579244
 20
9.2395940264
 10
-9.2684087257
 20
9.1891132572
 10
-9.1653438218
 20
9.1491493149
 10
-9.0552677
 20
9.1211044431
 10
-8.9367781167
 20
9.1035763982
 10
-8.8112773154
 20
9.0979674239
 10
-8.8112773154
 20
9.0979674239
 10
-8.7131202641
 20
9.1014730328
 10
-8.6205721872
 20
9.1119898598
 10
-8.5329319629
 20
9.1295179046
 10
-8.4509007129
 20
9.1540571675
 10
-8.3737773154
 20
9.1849065264
 10
-8.3015617705
 20
9.2234682251
 10
-8.2342540782
 20
9.26834002
 10
-8.1725553603
 20
9.3209241546
 10
-8.1171667385
 20
9.37771502
 10
-8.0687893346
 20
9.4373103726
 10
-8.0274231487
 20
9.4990090905
 10
-7.9944704244
 20
9.5628111739
 10
-7.968528918
 20
9.6287166226
 10
-7.9495986295
 20
9.6974265585
 10
-7.9383806808
 20
9.7682398598
 10
-7.9348750718
 20
9.8418576482
 10
-7.9348750718
 20
9.8418576482
 10
-7.9390818026
 20
9.9133720713
 10
-7.9502997513
 20
9.9820820072
 10
-7.9699311616
 20
10.0493896995
 10
-7.9972749116
 20
10.1145940264
 10
-8.0330321231
 20
10.177694988
 10
-8.0758005526
 20
10.2386925841
 10
-8.1269824436
 20
10.2975868149
 10
-8.1858766744
 20
10.3543776803
 10
-8.2503798795
 20
10.4069618149
 10
-8.3176875718
 20
10.4525347316
 10
-8.3885008731
 20
10.4910964303
 10
-8.4628197834
 20
10.522646911
 10
-8.5399431808
 20
10.5471861739
 10
-8.6205721872
 20
10.5647142187
 10
-8.7040056808
 20
10.5752310457
 10
-8.7909447834
 20
10.5787366546
  0
LWPOLYLINE
  5
86
330
1F
100
AcDbEntity
  8
0
  6
Continuous
 62
     7
100
AcDbPolyline
 90
      100
 70
   128
 43
0.0
 10
-4.1912831366
 20
10.577334411
 10
-4.1891819629
 20
10.7456036418
 10
-4.1821707449
 20
10.9040571675
 10
-4.1702516744
 20
11.0533961098
 10
-4.1541258731
 20
11.1922182251
 10
-4.1337933411
 20
11.3212246354
 10
-4.1078518346
 20
11.4404153405
 10
-4.0777035975
 20
11.5497903405
 10
-4.0433486295
 20
11.6493496354
 10
-4.0047869308
 20
11.7411965905
 10
-3.9620185013
 20
11.8274345713
 10
-3.9150433411
 20
11.9073624559
 10
-3.8645625718
 20
11.982382488
 10
-3.8105761936
 20
12.0510924239
 10
-3.7530842064
 20
12.1141933854
 10
-3.6913854885
 20
12.1709842508
 10
-3.6254800398
 20
12.2228672636
 10
-3.5567701039
 20
12.2684401803
 10
-3.4859568026
 20
12.3084041226
 10
-3.4137412577
 20
12.3420579687
 10
-3.3387212257
 20
12.3694017187
 10
-3.26229895
 20
12.3911364944
 10
-3.183773309
 20
12.4065611739
 10
-3.1038454244
 20
12.4156757572
 10
-3.0211130526
 20
12.4184802444
 10
-3.0211130526
 20
12.4184802444
 10
-2.937679559
 20
12.4156757572
 10
-2.855648309
 20
12.4065611739
 10
-2.7764215462
 20
12.3911364944
 10
-2.698597027
 20
12.3694017187
 10
-2.6228758731
 20
12.3420579687
 10
-2.5492580846
 20
12.3084041226
 10
-2.4770425398
 20
12.2684401803
 10
-2.4076314821
 20
12.2221661418
 10
-2.3410249116
 20
12.170283129
 10
-2.2772228282
 20
12.1113888982
 10
-2.2176274757
 20
12.0468856931
 10
-2.1615377321
 20
11.9767735136
 10
-2.1089535975
 20
11.8996501162
 10
-2.0598750718
 20
11.8169177444
 10
-2.015003277
 20
11.7278752764
 10
-1.9729359693
 20
11.6325227123
 10
-1.9357765141
 20
11.5301589303
 10
-1.9028237898
 20
11.4193816867
 10
-1.8754800398
 20
11.3001909816
 10
-1.8530441423
 20
11.1725868149
 10
-1.8355160975
 20
11.0365691867
 10
-1.8228959052
 20
10.8914369751
 10
-1.8158846872
 20
10.7385924239
 10
-1.8130802
 20
10.577334411
 10
-1.8130802
 20
10.577334411
 10
-1.8158846872
 20
10.41677752
 10
-1.8228959052
 20
10.2646340905
 10
-1.8355160975
 20
10.1202030008
 10
-1.8523430205
 20
9.9848864944
 10
-1.874778918
 20
9.8579834495
 10
-1.902122668
 20
9.7394938662
 10
-1.9336731487
 20
9.6287166226
 10
-1.9708326039
 20
9.5270539623
 10
-2.0121987898
 20
9.43240252
 10
-2.0570705846
 20
9.3440611739
 10
-2.1054479885
 20
9.2613288021
 10
-2.1580321231
 20
9.1842054046
 10
-2.2141218667
 20
9.1133921034
 10
-2.2744183411
 20
9.0488888982
 10
-2.3382204244
 20
8.9899946675
 10
-2.4055281167
 20
8.9374105328
 10
-2.4756402962
 20
8.8911364944
 10
-2.5478558411
 20
8.8504714303
 10
-2.6221747513
 20
8.8168175841
 10
-2.6978959052
 20
8.7887727123
 10
-2.7757204244
 20
8.7670379367
 10
-2.855648309
 20
8.7516132572
 10
-2.937679559
 20
8.7417975521
 10
-3.0211130526
 20
8.7389930649
 10
-3.0211130526
 20
8.7389930649
 10
-3.1038454244
 20
8.7417975521
 10
-3.183773309
 20
8.7509121354
 10
-3.26229895
 20
8.7663368149
 10
-3.3380201039
 20
8.7873704687
 10
-3.4123390141
 20
8.8140130969
 10
-3.484554559
 20
8.8476669431
 10
-3.5546667385
 20
8.8869297636
 10
-3.6226755526
 20
8.9318015585
 10
-3.6878798795
 20
8.9829834495
 10
-3.7495785975
 20
9.0397743149
 10
-3.8070705846
 20
9.1028752764
 10
-3.8610569629
 20
9.1722863341
 10
-3.9115377321
 20
9.2466052444
 10
-3.9585128923
 20
9.3272342508
 10
-4.0019824436
 20
9.4141733534
 10
-4.0412452641
 20
9.5067214303
 10
-4.0763013539
 20
9.6069818469
 10
-4.1071507129
 20
9.7170579687
 10
-4.1323910975
 20
9.8369497957
 10
-4.1534247513
 20
9.9659562059
 10
-4.1702516744
 20
10.1040771995
 10
-4.1821707449
 20
10.25271502
 10
-4.1891819629
 20
10.4104674239
 10
-4.1912853282
 20
10.577334411
  0
LWPOLYLINE
  5
87
330
1F
100
AcDbEntity
  8
0
  6
Continuous
 62
     7
100
AcDbPolyline
 90
       85
 70
   128
 43
0.0
 10
-3.8771815598
 20
10.5787366546
 10
-3.8757805205
 20
10.4385122957
 10
-3.8701715462
 20
10.3067013982
 10
-3.8617580846
 20
10.1833039623
 10
-3.8505401359
 20
10.0697222316
 10
-3.8351154564
 20
9.9645539623
 10
-3.8168862898
 20
9.8677991546
 10
-3.7951515141
 20
9.7801589303
 10
-3.7699111295
 20
9.7016332892
 10
-3.7411651359
 20
9.6294177444
 10
-3.7096146552
 20
9.5621100521
 10
-3.6752596872
 20
9.4990090905
 10
-3.6373991103
 20
9.4408159816
 10
-3.5960329244
 20
9.3868296034
 10
-3.5518622513
 20
9.3370499559
 10
-3.5041859693
 20
9.292178161
 10
-3.4537052
 20
9.2515130969
 10
-3.3471346872
 20
9.1842054046
 10
-3.2377596872
 20
9.1365291226
 10
-3.1255802
 20
9.107783129
 10
-3.0105962257
 20
9.0979674239
 10
-3.0105962257
 20
9.0979674239
 10
-2.8949111295
 20
9.1070820072
 10
-2.7827316423
 20
9.1358280008
 10
-2.6747588859
 20
9.1821020392
 10
-2.5702917385
 20
9.248007488
 10
-2.5205120911
 20
9.2879714303
 10
-2.4742380526
 20
9.3321421034
 10
-2.4307685013
 20
9.3819217508
 10
-2.3901034372
 20
9.435908129
 10
-2.3529439821
 20
9.494101238
 10
-2.3185890141
 20
9.5579033213
 10
-2.2877396552
 20
9.6259121354
 10
-2.2596947834
 20
9.6988288021
 10
-2.2596947834
 20
9.6988288021
 10
-2.2288454244
 20
9.7927791226
 10
-2.2015016744
 20
9.8909361739
 10
-2.179065777
 20
9.9940010777
 10
-2.1601354885
 20
10.1012727123
 10
-2.1461130526
 20
10.2134521995
 10
-2.1355962257
 20
10.3305395392
 10
-2.1292861295
 20
10.4525347316
 10
-2.1271827641
 20
10.5787366546
 10
-2.1271827641
 20
10.5787366546
 10
-2.1292861295
 20
10.7049385777
 10
-2.1341939821
 20
10.8255315264
 10
-2.1440096872
 20
10.939814379
 10
-2.1566298795
 20
11.0484882572
 10
-2.1734568026
 20
11.151553161
 10
-2.1930882129
 20
11.2483079687
 10
-2.2176274757
 20
11.3394538021
 10
-2.2449712257
 20
11.424990661
 10
-2.2758205846
 20
11.5049185457
 10
-2.3094744308
 20
11.5785363341
 10
-2.3459327641
 20
11.64724627
 10
-2.3851955846
 20
11.7103472316
 10
-2.4272628923
 20
11.7678392187
 10
-2.472835809
 20
11.8197222316
 10
-2.5205120911
 20
11.86599627
 10
-2.5709928603
 20
11.9066613341
 10
-2.6768622513
 20
11.9732679046
 10
-2.7848350077
 20
12.0216453085
 10
-2.8963133731
 20
12.0496901803
 10
-3.0105962257
 20
12.0595058854
 10
-3.0105962257
 20
12.0595058854
 10
-3.1262813218
 20
12.0496901803
 10
-3.2391619308
 20
12.0216453085
 10
-3.347835809
 20
11.9732679046
 10
-3.4537052
 20
11.9066613341
 10
-3.5041859693
 20
11.8666973918
 10
-3.5511611295
 20
11.8218255969
 10
-3.5953318026
 20
11.7720459495
 10
-3.6359968667
 20
11.7180595713
 10
-3.6738574436
 20
11.6598664623
 10
-3.7089135334
 20
11.5967655008
 10
-3.7404640141
 20
11.5294578085
 10
-3.7692100077
 20
11.4572422636
 10
-3.7944503923
 20
11.3787166226
 10
-3.816185168
 20
11.2910763982
 10
-3.8351154564
 20
11.1950227123
 10
-3.8498390141
 20
11.0891533213
 10
-3.8617580846
 20
10.9748704687
 10
-3.8701715462
 20
10.8521741546
 10
-3.8757805205
 20
10.7196621354
 10
-3.8771827641
 20
10.5787366546
  0
LWPOLYLINE
  5
88
330
1F
100
AcDbEntity
  8
0
  6
Continuous
 62
     7
100
AcDbPolyline
 90
       12
 70
   128
 43
0.0
 10
-1.2746183202
 20
12.3287366546
 10
0.8792274923
 20
12.3287366546
 10
0.8792274923
 20
12.3287366546
 10
-0.9605160975
 20
8.7389930649
 10
-0.9605160975
 20
8.7389930649
 10
-1.2318502321
 20
8.8883320072
 10
-1.2318502321
 20
8.8883320072
 10
0.3477771718
 20
11.9697622957
 10
0.3477771718
 20
11.9697622957
 10
-1.2746186616
 20
11.9697622957
 10
-1.2746186616
 20
11.9697622957
 10
-1.2746186616
 20
12.3287366546
  0
LWPOLYLINE
  5
89
330
1F
100
AcDbEntity
  8
0
  6
Continuous
 62
     7
100
AcDbPolyline
 90
      100
 70
   128
 43
0.0
 10
4.3087117374
 20
10.577334411
 10
4.3108180371
 20
10.7456036418
 10
4.3178292551
 20
10.9040571675
 10
4.3297483256
 20
11.0533961098
 10
4.3458741269
 20
11.1922182251
 10
4.3662066589
 20
11.3212246354
 10
4.3921481654
 20
11.4404153405
 10
4.4222964025
 20
11.5497903405
 10
4.4566513705
 20
11.6493496354
 10
4.4952130692
 20
11.7411965905
 10
4.5379814987
 20
11.8274345713
 10
4.5849566589
 20
11.9073624559
 10
4.6354374282
 20
11.982382488
 10
4.6894238064
 20
12.0510924239
 10
4.7469157936
 20
12.1141933854
 10
4.8086145115
 20
12.1709842508
 10
4.8745199602
 20
12.2228672636
 10
4.9432298961
 20
12.2684401803
 10
5.0140431974
 20
12.3084041226
 10
5.0862587423
 20
12.3420579687
 10
5.1612787743
 20
12.3694017187
 10
5.23770105
 20
12.3911364944
 10
5.316226691
 20
12.4065611739
 10
5.3961545756
 20
12.4156757572
 10
5.4788869474
 20
12.4184802444
 10
5.4788869474
 20
12.4184802444
 10
5.562320441
 20
12.4156757572
 10
5.644351691
 20
12.4065611739
 10
5.7235784538
 20
12.3911364944
 10
5.801402973
 20
12.3694017187
 10
5.8771241269
 20
12.3420579687
 10
5.9507419154
 20
12.3084041226
 10
6.0229574602
 20
12.2684401803
 10
6.0923685179
 20
12.2221661418
 10
6.1589750884
 20
12.170283129
 10
6.2227771718
 20
12.1113888982
 10
6.2823725243
 20
12.0468856931
 10
6.3384622679
 20
11.9767735136
 10
6.3910464025
 20
11.8996501162
 10
6.4401249282
 20
11.8169177444
 10
6.484996723
 20
11.7278752764
 10
6.5270640307
 20
11.6325227123
 10
6.5642234859
 20
11.5301589303
 10
6.5971762102
 20
11.4193816867
 10
6.6245199602
 20
11.3001909816
 10
6.6469558577
 20
11.1725868149
 10
6.6644839025
 20
11.0365691867
 10
6.6771040948
 20
10.8914369751
 10
6.6841153128
 20
10.7385924239
 10
6.6869198
 20
10.577334411
 10
6.6869198
 20
10.577334411
 10
6.6841153128
 20
10.41677752
 10
6.6771040948
 20
10.2646340905
 10
6.6644839025
 20
10.1202030008
 10
6.6476569795
 20
9.9848864944
 10
6.625221082
 20
9.8579834495
 10
6.597877332
 20
9.7394938662
 10
6.5663268513
 20
9.6287166226
 10
6.5291673961
 20
9.5270539623
 10
6.4878012102
 20
9.43240252
 10
6.4429294154
 20
9.3440611739
 10
6.3945520115
 20
9.2613288021
 10
6.3419678769
 20
9.1842054046
 10
6.2858781333
 20
9.1133921034
 10
6.2255816589
 20
9.0488888982
 10
6.1617795756
 20
8.9899946675
 10
6.0944718833
 20
8.9374105328
 10
6.0243597038
 20
8.8911364944
 10
5.9521441589
 20
8.8504714303
 10
5.8778252487
 20
8.8168175841
 10
5.8021040948
 20
8.7887727123
 10
5.7242795756
 20
8.7670379367
 10
5.644351691
 20
8.7516132572
 10
5.562320441
 20
8.7417975521
 10
5.4788869474
 20
8.7389930649
 10
5.4788869474
 20
8.7389930649
 10
5.3961545756
 20
8.7417975521
 10
5.316226691
 20
8.7509121354
 10
5.23770105
 20
8.7663368149
 10
5.1619798961
 20
8.7873704687
 10
5.0876609859
 20
8.8140130969
 10
5.015445441
 20
8.8476669431
 10
4.9453332615
 20
8.8869297636
 10
4.8773244474
 20
8.9318015585
 10
4.8121201205
 20
8.9829834495
 10
4.7504214025
 20
9.0397743149
 10
4.6929294154
 20
9.1028752764
 10
4.6389430371
 20
9.1722863341
 10
4.5884622679
 20
9.2466052444
 10
4.5414871077
 20
9.3272342508
 10
4.4980175564
 20
9.4141733534
 10
4.4587547359
 20
9.5067214303
 10
4.4236986461
 20
9.6069818469
 10
4.3928492871
 20
9.7170579687
 10
4.3676089025
 20
9.8369497957
 10
4.3465752487
 20
9.9659562059
 10
4.3297483256
 20
10.1040771995
 10
4.3178292551
 20
10.25271502
 10
4.3108180371
 20
10.4104674239
 10
4.3087146718
 20
10.577334411
  0
LWPOLYLINE
  5
8A
330
1F
100
AcDbEntity
  8
0
  6
Continuous
 62
     7
100
AcDbPolyline
 90
       85
 70
   128
 43
0.0
 10
4.6228170395
 20
10.5787366546
 10
4.6242194795
 20
10.4385122957
 10
4.6298284538
 20
10.3067013982
 10
4.6382419154
 20
10.1833039623
 10
4.6494598641
 20
10.0697222316
 10
4.6648845436
 20
9.9645539623
 10
4.6831137102
 20
9.8677991546
 10
4.7048484859
 20
9.7801589303
 10
4.7300888705
 20
9.7016332892
 10
4.7588348641
 20
9.6294177444
 10
4.7903853448
 20
9.5621100521
 10
4.8247403128
 20
9.4990090905
 10
4.8626008897
 20
9.4408159816
 10
4.9039670756
 20
9.3868296034
 10
4.9481377487
 20
9.3370499559
 10
4.9958140307
 20
9.292178161
 10
5.0462948
 20
9.2515130969
 10
5.1528653128
 20
9.1842054046
 10
5.2622403128
 20
9.1365291226
 10
5.3744198
 20
9.107783129
 10
5.4894037743
 20
9.0979674239
 10
5.4894037743
 20
9.0979674239
 10
5.6050888705
 20
9.1070820072
 10
5.7172683577
 20
9.1358280008
 10
5.8252411141
 20
9.1821020392
 10
5.9297082615
 20
9.248007488
 10
5.9794879089
 20
9.2879714303
 10
6.0257619474
 20
9.3321421034
 10
6.0692314987
 20
9.3819217508
 10
6.1098965628
 20
9.435908129
 10
6.1470560179
 20
9.494101238
 10
6.1814109859
 20
9.5579033213
 10
6.2122603448
 20
9.6259121354
 10
6.2403052166
 20
9.6988288021
 10
6.2403052166
 20
9.6988288021
 10
6.2711545756
 20
9.7927791226
 10
6.2984983256
 20
9.8909361739
 10
6.320934223
 20
9.9940010777
 10
6.3398645115
 20
10.1012727123
 10
6.3538869474
 20
10.2134521995
 10
6.3644037743
 20
10.3305395392
 10
6.3707138705
 20
10.4525347316
 10
6.3728172359
 20
10.5787366546
 10
6.3728172359
 20
10.5787366546
 10
6.3707138705
 20
10.7049385777
 10
6.3658060179
 20
10.8255315264
 10
6.3559903128
 20
10.939814379
 10
6.3433701205
 20
11.0484882572
 10
6.3265431974
 20
11.151553161
 10
6.3069117871
 20
11.2483079687
 10
6.2823725243
 20
11.3394538021
 10
6.2550287743
 20
11.424990661
 10
6.2241794154
 20
11.5049185457
 10
6.1905255692
 20
11.5785363341
 10
6.1540672359
 20
11.64724627
 10
6.1148044154
 20
11.7103472316
 10
6.0727371077
 20
11.7678392187
 10
6.027164191
 20
11.8197222316
 10
5.9794879089
 20
11.86599627
 10
5.9290071397
 20
11.9066613341
 10
5.8231377487
 20
11.9732679046
 10
5.7151649923
 20
12.0216453085
 10
5.6036866269
 20
12.0496901803
 10
5.4894037743
 20
12.0595058854
 10
5.4894037743
 20
12.0595058854
 10
5.3737186782
 20
12.0496901803
 10
5.2608380692
 20
12.0216453085
 10
5.152164191
 20
11.9732679046
 10
5.0462948
 20
11.9066613341
 10
4.9958140307
 20
11.8666973918
 10
4.9488388705
 20
11.8218255969
 10
4.9046681974
 20
11.7720459495
 10
4.8640031333
 20
11.7180595713
 10
4.8261425564
 20
11.6598664623
 10
4.7910864666
 20
11.5967655008
 10
4.7595359859
 20
11.5294578085
 10
4.7307899923
 20
11.4572422636
 10
4.7055496077
 20
11.3787166226
 10
4.683814832
 20
11.2910763982
 10
4.6648845436
 20
11.1950227123
 10
4.6501609859
 20
11.0891533213
 10
4.6382419154
 20
10.9748704687
 10
4.6298284538
 20
10.8521741546
 10
4.6242194795
 20
10.7196621354
 10
4.6228172359
 20
10.5787366546
  0
LWPOLYLINE
  5
8B
330
1F
100
AcDbEntity
  8
0
  6
Continuous
 62
     7
100
AcDbPolyline
 90
       65
 70
   128
 43
0.0
 10
8.6164027452
 20
12.4184802444
 10
8.8582939987
 20
12.228476238
 10
8.8582939987
 20
12.228476238
 10
7.9335143513
 20
10.8143135777
 10
7.9335143513
 20
10.8143135777
 10
8.1186105051
 20
10.8395539623
 10
8.2959943192
 20
10.8479674239
 10
8.2959943192
 20
10.8479674239
 10
8.402564832
 20
10.8430595713
 10
8.5049286141
 20
10.8290371354
 10
8.6030856654
 20
10.8059001162
 10
8.6970359859
 20
10.7729473918
 10
8.7867795756
 20
10.7308800841
 10
8.8730175564
 20
10.6796981931
 10
8.9543476846
 20
10.6187005969
 10
9.0321722038
 20
10.5485884175
 10
9.1029855051
 20
10.47146502
 10
9.164684223
 20
10.3901348918
 10
9.2165672359
 20
10.3045980328
 10
9.2586345436
 20
10.2148544431
 10
9.2915872679
 20
10.1202030008
 10
9.3154254089
 20
10.0213448277
 10
9.3294478448
 20
9.9182799239
 10
9.3343556974
 20
9.8110082892
 10
9.3343556974
 20
9.8110082892
 10
9.3259422359
 20
9.6644738341
 10
9.2992996077
 20
9.5249505969
 10
9.2558300564
 20
9.3931396995
 10
9.1941313384
 20
9.2676388982
 10
9.117007941
 20
9.1526549239
 10
9.0244598641
 20
9.0502911418
 10
8.9178893513
 20
8.9598464303
 10
8.7958941589
 20
8.882021911
 10
8.6647843833
 20
8.8196220713
 10
8.5280656333
 20
8.7747502764
 10
8.3871401525
 20
8.7481076482
 10
8.2406056974
 20
8.7389930649
 10
8.2406056974
 20
8.7389930649
 10
8.0996802166
 20
8.7474065264
 10
7.9636625884
 20
8.7733480328
 10
7.8325528128
 20
8.8168175841
 10
7.7070520115
 20
8.8771140585
 10
7.5906657936
 20
8.9535363341
 10
7.4876008897
 20
9.0439810457
 10
7.3971561782
 20
9.1484481931
 10
7.3207339025
 20
9.2669377764
 10
7.2597363064
 20
9.3952430649
 10
7.2155656333
 20
9.5270539623
 10
7.1896241269
 20
9.6637727123
 10
7.1805095436
 20
9.8046981931
 10
7.1805095436
 20
9.8046981931
 10
7.1861185179
 20
9.9126709495
 10
7.2022443192
 20
10.0241493149
 10
7.2288869474
 20
10.1377310457
 10
7.2660464025
 20
10.2541172636
 10
7.2898845436
 20
10.314413738
 10
7.3172282936
 20
10.3782158213
 10
7.3494798961
 20
10.44412127
 10
7.3852371077
 20
10.5135323277
 10
7.4259021718
 20
10.5864489944
 10
7.4700728448
 20
10.6614690264
 10
7.5191513705
 20
10.7399946675
 10
7.5717355051
 20
10.8213247957
 10
7.5717355051
 20
10.8213247957
 10
8.6164069795
 20
12.4184802444
  0
LWPOLYLINE
  5
8C
330
1F
100
AcDbEntity
  8
0
  6
Continuous
 62
     7
100
AcDbPolyline
 90
       68
 70
   128
 43
0.0
 10
8.2300826907
 20
10.4889930649
 10
8.1501609859
 20
10.4854874559
 10
8.074439832
 20
10.4763728726
 10
8.0022242871
 20
10.4602470713
 10
7.9335143513
 20
10.4385122957
 10
7.8690111461
 20
10.4097663021
 10
7.8087146718
 20
10.3747102123
 10
7.7519238064
 20
10.3333440264
 10
7.69863855
 20
10.2856677444
 10
7.6509622679
 20
10.2337847316
 10
7.609596082
 20
10.1783961098
 10
7.5745399923
 20
10.1209041226
 10
7.5457939987
 20
10.0606076482
 10
7.5233581013
 20
9.9975066867
 10
7.5072323
 20
9.931601238
 10
7.4981177166
 20
9.8635924239
 10
7.4946121077
 20
9.7920780008
 10
7.4946121077
 20
9.7920780008
 10
7.4981177166
 20
9.7212646995
 10
7.5086345436
 20
9.6539570072
 10
7.5261625884
 20
9.5880515585
 10
7.5507018513
 20
9.5256517187
 10
7.5815512102
 20
9.4653552444
 10
7.6201129089
 20
9.408564379
 10
7.6649847038
 20
9.3531757572
 10
7.7175688384
 20
9.3012927444
 10
7.7750608256
 20
9.2536164623
 10
7.8353573
 20
9.2122502764
 10
7.8984582615
 20
9.1771941867
 10
7.9643637102
 20
9.1491493149
 10
8.0330736461
 20
9.1267134175
 10
8.105289191
 20
9.1105876162
 10
8.1796081013
 20
9.1014730328
 10
8.2574326205
 20
9.0979674239
 10
8.2574326205
 20
9.0979674239
 10
8.3352571397
 20
9.1014730328
 10
8.40957605
 20
9.1105876162
 10
8.4817915948
 20
9.1267134175
 10
8.5505015307
 20
9.1491493149
 10
8.6164069795
 20
9.1771941867
 10
8.679507941
 20
9.2122502764
 10
8.7391032936
 20
9.2536164623
 10
8.7965952807
 20
9.3012927444
 10
8.8491794154
 20
9.3531757572
 10
8.894752332
 20
9.408564379
 10
8.9326129089
 20
9.4653552444
 10
8.9641633897
 20
9.5256517187
 10
8.9887026525
 20
9.5880515585
 10
9.0062306974
 20
9.6539570072
 10
9.0167475243
 20
9.7212646995
 10
9.0202531333
 20
9.7920780008
 10
9.0202531333
 20
9.7920780008
 10
9.0167475243
 20
9.8635924239
 10
9.0055295756
 20
9.931601238
 10
8.9880015307
 20
9.9975066867
 10
8.9627611461
 20
10.0606076482
 10
8.9298084218
 20
10.1209041226
 10
8.8898444795
 20
10.1783961098
 10
8.8428693192
 20
10.2337847316
 10
8.788882941
 20
10.2856677444
 10
8.7292875884
 20
10.3333440264
 10
8.6668877487
 20
10.3747102123
 10
8.6016834218
 20
10.4097663021
 10
8.5336746077
 20
10.4385122957
 10
8.4621601846
 20
10.4602470713
 10
8.3878412743
 20
10.4763728726
 10
8.3107178769
 20
10.4854874559
 10
8.2300888705
 20
10.4889930649
  0
LWPOLYLINE
  5
8D
330
1F
100
AcDbEntity
  8
0
  6
Continuous
 62
     7
100
AcDbPolyline
 90
      100
 70
   128
 43
0.0
 10
12.8087103367
 20
10.577334411
 10
12.8108180371
 20
10.7456036418
 10
12.8178292551
 20
10.9040571675
 10
12.8297483256
 20
11.0533961098
 10
12.8458741269
 20
11.1922182251
 10
12.8662066589
 20
11.3212246354
 10
12.8921481654
 20
11.4404153405
 10
12.9222964025
 20
11.5497903405
 10
12.9566513705
 20
11.6493496354
 10
12.9952130692
 20
11.7411965905
 10
13.0379814987
 20
11.8274345713
 10
13.0849566589
 20
11.9073624559
 10
13.1354374282
 20
11.982382488
 10
13.1894238064
 20
12.0510924239
 10
13.2469157936
 20
12.1141933854
 10
13.3086145115
 20
12.1709842508
 10
13.3745199602
 20
12.2228672636
 10
13.4432298961
 20
12.2684401803
 10
13.5140431974
 20
12.3084041226
 10
13.5862587423
 20
12.3420579687
 10
13.6612787743
 20
12.3694017187
 10
13.73770105
 20
12.3911364944
 10
13.816226691
 20
12.4065611739
 10
13.8961545756
 20
12.4156757572
 10
13.9788869474
 20
12.4184802444
 10
13.9788869474
 20
12.4184802444
 10
14.062320441
 20
12.4156757572
 10
14.144351691
 20
12.4065611739
 10
14.2235784538
 20
12.3911364944
 10
14.301402973
 20
12.3694017187
 10
14.3771241269
 20
12.3420579687
 10
14.4507419154
 20
12.3084041226
 10
14.5229574602
 20
12.2684401803
 10
14.5923685179
 20
12.2221661418
 10
14.6589750884
 20
12.170283129
 10
14.7227771718
 20
12.1113888982
 10
14.7823725243
 20
12.0468856931
 10
14.8384622679
 20
11.9767735136
 10
14.8910464025
 20
11.8996501162
 10
14.9401249282
 20
11.8169177444
 10
14.984996723
 20
11.7278752764
 10
15.0270640307
 20
11.6325227123
 10
15.0642234859
 20
11.5301589303
 10
15.0971762102
 20
11.4193816867
 10
15.1245199602
 20
11.3001909816
 10
15.1469558577
 20
11.1725868149
 10
15.1644839025
 20
11.0365691867
 10
15.1771040948
 20
10.8914369751
 10
15.1841153128
 20
10.7385924239
 10
15.1869198
 20
10.577334411
 10
15.1869198
 20
10.577334411
 10
15.1841153128
 20
10.41677752
 10
15.1771040948
 20
10.2646340905
 10
15.1644839025
 20
10.1202030008
 10
15.1476569795
 20
9.9848864944
 10
15.125221082
 20
9.8579834495
 10
15.097877332
 20
9.7394938662
 10
15.0663268513
 20
9.6287166226
 10
15.0291673961
 20
9.5270539623
 10
14.9878012102
 20
9.43240252
 10
14.9429294154
 20
9.3440611739
 10
14.8945520115
 20
9.2613288021
 10
14.8419678769
 20
9.1842054046
 10
14.7858781333
 20
9.1133921034
 10
14.7255816589
 20
9.0488888982
 10
14.6617795756
 20
8.9899946675
 10
14.5944718833
 20
8.9374105328
 10
14.5243597038
 20
8.8911364944
 10
14.4521441589
 20
8.8504714303
 10
14.3778252487
 20
8.8168175841
 10
14.3021040948
 20
8.7887727123
 10
14.2242795756
 20
8.7670379367
 10
14.144351691
 20
8.7516132572
 10
14.062320441
 20
8.7417975521
 10
13.9788869474
 20
8.7389930649
 10
13.9788869474
 20
8.7389930649
 10
13.8961545756
 20
8.7417975521
 10
13.816226691
 20
8.7509121354
 10
13.73770105
 20
8.7663368149
 10
13.6619798961
 20
8.7873704687
 10
13.5876609859
 20
8.8140130969
 10
13.515445441
 20
8.8476669431
 10
13.4453332615
 20
8.8869297636
 10
13.3773244474
 20
8.9318015585
 10
13.3121201205
 20
8.9829834495
 10
13.2504214025
 20
9.0397743149
 10
13.1929294154
 20
9.1028752764
 10
13.1389430371
 20
9.1722863341
 10
13.0884622679
 20
9.2466052444
 10
13.0414871077
 20
9.3272342508
 10
12.9980175564
 20
9.4141733534
 10
12.9587547359
 20
9.5067214303
 10
12.9236986461
 20
9.6069818469
 10
12.8928492871
 20
9.7170579687
 10
12.8676089025
 20
9.8369497957
 10
12.8465752487
 20
9.9659562059
 10
12.8297483256
 20
10.1040771995
 10
12.8178292551
 20
10.25271502
 10
12.8108180371
 20
10.4104674239
 10
12.8087146718
 20
10.577334411
  0
LWPOLYLINE
  5
8E
330
1F
100
AcDbEntity
  8
0
  6
Continuous
 62
     7
100
AcDbPolyline
 90
       85
 70
   128
 43
0.0
 10
13.1228119135
 20
10.5787366546
 10
13.1242194795
 20
10.4385122957
 10
13.1298284538
 20
10.3067013982
 10
13.1382419154
 20
10.1833039623
 10
13.1494598641
 20
10.0697222316
 10
13.1648845436
 20
9.9645539623
 10
13.1831137102
 20
9.8677991546
 10
13.2048484859
 20
9.7801589303
 10
13.2300888705
 20
9.7016332892
 10
13.2588348641
 20
9.6294177444
 10
13.2903853448
 20
9.5621100521
 10
13.3247403128
 20
9.4990090905
 10
13.3626008897
 20
9.4408159816
 10
13.4039670756
 20
9.3868296034
 10
13.4481377487
 20
9.3370499559
 10
13.4958140307
 20
9.292178161
 10
13.5462948
 20
9.2515130969
 10
13.6528653128
 20
9.1842054046
 10
13.7622403128
 20
9.1365291226
 10
13.8744198
 20
9.107783129
 10
13.9894037743
 20
9.0979674239
 10
13.9894037743
 20
9.0979674239
 10
14.1050888705
 20
9.1070820072
 10
14.2172683577
 20
9.1358280008
 10
14.3252411141
 20
9.1821020392
 10
14.4297082615
 20
9.248007488
 10
14.4794879089
 20
9.2879714303
 10
14.5257619474
 20
9.3321421034
 10
14.5692314987
 20
9.3819217508
 10
14.6098965628
 20
9.435908129
 10
14.6470560179
 20
9.494101238
 10
14.6814109859
 20
9.5579033213
 10
14.7122603448
 20
9.6259121354
 10
14.7403052166
 20
9.6988288021
 10
14.7403052166
 20
9.6988288021
 10
14.7711545756
 20
9.7927791226
 10
14.7984983256
 20
9.8909361739
 10
14.820934223
 20
9.9940010777
 10
14.8398645115
 20
10.1012727123
 10
14.8538869474
 20
10.2134521995
 10
14.8644037743
 20
10.3305395392
 10
14.8707138705
 20
10.4525347316
 10
14.8728172359
 20
10.5787366546
 10
14.8728172359
 20
10.5787366546
 10
14.8707138705
 20
10.7049385777
 10
14.8658060179
 20
10.8255315264
 10
14.8559903128
 20
10.939814379
 10
14.8433701205
 20
11.0484882572
 10
14.8265431974
 20
11.151553161
 10
14.8069117871
 20
11.2483079687
 10
14.7823725243
 20
11.3394538021
 10
14.7550287743
 20
11.424990661
 10
14.7241794154
 20
11.5049185457
 10
14.6905255692
 20
11.5785363341
 10
14.6540672359
 20
11.64724627
 10
14.6148044154
 20
11.7103472316
 10
14.5727371077
 20
11.7678392187
 10
14.527164191
 20
11.8197222316
 10
14.4794879089
 20
11.86599627
 10
14.4290071397
 20
11.9066613341
 10
14.3231377487
 20
11.9732679046
 10
14.2151649923
 20
12.0216453085
 10
14.1036866269
 20
12.0496901803
 10
13.9894037743
 20
12.0595058854
 10
13.9894037743
 20
12.0595058854
 10
13.8737186782
 20
12.0496901803
 10
13.7608380692
 20
12.0216453085
 10
13.652164191
 20
11.9732679046
 10
13.5462948
 20
11.9066613341
 10
13.4958140307
 20
11.8666973918
 10
13.4488388705
 20
11.8218255969
 10
13.4046681974
 20
11.7720459495
 10
13.3640031333
 20
11.7180595713
 10
13.3261425564
 20
11.6598664623
 10
13.2910864666
 20
11.5967655008
 10
13.2595359859
 20
11.5294578085
 10
13.2307899923
 20
11.4572422636
 10
13.2055496077
 20
11.3787166226
 10
13.183814832
 20
11.2910763982
 10
13.1648845436
 20
11.1950227123
 10
13.1501609859
 20
11.0891533213
 10
13.1382419154
 20
10.9748704687
 10
13.1298284538
 20
10.8521741546
 10
13.1242194795
 20
10.7196621354
 10
13.1228172359
 20
10.5787366546
  0
LWPOLYLINE
  5
8F
330
1F
100
AcDbEntity
  8
0
  6
Continuous
 62
     7
100
AcDbPolyline
 90
      132
 70
   128
 43
0.0
 10
17.6997333765
 20
12.3287366546
 10
17.6997403128
 20
11.9697622957
 10
17.6997403128
 20
11.9697622957
 10
16.5092355051
 20
11.9697622957
 10
16.5092355051
 20
11.9697622957
 10
16.3206337423
 20
11.049189379
 10
16.3206337423
 20
11.049189379
 10
16.4321121077
 20
11.0786364944
 10
16.5379814987
 20
11.10037127
 10
16.6382419154
 20
11.1129914623
 10
16.7328933577
 20
11.1171981931
 10
16.7328933577
 20
11.1171981931
 10
16.8499806974
 20
11.1122903405
 10
16.9621601846
 20
11.096865661
 10
17.0687306974
 20
11.0716252764
 10
17.1703933577
 20
11.0365691867
 10
17.2664470436
 20
10.9916973918
 10
17.3568917551
 20
10.93630877
 10
17.4424286141
 20
10.8711044431
 10
17.5230576205
 20
10.7953832892
 10
17.5959742871
 20
10.7119497957
 10
17.6590752487
 20
10.6236084495
 10
17.7130616269
 20
10.5289570072
 10
17.7565311782
 20
10.4293977123
 10
17.7908861461
 20
10.3235283213
 10
17.8147242871
 20
10.2120499559
 10
17.8294478448
 20
10.0949626162
 10
17.8343556974
 20
9.9722663021
 10
17.8343556974
 20
9.9722663021
 10
17.8315512102
 20
9.8867294431
 10
17.8245399923
 20
9.8025948277
 10
17.8119198
 20
9.7205635777
 10
17.7943917551
 20
9.6399345713
 10
17.7719558577
 20
9.5614089303
 10
17.7446121077
 20
9.4849866546
 10
17.7116593833
 20
9.4099666226
 10
17.6744999282
 20
9.3363488341
 10
17.6331337423
 20
9.2662366546
 10
17.5875608256
 20
9.2003312059
 10
17.5391834218
 20
9.138632488
 10
17.4873004089
 20
9.0811405008
 10
17.4312106654
 20
9.0278552444
 10
17.3716153128
 20
8.9787767187
 10
17.309215473
 20
8.9339049239
 10
17.2426089025
 20
8.8932398598
 10
17.1731978448
 20
8.8567815264
 10
17.1009823
 20
8.8259321675
 10
17.0266633897
 20
8.7992895392
 10
16.9495399923
 20
8.7775547636
 10
16.8696121077
 20
8.7607278405
 10
16.7868797359
 20
8.74880877
 10
16.7013428769
 20
8.7410964303
 10
16.6137026525
 20
8.7389930649
 10
16.6137026525
 20
8.7389930649
 10
16.5092355051
 20
8.7431997957
 10
16.4089750884
 20
8.7565211098
 10
16.3129214025
 20
8.7775547636
 10
16.2210744474
 20
8.8077030008
 10
16.133434223
 20
8.8462646995
 10
16.0500007295
 20
8.8939409816
 10
15.9700728448
 20
8.9493296034
 10
15.8950528128
 20
9.0138328085
 10
15.8256417551
 20
9.0853472316
 10
15.7639430371
 20
9.1617695072
 10
15.7092555371
 20
9.2430996354
 10
15.6615792551
 20
9.330038738
 10
15.6216153128
 20
9.4211845713
 10
15.5893637102
 20
9.517939379
 10
15.5641233256
 20
9.6196020392
 10
15.5458941589
 20
9.7261725521
 10
15.5458941589
 20
9.7261725521
 10
15.859996723
 20
9.7261725521
 10
15.859996723
 20
9.7261725521
 10
15.8852371077
 20
9.6266132572
 10
15.9174887102
 20
9.5375707892
 10
15.9574526525
 20
9.4576429046
 10
16.0044278128
 20
9.3875307251
 10
16.0598164346
 20
9.3258320072
 10
16.1236185179
 20
9.2704433854
 10
16.1958340628
 20
9.220663738
 10
16.2764630692
 20
9.1778953085
 10
16.3619999282
 20
9.1428392187
 10
16.4503412743
 20
9.1182999559
 10
16.5400848641
 20
9.1028752764
 10
16.6319318192
 20
9.0979674239
 10
16.6319318192
 20
9.0979674239
 10
16.7216754089
 20
9.1021741546
 10
16.8079133897
 20
9.1140932251
 10
16.8913468833
 20
9.1337246354
 10
16.9712747679
 20
9.1617695072
 10
17.0476970436
 20
9.1968255969
 10
17.121314832
 20
9.24099627
 10
17.1914270115
 20
9.292178161
 10
17.2587347038
 20
9.3517735136
 10
17.3197323
 20
9.4169778405
 10
17.3730175564
 20
9.4863888982
 10
17.4178893513
 20
9.5600066867
 10
17.4550488064
 20
9.6371300841
 10
17.4837948
 20
9.7184602123
 10
17.504127332
 20
9.8032959495
 10
17.5160464025
 20
9.8923384175
 10
17.5202531333
 20
9.9855876162
 10
17.5202531333
 20
9.9855876162
 10
17.5167475243
 20
10.0697222316
 10
17.5062306974
 20
10.1496501162
 10
17.4880015307
 20
10.22537127
 10
17.4627611461
 20
10.2968856931
 10
17.4305095436
 20
10.3648945072
 10
17.391246723
 20
10.4286965905
 10
17.3442715628
 20
10.4882919431
 10
17.2902851846
 20
10.5436805649
 10
17.230689832
 20
10.5941613341
 10
17.1654855051
 20
10.6376308854
 10
17.0960744474
 20
10.6740892187
 10
17.0217555371
 20
10.7049385777
 10
16.9425287743
 20
10.7280755969
 10
16.8583941589
 20
10.74490252
 10
16.7700528128
 20
10.7547182251
 10
16.6761024923
 20
10.7582238341
 10
16.6761024923
 20
10.7582238341
 10
16.5947723641
 20
10.7554193469
 10
16.5085343833
 20
10.7470058854
 10
16.4187907936
 20
10.7329834495
 10
16.3241393513
 20
10.7133520392
 10
16.2259823
 20
10.6881116546
 10
16.1229173961
 20
10.6572622957
 10
16.0163468833
 20
10.6208039623
 10
15.9048685179
 20
10.5787366546
 10
15.9048685179
 20
10.5787366546
 10
16.2638428769
 20
12.3287366546
 10
16.2638428769
 20
12.3287366546
 10
17.6997403128
 20
12.3287366546
  0
LWPOLYLINE
  5
90
330
1F
100
AcDbEntity
  8
0
  6
Continuous
 62
     7
100
AcDbPolyline
 90
      100
 70
   128
 43
0.0
 10
21.3087052107
 20
10.577334411
 10
21.3108180371
 20
10.7456036418
 10
21.3178292551
 20
10.9040571675
 10
21.3297483256
 20
11.0533961098
 10
21.3458741269
 20
11.1922182251
 10
21.3662066589
 20
11.3212246354
 10
21.3921481654
 20
11.4404153405
 10
21.4222964025
 20
11.5497903405
 10
21.4566513705
 20
11.6493496354
 10
21.4952130692
 20
11.7411965905
 10
21.5379814987
 20
11.8274345713
 10
21.5849566589
 20
11.9073624559
 10
21.6354374282
 20
11.982382488
 10
21.6894238064
 20
12.0510924239
 10
21.7469157936
 20
12.1141933854
 10
21.8086145115
 20
12.1709842508
 10
21.8745199602
 20
12.2228672636
 10
21.9432298961
 20
12.2684401803
 10
22.0140431974
 20
12.3084041226
 10
22.0862587423
 20
12.3420579687
 10
22.1612787743
 20
12.3694017187
 10
22.23770105
 20
12.3911364944
 10
22.316226691
 20
12.4065611739
 10
22.3961545756
 20
12.4156757572
 10
22.4788869474
 20
12.4184802444
 10
22.4788869474
 20
12.4184802444
 10
22.562320441
 20
12.4156757572
 10
22.644351691
 20
12.4065611739
 10
22.7235784538
 20
12.3911364944
 10
22.801402973
 20
12.3694017187
 10
22.8771241269
 20
12.3420579687
 10
22.9507419154
 20
12.3084041226
 10
23.0229574602
 20
12.2684401803
 10
23.0923685179
 20
12.2221661418
 10
23.1589750884
 20
12.170283129
 10
23.2227771718
 20
12.1113888982
 10
23.2823725243
 20
12.0468856931
 10
23.3384622679
 20
11.9767735136
 10
23.3910464025
 20
11.8996501162
 10
23.4401249282
 20
11.8169177444
 10
23.484996723
 20
11.7278752764
 10
23.5270640307
 20
11.6325227123
 10
23.5642234859
 20
11.5301589303
 10
23.5971762102
 20
11.4193816867
 10
23.6245199602
 20
11.3001909816
 10
23.6469558577
 20
11.1725868149
 10
23.6644839025
 20
11.0365691867
 10
23.6771040948
 20
10.8914369751
 10
23.6841153128
 20
10.7385924239
 10
23.6869198
 20
10.577334411
 10
23.6869198
 20
10.577334411
 10
23.6841153128
 20
10.41677752
 10
23.6771040948
 20
10.2646340905
 10
23.6644839025
 20
10.1202030008
 10
23.6476569795
 20
9.9848864944
 10
23.625221082
 20
9.8579834495
 10
23.597877332
 20
9.7394938662
 10
23.5663268513
 20
9.6287166226
 10
23.5291673961
 20
9.5270539623
 10
23.4878012102
 20
9.43240252
 10
23.4429294154
 20
9.3440611739
 10
23.3945520115
 20
9.2613288021
 10
23.3419678769
 20
9.1842054046
 10
23.2858781333
 20
9.1133921034
 10
23.2255816589
 20
9.0488888982
 10
23.1617795756
 20
8.9899946675
 10
23.0944718833
 20
8.9374105328
 10
23.0243597038
 20
8.8911364944
 10
22.9521441589
 20
8.8504714303
 10
22.8778252487
 20
8.8168175841
 10
22.8021040948
 20
8.7887727123
 10
22.7242795756
 20
8.7670379367
 10
22.644351691
 20
8.7516132572
 10
22.562320441
 20
8.7417975521
 10
22.4788869474
 20
8.7389930649
 10
22.4788869474
 20
8.7389930649
 10
22.3961545756
 20
8.7417975521
 10
22.316226691
 20
8.7509121354
 10
22.23770105
 20
8.7663368149
 10
22.1619798961
 20
8.7873704687
 10
22.0876609859
 20
8.8140130969
 10
22.015445441
 20
8.8476669431
 10
21.9453332615
 20
8.8869297636
 10
21.8773244474
 20
8.9318015585
 10
21.8121201205
 20
8.9829834495
 10
21.7504214025
 20
9.0397743149
 10
21.6929294154
 20
9.1028752764
 10
21.6389430371
 20
9.1722863341
 10
21.5884622679
 20
9.2466052444
 10
21.5414871077
 20
9.3272342508
 10
21.4980175564
 20
9.4141733534
 10
21.4587547359
 20
9.5067214303
 10
21.4236986461
 20
9.6069818469
 10
21.3928492871
 20
9.7170579687
 10
21.3676089025
 20
9.8369497957
 10
21.3465752487
 20
9.9659562059
 10
21.3297483256
 20
10.1040771995
 10
21.3178292551
 20
10.25271502
 10
21.3108180371
 20
10.4104674239
 10
21.3087146718
 20
10.577334411
  0
LWPOLYLINE
  5
91
330
1F
100
AcDbEntity
  8
0
  6
Continuous
 62
     7
100
AcDbPolyline
 90
       85
 70
   128
 43
0.0
 10
21.6228067875
 20
10.5787366546
 10
21.6242194795
 20
10.4385122957
 10
21.6298284538
 20
10.3067013982
 10
21.6382419154
 20
10.1833039623
 10
21.6494598641
 20
10.0697222316
 10
21.6648845436
 20
9.9645539623
 10
21.6831137102
 20
9.8677991546
 10
21.7048484859
 20
9.7801589303
 10
21.7300888705
 20
9.7016332892
 10
21.7588348641
 20
9.6294177444
 10
21.7903853448
 20
9.5621100521
 10
21.8247403128
 20
9.4990090905
 10
21.8626008897
 20
9.4408159816
 10
21.9039670756
 20
9.3868296034
 10
21.9481377487
 20
9.3370499559
 10
21.9958140307
 20
9.292178161
 10
22.0462948
 20
9.2515130969
 10
22.1528653128
 20
9.1842054046
 10
22.2622403128
 20
9.1365291226
 10
22.3744198
 20
9.107783129
 10
22.4894037743
 20
9.0979674239
 10
22.4894037743
 20
9.0979674239
 10
22.6050888705
 20
9.1070820072
 10
22.7172683577
 20
9.1358280008
 10
22.8252411141
 20
9.1821020392
 10
22.9297082615
 20
9.248007488
 10
22.9794879089
 20
9.2879714303
 10
23.0257619474
 20
9.3321421034
 10
23.0692314987
 20
9.3819217508
 10
23.1098965628
 20
9.435908129
 10
23.1470560179
 20
9.494101238
 10
23.1814109859
 20
9.5579033213
 10
23.2122603448
 20
9.6259121354
 10
23.2403052166
 20
9.6988288021
 10
23.2403052166
 20
9.6988288021
 10
23.2711545756
 20
9.7927791226
 10
23.2984983256
 20
9.8909361739
 10
23.320934223
 20
9.9940010777
 10
23.3398645115
 20
10.1012727123
 10
23.3538869474
 20
10.2134521995
 10
23.3644037743
 20
10.3305395392
 10
23.3707138705
 20
10.4525347316
 10
23.3728172359
 20
10.5787366546
 10
23.3728172359
 20
10.5787366546
 10
23.3707138705
 20
10.7049385777
 10
23.3658060179
 20
10.8255315264
 10
23.3559903128
 20
10.939814379
 10
23.3433701205
 20
11.0484882572
 10
23.3265431974
 20
11.151553161
 10
23.3069117871
 20
11.2483079687
 10
23.2823725243
 20
11.3394538021
 10
23.2550287743
 20
11.424990661
 10
23.2241794154
 20
11.5049185457
 10
23.1905255692
 20
11.5785363341
 10
23.1540672359
 20
11.64724627
 10
23.1148044154
 20
11.7103472316
 10
23.0727371077
 20
11.7678392187
 10
23.027164191
 20
11.8197222316
 10
22.9794879089
 20
11.86599627
 10
22.9290071397
 20
11.9066613341
 10
22.8231377487
 20
11.9732679046
 10
22.7151649923
 20
12.0216453085
 10
22.6036866269
 20
12.0496901803
 10
22.4894037743
 20
12.0595058854
 10
22.4894037743
 20
12.0595058854
 10
22.3737186782
 20
12.0496901803
 10
22.2608380692
 20
12.0216453085
 10
22.152164191
 20
11.9732679046
 10
22.0462948
 20
11.9066613341
 10
21.9958140307
 20
11.8666973918
 10
21.9488388705
 20
11.8218255969
 10
21.9046681974
 20
11.7720459495
 10
21.8640031333
 20
11.7180595713
 10
21.8261425564
 20
11.6598664623
 10
21.7910864666
 20
11.5967655008
 10
21.7595359859
 20
11.5294578085
 10
21.7307899923
 20
11.4572422636
 10
21.7055496077
 20
11.3787166226
 10
21.683814832
 20
11.2910763982
 10
21.6648845436
 20
11.1950227123
 10
21.6501609859
 20
11.0891533213
 10
21.6382419154
 20
10.9748704687
 10
21.6298284538
 20
10.8521741546
 10
21.6242194795
 20
10.7196621354
 10
21.6228172359
 20
10.5787366546
  0
LWPOLYLINE
  5
92
330
1F
100
AcDbEntity
  8
0
  6
Continuous
 62
     7
100
AcDbPolyline
 90
       20
 70
   128
 43
0.0
 10
25.9115695953
 20
12.4184802444
 10
25.9753813384
 20
12.4184802444
 10
25.9753813384
 20
12.4184802444
 10
25.9753813384
 20
9.9954033213
 10
25.9753813384
 20
9.9954033213
 10
26.3792274923
 20
9.9954033213
 10
26.3792274923
 20
9.9954033213
 10
26.3792274923
 20
9.6364289623
 10
26.3792274923
 20
9.6364289623
 10
25.9753813384
 20
9.6364289623
 10
25.9753813384
 20
9.6364289623
 10
25.9753813384
 20
8.8287366546
 10
25.9753813384
 20
8.8287366546
 10
25.6612787743
 20
8.8287366546
 10
25.6612787743
 20
8.8287366546
 10
25.6612787743
 20
9.6364289623
 10
25.6612787743
 20
9.6364289623
 10
24.0010223641
 20
9.6364289623
 10
24.0010223641
 20
9.6364289623
 10
25.9115792551
 20
12.4184802444
  0
LWPOLYLINE
  5
93
330
1F
100
AcDbEntity
  8
0
  6
Continuous
 62
     7
100
AcDbPolyline
 90
        6
 70
   128
 43
0.0
 10
25.6612747908
 20
9.9954033213
 10
25.6612787743
 20
11.5154353726
 10
25.6612787743
 20
11.5154353726
 10
24.6180095436
 20
9.9954033213
 10
24.6180095436
 20
9.9954033213
 10
25.6612787743
 20
9.9954033213
  0
POINT
  5
94
330
1F
100
AcDbEntity
  8
0
  6
Continuous
 62
     7
100
AcDbPoint
 10
-118.2335915997
 20
-13.5712633444
 30
0.0
  0
SPLINE
  5
11E
330
1F
100
AcDbEntity
  8
0
  6
Continuous
 62
     7
370
    25
100
AcDbSpline
210
0.0
220
0.0
230
1.0
 70
     8
 71
     3
 72
    11
 73
     7
 74
     0
 42
0.00000001
 43
0.00000001
 40
0.0
 40
0.0
 40
0.0
 40
0.0
 40
0.2780421470887521
 40
0.5575282817705174
 40
0.7786676629524832
 40
1.0
 40
1.0
 40
1.0
 40
1.0
 10
20.36639888234908
 20
7.328735853334804
 30
0.0
 10
20.28982344144323
 20
7.318219702317172
 30
0.0
 10
20.13627487177106
 20
7.297132785570595
 30
0.0
 10
19.97514529757643
 20
7.157818151674338
 30
0.0
 10
19.88272720832535
 20
6.99617522111646
 30
0.0
 10
19.87184323187227
 20
6.884565214364585
 30
0.0
 10
19.86639887046908
 20
6.828735875189805
 30
0.0
  0
SPLINE
  5
120
330
1F
100
AcDbEntity
  8
0
  6
Continuous
 62
     7
370
    25
100
AcDbSpline
210
0.0
220
0.0
230
1.0
 70
     8
 71
     3
 72
    11
 73
     7
 74
     0
 42
0.00000001
 43
0.00000001
 40
0.0
 40
0.0
 40
0.0
 40
0.0
 40
0.2781001899591174
 40
0.5575325707094335
 40
0.7786132289511648
 40
0.9999999999999999
 40
0.9999999999999999
 40
0.9999999999999999
 40
0.9999999999999999
 10
20.36639818295906
 20
-8.671264146665646
 30
0.0
 10
20.28980658612909
 20
-8.660743448316477
 30
0.0
 10
20.13625649369071
 20
-8.639651654034957
 30
0.0
 10
19.97514865179649
 20
-8.500341399174667
 30
0.0
 10
19.88273218207356
 20
-8.338717991417637
 30
0.0
 10
19.87184538116701
 20
-8.22710781881546
 30
0.0
 10
19.86639821479906
 20
-8.171264124810197
 30
0.0
  0
LWPOLYLINE
  5
141
330
1F
100
AcDbEntity
  8
0
  6
Continuous
 62
     7
370
    25
100
AcDbPolyline
 90
        9
 70
   128
 43
0.0
 10
19.8663980899
 20
-8.1712641248
 10
19.8663981144
 20
-7.9167057074
 10
19.8663981379
 20
-7.7273552334
 10
19.8663981596
 20
-7.6106752104
 10
19.8663981786
 20
-7.5712641248
 10
19.8663981941
 20
-7.6106752104
 10
19.8663982056
 20
-7.7273552334
 10
19.8663982126
 20
-7.9167057074
 10
19.8663982148
 20
-8.1712641248
  0
LWPOLYLINE
  5
142
330
1F
100
AcDbEntity
  8
0
  6
Continuous
 62
     7
370
    25
100
AcDbPolyline
 90
        9
 70
   128
 43
0.0
 10
19.8663979588
 20
-8.1712641248
 10
19.8663979832
 20
-7.9167057074
 10
19.8663980068
 20
-7.7273552334
 10
19.8663980285
 20
-7.6106752104
 10
19.8663980475
 20
-7.5712641248
 10
19.866398063
 20
-7.6106752104
 10
19.8663980745
 20
-7.7273552334
 10
19.8663980815
 20
-7.9167057074
 10
19.8663980837
 20
-8.1712641248
  0
LWPOLYLINE
  5
143
330
1F
100
AcDbEntity
  8
0
  6
Continuous
 62
     7
370
    25
100
AcDbPolyline
 90
        9
 70
   128
 43
0.0
 10
19.8663978277
 20
-8.1712641248
 10
19.8663978521
 20
-7.9167057074
 10
19.8663978756
 20
-7.7273552334
 10
19.8663978973
 20
-7.6106752104
 10
19.8663979163
 20
-7.5712641248
 10
19.8663979319
 20
-7.6106752104
 10
19.8663979434
 20
-7.7273552334
 10
19.8663979503
 20
-7.9167057074
 10
19.8663979525
 20
-8.1712641248
  0
LWPOLYLINE
  5
145
330
1F
100
AcDbEntity
  8
0
  6
Continuous
 62
     7
370
    25
100
AcDbPolyline
 90
        9
 70
   128
 43
0.0
 10
19.8663976497
 20
-8.1712641248
 10
19.8663976381
 20
-8.1424420454
 10
19.8663976296
 20
-8.0570834236
 10
19.8663976243
 20
-7.9184685433
 10
19.8663976225
 20
-7.7319242966
 10
19.8663976243
 20
-7.5046194743
 10
19.8663976296
 20
-7.2452892734
 10
19.8663976381
 20
-6.9638996078
 10
19.8663976497
 20
-6.6712641248
  0
LWPOLYLINE
  5
147
330
1F
100
AcDbEntity
  8
0
  6
Continuous
 62
     7
370
    25
100
AcDbPolyline
 90
        9
 70
   128
 43
0.0
 10
19.8663981742
 20
5.3287358752
 10
19.8663981883
 20
5.6213713582
 10
19.8663982043
 20
5.9027610237
 10
19.8663982217
 20
6.1620912247
 10
19.8663982398
 20
6.389396047
 10
19.8663982579
 20
6.5759402936
 10
19.8663982753
 20
6.714555174
 10
19.8663982913
 20
6.7999137958
 10
19.8663983054
 20
6.8287358752
  0
LWPOLYLINE
  5
149
330
1F
100
AcDbEntity
  8
0
  6
Continuous
 62
     7
370
    25
100
AcDbPolyline
 90
        9
 70
   128
 43
0.0
 10
19.8663986082
 20
6.8287358752
 10
19.8663985838
 20
6.5741774578
 10
19.8663985602
 20
6.3848269837
 10
19.8663985385
 20
6.2681469607
 10
19.8663985195
 20
6.2287358752
 10
19.866398504
 20
6.2681469607
 10
19.8663984925
 20
6.3848269837
 10
19.8663984855
 20
6.5741774578
 10
19.8663984833
 20
6.8287358752
  0
LWPOLYLINE
  5
14A
330
1F
100
AcDbEntity
  8
0
  6
Continuous
 62
     7
370
    25
100
AcDbPolyline
 90
        9
 70
   128
 43
0.0
 10
19.8663987393
 20
6.8287358752
 10
19.8663987149
 20
6.5741774578
 10
19.8663986914
 20
6.3848269837
 10
19.8663986697
 20
6.2681469607
 10
19.8663986507
 20
6.2287358752
 10
19.8663986351
 20
6.2681469607
 10
19.8663986236
 20
6.3848269837
 10
19.8663986167
 20
6.5741774578
 10
19.8663986145
 20
6.8287358752
  0
LWPOLYLINE
  5
14B
330
1F
100
AcDbEntity
  8
0
  6
Continuous
 62
     7
370
    25
100
AcDbPolyline
 90
        9
 70
   128
 43
0.0
 10
19.8663988705
 20
6.8287358752
 10
19.866398846
 20
6.5741774578
 10
19.8663988225
 20
6.3848269837
 10
19.8663988008
 20
6.2681469607
 10
19.8663987818
 20
6.2287358752
 10
19.8663987663
 20
6.2681469607
 10
19.8663987548
 20
6.3848269837
 10
19.8663987478
 20
6.5741774578
 10
19.8663987456
 20
6.8287358752
  0
LWPOLYLINE
  5
14C
330
1F
100
AcDbEntity
  8
0
  6
Continuous
 62
     7
370
    25
100
AcDbPolyline
 90
       23
 70
   128
 43
0.0
 10
19.866398172
 20
4.3287358752
 10
19.8663981967
 20
4.8217678497
 10
19.8663982255
 20
5.2748573057
 10
19.8663982562
 20
5.6512976303
 10
19.8663982863
 20
5.9205918671
 10
19.8663983134
 20
6.0609233985
 10
19.8663983351
 20
6.0609233985
 10
19.8663983499
 20
5.9205918671
 10
19.8663983564
 20
5.6512976303
 10
19.8663983542
 20
5.2748573057
 10
19.8663983435
 20
4.8217678497
 10
19.866398325
 20
4.3287358752
 10
19.8663983004
 20
3.8357039007
 10
19.8663982715
 20
3.3826144446
 10
19.8663982408
 20
3.0061741201
 10
19.8663982107
 20
2.7368798833
 10
19.8663981837
 20
2.5965483519
 10
19.8663981619
 20
2.5965483519
 10
19.8663981472
 20
2.7368798833
 10
19.8663981406
 20
3.0061741201
 10
19.8663981428
 20
3.3826144446
 10
19.8663981536
 20
3.8357039007
 10
19.866398172
 20
4.3287358752
  0
LWPOLYLINE
  5
14D
330
1F
100
AcDbEntity
  8
0
  6
Continuous
 62
     7
370
    25
100
AcDbPolyline
 90
       23
 70
   128
 43
0.0
 10
19.8663977349
 20
-5.6712641248
 10
19.8663977596
 20
-5.1782321503
 10
19.8663977884
 20
-4.7251426943
 10
19.8663978191
 20
-4.3487023697
 10
19.8663978492
 20
-4.0794081329
 10
19.8663978762
 20
-3.9390766015
 10
19.866397898
 20
-3.9390766015
 10
19.8663979128
 20
-4.0794081329
 10
19.8663979193
 20
-4.3487023697
 10
19.8663979171
 20
-4.7251426943
 10
19.8663979064
 20
-5.1782321503
 10
19.8663978879
 20
-5.6712641248
 10
19.8663978633
 20
-6.1642960993
 10
19.8663978344
 20
-6.6173855554
 10
19.8663978037
 20
-6.9938258799
 10
19.8663977736
 20
-7.2631201167
 10
19.8663977466
 20
-7.4034516481
 10
19.8663977248
 20
-7.4034516481
 10
19.8663977101
 20
-7.2631201167
 10
19.8663977035
 20
-6.9938258799
 10
19.8663977057
 20
-6.6173855554
 10
19.8663977165
 20
-6.1642960993
 10
19.8663977349
 20
-5.6712641248
  0
LWPOLYLINE
  5
14E
330
1F
100
AcDbEntity
  8
0
  6
Continuous
 62
     7
370
    25
100
AcDbPolyline
 90
       28
 70
   128
 43
0.0
 10
19.8663987337
 20
-0.6712641248
 10
19.866398763
 20
-0.0716628609
 10
19.8663987968
 20
0.4956137437
 10
19.8663988334
 20
0.9999836604
 10
19.8663988707
 20
1.4142561764
 10
19.8663989067
 20
1.7160977531
 10
19.8663989396
 20
1.889236033
 10
19.8663989674
 20
1.9243370867
 10
19.8663989888
 20
1.8195086072
 10
19.8663990026
 20
1.580401925
 10
19.866399008
 20
1.2199073433
 10
19.8663990048
 20
0.7574592182
 10
19.866398993
 20
0.2179882478
 10
19.8663989735
 20
-0.3694225481
 10
19.8663989471
 20
-0.9731057015
 10
19.8663989153
 20
-1.5605164975
 10
19.8663988799
 20
-2.0999874678
 10
19.8663988427
 20
-2.5624355929
 10
19.8663988058
 20
-2.9229301746
 10
19.8663987711
 20
-3.1620368568
 10
19.8663987405
 20
-3.2668653363
 10
19.8663987157
 20
-3.2317642826
 10
19.866398698
 20
-3.0586260027
 10
19.8663986884
 20
-2.756784426
 10
19.8663986873
 20
-2.34251191
 10
19.8663986948
 20
-1.8381419933
 10
19.8663987106
 20
-1.2708653887
 10
19.8663987337
 20
-0.6712641248
  0
LWPOLYLINE
  5
14F
330
1F
100
AcDbEntity
  8
0
  6
Continuous
 62
     7
370
    25
100
AcDbPolyline
 90
       28
 70
   128
 43
0.0
 10
19.8663984496
 20
-0.6712641248
 10
19.8663984789
 20
-0.0716628609
 10
19.8663985127
 20
0.4956137437
 10
19.8663985492
 20
0.9999836604
 10
19.8663985865
 20
1.4142561764
 10
19.8663986226
 20
1.7160977531
 10
19.8663986554
 20
1.889236033
 10
19.8663986833
 20
1.9243370867
 10
19.8663987047
 20
1.8195086072
 10
19.8663987185
 20
1.580401925
 10
19.8663987239
 20
1.2199073433
 10
19.8663987207
 20
0.7574592182
 10
19.8663987089
 20
0.2179882478
 10
19.8663986893
 20
-0.3694225481
 10
19.8663986629
 20
-0.9731057015
 10
19.8663986312
 20
-1.5605164975
 10
19.8663985958
 20
-2.0999874678
 10
19.8663985586
 20
-2.5624355929
 10
19.8663985217
 20
-2.9229301746
 10
19.866398487
 20
-3.1620368568
 10
19.8663984564
 20
-3.2668653363
 10
19.8663984316
 20
-3.2317642826
 10
19.8663984139
 20
-3.0586260027
 10
19.8663984042
 20
-2.756784426
 10
19.8663984031
 20
-2.34251191
 10
19.8663984107
 20
-1.8381419933
 10
19.8663984265
 20
-1.2708653887
 10
19.8663984496
 20
-0.6712641248
  0
SPLINE
  5
16B
330
1F
100
AcDbEntity
  8
0
  6
Continuous
 62
     7
370
    25
100
AcDbSpline
210
0.0
220
0.0
230
1.0
 70
     8
 71
     3
 72
     9
 73
     5
 74
     0
 42
0.00000001
 43
0.00000001
 40
0.0
 40
0.0
 40
0.0
 40
0.0
 40
0.5004267720514972
 40
1.0
 40
1.0
 40
1.0
 40
1.0
 10
23.91639850748769
 20
-3.869781785930195
 30
0.0
 10
23.9163985121971
 20
-3.852523764240534
 30
0.0
 10
23.91639852160792
 20
-3.818037156701707
 30
0.0
 10
23.91639852813202
 20
-3.850042604125003
 30
0.0
 10
23.91639853139129
 20
-3.866031668806195
 30
0.0
  0
LWPOLYLINE
  5
16D
330
1F
100
AcDbEntity
  8
0
  6
Continuous
 62
     7
370
    25
100
AcDbPolyline
 90
       13
 70
   128
 43
0.0
 10
23.9163981607
 20
-3.3712643018
 10
23.9163981768
 20
-3.2896765422
 10
23.9163981962
 20
-3.2896765422
 10
23.9163982083
 20
-3.4339747377
 10
23.9163982117
 20
-3.7069341801
 10
23.9163982061
 20
-4.0789754786
 10
23.916398192
 20
-4.5097821855
 10
23.916398171
 20
-4.9526697095
 10
23.9163981454
 20
-5.3596443153
 10
23.916398118
 20
-5.6866039895
 10
23.9163980917
 20
-5.8981175781
 10
23.9163980693
 20
-5.9712643018
 10
23.9163980693
 20
-5.9712643018
  0
SPLINE
  5
173
330
1F
100
AcDbEntity
  8
0
  6
Continuous
 62
     7
370
    25
100
AcDbSpline
210
0.0
220
0.0
230
1.0
 70
     8
 71
     3
 72
    11
 73
     7
 74
     0
 42
0.00000001
 43
0.00000001
 40
0.0
 40
0.0
 40
0.0
 40
0.0
 40
0.328972823105369
 40
0.4315072951052166
 40
0.4927412475742029
 40
1.0
 40
1.0
 40
1.0
 40
1.0
 10
23.91639879706666
 20
2.478735698637805
 30
0.0
 10
23.91639879580498
 20
2.478739151069932
 30
0.0
 10
23.91639879415008
 20
2.478743679558438
 30
0.0
 10
23.91639879226508
 20
2.478855567145263
 30
0.0
 10
23.91639878970533
 20
2.479178035165799
 30
0.0
 10
23.91639878765527
 20
2.482097842532138
 30
0.0
 10
23.91639878582607
 20
2.484703149212805
 30
0.0
  0
SPLINE
  5
174
330
1F
100
AcDbEntity
  8
0
  6
Continuous
 62
     7
370
    25
100
AcDbSpline
210
0.0
220
0.0
230
1.0
 70
     8
 71
     3
 72
    11
 73
     7
 74
     0
 42
0.00000001
 43
0.00000001
 40
0.0
 40
0.0
 40
0.0
 40
0.0
 40
0.5077716157104155
 40
0.5653994528350653
 40
0.6666465066466061
 40
1.0
 40
1.0
 40
1.0
 40
1.0
 10
23.91639880840107
 20
2.483917780536804
 30
0.0
 10
23.91639880642266
 20
2.4816387368512
 30
0.0
 10
23.91639880421975
 20
2.479101040743424
 30
0.0
 10
23.91639880173844
 20
2.478828351948736
 30
0.0
 10
23.91639879991154
 20
2.478742731333734
 30
0.0
 10
23.91639879830156
 20
2.478738751390485
 30
0.0
 10
23.91639879706666
 20
2.478735698637805
 30
0.0
  0
SPLINE
  5
178
330
1F
100
AcDbEntity
  8
0
  6
Continuous
 62
     7
370
    25
100
AcDbSpline
210
0.0
220
0.0
230
1.0
 70
     8
 71
     3
 72
    11
 73
     7
 74
     0
 42
0.00000001
 43
0.00000001
 40
0.0
 40
0.0
 40
0.0
 40
0.0
 40
0.3320619294898509
 40
0.4336318767695645
 40
0.4922283748227957
 40
1.0
 40
1.0
 40
1.0
 40
1.0
 10
23.91639886700488
 20
4.078735697679805
 30
0.0
 10
23.91639886823473
 20
4.078732928810663
 30
0.0
 10
23.91639886984077
 20
4.078729313009466
 30
0.0
 10
23.91639887166016
 20
4.078641997081654
 30
0.0
 10
23.91639887412277
 20
4.078377438180365
 30
0.0
 10
23.91639887610716
 20
4.075833952341842
 30
0.0
 10
23.91639887788626
 20
4.073553615781805
 30
0.0
  0
SPLINE
  5
179
330
1F
100
AcDbEntity
  8
0
  6
Continuous
 62
     7
370
    25
100
AcDbSpline
210
0.0
220
0.0
230
1.0
 70
     8
 71
     3
 72
    11
 73
     7
 74
     0
 42
0.00000001
 43
0.00000001
 40
0.0
 40
0.0
 40
0.0
 40
0.0
 40
0.5072587386929189
 40
0.5674595255646275
 40
0.6696495997233534
 40
1.0
 40
1.0
 40
1.0
 40
1.0
 10
23.91639885524268
 20
4.072768247104804
 30
0.0
 10
23.91639885729956
 20
4.075371934220859
 30
0.0
 10
23.91639885960057
 20
4.078284623432287
 30
0.0
 10
23.91639886218363
 20
4.078617132511964
 30
0.0
 10
23.91639886407839
 20
4.078727007906457
 30
0.0
 10
23.91639886573763
 20
4.078731934795493
 30
0.0
 10
23.91639886700488
 20
4.078735697679805
 30
0.0
  0
LWPOLYLINE
  5
17B
330
1F
100
AcDbEntity
  8
0
  6
Continuous
 62
     7
370
    25
100
AcDbPolyline
 90
       13
 70
   128
 43
0.0
 10
23.916398506
 20
4.5287356982
 10
23.9163985221
 20
4.6103234578
 10
23.9163985416
 20
4.6103234578
 10
23.9163985536
 20
4.4660252623
 10
23.916398557
 20
4.1930658199
 10
23.9163985514
 20
3.8210245214
 10
23.9163985373
 20
3.3902178145
 10
23.9163985164
 20
2.9473302905
 10
23.9163984908
 20
2.5403556847
 10
23.9163984633
 20
2.2133960105
 10
23.916398437
 20
2.0018824219
 10
23.9163984146
 20
1.9287356982
 10
23.9163984146
 20
1.9287356982
  0
LWPOLYLINE
  5
1A2
330
1F
100
AcDbEntity
  8
0
  6
Continuous
 62
     7
370
    25
100
AcDbPolyline
 90
        5
 70
   128
 43
0.0
 10
27.8663981786
 20
-7.5712644745
 10
27.8663981727
 20
-7.5755798174
 10
27.8663981555
 20
-7.627605521
 10
27.8663981365
 20
-7.7371375312
 10
27.8663981161
 20
-7.9009351657
  0
LWPOLYLINE
  5
1A3
330
1F
100
AcDbEntity
  8
0
  6
Continuous
 62
     7
370
    25
100
AcDbPolyline
 90
        5
 70
   128
 43
0.0
 10
27.8663987481
 20
6.5584062166
 10
27.8663987542
 20
6.3946085822
 10
27.8663987637
 20
6.285076572
 10
27.8663987763
 20
6.2330508684
 10
27.8663987818
 20
6.2287355255
  0
LWPOLYLINE
  5
1AA
330
1F
100
AcDbEntity
  8
0
  6
Continuous
 62
     7
370
    25
100
AcDbPolyline
 90
        9
 70
   128
 43
0.0
 10
-14.1335866513
 20
-8.1712641248
 10
-14.1335866268
 20
-7.9167057074
 10
-14.1335866033
 20
-7.7273552334
 10
-14.1335865816
 20
-7.6106752104
 10
-14.1335865626
 20
-7.5712641248
 10
-14.1335865471
 20
-7.6106752104
 10
-14.1335865356
 20
-7.7273552334
 10
-14.1335865286
 20
-7.9167057074
 10
-14.1335865264
 20
-8.1712641248
  0
LWPOLYLINE
  5
1AB
330
1F
100
AcDbEntity
  8
0
  6
Continuous
 62
     7
370
    25
100
AcDbPolyline
 90
        9
 70
   128
 43
0.0
 10
-14.1335867824
 20
-8.1712641248
 10
-14.133586758
 20
-7.9167057074
 10
-14.1335867344
 20
-7.7273552334
 10
-14.1335867127
 20
-7.6106752104
 10
-14.1335866938
 20
-7.5712641248
 10
-14.1335866782
 20
-7.6106752104
 10
-14.1335866667
 20
-7.7273552334
 10
-14.1335866597
 20
-7.9167057074
 10
-14.1335866576
 20
-8.1712641248
  0
LWPOLYLINE
  5
1AC
330
1F
100
AcDbEntity
  8
0
  6
Continuous
 62
     7
370
    25
100
AcDbPolyline
 90
        9
 70
   128
 43
0.0
 10
-14.1335869136
 20
-8.1712641248
 10
-14.1335868891
 20
-7.9167057074
 10
-14.1335868656
 20
-7.7273552334
 10
-14.1335868439
 20
-7.6106752104
 10
-14.1335868249
 20
-7.5712641248
 10
-14.1335868093
 20
-7.6106752104
 10
-14.1335867979
 20
-7.7273552334
 10
-14.1335867909
 20
-7.9167057074
 10
-14.1335867887
 20
-8.1712641248
  0
LWPOLYLINE
  5
1AE
330
1F
100
AcDbEntity
  8
0
  6
Continuous
 62
     7
370
    25
100
AcDbPolyline
 90
        9
 70
   128
 43
0.0
 10
-14.1335870915
 20
-8.1712641248
 10
-14.1335871031
 20
-8.1424420454
 10
-14.1335871116
 20
-8.0570834236
 10
-14.1335871169
 20
-7.9184685433
 10
-14.1335871187
 20
-7.7319242966
 10
-14.1335871169
 20
-7.5046194743
 10
-14.1335871116
 20
-7.2452892734
 10
-14.1335871031
 20
-6.9638996078
 10
-14.1335870915
 20
-6.6712641248
  0
LWPOLYLINE
  5
1B0
330
1F
100
AcDbEntity
  8
0
  6
Continuous
 62
     7
370
    25
100
AcDbPolyline
 90
        9
 70
   128
 43
0.0
 10
-14.133586567
 20
5.3287358752
 10
-14.1335865529
 20
5.6213713582
 10
-14.1335865369
 20
5.9027610237
 10
-14.1335865195
 20
6.1620912247
 10
-14.1335865014
 20
6.389396047
 10
-14.1335864833
 20
6.5759402936
 10
-14.1335864659
 20
6.714555174
 10
-14.1335864499
 20
6.7999137958
 10
-14.1335864359
 20
6.8287358752
  0
LWPOLYLINE
  5
1B2
330
1F
100
AcDbEntity
  8
0
  6
Continuous
 62
     7
370
    25
100
AcDbPolyline
 90
        9
 70
   128
 43
0.0
 10
-14.133586133
 20
6.8287358752
 10
-14.1335861575
 20
6.5741774578
 10
-14.133586181
 20
6.3848269837
 10
-14.1335862027
 20
6.2681469607
 10
-14.1335862217
 20
6.2287358752
 10
-14.1335862372
 20
6.2681469607
 10
-14.1335862487
 20
6.3848269837
 10
-14.1335862557
 20
6.5741774578
 10
-14.1335862579
 20
6.8287358752
  0
LWPOLYLINE
  5
1B3
330
1F
100
AcDbEntity
  8
0
  6
Continuous
 62
     7
370
    25
100
AcDbPolyline
 90
        9
 70
   128
 43
0.0
 10
-14.1335860019
 20
6.8287358752
 10
-14.1335860263
 20
6.5741774578
 10
-14.1335860499
 20
6.3848269837
 10
-14.1335860715
 20
6.2681469607
 10
-14.1335860905
 20
6.2287358752
 10
-14.1335861061
 20
6.2681469607
 10
-14.1335861176
 20
6.3848269837
 10
-14.1335861245
 20
6.5741774578
 10
-14.1335861267
 20
6.8287358752
  0
LWPOLYLINE
  5
1B4
330
1F
100
AcDbEntity
  8
0
  6
Continuous
 62
     7
370
    25
100
AcDbPolyline
 90
        9
 70
   128
 43
0.0
 10
-14.1335858707
 20
6.8287358752
 10
-14.1335858952
 20
6.5741774578
 10
-14.1335859187
 20
6.3848269837
 10
-14.1335859404
 20
6.2681469607
 10
-14.1335859594
 20
6.2287358752
 10
-14.1335859749
 20
6.2681469607
 10
-14.1335859864
 20
6.3848269837
 10
-14.1335859934
 20
6.5741774578
 10
-14.1335859956
 20
6.8287358752
  0
LWPOLYLINE
  5
1B7
330
1F
100
AcDbEntity
  8
0
  6
Continuous
 62
     7
370
    25
100
AcDbPolyline
 90
       23
 70
   128
 43
0.0
 10
-14.1335865692
 20
4.3287358752
 10
-14.1335865445
 20
4.8217678497
 10
-14.1335865157
 20
5.2748573057
 10
-14.133586485
 20
5.6512976303
 10
-14.1335864549
 20
5.9205918671
 10
-14.1335864279
 20
6.0609233985
 10
-14.1335864061
 20
6.0609233985
 10
-14.1335863913
 20
5.9205918671
 10
-14.1335863848
 20
5.6512976303
 10
-14.133586387
 20
5.2748573057
 10
-14.1335863977
 20
4.8217678497
 10
-14.1335864162
 20
4.3287358752
 10
-14.1335864408
 20
3.8357039007
 10
-14.1335864697
 20
3.3826144446
 10
-14.1335865004
 20
3.0061741201
 10
-14.1335865305
 20
2.7368798833
 10
-14.1335865575
 20
2.5965483519
 10
-14.1335865793
 20
2.5965483519
 10
-14.133586594
 20
2.7368798833
 10
-14.1335866006
 20
3.0061741201
 10
-14.1335865984
 20
3.3826144446
 10
-14.1335865876
 20
3.8357039007
 10
-14.1335865692
 20
4.3287358752
  0
LWPOLYLINE
  5
1B8
330
1F
100
AcDbEntity
  8
0
  6
Continuous
 62
     7
370
    25
100
AcDbPolyline
 90
       23
 70
   128
 43
0.0
 10
-14.1335870063
 20
-5.6712641248
 10
-14.1335869816
 20
-5.1782321503
 10
-14.1335869528
 20
-4.7251426943
 10
-14.1335869221
 20
-4.3487023697
 10
-14.133586892
 20
-4.0794081329
 10
-14.133586865
 20
-3.9390766015
 10
-14.1335868432
 20
-3.9390766015
 10
-14.1335868284
 20
-4.0794081329
 10
-14.1335868219
 20
-4.3487023697
 10
-14.1335868241
 20
-4.7251426943
 10
-14.1335868348
 20
-5.1782321503
 10
-14.1335868533
 20
-5.6712641248
 10
-14.1335868779
 20
-6.1642960993
 10
-14.1335869068
 20
-6.6173855554
 10
-14.1335869375
 20
-6.9938258799
 10
-14.1335869676
 20
-7.2631201167
 10
-14.1335869946
 20
-7.4034516481
 10
-14.1335870164
 20
-7.4034516481
 10
-14.1335870312
 20
-7.2631201167
 10
-14.1335870377
 20
-6.9938258799
 10
-14.1335870355
 20
-6.6173855554
 10
-14.1335870247
 20
-6.1642960993
 10
-14.1335870063
 20
-5.6712641248
  0
LWPOLYLINE
  5
1B9
330
1F
100
AcDbEntity
  8
0
  6
Continuous
 62
     7
370
    25
100
AcDbPolyline
 90
       28
 70
   128
 43
0.0
 10
-14.1335860075
 20
-0.6712641248
 10
-14.1335859782
 20
-0.0716628609
 10
-14.1335859444
 20
0.4956137437
 10
-14.1335859078
 20
0.9999836604
 10
-14.1335858705
 20
1.4142561764
 10
-14.1335858345
 20
1.7160977531
 10
-14.1335858016
 20
1.889236033
 10
-14.1335857738
 20
1.9243370867
 10
-14.1335857524
 20
1.8195086072
 10
-14.1335857386
 20
1.580401925
 10
-14.1335857332
 20
1.2199073433
 10
-14.1335857364
 20
0.7574592182
 10
-14.1335857482
 20
0.2179882478
 10
-14.1335857678
 20
-0.3694225481
 10
-14.1335857941
 20
-0.9731057015
 10
-14.1335858259
 20
-1.5605164975
 10
-14.1335858613
 20
-2.0999874678
 10
-14.1335858985
 20
-2.5624355929
 10
-14.1335859354
 20
-2.9229301746
 10
-14.1335859701
 20
-3.1620368568
 10
-14.1335860007
 20
-3.2668653363
 10
-14.1335860255
 20
-3.2317642826
 10
-14.1335860432
 20
-3.0586260027
 10
-14.1335860529
 20
-2.756784426
 10
-14.1335860539
 20
-2.34251191
 10
-14.1335860464
 20
-1.8381419933
 10
-14.1335860306
 20
-1.2708653887
 10
-14.1335860075
 20
-0.6712641248
  0
LWPOLYLINE
  5
1BA
330
1F
100
AcDbEntity
  8
0
  6
Continuous
 62
     7
370
    25
100
AcDbPolyline
 90
       28
 70
   128
 43
0.0
 10
-14.1335862916
 20
-0.6712641248
 10
-14.1335862623
 20
-0.0716628609
 10
-14.1335862285
 20
0.4956137437
 10
-14.133586192
 20
0.9999836604
 10
-14.1335861547
 20
1.4142561764
 10
-14.1335861186
 20
1.7160977531
 10
-14.1335860858
 20
1.889236033
 10
-14.1335860579
 20
1.9243370867
 10
-14.1335860365
 20
1.8195086072
 10
-14.1335860227
 20
1.580401925
 10
-14.1335860173
 20
1.2199073433
 10
-14.1335860206
 20
0.7574592182
 10
-14.1335860323
 20
0.2179882478
 10
-14.1335860519
 20
-0.3694225481
 10
-14.1335860783
 20
-0.9731057015
 10
-14.13358611
 20
-1.5605164975
 10
-14.1335861455
 20
-2.0999874678
 10
-14.1335861826
 20
-2.5624355929
 10
-14.1335862196
 20
-2.9229301746
 10
-14.1335862542
 20
-3.1620368568
 10
-14.1335862848
 20
-3.2668653363
 10
-14.1335863096
 20
-3.2317642826
 10
-14.1335863273
 20
-3.0586260027
 10
-14.133586337
 20
-2.756784426
 10
-14.1335863381
 20
-2.34251191
 10
-14.1335863305
 20
-1.8381419933
 10
-14.1335863148
 20
-1.2708653887
 10
-14.1335862916
 20
-0.6712641248
  0
SPLINE
  5
1DA
330
1F
100
AcDbEntity
  8
0
  6
Continuous
 62
     7
370
    25
100
AcDbSpline
210
0.0
220
0.0
230
1.0
 70
     8
 71
     3
 72
    11
 73
     7
 74
     0
 42
0.00000001
 43
0.00000001
 40
0.0
 40
0.0
 40
0.0
 40
0.0
 40
0.2780421470887242
 40
0.5575282817704817
 40
0.7786676629524819
 40
1.0
 40
1.0
 40
1.0
 40
1.0
 10
-13.63358585886095
 20
7.328735853334804
 30
0.0
 10
-13.71016129976679
 20
7.318219702317172
 30
0.0
 10
-13.86370986943895
 20
7.297132785570594
 30
0.0
 10
-14.02483944363354
 20
7.157818151674319
 30
0.0
 10
-14.1172575328847
 20
6.996175221116475
 30
0.0
 10
-14.12814150933776
 20
6.884565214364589
 30
0.0
 10
-14.13358587074094
 20
6.828735875189805
 30
0.0
  0
SPLINE
  5
1DB
330
1F
100
AcDbEntity
  8
0
  6
Continuous
 62
     7
370
    25
100
AcDbSpline
210
0.0
220
0.0
230
1.0
 70
     8
 71
     3
 72
    11
 73
     7
 74
     0
 42
0.00000001
 43
0.00000001
 40
0.0
 40
0.0
 40
0.0
 40
0.0
 40
0.2781001899608292
 40
0.5575325707102636
 40
0.7786132289513262
 40
0.9999999999999999
 40
0.9999999999999999
 40
0.9999999999999999
 40
0.9999999999999999
 10
-13.63358655825095
 20
-8.671264146665646
 30
0.0
 10
-13.71017815508151
 20
-8.660743448316609
 30
0.0
 10
-13.86372824752036
 20
-8.639651654035442
 30
0.0
 10
-14.02483608941466
 20
-8.500341399174687
 30
0.0
 10
-14.11725255913623
 20
-8.338717991417424
 30
0.0
 10
-14.12813936004291
 20
-8.227107818815433
 30
0.0
 10
-14.13358652641095
 20
-8.171264124810197
 30
0.0
  0
SPLINE
  5
1F7
330
1F
100
AcDbEntity
  8
0
  6
Continuous
 62
     7
370
    25
100
AcDbSpline
210
0.0
220
0.0
230
1.0
 70
     8
 71
     3
 72
     9
 73
     5
 74
     0
 42
0.00000001
 43
0.00000001
 40
0.0
 40
0.0
 40
0.0
 40
0.0
 40
0.5004267720514972
 40
1.0
 40
1.0
 40
1.0
 40
1.0
 10
-10.08358623372234
 20
-3.869781785930195
 30
0.0
 10
-10.0835862290129
 20
-3.852523764240534
 30
0.0
 10
-10.08358621960206
 20
-3.818037156701707
 30
0.0
 10
-10.08358621307799
 20
-3.850042604125003
 30
0.0
 10
-10.08358620981874
 20
-3.866031668806195
 30
0.0
  0
LWPOLYLINE
  5
1F9
330
1F
100
AcDbEntity
  8
0
  6
Continuous
 62
     7
370
    25
100
AcDbPolyline
 90
       13
 70
   128
 43
0.0
 10
-10.0835865805
 20
-3.3712643018
 10
-10.0835865644
 20
-3.2896765422
 10
-10.083586545
 20
-3.2896765422
 10
-10.0835865329
 20
-3.4339747377
 10
-10.0835865295
 20
-3.7069341801
 10
-10.0835865351
 20
-4.0789754786
 10
-10.0835865492
 20
-4.5097821855
 10
-10.0835865702
 20
-4.9526697095
 10
-10.0835865958
 20
-5.3596443153
 10
-10.0835866232
 20
-5.6866039895
 10
-10.0835866495
 20
-5.8981175781
 10
-10.0835866719
 20
-5.9712643018
 10
-10.0835866719
 20
-5.9712643018
  0
SPLINE
  5
1FF
330
1F
100
AcDbEntity
  8
0
  6
Continuous
 62
     7
370
    25
100
AcDbSpline
210
0.0
220
0.0
230
1.0
 70
     8
 71
     3
 72
    11
 73
     7
 74
     0
 42
0.00000001
 43
0.00000001
 40
0.0
 40
0.0
 40
0.0
 40
0.0
 40
0.328972823105369
 40
0.4315072951052166
 40
0.4927412475742029
 40
1.0
 40
1.0
 40
1.0
 40
1.0
 10
-10.08358594414334
 20
2.478735698637805
 30
0.0
 10
-10.08358594540499
 20
2.478739151069932
 30
0.0
 10
-10.08358594705987
 20
2.478743679558438
 30
0.0
 10
-10.08358594894493
 20
2.478855567145263
 30
0.0
 10
-10.08358595150465
 20
2.479178035165799
 30
0.0
 10
-10.08358595355471
 20
2.482097842532138
 30
0.0
 10
-10.08358595538395
 20
2.484703149212805
 30
0.0
  0
SPLINE
  5
200
330
1F
100
AcDbEntity
  8
0
  6
Continuous
 62
     7
370
    25
100
AcDbSpline
210
0.0
220
0.0
230
1.0
 70
     8
 71
     3
 72
    11
 73
     7
 74
     0
 42
0.00000001
 43
0.00000001
 40
0.0
 40
0.0
 40
0.0
 40
0.0
 40
0.5077716157104155
 40
0.5653994528350653
 40
0.6666465066466061
 40
1.0
 40
1.0
 40
1.0
 40
1.0
 10
-10.08358593280895
 20
2.483917780536804
 30
0.0
 10
-10.08358593478734
 20
2.4816387368512
 30
0.0
 10
-10.08358593699028
 20
2.479101040743424
 30
0.0
 10
-10.08358593947154
 20
2.478828351948736
 30
0.0
 10
-10.08358594129847
 20
2.478742731333734
 30
0.0
 10
-10.08358594290844
 20
2.478738751390485
 30
0.0
 10
-10.08358594414334
 20
2.478735698637805
 30
0.0
  0
SPLINE
  5
204
330
1F
100
AcDbEntity
  8
0
  6
Continuous
 62
     7
370
    25
100
AcDbSpline
210
0.0
220
0.0
230
1.0
 70
     8
 71
     3
 72
    11
 73
     7
 74
     0
 42
0.00000001
 43
0.00000001
 40
0.0
 40
0.0
 40
0.0
 40
0.0
 40
0.3320619294898509
 40
0.4336318767695645
 40
0.4922283748227957
 40
1.0
 40
1.0
 40
1.0
 40
1.0
 10
-10.08358587420514
 20
4.078735697679805
 30
0.0
 10
-10.08358587297527
 20
4.078732928810663
 30
0.0
 10
-10.08358587136922
 20
4.078729313009466
 30
0.0
 10
-10.08358586954984
 20
4.078641997081654
 30
0.0
 10
-10.08358586708725
 20
4.078377438180365
 30
0.0
 10
-10.08358586510284
 20
4.075833952341842
 30
0.0
 10
-10.08358586332375
 20
4.073553615781805
 30
0.0
  0
SPLINE
  5
205
330
1F
100
AcDbEntity
  8
0
  6
Continuous
 62
     7
370
    25
100
AcDbSpline
210
0.0
220
0.0
230
1.0
 70
     8
 71
     3
 72
    11
 73
     7
 74
     0
 42
0.00000001
 43
0.00000001
 40
0.0
 40
0.0
 40
0.0
 40
0.0
 40
0.5072587386929189
 40
0.5674595255646275
 40
0.6696495997233534
 40
1.0
 40
1.0
 40
1.0
 40
1.0
 10
-10.08358588596735
 20
4.072768247104804
 30
0.0
 10
-10.08358588391047
 20
4.075371934220859
 30
0.0
 10
-10.08358588160949
 20
4.078284623432287
 30
0.0
 10
-10.08358587902636
 20
4.078617132511964
 30
0.0
 10
-10.08358587713164
 20
4.078727007906457
 30
0.0
 10
-10.08358587547239
 20
4.078731934795493
 30
0.0
 10
-10.08358587420514
 20
4.078735697679805
 30
0.0
  0
LWPOLYLINE
  5
207
330
1F
100
AcDbEntity
  8
0
  6
Continuous
 62
     7
370
    25
100
AcDbPolyline
 90
       13
 70
   128
 43
0.0
 10
-10.0835862352
 20
4.5287356982
 10
-10.0835862191
 20
4.6103234578
 10
-10.0835861997
 20
4.6103234578
 10
-10.0835861876
 20
4.4660252623
 10
-10.0835861842
 20
4.1930658199
 10
-10.0835861898
 20
3.8210245214
 10
-10.0835862039
 20
3.3902178145
 10
-10.0835862249
 20
2.9473302905
 10
-10.0835862504
 20
2.5403556847
 10
-10.0835862779
 20
2.2133960105
 10
-10.0835863042
 20
2.0018824219
 10
-10.0835863266
 20
1.9287356982
 10
-10.0835863266
 20
1.9287356982
  0
LWPOLYLINE
  5
22E
330
1F
100
AcDbEntity
  8
0
  6
Continuous
 62
     7
370
    25
100
AcDbPolyline
 90
        5
 70
   128
 43
0.0
 10
-6.1335865626
 20
-7.5712644745
 10
-6.1335865685
 20
-7.5755798174
 10
-6.1335865857
 20
-7.627605521
 10
-6.1335866047
 20
-7.7371375312
 10
-6.1335866251
 20
-7.9009351657
  0
LWPOLYLINE
  5
22F
330
1F
100
AcDbEntity
  8
0
  6
Continuous
 62
     7
370
    25
100
AcDbPolyline
 90
        5
 70
   128
 43
0.0
 10
-6.1335859931
 20
6.5584062166
 10
-6.133585987
 20
6.3946085822
 10
-6.1335859775
 20
6.285076572
 10
-6.133585965
 20
6.2330508684
 10
-6.1335859594
 20
6.2287355255
  0
LWPOLYLINE
  5
236
330
1F
100
AcDbEntity
  8
0
  6
Continuous
 62
     7
370
    25
100
AcDbPolyline
 90
        9
 70
   128
 43
0.0
 10
-48.1335942807
 20
-8.1712641248
 10
-48.1335942562
 20
-7.9167057074
 10
-48.1335942327
 20
-7.7273552334
 10
-48.133594211
 20
-7.6106752104
 10
-48.133594192
 20
-7.5712641248
 10
-48.1335941765
 20
-7.6106752104
 10
-48.133594165
 20
-7.7273552334
 10
-48.133594158
 20
-7.9167057074
 10
-48.1335941558
 20
-8.1712641248
  0
LWPOLYLINE
  5
237
330
1F
100
AcDbEntity
  8
0
  6
Continuous
 62
     7
370
    25
100
AcDbPolyline
 90
        9
 70
   128
 43
0.0
 10
-48.1335944118
 20
-8.1712641248
 10
-48.1335943874
 20
-7.9167057074
 10
-48.1335943638
 20
-7.7273552334
 10
-48.1335943421
 20
-7.6106752104
 10
-48.1335943231
 20
-7.5712641248
 10
-48.1335943076
 20
-7.6106752104
 10
-48.1335942961
 20
-7.7273552334
 10
-48.1335942891
 20
-7.9167057074
 10
-48.1335942869
 20
-8.1712641248
  0
LWPOLYLINE
  5
238
330
1F
100
AcDbEntity
  8
0
  6
Continuous
 62
     7
370
    25
100
AcDbPolyline
 90
        9
 70
   128
 43
0.0
 10
-48.1335945429
 20
-8.1712641248
 10
-48.1335945185
 20
-7.9167057074
 10
-48.133594495
 20
-7.7273552334
 10
-48.1335944733
 20
-7.6106752104
 10
-48.1335944543
 20
-7.5712641248
 10
-48.1335944387
 20
-7.6106752104
 10
-48.1335944272
 20
-7.7273552334
 10
-48.1335944203
 20
-7.9167057074
 10
-48.1335944181
 20
-8.1712641248
  0
LWPOLYLINE
  5
23A
330
1F
100
AcDbEntity
  8
0
  6
Continuous
 62
     7
370
    25
100
AcDbPolyline
 90
        9
 70
   128
 43
0.0
 10
-48.1335947209
 20
-8.1712641248
 10
-48.1335947324
 20
-8.1424420454
 10
-48.133594741
 20
-8.0570834236
 10
-48.1335947463
 20
-7.9184685433
 10
-48.1335947481
 20
-7.7319242966
 10
-48.1335947463
 20
-7.5046194743
 10
-48.133594741
 20
-7.2452892734
 10
-48.1335947324
 20
-6.9638996078
 10
-48.1335947209
 20
-6.6712641248
  0
LWPOLYLINE
  5
23C
330
1F
100
AcDbEntity
  8
0
  6
Continuous
 62
     7
370
    25
100
AcDbPolyline
 90
        9
 70
   128
 43
0.0
 10
-48.1335941964
 20
5.3287358752
 10
-48.1335941823
 20
5.6213713582
 10
-48.1335941663
 20
5.9027610237
 10
-48.1335941489
 20
6.1620912247
 10
-48.1335941308
 20
6.389396047
 10
-48.1335941127
 20
6.5759402936
 10
-48.1335940953
 20
6.714555174
 10
-48.1335940793
 20
6.7999137958
 10
-48.1335940652
 20
6.8287358752
  0
LWPOLYLINE
  5
23E
330
1F
100
AcDbEntity
  8
0
  6
Continuous
 62
     7
370
    25
100
AcDbPolyline
 90
        9
 70
   128
 43
0.0
 10
-48.1335937624
 20
6.8287358752
 10
-48.1335937868
 20
6.5741774578
 10
-48.1335938104
 20
6.3848269837
 10
-48.1335938321
 20
6.2681469607
 10
-48.1335938511
 20
6.2287358752
 10
-48.1335938666
 20
6.2681469607
 10
-48.1335938781
 20
6.3848269837
 10
-48.1335938851
 20
6.5741774578
 10
-48.1335938873
 20
6.8287358752
  0
LWPOLYLINE
  5
23F
330
1F
100
AcDbEntity
  8
0
  6
Continuous
 62
     7
370
    25
100
AcDbPolyline
 90
        9
 70
   128
 43
0.0
 10
-48.1335936313
 20
6.8287358752
 10
-48.1335936557
 20
6.5741774578
 10
-48.1335936792
 20
6.3848269837
 10
-48.1335937009
 20
6.2681469607
 10
-48.1335937199
 20
6.2287358752
 10
-48.1335937355
 20
6.2681469607
 10
-48.133593747
 20
6.3848269837
 10
-48.1335937539
 20
6.5741774578
 10
-48.1335937561
 20
6.8287358752
  0
LWPOLYLINE
  5
240
330
1F
100
AcDbEntity
  8
0
  6
Continuous
 62
     7
370
    25
100
AcDbPolyline
 90
        9
 70
   128
 43
0.0
 10
-48.1335935001
 20
6.8287358752
 10
-48.1335935246
 20
6.5741774578
 10
-48.1335935481
 20
6.3848269837
 10
-48.1335935698
 20
6.2681469607
 10
-48.1335935888
 20
6.2287358752
 10
-48.1335936043
 20
6.2681469607
 10
-48.1335936158
 20
6.3848269837
 10
-48.1335936228
 20
6.5741774578
 10
-48.133593625
 20
6.8287358752
  0
LWPOLYLINE
  5
243
330
1F
100
AcDbEntity
  8
0
  6
Continuous
 62
     7
370
    25
100
AcDbPolyline
 90
       23
 70
   128
 43
0.0
 10
-48.1335941986
 20
4.3287358752
 10
-48.1335941739
 20
4.8217678497
 10
-48.1335941451
 20
5.2748573057
 10
-48.1335941144
 20
5.6512976303
 10
-48.1335940843
 20
5.9205918671
 10
-48.1335940572
 20
6.0609233985
 10
-48.1335940355
 20
6.0609233985
 10
-48.1335940207
 20
5.9205918671
 10
-48.1335940142
 20
5.6512976303
 10
-48.1335940164
 20
5.2748573057
 10
-48.1335940271
 20
4.8217678497
 10
-48.1335940456
 20
4.3287358752
 10
-48.1335940702
 20
3.8357039007
 10
-48.1335940991
 20
3.3826144446
 10
-48.1335941298
 20
3.0061741201
 10
-48.1335941599
 20
2.7368798833
 10
-48.1335941869
 20
2.5965483519
 10
-48.1335942087
 20
2.5965483519
 10
-48.1335942234
 20
2.7368798833
 10
-48.13359423
 20
3.0061741201
 10
-48.1335942278
 20
3.3826144446
 10
-48.133594217
 20
3.8357039007
 10
-48.1335941986
 20
4.3287358752
  0
LWPOLYLINE
  5
244
330
1F
100
AcDbEntity
  8
0
  6
Continuous
 62
     7
370
    25
100
AcDbPolyline
 90
       23
 70
   128
 43
0.0
 10
-48.1335946357
 20
-5.6712641248
 10
-48.133594611
 20
-5.1782321503
 10
-48.1335945822
 20
-4.7251426943
 10
-48.1335945515
 20
-4.3487023697
 10
-48.1335945214
 20
-4.0794081329
 10
-48.1335944944
 20
-3.9390766015
 10
-48.1335944726
 20
-3.9390766015
 10
-48.1335944578
 20
-4.0794081329
 10
-48.1335944513
 20
-4.3487023697
 10
-48.1335944535
 20
-4.7251426943
 10
-48.1335944642
 20
-5.1782321503
 10
-48.1335944827
 20
-5.6712641248
 10
-48.1335945073
 20
-6.1642960993
 10
-48.1335945362
 20
-6.6173855554
 10
-48.1335945669
 20
-6.9938258799
 10
-48.133594597
 20
-7.2631201167
 10
-48.133594624
 20
-7.4034516481
 10
-48.1335946458
 20
-7.4034516481
 10
-48.1335946605
 20
-7.2631201167
 10
-48.1335946671
 20
-6.9938258799
 10
-48.1335946649
 20
-6.6173855554
 10
-48.1335946541
 20
-6.1642960993
 10
-48.1335946357
 20
-5.6712641248
  0
LWPOLYLINE
  5
245
330
1F
100
AcDbEntity
  8
0
  6
Continuous
 62
     7
370
    25
100
AcDbPolyline
 90
       28
 70
   128
 43
0.0
 10
-48.1335936369
 20
-0.6712641248
 10
-48.1335936076
 20
-0.0716628609
 10
-48.1335935738
 20
0.4956137437
 10
-48.1335935372
 20
0.9999836604
 10
-48.1335934999
 20
1.4142561764
 10
-48.1335934639
 20
1.7160977531
 10
-48.133593431
 20
1.889236033
 10
-48.1335934032
 20
1.9243370867
 10
-48.1335933818
 20
1.8195086072
 10
-48.133593368
 20
1.580401925
 10
-48.1335933626
 20
1.2199073433
 10
-48.1335933658
 20
0.7574592182
 10
-48.1335933776
 20
0.2179882478
 10
-48.1335933971
 20
-0.3694225481
 10
-48.1335934235
 20
-0.9731057015
 10
-48.1335934553
 20
-1.5605164975
 10
-48.1335934907
 20
-2.0999874678
 10
-48.1335935279
 20
-2.5624355929
 10
-48.1335935648
 20
-2.9229301746
 10
-48.1335935995
 20
-3.1620368568
 10
-48.1335936301
 20
-3.2668653363
 10
-48.1335936549
 20
-3.2317642826
 10
-48.1335936726
 20
-3.0586260027
 10
-48.1335936823
 20
-2.756784426
 10
-48.1335936833
 20
-2.34251191
 10
-48.1335936758
 20
-1.8381419933
 10
-48.13359366
 20
-1.2708653887
 10
-48.1335936369
 20
-0.6712641248
  0
LWPOLYLINE
  5
246
330
1F
100
AcDbEntity
  8
0
  6
Continuous
 62
     7
370
    25
100
AcDbPolyline
 90
       28
 70
   128
 43
0.0
 10
-48.133593921
 20
-0.6712641248
 10
-48.1335938917
 20
-0.0716628609
 10
-48.1335938579
 20
0.4956137437
 10
-48.1335938214
 20
0.9999836604
 10
-48.1335937841
 20
1.4142561764
 10
-48.133593748
 20
1.7160977531
 10
-48.1335937152
 20
1.889236033
 10
-48.1335936873
 20
1.9243370867
 10
-48.1335936659
 20
1.8195086072
 10
-48.1335936521
 20
1.580401925
 10
-48.1335936467
 20
1.2199073433
 10
-48.1335936499
 20
0.7574592182
 10
-48.1335936617
 20
0.2179882478
 10
-48.1335936813
 20
-0.3694225481
 10
-48.1335937077
 20
-0.9731057015
 10
-48.1335937394
 20
-1.5605164975
 10
-48.1335937748
 20
-2.0999874678
 10
-48.133593812
 20
-2.5624355929
 10
-48.1335938489
 20
-2.9229301746
 10
-48.1335938836
 20
-3.1620368568
 10
-48.1335939142
 20
-3.2668653363
 10
-48.133593939
 20
-3.2317642826
 10
-48.1335939567
 20
-3.0586260027
 10
-48.1335939664
 20
-2.756784426
 10
-48.1335939675
 20
-2.34251191
 10
-48.1335939599
 20
-1.8381419933
 10
-48.1335939441
 20
-1.2708653887
 10
-48.133593921
 20
-0.6712641248
  0
SPLINE
  5
266
330
1F
100
AcDbEntity
  8
0
  6
Continuous
 62
     7
370
    25
100
AcDbSpline
210
0.0
220
0.0
230
1.0
 70
     8
 71
     3
 72
    11
 73
     7
 74
     0
 42
0.00000001
 43
0.00000001
 40
0.0
 40
0.0
 40
0.0
 40
0.0
 40
0.2780421470835074
 40
0.5575282817655415
 40
0.778667662950535
 40
1.0
 40
1.0
 40
1.0
 40
1.0
 10
-47.63359348825594
 20
7.328735853334804
 30
0.0
 10
-47.71016892915979
 20
7.318219702316961
 30
0.0
 10
-47.86371749882949
 20
7.297132785569755
 30
0.0
 10
-48.0248470730202
 20
7.157818151673068
 30
0.0
 10
-48.11726516227463
 20
6.996175221117014
 30
0.0
 10
-48.12814913872909
 20
6.884565214364679
 30
0.0
 10
-48.13359350013295
 20
6.828735875189805
 30
0.0
  0
SPLINE
  5
267
330
1F
100
AcDbEntity
  8
0
  6
Continuous
 62
     7
370
    25
100
AcDbSpline
210
0.0
220
0.0
230
1.0
 70
     8
 71
     3
 72
    11
 73
     7
 74
     0
 42
0.00000001
 43
0.00000001
 40
0.0
 40
0.0
 40
0.0
 40
0.0
 40
0.2781001899654439
 40
0.5575325707130337
 40
0.7786132289513897
 40
0.9999999999999999
 40
0.9999999999999999
 40
0.9999999999999999
 40
0.9999999999999999
 10
-47.63359418763793
 20
-8.671264146665646
 30
0.0
 10
-47.71018578447016
 20
-8.660743448316891
 30
0.0
 10
-47.86373587691055
 20
-8.639651654036536
 30
0.0
 10
-48.02484371880723
 20
-8.500341399175396
 30
0.0
 10
-48.11726018852245
 20
-8.338717991416248
 30
0.0
 10
-48.12814698943362
 20
-8.227107818815263
 30
0.0
 10
-48.13359415580394
 20
-8.171264124810197
 30
0.0
  0
SPLINE
  5
283
330
1F
100
AcDbEntity
  8
0
  6
Continuous
 62
     7
370
    25
100
AcDbSpline
210
0.0
220
0.0
230
1.0
 70
     8
 71
     3
 72
     9
 73
     5
 74
     0
 42
0.00000001
 43
0.00000001
 40
0.0
 40
0.0
 40
0.0
 40
0.0
 40
0.5004267720514972
 40
1.0
 40
1.0
 40
1.0
 40
1.0
 10
-44.08359386311635
 20
-3.869781785930195
 30
0.0
 10
-44.08359385840691
 20
-3.852523764240534
 30
0.0
 10
-44.08359384899608
 20
-3.818037156701707
 30
0.0
 10
-44.08359384247193
 20
-3.850042604125003
 30
0.0
 10
-44.08359383921265
 20
-3.866031668806195
 30
0.0
  0
LWPOLYLINE
  5
285
330
1F
100
AcDbEntity
  8
0
  6
Continuous
 62
     7
370
    25
100
AcDbPolyline
 90
       13
 70
   128
 43
0.0
 10
-44.0835942099
 20
-3.3712643018
 10
-44.0835941938
 20
-3.2896765422
 10
-44.0835941744
 20
-3.2896765422
 10
-44.0835941623
 20
-3.4339747377
 10
-44.0835941589
 20
-3.7069341801
 10
-44.0835941645
 20
-4.0789754786
 10
-44.0835941786
 20
-4.5097821855
 10
-44.0835941996
 20
-4.9526697095
 10
-44.0835942252
 20
-5.3596443153
 10
-44.0835942526
 20
-5.6866039895
 10
-44.0835942789
 20
-5.8981175781
 10
-44.0835943013
 20
-5.9712643018
 10
-44.0835943013
 20
-5.9712643018
  0
SPLINE
  5
28B
330
1F
100
AcDbEntity
  8
0
  6
Continuous
 62
     7
370
    25
100
AcDbSpline
210
0.0
220
0.0
230
1.0
 70
     8
 71
     3
 72
    11
 73
     7
 74
     0
 42
0.00000001
 43
0.00000001
 40
0.0
 40
0.0
 40
0.0
 40
0.0
 40
0.328972823105369
 40
0.4315072951052166
 40
0.4927412475742029
 40
1.0
 40
1.0
 40
1.0
 40
1.0
 10
-44.08359357353735
 20
2.478735698637805
 30
0.0
 10
-44.08359357479899
 20
2.478739151069932
 30
0.0
 10
-44.08359357645386
 20
2.478743679558438
 30
0.0
 10
-44.08359357833894
 20
2.478855567145263
 30
0.0
 10
-44.08359358089863
 20
2.479178035165799
 30
0.0
 10
-44.08359358294864
 20
2.482097842532138
 30
0.0
 10
-44.08359358477784
 20
2.484703149212805
 30
0.0
  0
SPLINE
  5
28C
330
1F
100
AcDbEntity
  8
0
  6
Continuous
 62
     7
370
    25
100
AcDbSpline
210
0.0
220
0.0
230
1.0
 70
     8
 71
     3
 72
    11
 73
     7
 74
     0
 42
0.00000001
 43
0.00000001
 40
0.0
 40
0.0
 40
0.0
 40
0.0
 40
0.5077716157104155
 40
0.5653994528350653
 40
0.6666465066466061
 40
1.0
 40
1.0
 40
1.0
 40
1.0
 10
-44.08359356220294
 20
2.483917780536804
 30
0.0
 10
-44.08359356418133
 20
2.4816387368512
 30
0.0
 10
-44.08359356638426
 20
2.479101040743424
 30
0.0
 10
-44.08359356886556
 20
2.478828351948736
 30
0.0
 10
-44.08359357069248
 20
2.478742731333734
 30
0.0
 10
-44.08359357230244
 20
2.478738751390485
 30
0.0
 10
-44.08359357353735
 20
2.478735698637805
 30
0.0
  0
SPLINE
  5
290
330
1F
100
AcDbEntity
  8
0
  6
Continuous
 62
     7
370
    25
100
AcDbSpline
210
0.0
220
0.0
230
1.0
 70
     8
 71
     3
 72
    11
 73
     7
 74
     0
 42
0.00000001
 43
0.00000001
 40
0.0
 40
0.0
 40
0.0
 40
0.0
 40
0.3320619294898509
 40
0.4336318767695645
 40
0.4922283748227957
 40
1.0
 40
1.0
 40
1.0
 40
1.0
 10
-44.08359350359915
 20
4.078735697679805
 30
0.0
 10
-44.08359350236929
 20
4.078732928810663
 30
0.0
 10
-44.08359350076325
 20
4.078729313009466
 30
0.0
 10
-44.08359349894384
 20
4.078641997081654
 30
0.0
 10
-44.0835934964813
 20
4.078377438180365
 30
0.0
 10
-44.08359349449686
 20
4.075833952341842
 30
0.0
 10
-44.08359349271775
 20
4.073553615781805
 30
0.0
  0
SPLINE
  5
291
330
1F
100
AcDbEntity
  8
0
  6
Continuous
 62
     7
370
    25
100
AcDbSpline
210
0.0
220
0.0
230
1.0
 70
     8
 71
     3
 72
    11
 73
     7
 74
     0
 42
0.00000001
 43
0.00000001
 40
0.0
 40
0.0
 40
0.0
 40
0.0
 40
0.5072587386929189
 40
0.5674595255646275
 40
0.6696495997233534
 40
1.0
 40
1.0
 40
1.0
 40
1.0
 10
-44.08359351536134
 20
4.072768247104804
 30
0.0
 10
-44.08359351330448
 20
4.075371934220859
 30
0.0
 10
-44.0835935110035
 20
4.078284623432287
 30
0.0
 10
-44.08359350842036
 20
4.078617132511964
 30
0.0
 10
-44.08359350652565
 20
4.078727007906457
 30
0.0
 10
-44.08359350486639
 20
4.078731934795493
 30
0.0
 10
-44.08359350359915
 20
4.078735697679805
 30
0.0
  0
LWPOLYLINE
  5
293
330
1F
100
AcDbEntity
  8
0
  6
Continuous
 62
     7
370
    25
100
AcDbPolyline
 90
       13
 70
   128
 43
0.0
 10
-44.0835938646
 20
4.5287356982
 10
-44.0835938485
 20
4.6103234578
 10
-44.083593829
 20
4.6103234578
 10
-44.083593817
 20
4.4660252623
 10
-44.0835938136
 20
4.1930658199
 10
-44.0835938192
 20
3.8210245214
 10
-44.0835938333
 20
3.3902178145
 10
-44.0835938542
 20
2.9473302905
 10
-44.0835938798
 20
2.5403556847
 10
-44.0835939073
 20
2.2133960105
 10
-44.0835939336
 20
2.0018824219
 10
-44.083593956
 20
1.9287356982
 10
-44.083593956
 20
1.9287356982
  0
LWPOLYLINE
  5
2BA
330
1F
100
AcDbEntity
  8
0
  6
Continuous
 62
     7
370
    25
100
AcDbPolyline
 90
        5
 70
   128
 43
0.0
 10
-40.1335936225
 20
6.5584062166
 10
-40.1335936164
 20
6.3946085822
 10
-40.1335936069
 20
6.285076572
 10
-40.1335935943
 20
6.2330508684
 10
-40.1335935888
 20
6.2287355255
  0
LWPOLYLINE
  5
2BB
330
1F
100
AcDbEntity
  8
0
  6
Continuous
 62
     7
370
    25
100
AcDbPolyline
 90
        5
 70
   128
 43
0.0
 10
-40.133594192
 20
-7.5712644745
 10
-40.1335941979
 20
-7.5755798174
 10
-40.1335942151
 20
-7.627605521
 10
-40.1335942341
 20
-7.7371375312
 10
-40.1335942545
 20
-7.9009351657
  0
SPLINE
  5
2C2
330
1F
100
AcDbEntity
  8
0
  6
Continuous
 62
     7
370
    25
100
AcDbSpline
210
0.0
220
0.0
230
1.0
 70
     8
 71
     3
 72
    11
 73
     7
 74
     0
 42
0.00000001
 43
0.00000001
 40
0.0
 40
0.0
 40
0.0
 40
0.0
 40
0.2780421470834928
 40
0.557528281765554
 40
0.7786676629505336
 40
1.0
 40
1.0
 40
1.0
 40
1.0
 10
-81.63359348825594
 20
7.328735853334804
 30
0.0
 10
-81.71016892915979
 20
7.318219702316959
 30
0.0
 10
-81.8637174988295
 20
7.297132785569747
 30
0.0
 10
-82.02484707302015
 20
7.157818151673078
 30
0.0
 10
-82.11726516227465
 20
6.996175221117009
 30
0.0
 10
-82.1281491387291
 20
6.884565214364678
 30
0.0
 10
-82.13359350013295
 20
6.828735875189805
 30
0.0
  0
SPLINE
  5
2C4
330
1F
100
AcDbEntity
  8
0
  6
Continuous
 62
     7
370
    25
100
AcDbSpline
210
0.0
220
0.0
230
1.0
 70
     8
 71
     3
 72
    11
 73
     7
 74
     0
 42
0.00000001
 43
0.00000001
 40
0.0
 40
0.0
 40
0.0
 40
0.0
 40
0.2781001899654299
 40
0.5575325707130347
 40
0.7786132289513852
 40
0.9999999999999999
 40
0.9999999999999999
 40
0.9999999999999999
 40
0.9999999999999999
 10
-81.63359418763794
 20
-8.671264146665646
 30
0.0
 10
-81.71018578447014
 20
-8.660743448316888
 30
0.0
 10
-81.86373587691052
 20
-8.639651654036527
 30
0.0
 10
-82.02484371880725
 20
-8.500341399175406
 30
0.0
 10
-82.11726018852245
 20
-8.338717991416244
 30
0.0
 10
-82.12814698943362
 20
-8.227107818815261
 30
0.0
 10
-82.13359415580395
 20
-8.171264124810197
 30
0.0
  0
LWPOLYLINE
  5
2E5
330
1F
100
AcDbEntity
  8
0
  6
Continuous
 62
     7
370
    25
100
AcDbPolyline
 90
        9
 70
   128
 43
0.0
 10
-82.1335942807
 20
-8.1712641248
 10
-82.1335942562
 20
-7.9167057074
 10
-82.1335942327
 20
-7.7273552334
 10
-82.133594211
 20
-7.6106752104
 10
-82.133594192
 20
-7.5712641248
 10
-82.1335941765
 20
-7.6106752104
 10
-82.133594165
 20
-7.7273552334
 10
-82.133594158
 20
-7.9167057074
 10
-82.1335941558
 20
-8.1712641248
  0
LWPOLYLINE
  5
2E6
330
1F
100
AcDbEntity
  8
0
  6
Continuous
 62
     7
370
    25
100
AcDbPolyline
 90
        9
 70
   128
 43
0.0
 10
-82.1335944118
 20
-8.1712641248
 10
-82.1335943874
 20
-7.9167057074
 10
-82.1335943638
 20
-7.7273552334
 10
-82.1335943421
 20
-7.6106752104
 10
-82.1335943231
 20
-7.5712641248
 10
-82.1335943076
 20
-7.6106752104
 10
-82.1335942961
 20
-7.7273552334
 10
-82.1335942891
 20
-7.9167057074
 10
-82.1335942869
 20
-8.1712641248
  0
LWPOLYLINE
  5
2E7
330
1F
100
AcDbEntity
  8
0
  6
Continuous
 62
     7
370
    25
100
AcDbPolyline
 90
        9
 70
   128
 43
0.0
 10
-82.1335945429
 20
-8.1712641248
 10
-82.1335945185
 20
-7.9167057074
 10
-82.133594495
 20
-7.7273552334
 10
-82.1335944733
 20
-7.6106752104
 10
-82.1335944543
 20
-7.5712641248
 10
-82.1335944387
 20
-7.6106752104
 10
-82.1335944272
 20
-7.7273552334
 10
-82.1335944203
 20
-7.9167057074
 10
-82.1335944181
 20
-8.1712641248
  0
LWPOLYLINE
  5
2E9
330
1F
100
AcDbEntity
  8
0
  6
Continuous
 62
     7
370
    25
100
AcDbPolyline
 90
        9
 70
   128
 43
0.0
 10
-82.1335947209
 20
-8.1712641248
 10
-82.1335947324
 20
-8.1424420454
 10
-82.133594741
 20
-8.0570834236
 10
-82.1335947463
 20
-7.9184685433
 10
-82.1335947481
 20
-7.7319242966
 10
-82.1335947463
 20
-7.5046194743
 10
-82.133594741
 20
-7.2452892734
 10
-82.1335947324
 20
-6.9638996078
 10
-82.1335947209
 20
-6.6712641248
  0
LWPOLYLINE
  5
2EB
330
1F
100
AcDbEntity
  8
0
  6
Continuous
 62
     7
370
    25
100
AcDbPolyline
 90
        9
 70
   128
 43
0.0
 10
-82.1335941964
 20
5.3287358752
 10
-82.1335941823
 20
5.6213713582
 10
-82.1335941663
 20
5.9027610237
 10
-82.1335941489
 20
6.1620912247
 10
-82.1335941308
 20
6.389396047
 10
-82.1335941127
 20
6.5759402936
 10
-82.1335940953
 20
6.714555174
 10
-82.1335940793
 20
6.7999137958
 10
-82.1335940652
 20
6.8287358752
  0
LWPOLYLINE
  5
2ED
330
1F
100
AcDbEntity
  8
0
  6
Continuous
 62
     7
370
    25
100
AcDbPolyline
 90
        9
 70
   128
 43
0.0
 10
-82.1335937624
 20
6.8287358752
 10
-82.1335937868
 20
6.5741774578
 10
-82.1335938104
 20
6.3848269837
 10
-82.1335938321
 20
6.2681469607
 10
-82.1335938511
 20
6.2287358752
 10
-82.1335938666
 20
6.2681469607
 10
-82.1335938781
 20
6.3848269837
 10
-82.1335938851
 20
6.5741774578
 10
-82.1335938873
 20
6.8287358752
  0
LWPOLYLINE
  5
2EE
330
1F
100
AcDbEntity
  8
0
  6
Continuous
 62
     7
370
    25
100
AcDbPolyline
 90
        9
 70
   128
 43
0.0
 10
-82.1335936313
 20
6.8287358752
 10
-82.1335936557
 20
6.5741774578
 10
-82.1335936792
 20
6.3848269837
 10
-82.1335937009
 20
6.2681469607
 10
-82.1335937199
 20
6.2287358752
 10
-82.1335937355
 20
6.2681469607
 10
-82.133593747
 20
6.3848269837
 10
-82.1335937539
 20
6.5741774578
 10
-82.1335937561
 20
6.8287358752
  0
LWPOLYLINE
  5
2EF
330
1F
100
AcDbEntity
  8
0
  6
Continuous
 62
     7
370
    25
100
AcDbPolyline
 90
        9
 70
   128
 43
0.0
 10
-82.1335935001
 20
6.8287358752
 10
-82.1335935246
 20
6.5741774578
 10
-82.1335935481
 20
6.3848269837
 10
-82.1335935698
 20
6.2681469607
 10
-82.1335935888
 20
6.2287358752
 10
-82.1335936043
 20
6.2681469607
 10
-82.1335936158
 20
6.3848269837
 10
-82.1335936228
 20
6.5741774578
 10
-82.133593625
 20
6.8287358752
  0
LWPOLYLINE
  5
2F0
330
1F
100
AcDbEntity
  8
0
  6
Continuous
 62
     7
370
    25
100
AcDbPolyline
 90
       23
 70
   128
 43
0.0
 10
-82.1335941986
 20
4.3287358752
 10
-82.1335941739
 20
4.8217678497
 10
-82.1335941451
 20
5.2748573057
 10
-82.1335941144
 20
5.6512976303
 10
-82.1335940843
 20
5.9205918671
 10
-82.1335940572
 20
6.0609233985
 10
-82.1335940355
 20
6.0609233985
 10
-82.1335940207
 20
5.9205918671
 10
-82.1335940142
 20
5.6512976303
 10
-82.1335940164
 20
5.2748573057
 10
-82.1335940271
 20
4.8217678497
 10
-82.1335940456
 20
4.3287358752
 10
-82.1335940702
 20
3.8357039007
 10
-82.1335940991
 20
3.3826144446
 10
-82.1335941298
 20
3.0061741201
 10
-82.1335941599
 20
2.7368798833
 10
-82.1335941869
 20
2.5965483519
 10
-82.1335942087
 20
2.5965483519
 10
-82.1335942234
 20
2.7368798833
 10
-82.13359423
 20
3.0061741201
 10
-82.1335942278
 20
3.3826144446
 10
-82.133594217
 20
3.8357039007
 10
-82.1335941986
 20
4.3287358752
  0
LWPOLYLINE
  5
2F1
330
1F
100
AcDbEntity
  8
0
  6
Continuous
 62
     7
370
    25
100
AcDbPolyline
 90
       23
 70
   128
 43
0.0
 10
-82.1335946357
 20
-5.6712641248
 10
-82.133594611
 20
-5.1782321503
 10
-82.1335945822
 20
-4.7251426943
 10
-82.1335945515
 20
-4.3487023697
 10
-82.1335945214
 20
-4.0794081329
 10
-82.1335944944
 20
-3.9390766015
 10
-82.1335944726
 20
-3.9390766015
 10
-82.1335944578
 20
-4.0794081329
 10
-82.1335944513
 20
-4.3487023697
 10
-82.1335944535
 20
-4.7251426943
 10
-82.1335944642
 20
-5.1782321503
 10
-82.1335944827
 20
-5.6712641248
 10
-82.1335945073
 20
-6.1642960993
 10
-82.1335945362
 20
-6.6173855554
 10
-82.1335945669
 20
-6.9938258799
 10
-82.133594597
 20
-7.2631201167
 10
-82.133594624
 20
-7.4034516481
 10
-82.1335946458
 20
-7.4034516481
 10
-82.1335946605
 20
-7.2631201167
 10
-82.1335946671
 20
-6.9938258799
 10
-82.1335946649
 20
-6.6173855554
 10
-82.1335946541
 20
-6.1642960993
 10
-82.1335946357
 20
-5.6712641248
  0
LWPOLYLINE
  5
2F2
330
1F
100
AcDbEntity
  8
0
  6
Continuous
 62
     7
370
    25
100
AcDbPolyline
 90
       28
 70
   128
 43
0.0
 10
-82.1335936369
 20
-0.6712641248
 10
-82.1335936076
 20
-0.0716628609
 10
-82.1335935738
 20
0.4956137437
 10
-82.1335935372
 20
0.9999836604
 10
-82.1335934999
 20
1.4142561764
 10
-82.1335934639
 20
1.7160977531
 10
-82.133593431
 20
1.889236033
 10
-82.1335934032
 20
1.9243370867
 10
-82.1335933818
 20
1.8195086072
 10
-82.133593368
 20
1.580401925
 10
-82.1335933626
 20
1.2199073433
 10
-82.1335933658
 20
0.7574592182
 10
-82.1335933776
 20
0.2179882478
 10
-82.1335933971
 20
-0.3694225481
 10
-82.1335934235
 20
-0.9731057015
 10
-82.1335934553
 20
-1.5605164975
 10
-82.1335934907
 20
-2.0999874678
 10
-82.1335935279
 20
-2.5624355929
 10
-82.1335935648
 20
-2.9229301746
 10
-82.1335935995
 20
-3.1620368568
 10
-82.1335936301
 20
-3.2668653363
 10
-82.1335936549
 20
-3.2317642826
 10
-82.1335936726
 20
-3.0586260027
 10
-82.1335936823
 20
-2.756784426
 10
-82.1335936833
 20
-2.34251191
 10
-82.1335936758
 20
-1.8381419933
 10
-82.13359366
 20
-1.2708653887
 10
-82.1335936369
 20
-0.6712641248
  0
LWPOLYLINE
  5
2F3
330
1F
100
AcDbEntity
  8
0
  6
Continuous
 62
     7
370
    25
100
AcDbPolyline
 90
       28
 70
   128
 43
0.0
 10
-82.133593921
 20
-0.6712641248
 10
-82.1335938917
 20
-0.0716628609
 10
-82.1335938579
 20
0.4956137437
 10
-82.1335938214
 20
0.9999836604
 10
-82.1335937841
 20
1.4142561764
 10
-82.133593748
 20
1.7160977531
 10
-82.1335937152
 20
1.889236033
 10
-82.1335936873
 20
1.9243370867
 10
-82.1335936659
 20
1.8195086072
 10
-82.1335936521
 20
1.580401925
 10
-82.1335936467
 20
1.2199073433
 10
-82.1335936499
 20
0.7574592182
 10
-82.1335936617
 20
0.2179882478
 10
-82.1335936813
 20
-0.3694225481
 10
-82.1335937077
 20
-0.9731057015
 10
-82.1335937394
 20
-1.5605164975
 10
-82.1335937748
 20
-2.0999874678
 10
-82.133593812
 20
-2.5624355929
 10
-82.1335938489
 20
-2.9229301746
 10
-82.1335938836
 20
-3.1620368568
 10
-82.1335939142
 20
-3.2668653363
 10
-82.133593939
 20
-3.2317642826
 10
-82.1335939567
 20
-3.0586260027
 10
-82.1335939664
 20
-2.756784426
 10
-82.1335939675
 20
-2.34251191
 10
-82.1335939599
 20
-1.8381419933
 10
-82.1335939441
 20
-1.2708653887
 10
-82.133593921
 20
-0.6712641248
  0
SPLINE
  5
30F
330
1F
100
AcDbEntity
  8
0
  6
Continuous
 62
     7
370
    25
100
AcDbSpline
210
0.0
220
0.0
230
1.0
 70
     8
 71
     3
 72
     9
 73
     5
 74
     0
 42
0.00000001
 43
0.00000001
 40
0.0
 40
0.0
 40
0.0
 40
0.0
 40
0.5004267720514972
 40
1.0
 40
1.0
 40
1.0
 40
1.0
 10
-78.08359386311635
 20
-3.869781785930195
 30
0.0
 10
-78.08359385840693
 20
-3.852523764240534
 30
0.0
 10
-78.08359384899609
 20
-3.818037156701707
 30
0.0
 10
-78.08359384247193
 20
-3.850042604125003
 30
0.0
 10
-78.08359383921267
 20
-3.866031668806195
 30
0.0
  0
LWPOLYLINE
  5
311
330
1F
100
AcDbEntity
  8
0
  6
Continuous
 62
     7
370
    25
100
AcDbPolyline
 90
       13
 70
   128
 43
0.0
 10
-78.0835942099
 20
-3.3712643018
 10
-78.0835941938
 20
-3.2896765422
 10
-78.0835941744
 20
-3.2896765422
 10
-78.0835941623
 20
-3.4339747377
 10
-78.0835941589
 20
-3.7069341801
 10
-78.0835941645
 20
-4.0789754786
 10
-78.0835941786
 20
-4.5097821855
 10
-78.0835941996
 20
-4.9526697095
 10
-78.0835942252
 20
-5.3596443153
 10
-78.0835942526
 20
-5.6866039895
 10
-78.0835942789
 20
-5.8981175781
 10
-78.0835943013
 20
-5.9712643018
 10
-78.0835943013
 20
-5.9712643018
  0
SPLINE
  5
317
330
1F
100
AcDbEntity
  8
0
  6
Continuous
 62
     7
370
    25
100
AcDbSpline
210
0.0
220
0.0
230
1.0
 70
     8
 71
     3
 72
    11
 73
     7
 74
     0
 42
0.00000001
 43
0.00000001
 40
0.0
 40
0.0
 40
0.0
 40
0.0
 40
0.328972823105369
 40
0.4315072951052166
 40
0.4927412475742029
 40
1.0
 40
1.0
 40
1.0
 40
1.0
 10
-78.08359357353734
 20
2.478735698637805
 30
0.0
 10
-78.08359357479898
 20
2.478739151069932
 30
0.0
 10
-78.08359357645386
 20
2.478743679558438
 30
0.0
 10
-78.08359357833895
 20
2.478855567145263
 30
0.0
 10
-78.08359358089862
 20
2.479178035165799
 30
0.0
 10
-78.08359358294865
 20
2.482097842532138
 30
0.0
 10
-78.0835935847779
 20
2.484703149212805
 30
0.0
  0
SPLINE
  5
318
330
1F
100
AcDbEntity
  8
0
  6
Continuous
 62
     7
370
    25
100
AcDbSpline
210
0.0
220
0.0
230
1.0
 70
     8
 71
     3
 72
    11
 73
     7
 74
     0
 42
0.00000001
 43
0.00000001
 40
0.0
 40
0.0
 40
0.0
 40
0.0
 40
0.5077716157104155
 40
0.5653994528350653
 40
0.6666465066466061
 40
1.0
 40
1.0
 40
1.0
 40
1.0
 10
-78.08359356220295
 20
2.483917780536804
 30
0.0
 10
-78.08359356418131
 20
2.4816387368512
 30
0.0
 10
-78.08359356638425
 20
2.479101040743424
 30
0.0
 10
-78.08359356886555
 20
2.478828351948736
 30
0.0
 10
-78.08359357069251
 20
2.478742731333734
 30
0.0
 10
-78.08359357230245
 20
2.478738751390485
 30
0.0
 10
-78.08359357353734
 20
2.478735698637805
 30
0.0
  0
SPLINE
  5
31C
330
1F
100
AcDbEntity
  8
0
  6
Continuous
 62
     7
370
    25
100
AcDbSpline
210
0.0
220
0.0
230
1.0
 70
     8
 71
     3
 72
    11
 73
     7
 74
     0
 42
0.00000001
 43
0.00000001
 40
0.0
 40
0.0
 40
0.0
 40
0.0
 40
0.3320619294898509
 40
0.4336318767695645
 40
0.4922283748227957
 40
1.0
 40
1.0
 40
1.0
 40
1.0
 10
-78.08359350359909
 20
4.078735697679805
 30
0.0
 10
-78.08359350236924
 20
4.078732928810663
 30
0.0
 10
-78.08359350076323
 20
4.078729313009466
 30
0.0
 10
-78.08359349894384
 20
4.078641997081654
 30
0.0
 10
-78.0835934964814
 20
4.078377438180365
 30
0.0
 10
-78.0835934944969
 20
4.075833952341842
 30
0.0
 10
-78.08359349271774
 20
4.073553615781805
 30
0.0
  0
SPLINE
  5
31D
330
1F
100
AcDbEntity
  8
0
  6
Continuous
 62
     7
370
    25
100
AcDbSpline
210
0.0
220
0.0
230
1.0
 70
     8
 71
     3
 72
    11
 73
     7
 74
     0
 42
0.00000001
 43
0.00000001
 40
0.0
 40
0.0
 40
0.0
 40
0.0
 40
0.5072587386929189
 40
0.5674595255646275
 40
0.6696495997233534
 40
1.0
 40
1.0
 40
1.0
 40
1.0
 10
-78.08359351536134
 20
4.072768247104804
 30
0.0
 10
-78.08359351330449
 20
4.075371934220859
 30
0.0
 10
-78.08359351100354
 20
4.078284623432287
 30
0.0
 10
-78.08359350842036
 20
4.078617132511964
 30
0.0
 10
-78.08359350652565
 20
4.078727007906457
 30
0.0
 10
-78.08359350486636
 20
4.078731934795493
 30
0.0
 10
-78.08359350359909
 20
4.078735697679805
 30
0.0
  0
LWPOLYLINE
  5
31F
330
1F
100
AcDbEntity
  8
0
  6
Continuous
 62
     7
370
    25
100
AcDbPolyline
 90
       13
 70
   128
 43
0.0
 10
-78.0835938646
 20
4.5287356982
 10
-78.0835938485
 20
4.6103234578
 10
-78.083593829
 20
4.6103234578
 10
-78.083593817
 20
4.4660252623
 10
-78.0835938136
 20
4.1930658199
 10
-78.0835938192
 20
3.8210245214
 10
-78.0835938333
 20
3.3902178145
 10
-78.0835938542
 20
2.9473302905
 10
-78.0835938798
 20
2.5403556847
 10
-78.0835939073
 20
2.2133960105
 10
-78.0835939336
 20
2.0018824219
 10
-78.083593956
 20
1.9287356982
 10
-78.083593956
 20
1.9287356982
  0
LWPOLYLINE
  5
346
330
1F
100
AcDbEntity
  8
0
  6
Continuous
 62
     7
370
    25
100
AcDbPolyline
 90
        5
 70
   128
 43
0.0
 10
-74.1335936225
 20
6.5584062166
 10
-74.1335936164
 20
6.3946085822
 10
-74.1335936069
 20
6.285076572
 10
-74.1335935943
 20
6.2330508684
 10
-74.1335935888
 20
6.2287355255
  0
LWPOLYLINE
  5
347
330
1F
100
AcDbEntity
  8
0
  6
Continuous
 62
     7
370
    25
100
AcDbPolyline
 90
        5
 70
   128
 43
0.0
 10
-74.133594192
 20
-7.5712644745
 10
-74.1335941979
 20
-7.5755798174
 10
-74.1335942151
 20
-7.627605521
 10
-74.1335942341
 20
-7.7371375312
 10
-74.1335942545
 20
-7.9009351657
  0
LWPOLYLINE
  5
352
330
1F
100
AcDbEntity
  8
0
  6
Continuous
 62
     7
370
    25
100
AcDbPolyline
 90
        9
 70
   128
 43
0.0
 10
-56.8310925489
 20
-4.5437634032
 10
-56.8310925532
 20
-4.2959986942
 10
-56.8310925658
 20
-4.0577554441
 10
-56.8310925864
 20
-3.8381892073
 10
-56.831092614
 20
-3.6457377911
 10
-56.8310926476
 20
-3.4877969956
 10
-56.831092686
 20
-3.3704363969
 10
-56.8310927277
 20
-3.2981660971
 10
-56.831092771
 20
-3.2737634032
  0
LWPOLYLINE
  5
357
330
1F
100
AcDbEntity
  8
0
  6
Continuous
 62
     7
370
    25
100
AcDbPolyline
 90
        9
 70
   128
 43
0.0
 10
-56.83109266
 20
-4.5437634032
 10
-56.8310926621
 20
-4.4198810487
 10
-56.8310926684
 20
-4.3007594236
 10
-56.8310926787
 20
-4.1909763052
 10
-56.8310926925
 20
-4.0947505971
 10
-56.8310927093
 20
-4.0157801994
 10
-56.8310927285
 20
-3.9570999001
 10
-56.8310927493
 20
-3.9209647501
 10
-56.831092771
 20
-3.9087634032
  0
LWPOLYLINE
  5
361
330
1F
100
AcDbEntity
  8
0
  6
Continuous
 62
     7
370
    25
100
AcDbPolyline
 90
        9
 70
   128
 43
0.0
 10
-48.576092771
 20
-3.2737634032
 10
-48.5760927277
 20
-3.2981660971
 10
-48.576092686
 20
-3.3704363969
 10
-48.5760926476
 20
-3.4877969956
 10
-48.576092614
 20
-3.6457377911
 10
-48.5760925864
 20
-3.8381892073
 10
-48.5760925658
 20
-4.0577554441
 10
-48.5760925532
 20
-4.2959986942
 10
-48.5760925489
 20
-4.5437634032
  0
LWPOLYLINE
  5
369
330
1F
100
AcDbEntity
  8
0
  6
Continuous
 62
     7
370
    25
100
AcDbPolyline
 90
        4
 70
   128
 43
0.0
 10
-44.1310926857
 20
-3.3712642998
 10
-44.131092686
 20
-3.3704363969
 10
-44.1310927277
 20
-3.2981660971
 10
-44.131092771
 20
-3.2737634032
  0
LWPOLYLINE
  5
37F
330
1F
100
AcDbEntity
  8
0
  6
Continuous
 62
     7
370
    25
100
AcDbPolyline
 90
        9
 70
   128
 43
0.0
 10
-31.4310925489
 20
-4.5437634032
 10
-31.4310925532
 20
-4.2959986942
 10
-31.4310925658
 20
-4.0577554441
 10
-31.4310925864
 20
-3.8381892073
 10
-31.431092614
 20
-3.6457377911
 10
-31.4310926476
 20
-3.4877969956
 10
-31.431092686
 20
-3.3704363969
 10
-31.4310927277
 20
-3.2981660971
 10
-31.431092771
 20
-3.2737634032
  0
LWPOLYLINE
  5
383
330
1F
100
AcDbEntity
  8
0
  6
Continuous
 62
     7
370
    25
100
AcDbPolyline
 90
        9
 70
   128
 43
0.0
 10
-31.43109266
 20
-4.5437634032
 10
-31.4310926621
 20
-4.4198810487
 10
-31.4310926684
 20
-4.3007594236
 10
-31.4310926787
 20
-4.1909763052
 10
-31.4310926925
 20
-4.0947505971
 10
-31.4310927093
 20
-4.0157801994
 10
-31.4310927285
 20
-3.9570999001
 10
-31.4310927493
 20
-3.9209647501
 10
-31.431092771
 20
-3.9087634032
  0
SPLINE
  5
3A2
330
1F
100
AcDbEntity
  8
0
  6
Continuous
 62
     7
370
    25
100
AcDbSpline
210
0.0
220
0.0
230
1.0
 70
     8
 71
     3
 72
    11
 73
     7
 74
     0
 42
0.00000001
 43
0.00000001
 40
0.0
 40
0.0
 40
0.0
 40
0.0
 40
0.2781001899608711
 40
0.5575325707102602
 40
0.7786132289513321
 40
1.0
 40
1.0
 40
1.0
 40
1.0
 10
11.86641344174906
 20
-8.671264146665646
 30
0.0
 10
11.78982184491848
 20
-8.660743448316614
 30
0.0
 10
11.63627175247961
 20
-8.639651654035461
 30
0.0
 10
11.47516391058537
 20
-8.500341399174673
 30
0.0
 10
11.38274744086374
 20
-8.338717991417425
 30
0.0
 10
11.37186063995707
 20
-8.227107818815433
 30
0.0
 10
11.36641347358903
 20
-8.171264124810198
 30
0.0
  0
SPLINE
  5
3C5
330
1F
100
AcDbEntity
  8
0
  6
Continuous
 62
     7
370
    25
100
AcDbSpline
210
0.0
220
0.0
230
1.0
 70
     8
 71
     3
 72
    11
 73
     7
 74
     0
 42
0.00000001
 43
0.00000001
 40
0.0
 40
0.0
 40
0.0
 40
0.0
 40
0.2780421470801918
 40
0.5575282817652689
 40
0.7786676629498552
 40
1.0
 40
1.0
 40
1.0
 40
1.0
 10
11.86641414112906
 20
7.328735853334804
 30
0.0
 10
11.7898387002268
 20
7.318219702316568
 30
0.0
 10
11.63629013055855
 20
7.297132785568333
 30
0.0
 10
11.47516055636644
 20
7.157818151674369
 30
0.0
 10
11.38274246711535
 20
6.996175221116451
 30
0.0
 10
11.37185849066225
 20
6.884565214364583
 30
0.0
 10
11.36641412925905
 20
6.828735875189805
 30
0.0
  0
LWPOLYLINE
  5
3C6
330
1F
100
AcDbEntity
  8
0
  6
Continuous
 62
     7
370
    25
100
AcDbPolyline
 90
        9
 70
   128
 43
0.0
 10
11.3664133487
 20
-8.1712641248
 10
11.3664133732
 20
-7.9167057074
 10
11.3664133967
 20
-7.7273552334
 10
11.3664134184
 20
-7.6106752104
 10
11.3664134374
 20
-7.5712641248
 10
11.3664134529
 20
-7.6106752104
 10
11.3664134644
 20
-7.7273552334
 10
11.3664134714
 20
-7.9167057074
 10
11.3664134736
 20
-8.1712641248
  0
LWPOLYLINE
  5
3C7
330
1F
100
AcDbEntity
  8
0
  6
Continuous
 62
     7
370
    25
100
AcDbPolyline
 90
        9
 70
   128
 43
0.0
 10
11.3664132176
 20
-8.1712641248
 10
11.366413242
 20
-7.9167057074
 10
11.3664132656
 20
-7.7273552334
 10
11.3664132873
 20
-7.6106752104
 10
11.3664133062
 20
-7.5712641248
 10
11.3664133218
 20
-7.6106752104
 10
11.3664133333
 20
-7.7273552334
 10
11.3664133403
 20
-7.9167057074
 10
11.3664133424
 20
-8.1712641248
  0
LWPOLYLINE
  5
3C8
330
1F
100
AcDbEntity
  8
0
  6
Continuous
 62
     7
370
    25
100
AcDbPolyline
 90
        9
 70
   128
 43
0.0
 10
11.3664130864
 20
-8.1712641248
 10
11.3664131109
 20
-7.9167057074
 10
11.3664131344
 20
-7.7273552334
 10
11.3664131561
 20
-7.6106752104
 10
11.3664131751
 20
-7.5712641248
 10
11.3664131907
 20
-7.6106752104
 10
11.3664132021
 20
-7.7273552334
 10
11.3664132091
 20
-7.9167057074
 10
11.3664132113
 20
-8.1712641248
  0
LWPOLYLINE
  5
3CA
330
1F
100
AcDbEntity
  8
0
  6
Continuous
 62
     7
370
    25
100
AcDbPolyline
 90
        9
 70
   128
 43
0.0
 10
11.3664129085
 20
-8.1712641248
 10
11.3664128969
 20
-8.1424420454
 10
11.3664128884
 20
-8.0570834236
 10
11.3664128831
 20
-7.9184685433
 10
11.3664128813
 20
-7.7319242966
 10
11.3664128831
 20
-7.5046194743
 10
11.3664128884
 20
-7.2452892734
 10
11.3664128969
 20
-6.9638996078
 10
11.3664129085
 20
-6.6712641248
  0
LWPOLYLINE
  5
3CC
330
1F
100
AcDbEntity
  8
0
  6
Continuous
 62
     7
370
    25
100
AcDbPolyline
 90
        9
 70
   128
 43
0.0
 10
11.366413433
 20
5.3287358752
 10
11.3664134471
 20
5.6213713582
 10
11.3664134631
 20
5.9027610237
 10
11.3664134805
 20
6.1620912247
 10
11.3664134986
 20
6.389396047
 10
11.3664135167
 20
6.5759402936
 10
11.3664135341
 20
6.714555174
 10
11.3664135501
 20
6.7999137958
 10
11.3664135641
 20
6.8287358752
  0
LWPOLYLINE
  5
3CE
330
1F
100
AcDbEntity
  8
0
  6
Continuous
 62
     7
370
    25
100
AcDbPolyline
 90
        9
 70
   128
 43
0.0
 10
11.366413867
 20
6.8287358752
 10
11.3664138425
 20
6.5741774578
 10
11.366413819
 20
6.3848269837
 10
11.3664137973
 20
6.2681469607
 10
11.3664137783
 20
6.2287358752
 10
11.3664137628
 20
6.2681469607
 10
11.3664137513
 20
6.3848269837
 10
11.3664137443
 20
6.5741774578
 10
11.3664137421
 20
6.8287358752
  0
LWPOLYLINE
  5
3CF
330
1F
100
AcDbEntity
  8
0
  6
Continuous
 62
     7
370
    25
100
AcDbPolyline
 90
        9
 70
   128
 43
0.0
 10
11.3664139981
 20
6.8287358752
 10
11.3664139737
 20
6.5741774578
 10
11.3664139501
 20
6.3848269837
 10
11.3664139285
 20
6.2681469607
 10
11.3664139095
 20
6.2287358752
 10
11.3664138939
 20
6.2681469607
 10
11.3664138824
 20
6.3848269837
 10
11.3664138755
 20
6.5741774578
 10
11.3664138733
 20
6.8287358752
  0
LWPOLYLINE
  5
3D0
330
1F
100
AcDbEntity
  8
0
  6
Continuous
 62
     7
370
    25
100
AcDbPolyline
 90
        9
 70
   128
 43
0.0
 10
11.3664141293
 20
6.8287358752
 10
11.3664141048
 20
6.5741774578
 10
11.3664140813
 20
6.3848269837
 10
11.3664140596
 20
6.2681469607
 10
11.3664140406
 20
6.2287358752
 10
11.3664140251
 20
6.2681469607
 10
11.3664140136
 20
6.3848269837
 10
11.3664140066
 20
6.5741774578
 10
11.3664140044
 20
6.8287358752
  0
LWPOLYLINE
  5
3D1
330
1F
100
AcDbEntity
  8
0
  6
Continuous
 62
     7
370
    25
100
AcDbPolyline
 90
       23
 70
   128
 43
0.0
 10
11.3664134308
 20
4.3287358752
 10
11.3664134555
 20
4.8217678497
 10
11.3664134843
 20
5.2748573057
 10
11.366413515
 20
5.6512976303
 10
11.3664135451
 20
5.9205918671
 10
11.3664135721
 20
6.0609233985
 10
11.3664135939
 20
6.0609233985
 10
11.3664136087
 20
5.9205918671
 10
11.3664136152
 20
5.6512976303
 10
11.366413613
 20
5.2748573057
 10
11.3664136023
 20
4.8217678497
 10
11.3664135838
 20
4.3287358752
 10
11.3664135592
 20
3.8357039007
 10
11.3664135303
 20
3.3826144446
 10
11.3664134996
 20
3.0061741201
 10
11.3664134695
 20
2.7368798833
 10
11.3664134425
 20
2.5965483519
 10
11.3664134207
 20
2.5965483519
 10
11.366413406
 20
2.7368798833
 10
11.3664133994
 20
3.0061741201
 10
11.3664134016
 20
3.3826144446
 10
11.3664134124
 20
3.8357039007
 10
11.3664134308
 20
4.3287358752
  0
LWPOLYLINE
  5
3D2
330
1F
100
AcDbEntity
  8
0
  6
Continuous
 62
     7
370
    25
100
AcDbPolyline
 90
       23
 70
   128
 43
0.0
 10
11.3664129937
 20
-5.6712641248
 10
11.3664130184
 20
-5.1782321503
 10
11.3664130472
 20
-4.7251426943
 10
11.3664130779
 20
-4.3487023697
 10
11.366413108
 20
-4.0794081329
 10
11.366413135
 20
-3.9390766015
 10
11.3664131568
 20
-3.9390766015
 10
11.3664131716
 20
-4.0794081329
 10
11.3664131781
 20
-4.3487023697
 10
11.3664131759
 20
-4.7251426943
 10
11.3664131652
 20
-5.1782321503
 10
11.3664131467
 20
-5.6712641248
 10
11.3664131221
 20
-6.1642960993
 10
11.3664130932
 20
-6.6173855554
 10
11.3664130625
 20
-6.9938258799
 10
11.3664130324
 20
-7.2631201167
 10
11.3664130054
 20
-7.4034516481
 10
11.3664129836
 20
-7.4034516481
 10
11.3664129688
 20
-7.2631201167
 10
11.3664129623
 20
-6.9938258799
 10
11.3664129645
 20
-6.6173855554
 10
11.3664129753
 20
-6.1642960993
 10
11.3664129937
 20
-5.6712641248
  0
LWPOLYLINE
  5
3D3
330
1F
100
AcDbEntity
  8
0
  6
Continuous
 62
     7
370
    25
100
AcDbPolyline
 90
       28
 70
   128
 43
0.0
 10
11.3664139925
 20
-0.6712641248
 10
11.3664140218
 20
-0.0716628609
 10
11.3664140556
 20
0.4956137437
 10
11.3664140922
 20
0.9999836604
 10
11.3664141295
 20
1.4142561764
 10
11.3664141655
 20
1.7160977531
 10
11.3664141984
 20
1.889236033
 10
11.3664142262
 20
1.9243370867
 10
11.3664142476
 20
1.8195086072
 10
11.3664142614
 20
1.580401925
 10
11.3664142668
 20
1.2199073433
 10
11.3664142636
 20
0.7574592182
 10
11.3664142518
 20
0.2179882478
 10
11.3664142322
 20
-0.3694225481
 10
11.3664142059
 20
-0.9731057015
 10
11.3664141741
 20
-1.5605164975
 10
11.3664141387
 20
-2.0999874678
 10
11.3664141015
 20
-2.5624355929
 10
11.3664140646
 20
-2.9229301746
 10
11.3664140299
 20
-3.1620368568
 10
11.3664139993
 20
-3.2668653363
 10
11.3664139745
 20
-3.2317642826
 10
11.3664139568
 20
-3.0586260027
 10
11.3664139471
 20
-2.756784426
 10
11.3664139461
 20
-2.34251191
 10
11.3664139536
 20
-1.8381419933
 10
11.3664139694
 20
-1.2708653887
 10
11.3664139925
 20
-0.6712641248
  0
LWPOLYLINE
  5
3D4
330
1F
100
AcDbEntity
  8
0
  6
Continuous
 62
     7
370
    25
100
AcDbPolyline
 90
       28
 70
   128
 43
0.0
 10
11.3664137084
 20
-0.6712641248
 10
11.3664137377
 20
-0.0716628609
 10
11.3664137715
 20
0.4956137437
 10
11.366413808
 20
0.9999836604
 10
11.3664138453
 20
1.4142561764
 10
11.3664138814
 20
1.7160977531
 10
11.3664139142
 20
1.889236033
 10
11.3664139421
 20
1.9243370867
 10
11.3664139635
 20
1.8195086072
 10
11.3664139773
 20
1.580401925
 10
11.3664139827
 20
1.2199073433
 10
11.3664139794
 20
0.7574592182
 10
11.3664139677
 20
0.2179882478
 10
11.3664139481
 20
-0.3694225481
 10
11.3664139217
 20
-0.9731057015
 10
11.36641389
 20
-1.5605164975
 10
11.3664138545
 20
-2.0999874678
 10
11.3664138174
 20
-2.5624355929
 10
11.3664137804
 20
-2.9229301746
 10
11.3664137458
 20
-3.1620368568
 10
11.3664137152
 20
-3.2668653363
 10
11.3664136904
 20
-3.2317642826
 10
11.3664136727
 20
-3.0586260027
 10
11.366413663
 20
-2.756784426
 10
11.3664136619
 20
-2.34251191
 10
11.3664136695
 20
-1.8381419933
 10
11.3664136852
 20
-1.2708653887
 10
11.3664137084
 20
-0.6712641248
  0
SPLINE
  5
3F1
330
1F
100
AcDbEntity
  8
0
  6
Continuous
 62
     7
370
    25
100
AcDbSpline
210
0.0
220
0.0
230
1.0
 70
     8
 71
     3
 72
    11
 73
     7
 74
     0
 42
0.00000001
 43
0.00000001
 40
0.0
 40
0.0
 40
0.0
 40
0.0
 40
0.328972823105369
 40
0.4315072951052166
 40
0.4927412475742029
 40
1.0
 40
1.0
 40
1.0
 40
1.0
 10
15.41641405585666
 20
2.478735698637805
 30
0.0
 10
15.41641405459498
 20
2.478739151069932
 30
0.0
 10
15.41641405294004
 20
2.478743679558438
 30
0.0
 10
15.41641405105507
 20
2.478855567145263
 30
0.0
 10
15.4164140484953
 20
2.479178035165799
 30
0.0
 10
15.41641404644527
 20
2.482097842532138
 30
0.0
 10
15.41641404461606
 20
2.484703149212805
 30
0.0
  0
SPLINE
  5
3F2
330
1F
100
AcDbEntity
  8
0
  6
Continuous
 62
     7
370
    25
100
AcDbSpline
210
0.0
220
0.0
230
1.0
 70
     8
 71
     3
 72
    11
 73
     7
 74
     0
 42
0.00000001
 43
0.00000001
 40
0.0
 40
0.0
 40
0.0
 40
0.0
 40
0.5077716157104155
 40
0.5653994528350653
 40
0.6666465066466061
 40
1.0
 40
1.0
 40
1.0
 40
1.0
 10
15.41641406719106
 20
2.483917780536804
 30
0.0
 10
15.41641406521266
 20
2.4816387368512
 30
0.0
 10
15.41641406300972
 20
2.479101040743424
 30
0.0
 10
15.41641406052841
 20
2.478828351948736
 30
0.0
 10
15.41641405870151
 20
2.478742731333734
 30
0.0
 10
15.41641405709155
 20
2.478738751390485
 30
0.0
 10
15.41641405585666
 20
2.478735698637805
 30
0.0
  0
SPLINE
  5
3F6
330
1F
100
AcDbEntity
  8
0
  6
Continuous
 62
     7
370
    25
100
AcDbSpline
210
0.0
220
0.0
230
1.0
 70
     8
 71
     3
 72
    11
 73
     7
 74
     0
 42
0.00000001
 43
0.00000001
 40
0.0
 40
0.0
 40
0.0
 40
0.0
 40
0.3320619294898509
 40
0.4336318767695645
 40
0.4922283748227957
 40
1.0
 40
1.0
 40
1.0
 40
1.0
 10
15.41641412579485
 20
4.078735697679805
 30
0.0
 10
15.41641412702471
 20
4.078732928810663
 30
0.0
 10
15.41641412863074
 20
4.078729313009466
 30
0.0
 10
15.41641413045012
 20
4.078641997081654
 30
0.0
 10
15.41641413291275
 20
4.078377438180365
 30
0.0
 10
15.41641413489715
 20
4.075833952341842
 30
0.0
 10
15.41641413667626
 20
4.073553615781805
 30
0.0
  0
SPLINE
  5
3F7
330
1F
100
AcDbEntity
  8
0
  6
Continuous
 62
     7
370
    25
100
AcDbSpline
210
0.0
220
0.0
230
1.0
 70
     8
 71
     3
 72
    11
 73
     7
 74
     0
 42
0.00000001
 43
0.00000001
 40
0.0
 40
0.0
 40
0.0
 40
0.0
 40
0.5072587386929189
 40
0.5674595255646275
 40
0.6696495997233534
 40
1.0
 40
1.0
 40
1.0
 40
1.0
 10
15.41641411403265
 20
4.072768247104804
 30
0.0
 10
15.41641411608954
 20
4.075371934220859
 30
0.0
 10
15.41641411839055
 20
4.078284623432287
 30
0.0
 10
15.4164141209736
 20
4.078617132511964
 30
0.0
 10
15.41641412286836
 20
4.078727007906457
 30
0.0
 10
15.41641412452761
 20
4.078731934795493
 30
0.0
 10
15.41641412579485
 20
4.078735697679805
 30
0.0
  0
LWPOLYLINE
  5
3F9
330
1F
100
AcDbEntity
  8
0
  6
Continuous
 62
     7
370
    25
100
AcDbPolyline
 90
       13
 70
   128
 43
0.0
 10
15.4164137648
 20
4.5287356982
 10
15.4164137809
 20
4.6103234578
 10
15.4164138003
 20
4.6103234578
 10
15.4164138124
 20
4.4660252623
 10
15.4164138158
 20
4.1930658199
 10
15.4164138102
 20
3.8210245214
 10
15.4164137961
 20
3.3902178145
 10
15.4164137751
 20
2.9473302905
 10
15.4164137496
 20
2.5403556847
 10
15.4164137221
 20
2.2133960105
 10
15.4164136958
 20
2.0018824219
 10
15.4164136734
 20
1.9287356982
 10
15.4164136734
 20
1.9287356982
  0
SPLINE
  5
400
330
1F
100
AcDbEntity
  8
0
  6
Continuous
 62
     7
370
    25
100
AcDbSpline
210
0.0
220
0.0
230
1.0
 70
     8
 71
     3
 72
     9
 73
     5
 74
     0
 42
0.00000001
 43
0.00000001
 40
0.0
 40
0.0
 40
0.0
 40
0.0
 40
0.5004267720514972
 40
1.0
 40
1.0
 40
1.0
 40
1.0
 10
15.41641376627766
 20
-3.869781785930195
 30
0.0
 10
15.4164137709871
 20
-3.852523764240534
 30
0.0
 10
15.41641378039794
 20
-3.818037156701707
 30
0.0
 10
15.41641378692199
 20
-3.850042604125003
 30
0.0
 10
15.41641379018123
 20
-3.866031668806195
 30
0.0
  0
LWPOLYLINE
  5
402
330
1F
100
AcDbEntity
  8
0
  6
Continuous
 62
     7
370
    25
100
AcDbPolyline
 90
       13
 70
   128
 43
0.0
 10
15.4164134195
 20
-3.3712643018
 10
15.4164134356
 20
-3.2896765422
 10
15.416413455
 20
-3.2896765422
 10
15.4164134671
 20
-3.4339747377
 10
15.4164134705
 20
-3.7069341801
 10
15.4164134649
 20
-4.0789754786
 10
15.4164134508
 20
-4.5097821855
 10
15.4164134298
 20
-4.9526697095
 10
15.4164134042
 20
-5.3596443153
 10
15.4164133768
 20
-5.6866039895
 10
15.4164133505
 20
-5.8981175781
 10
15.4164133281
 20
-5.9712643018
 10
15.4164133281
 20
-5.9712643018
  0
LWPOLYLINE
  5
427
330
1F
100
AcDbEntity
  8
0
  6
Continuous
 62
     7
370
    25
100
AcDbPolyline
 90
        5
 70
   128
 43
0.0
 10
19.3664140069
 20
6.5584062166
 10
19.366414013
 20
6.3946085822
 10
19.3664140225
 20
6.285076572
 10
19.366414035
 20
6.2330508684
 10
19.3664140406
 20
6.2287355255
  0
LWPOLYLINE
  5
428
330
1F
100
AcDbEntity
  8
0
  6
Continuous
 62
     7
370
    25
100
AcDbPolyline
 90
        5
 70
   128
 43
0.0
 10
19.3664134374
 20
-7.5712644745
 10
19.3664134315
 20
-7.5755798174
 10
19.3664134143
 20
-7.627605521
 10
19.3664133953
 20
-7.7371375312
 10
19.3664133749
 20
-7.9009351657
  0
LWPOLYLINE
  5
44F
330
1F
100
AcDbEntity
  8
0
  6
Continuous
 62
     7
370
    25
100
AcDbPolyline
 90
        9
 70
   128
 43
0.0
 10
-22.6335942807
 20
-8.1712641248
 10
-22.6335942562
 20
-7.9167057074
 10
-22.6335942327
 20
-7.7273552334
 10
-22.633594211
 20
-7.6106752104
 10
-22.633594192
 20
-7.5712641248
 10
-22.6335941765
 20
-7.6106752104
 10
-22.633594165
 20
-7.7273552334
 10
-22.633594158
 20
-7.9167057074
 10
-22.6335941558
 20
-8.1712641248
  0
LWPOLYLINE
  5
450
330
1F
100
AcDbEntity
  8
0
  6
Continuous
 62
     7
370
    25
100
AcDbPolyline
 90
        9
 70
   128
 43
0.0
 10
-22.6335944118
 20
-8.1712641248
 10
-22.6335943874
 20
-7.9167057074
 10
-22.6335943638
 20
-7.7273552334
 10
-22.6335943421
 20
-7.6106752104
 10
-22.6335943231
 20
-7.5712641248
 10
-22.6335943076
 20
-7.6106752104
 10
-22.6335942961
 20
-7.7273552334
 10
-22.6335942891
 20
-7.9167057074
 10
-22.6335942869
 20
-8.1712641248
  0
LWPOLYLINE
  5
451
330
1F
100
AcDbEntity
  8
0
  6
Continuous
 62
     7
370
    25
100
AcDbPolyline
 90
        9
 70
   128
 43
0.0
 10
-22.6335945429
 20
-8.1712641248
 10
-22.6335945185
 20
-7.9167057074
 10
-22.633594495
 20
-7.7273552334
 10
-22.6335944733
 20
-7.6106752104
 10
-22.6335944543
 20
-7.5712641248
 10
-22.6335944387
 20
-7.6106752104
 10
-22.6335944272
 20
-7.7273552334
 10
-22.6335944203
 20
-7.9167057074
 10
-22.6335944181
 20
-8.1712641248
  0
LWPOLYLINE
  5
453
330
1F
100
AcDbEntity
  8
0
  6
Continuous
 62
     7
370
    25
100
AcDbPolyline
 90
        9
 70
   128
 43
0.0
 10
-22.6335947209
 20
-8.1712641248
 10
-22.6335947324
 20
-8.1424420454
 10
-22.633594741
 20
-8.0570834236
 10
-22.6335947463
 20
-7.9184685433
 10
-22.6335947481
 20
-7.7319242966
 10
-22.6335947463
 20
-7.5046194743
 10
-22.633594741
 20
-7.2452892734
 10
-22.6335947324
 20
-6.9638996078
 10
-22.6335947209
 20
-6.6712641248
  0
LWPOLYLINE
  5
455
330
1F
100
AcDbEntity
  8
0
  6
Continuous
 62
     7
370
    25
100
AcDbPolyline
 90
        9
 70
   128
 43
0.0
 10
-22.6335941964
 20
5.3287358752
 10
-22.6335941823
 20
5.6213713582
 10
-22.6335941663
 20
5.9027610237
 10
-22.6335941489
 20
6.1620912247
 10
-22.6335941308
 20
6.389396047
 10
-22.6335941127
 20
6.5759402936
 10
-22.6335940953
 20
6.714555174
 10
-22.6335940793
 20
6.7999137958
 10
-22.6335940652
 20
6.8287358752
  0
LWPOLYLINE
  5
457
330
1F
100
AcDbEntity
  8
0
  6
Continuous
 62
     7
370
    25
100
AcDbPolyline
 90
        9
 70
   128
 43
0.0
 10
-22.6335937624
 20
6.8287358752
 10
-22.6335937868
 20
6.5741774578
 10
-22.6335938104
 20
6.3848269837
 10
-22.6335938321
 20
6.2681469607
 10
-22.6335938511
 20
6.2287358752
 10
-22.6335938666
 20
6.2681469607
 10
-22.6335938781
 20
6.3848269837
 10
-22.6335938851
 20
6.5741774578
 10
-22.6335938873
 20
6.8287358752
  0
LWPOLYLINE
  5
458
330
1F
100
AcDbEntity
  8
0
  6
Continuous
 62
     7
370
    25
100
AcDbPolyline
 90
        9
 70
   128
 43
0.0
 10
-22.6335936313
 20
6.8287358752
 10
-22.6335936557
 20
6.5741774578
 10
-22.6335936792
 20
6.3848269837
 10
-22.6335937009
 20
6.2681469607
 10
-22.6335937199
 20
6.2287358752
 10
-22.6335937355
 20
6.2681469607
 10
-22.633593747
 20
6.3848269837
 10
-22.6335937539
 20
6.5741774578
 10
-22.6335937561
 20
6.8287358752
  0
LWPOLYLINE
  5
459
330
1F
100
AcDbEntity
  8
0
  6
Continuous
 62
     7
370
    25
100
AcDbPolyline
 90
        9
 70
   128
 43
0.0
 10
-22.6335935001
 20
6.8287358752
 10
-22.6335935246
 20
6.5741774578
 10
-22.6335935481
 20
6.3848269837
 10
-22.6335935698
 20
6.2681469607
 10
-22.6335935888
 20
6.2287358752
 10
-22.6335936043
 20
6.2681469607
 10
-22.6335936158
 20
6.3848269837
 10
-22.6335936228
 20
6.5741774578
 10
-22.633593625
 20
6.8287358752
  0
LWPOLYLINE
  5
45B
330
1F
100
AcDbEntity
  8
0
  6
Continuous
 62
     7
370
    25
100
AcDbPolyline
 90
       23
 70
   128
 43
0.0
 10
-22.6335941986
 20
4.3287358752
 10
-22.6335941739
 20
4.8217678497
 10
-22.6335941451
 20
5.2748573057
 10
-22.6335941144
 20
5.6512976303
 10
-22.6335940843
 20
5.9205918671
 10
-22.6335940572
 20
6.0609233985
 10
-22.6335940355
 20
6.0609233985
 10
-22.6335940207
 20
5.9205918671
 10
-22.6335940142
 20
5.6512976303
 10
-22.6335940164
 20
5.2748573057
 10
-22.6335940271
 20
4.8217678497
 10
-22.6335940456
 20
4.3287358752
 10
-22.6335940702
 20
3.8357039007
 10
-22.6335940991
 20
3.3826144446
 10
-22.6335941298
 20
3.0061741201
 10
-22.6335941599
 20
2.7368798833
 10
-22.6335941869
 20
2.5965483519
 10
-22.6335942087
 20
2.5965483519
 10
-22.6335942234
 20
2.7368798833
 10
-22.63359423
 20
3.0061741201
 10
-22.6335942278
 20
3.3826144446
 10
-22.633594217
 20
3.8357039007
 10
-22.6335941986
 20
4.3287358752
  0
LWPOLYLINE
  5
45C
330
1F
100
AcDbEntity
  8
0
  6
Continuous
 62
     7
370
    25
100
AcDbPolyline
 90
       23
 70
   128
 43
0.0
 10
-22.6335946357
 20
-5.6712641248
 10
-22.633594611
 20
-5.1782321503
 10
-22.6335945822
 20
-4.7251426943
 10
-22.6335945515
 20
-4.3487023697
 10
-22.6335945214
 20
-4.0794081329
 10
-22.6335944944
 20
-3.9390766015
 10
-22.6335944726
 20
-3.9390766015
 10
-22.6335944578
 20
-4.0794081329
 10
-22.6335944513
 20
-4.3487023697
 10
-22.6335944535
 20
-4.7251426943
 10
-22.6335944642
 20
-5.1782321503
 10
-22.6335944827
 20
-5.6712641248
 10
-22.6335945073
 20
-6.1642960993
 10
-22.6335945362
 20
-6.6173855554
 10
-22.6335945669
 20
-6.9938258799
 10
-22.633594597
 20
-7.2631201167
 10
-22.633594624
 20
-7.4034516481
 10
-22.6335946458
 20
-7.4034516481
 10
-22.6335946605
 20
-7.2631201167
 10
-22.6335946671
 20
-6.9938258799
 10
-22.6335946649
 20
-6.6173855554
 10
-22.6335946541
 20
-6.1642960993
 10
-22.6335946357
 20
-5.6712641248
  0
LWPOLYLINE
  5
45D
330
1F
100
AcDbEntity
  8
0
  6
Continuous
 62
     7
370
    25
100
AcDbPolyline
 90
       28
 70
   128
 43
0.0
 10
-22.6335936369
 20
-0.6712641248
 10
-22.6335936076
 20
-0.0716628609
 10
-22.6335935738
 20
0.4956137437
 10
-22.6335935372
 20
0.9999836604
 10
-22.6335934999
 20
1.4142561764
 10
-22.6335934639
 20
1.7160977531
 10
-22.633593431
 20
1.889236033
 10
-22.6335934032
 20
1.9243370867
 10
-22.6335933818
 20
1.8195086072
 10
-22.633593368
 20
1.580401925
 10
-22.6335933626
 20
1.2199073433
 10
-22.6335933658
 20
0.7574592182
 10
-22.6335933776
 20
0.2179882478
 10
-22.6335933971
 20
-0.3694225481
 10
-22.6335934235
 20
-0.9731057015
 10
-22.6335934553
 20
-1.5605164975
 10
-22.6335934907
 20
-2.0999874678
 10
-22.6335935279
 20
-2.5624355929
 10
-22.6335935648
 20
-2.9229301746
 10
-22.6335935995
 20
-3.1620368568
 10
-22.6335936301
 20
-3.2668653363
 10
-22.6335936549
 20
-3.2317642826
 10
-22.6335936726
 20
-3.0586260027
 10
-22.6335936823
 20
-2.756784426
 10
-22.6335936833
 20
-2.34251191
 10
-22.6335936758
 20
-1.8381419933
 10
-22.63359366
 20
-1.2708653887
 10
-22.6335936369
 20
-0.6712641248
  0
LWPOLYLINE
  5
45E
330
1F
100
AcDbEntity
  8
0
  6
Continuous
 62
     7
370
    25
100
AcDbPolyline
 90
       28
 70
   128
 43
0.0
 10
-22.633593921
 20
-0.6712641248
 10
-22.6335938917
 20
-0.0716628609
 10
-22.6335938579
 20
0.4956137437
 10
-22.6335938214
 20
0.9999836604
 10
-22.6335937841
 20
1.4142561764
 10
-22.633593748
 20
1.7160977531
 10
-22.6335937152
 20
1.889236033
 10
-22.6335936873
 20
1.9243370867
 10
-22.6335936659
 20
1.8195086072
 10
-22.6335936521
 20
1.580401925
 10
-22.6335936467
 20
1.2199073433
 10
-22.6335936499
 20
0.7574592182
 10
-22.6335936617
 20
0.2179882478
 10
-22.6335936813
 20
-0.3694225481
 10
-22.6335937077
 20
-0.9731057015
 10
-22.6335937394
 20
-1.5605164975
 10
-22.6335937748
 20
-2.0999874678
 10
-22.633593812
 20
-2.5624355929
 10
-22.6335938489
 20
-2.9229301746
 10
-22.6335938836
 20
-3.1620368568
 10
-22.6335939142
 20
-3.2668653363
 10
-22.633593939
 20
-3.2317642826
 10
-22.6335939567
 20
-3.0586260027
 10
-22.6335939664
 20
-2.756784426
 10
-22.6335939675
 20
-2.34251191
 10
-22.6335939599
 20
-1.8381419933
 10
-22.6335939441
 20
-1.2708653887
 10
-22.633593921
 20
-0.6712641248
  0
SPLINE
  5
45F
330
1F
100
AcDbEntity
  8
0
  6
Continuous
 62
     7
370
    25
100
AcDbSpline
210
0.0
220
0.0
230
1.0
 70
     8
 71
     3
 72
    11
 73
     7
 74
     0
 42
0.00000001
 43
0.00000001
 40
0.0
 40
0.0
 40
0.0
 40
0.0
 40
0.2780421470834816
 40
0.5575282817655481
 40
0.7786676629505244
 40
1.0
 40
1.0
 40
1.0
 40
1.0
 10
-22.13359348825594
 20
7.328735853334804
 30
0.0
 10
-22.21016892915979
 20
7.318219702316958
 30
0.0
 10
-22.36371749882948
 20
7.297132785569742
 30
0.0
 10
-22.52484707302018
 20
7.157818151673085
 30
0.0
 10
-22.61726516227459
 20
6.996175221117002
 30
0.0
 10
-22.62814913872907
 20
6.884565214364676
 30
0.0
 10
-22.63359350013294
 20
6.828735875189805
 30
0.0
  0
SPLINE
  5
460
330
1F
100
AcDbEntity
  8
0
  6
Continuous
 62
     7
370
    25
100
AcDbSpline
210
0.0
220
0.0
230
1.0
 70
     8
 71
     3
 72
    11
 73
     7
 74
     0
 42
0.00000001
 43
0.00000001
 40
0.0
 40
0.0
 40
0.0
 40
0.0
 40
0.2781001899654271
 40
0.557532570713042
 40
0.7786132289513901
 40
1.0
 40
1.0
 40
1.0
 40
1.0
 10
-22.13359418763794
 20
-8.671264146665646
 30
0.0
 10
-22.21018578447016
 20
-8.660743448316888
 30
0.0
 10
-22.36373587691056
 20
-8.63965165403653
 30
0.0
 10
-22.52484371880725
 20
-8.500341399175406
 30
0.0
 10
-22.61726018852245
 20
-8.33871799141624
 30
0.0
 10
-22.62814698943362
 20
-8.227107818815263
 30
0.0
 10
-22.63359415580394
 20
-8.171264124810197
 30
0.0
  0
SPLINE
  5
47E
330
1F
100
AcDbEntity
  8
0
  6
Continuous
 62
     7
370
    25
100
AcDbSpline
210
0.0
220
0.0
230
1.0
 70
     8
 71
     3
 72
    11
 73
     7
 74
     0
 42
0.00000001
 43
0.00000001
 40
0.0
 40
0.0
 40
0.0
 40
0.0
 40
0.328972823105369
 40
0.4315072951052166
 40
0.4927412475742029
 40
1.0
 40
1.0
 40
1.0
 40
1.0
 10
-18.58359357354333
 20
2.478735698637805
 30
0.0
 10
-18.58359357480499
 20
2.478739151069932
 30
0.0
 10
-18.58359357645987
 20
2.478743679558438
 30
0.0
 10
-18.58359357834494
 20
2.478855567145263
 30
0.0
 10
-18.58359358090465
 20
2.479178035165799
 30
0.0
 10
-18.58359358295471
 20
2.482097842532138
 30
0.0
 10
-18.58359358478394
 20
2.484703149212805
 30
0.0
  0
SPLINE
  5
47F
330
1F
100
AcDbEntity
  8
0
  6
Continuous
 62
     7
370
    25
100
AcDbSpline
210
0.0
220
0.0
230
1.0
 70
     8
 71
     3
 72
    11
 73
     7
 74
     0
 42
0.00000001
 43
0.00000001
 40
0.0
 40
0.0
 40
0.0
 40
0.0
 40
0.5077716157104155
 40
0.5653994528350653
 40
0.6666465066466061
 40
1.0
 40
1.0
 40
1.0
 40
1.0
 10
-18.58359356220894
 20
2.483917780536804
 30
0.0
 10
-18.58359356418735
 20
2.4816387368512
 30
0.0
 10
-18.58359356639028
 20
2.479101040743424
 30
0.0
 10
-18.58359356887155
 20
2.478828351948736
 30
0.0
 10
-18.58359357069849
 20
2.478742731333734
 30
0.0
 10
-18.58359357230844
 20
2.478738751390485
 30
0.0
 10
-18.58359357354333
 20
2.478735698637805
 30
0.0
  0
SPLINE
  5
483
330
1F
100
AcDbEntity
  8
0
  6
Continuous
 62
     7
370
    25
100
AcDbSpline
210
0.0
220
0.0
230
1.0
 70
     8
 71
     3
 72
    11
 73
     7
 74
     0
 42
0.00000001
 43
0.00000001
 40
0.0
 40
0.0
 40
0.0
 40
0.0
 40
0.3320619294898509
 40
0.4336318767695645
 40
0.4922283748227957
 40
1.0
 40
1.0
 40
1.0
 40
1.0
 10
-18.58359350360514
 20
4.078735697679805
 30
0.0
 10
-18.58359350237528
 20
4.078732928810663
 30
0.0
 10
-18.58359350076923
 20
4.078729313009466
 30
0.0
 10
-18.58359349894985
 20
4.078641997081654
 30
0.0
 10
-18.58359349648726
 20
4.078377438180365
 30
0.0
 10
-18.58359349450285
 20
4.075833952341842
 30
0.0
 10
-18.58359349272375
 20
4.073553615781805
 30
0.0
  0
SPLINE
  5
484
330
1F
100
AcDbEntity
  8
0
  6
Continuous
 62
     7
370
    25
100
AcDbSpline
210
0.0
220
0.0
230
1.0
 70
     8
 71
     3
 72
    11
 73
     7
 74
     0
 42
0.00000001
 43
0.00000001
 40
0.0
 40
0.0
 40
0.0
 40
0.0
 40
0.5072587386929189
 40
0.5674595255646275
 40
0.6696495997233534
 40
1.0
 40
1.0
 40
1.0
 40
1.0
 10
-18.58359351536734
 20
4.072768247104804
 30
0.0
 10
-18.58359351331047
 20
4.075371934220859
 30
0.0
 10
-18.5835935110095
 20
4.078284623432287
 30
0.0
 10
-18.58359350842637
 20
4.078617132511964
 30
0.0
 10
-18.58359350653165
 20
4.078727007906457
 30
0.0
 10
-18.58359350487239
 20
4.078731934795493
 30
0.0
 10
-18.58359350360514
 20
4.078735697679805
 30
0.0
  0
LWPOLYLINE
  5
486
330
1F
100
AcDbEntity
  8
0
  6
Continuous
 62
     7
370
    25
100
AcDbPolyline
 90
       13
 70
   128
 43
0.0
 10
-18.5835938646
 20
4.5287356982
 10
-18.5835938485
 20
4.6103234578
 10
-18.583593829
 20
4.6103234578
 10
-18.583593817
 20
4.4660252623
 10
-18.5835938136
 20
4.1930658199
 10
-18.5835938192
 20
3.8210245214
 10
-18.5835938333
 20
3.3902178145
 10
-18.5835938542
 20
2.9473302905
 10
-18.5835938798
 20
2.5403556847
 10
-18.5835939073
 20
2.2133960105
 10
-18.5835939336
 20
2.0018824219
 10
-18.583593956
 20
1.9287356982
 10
-18.583593956
 20
1.9287356982
  0
SPLINE
  5
48C
330
1F
100
AcDbEntity
  8
0
  6
Continuous
 62
     7
370
    25
100
AcDbSpline
210
0.0
220
0.0
230
1.0
 70
     8
 71
     3
 72
     9
 73
     5
 74
     0
 42
0.00000001
 43
0.00000001
 40
0.0
 40
0.0
 40
0.0
 40
0.0
 40
0.5004267720514972
 40
1.0
 40
1.0
 40
1.0
 40
1.0
 10
-18.58359386312235
 20
-3.869781785930195
 30
0.0
 10
-18.5835938584129
 20
-3.852523764240534
 30
0.0
 10
-18.58359384900205
 20
-3.818037156701707
 30
0.0
 10
-18.58359384247799
 20
-3.850042604125003
 30
0.0
 10
-18.58359383921875
 20
-3.866031668806195
 30
0.0
  0
LWPOLYLINE
  5
48E
330
1F
100
AcDbEntity
  8
0
  6
Continuous
 62
     7
370
    25
100
AcDbPolyline
 90
       13
 70
   128
 43
0.0
 10
-18.5835942099
 20
-3.3712643018
 10
-18.5835941938
 20
-3.2896765422
 10
-18.5835941744
 20
-3.2896765422
 10
-18.5835941623
 20
-3.4339747377
 10
-18.5835941589
 20
-3.7069341801
 10
-18.5835941645
 20
-4.0789754786
 10
-18.5835941786
 20
-4.5097821855
 10
-18.5835941996
 20
-4.9526697095
 10
-18.5835942252
 20
-5.3596443153
 10
-18.5835942526
 20
-5.6866039895
 10
-18.5835942789
 20
-5.8981175781
 10
-18.5835943013
 20
-5.9712643018
 10
-18.5835943013
 20
-5.9712643018
  0
LWPOLYLINE
  5
4B3
330
1F
100
AcDbEntity
  8
0
  6
Continuous
 62
     7
370
    25
100
AcDbPolyline
 90
        5
 70
   128
 43
0.0
 10
-14.6335936225
 20
6.5584062166
 10
-14.6335936164
 20
6.3946085822
 10
-14.6335936069
 20
6.285076572
 10
-14.6335935943
 20
6.2330508684
 10
-14.6335935888
 20
6.2287355255
  0
LWPOLYLINE
  5
4B4
330
1F
100
AcDbEntity
  8
0
  6
Continuous
 62
     7
370
    25
100
AcDbPolyline
 90
        5
 70
   128
 43
0.0
 10
-14.633594192
 20
-7.5712644745
 10
-14.6335941979
 20
-7.5755798174
 10
-14.6335942151
 20
-7.627605521
 10
-14.6335942341
 20
-7.7371375312
 10
-14.6335942545
 20
-7.9009351657
  0
SPLINE
  5
4BB
330
1F
100
AcDbEntity
  8
0
  6
Continuous
 62
     7
370
    25
100
AcDbSpline
210
0.0
220
0.0
230
1.0
 70
     8
 71
     3
 72
    11
 73
     7
 74
     0
 42
0.00000001
 43
0.00000001
 40
0.0
 40
0.0
 40
0.0
 40
0.0
 40
0.2780421470834788
 40
0.5575282817655424
 40
0.7786676629505316
 40
0.9999999999999999
 40
0.9999999999999999
 40
0.9999999999999999
 40
0.9999999999999999
 10
-56.13359348825595
 20
7.328735853334804
 30
0.0
 10
-56.21016892915979
 20
7.318219702316958
 30
0.0
 10
-56.36371749882947
 20
7.297132785569741
 30
0.0
 10
-56.52484707302018
 20
7.157818151673077
 30
0.0
 10
-56.61726516227463
 20
6.99617522111701
 30
0.0
 10
-56.62814913872909
 20
6.884565214364679
 30
0.0
 10
-56.63359350013295
 20
6.828735875189806
 30
0.0
  0
SPLINE
  5
4BD
330
1F
100
AcDbEntity
  8
0
  6
Continuous
 62
     7
370
    25
100
AcDbSpline
210
0.0
220
0.0
230
1.0
 70
     8
 71
     3
 72
    11
 73
     7
 74
     0
 42
0.00000001
 43
0.00000001
 40
0.0
 40
0.0
 40
0.0
 40
0.0
 40
0.2781001899654299
 40
0.5575325707130347
 40
0.7786132289513852
 40
0.9999999999999999
 40
0.9999999999999999
 40
0.9999999999999999
 40
0.9999999999999999
 10
-56.13359418763794
 20
-8.671264146665646
 30
0.0
 10
-56.21018578447015
 20
-8.660743448316888
 30
0.0
 10
-56.36373587691053
 20
-8.639651654036527
 30
0.0
 10
-56.52484371880726
 20
-8.500341399175406
 30
0.0
 10
-56.61726018852244
 20
-8.338717991416244
 30
0.0
 10
-56.62814698943362
 20
-8.227107818815261
 30
0.0
 10
-56.63359415580395
 20
-8.171264124810197
 30
0.0
  0
LWPOLYLINE
  5
4DE
330
1F
100
AcDbEntity
  8
0
  6
Continuous
 62
     7
370
    25
100
AcDbPolyline
 90
        9
 70
   128
 43
0.0
 10
-56.6335942807
 20
-8.1712641248
 10
-56.6335942562
 20
-7.9167057074
 10
-56.6335942327
 20
-7.7273552334
 10
-56.633594211
 20
-7.6106752104
 10
-56.633594192
 20
-7.5712641248
 10
-56.6335941765
 20
-7.6106752104
 10
-56.633594165
 20
-7.7273552334
 10
-56.633594158
 20
-7.9167057074
 10
-56.6335941558
 20
-8.1712641248
  0
LWPOLYLINE
  5
4DF
330
1F
100
AcDbEntity
  8
0
  6
Continuous
 62
     7
370
    25
100
AcDbPolyline
 90
        9
 70
   128
 43
0.0
 10
-56.6335944118
 20
-8.1712641248
 10
-56.6335943874
 20
-7.9167057074
 10
-56.6335943638
 20
-7.7273552334
 10
-56.6335943421
 20
-7.6106752104
 10
-56.6335943231
 20
-7.5712641248
 10
-56.6335943076
 20
-7.6106752104
 10
-56.6335942961
 20
-7.7273552334
 10
-56.6335942891
 20
-7.9167057074
 10
-56.6335942869
 20
-8.1712641248
  0
LWPOLYLINE
  5
4E0
330
1F
100
AcDbEntity
  8
0
  6
Continuous
 62
     7
370
    25
100
AcDbPolyline
 90
        9
 70
   128
 43
0.0
 10
-56.6335945429
 20
-8.1712641248
 10
-56.6335945185
 20
-7.9167057074
 10
-56.633594495
 20
-7.7273552334
 10
-56.6335944733
 20
-7.6106752104
 10
-56.6335944543
 20
-7.5712641248
 10
-56.6335944387
 20
-7.6106752104
 10
-56.6335944272
 20
-7.7273552334
 10
-56.6335944203
 20
-7.9167057074
 10
-56.6335944181
 20
-8.1712641248
  0
LWPOLYLINE
  5
4E2
330
1F
100
AcDbEntity
  8
0
  6
Continuous
 62
     7
370
    25
100
AcDbPolyline
 90
        9
 70
   128
 43
0.0
 10
-56.6335947209
 20
-8.1712641248
 10
-56.6335947324
 20
-8.1424420454
 10
-56.633594741
 20
-8.0570834236
 10
-56.6335947463
 20
-7.9184685433
 10
-56.6335947481
 20
-7.7319242966
 10
-56.6335947463
 20
-7.5046194743
 10
-56.633594741
 20
-7.2452892734
 10
-56.6335947324
 20
-6.9638996078
 10
-56.6335947209
 20
-6.6712641248
  0
LWPOLYLINE
  5
4E4
330
1F
100
AcDbEntity
  8
0
  6
Continuous
 62
     7
370
    25
100
AcDbPolyline
 90
        9
 70
   128
 43
0.0
 10
-56.6335941964
 20
5.3287358752
 10
-56.6335941823
 20
5.6213713582
 10
-56.6335941663
 20
5.9027610237
 10
-56.6335941489
 20
6.1620912247
 10
-56.6335941308
 20
6.389396047
 10
-56.6335941127
 20
6.5759402936
 10
-56.6335940953
 20
6.714555174
 10
-56.6335940793
 20
6.7999137958
 10
-56.6335940652
 20
6.8287358752
  0
LWPOLYLINE
  5
4E6
330
1F
100
AcDbEntity
  8
0
  6
Continuous
 62
     7
370
    25
100
AcDbPolyline
 90
        9
 70
   128
 43
0.0
 10
-56.6335937624
 20
6.8287358752
 10
-56.6335937868
 20
6.5741774578
 10
-56.6335938104
 20
6.3848269837
 10
-56.6335938321
 20
6.2681469607
 10
-56.6335938511
 20
6.2287358752
 10
-56.6335938666
 20
6.2681469607
 10
-56.6335938781
 20
6.3848269837
 10
-56.6335938851
 20
6.5741774578
 10
-56.6335938873
 20
6.8287358752
  0
LWPOLYLINE
  5
4E7
330
1F
100
AcDbEntity
  8
0
  6
Continuous
 62
     7
370
    25
100
AcDbPolyline
 90
        9
 70
   128
 43
0.0
 10
-56.6335936313
 20
6.8287358752
 10
-56.6335936557
 20
6.5741774578
 10
-56.6335936792
 20
6.3848269837
 10
-56.6335937009
 20
6.2681469607
 10
-56.6335937199
 20
6.2287358752
 10
-56.6335937355
 20
6.2681469607
 10
-56.633593747
 20
6.3848269837
 10
-56.6335937539
 20
6.5741774578
 10
-56.6335937561
 20
6.8287358752
  0
LWPOLYLINE
  5
4E8
330
1F
100
AcDbEntity
  8
0
  6
Continuous
 62
     7
370
    25
100
AcDbPolyline
 90
        9
 70
   128
 43
0.0
 10
-56.6335935001
 20
6.8287358752
 10
-56.6335935246
 20
6.5741774578
 10
-56.6335935481
 20
6.3848269837
 10
-56.6335935698
 20
6.2681469607
 10
-56.6335935888
 20
6.2287358752
 10
-56.6335936043
 20
6.2681469607
 10
-56.6335936158
 20
6.3848269837
 10
-56.6335936228
 20
6.5741774578
 10
-56.633593625
 20
6.8287358752
  0
LWPOLYLINE
  5
4E9
330
1F
100
AcDbEntity
  8
0
  6
Continuous
 62
     7
370
    25
100
AcDbPolyline
 90
       23
 70
   128
 43
0.0
 10
-56.6335941986
 20
4.3287358752
 10
-56.6335941739
 20
4.8217678497
 10
-56.6335941451
 20
5.2748573057
 10
-56.6335941144
 20
5.6512976303
 10
-56.6335940843
 20
5.9205918671
 10
-56.6335940572
 20
6.0609233985
 10
-56.6335940355
 20
6.0609233985
 10
-56.6335940207
 20
5.9205918671
 10
-56.6335940142
 20
5.6512976303
 10
-56.6335940164
 20
5.2748573057
 10
-56.6335940271
 20
4.8217678497
 10
-56.6335940456
 20
4.3287358752
 10
-56.6335940702
 20
3.8357039007
 10
-56.6335940991
 20
3.3826144446
 10
-56.6335941298
 20
3.0061741201
 10
-56.6335941599
 20
2.7368798833
 10
-56.6335941869
 20
2.5965483519
 10
-56.6335942087
 20
2.5965483519
 10
-56.6335942234
 20
2.7368798833
 10
-56.63359423
 20
3.0061741201
 10
-56.6335942278
 20
3.3826144446
 10
-56.633594217
 20
3.8357039007
 10
-56.6335941986
 20
4.3287358752
  0
LWPOLYLINE
  5
4EA
330
1F
100
AcDbEntity
  8
0
  6
Continuous
 62
     7
370
    25
100
AcDbPolyline
 90
       23
 70
   128
 43
0.0
 10
-56.6335946357
 20
-5.6712641248
 10
-56.633594611
 20
-5.1782321503
 10
-56.6335945822
 20
-4.7251426943
 10
-56.6335945515
 20
-4.3487023697
 10
-56.6335945214
 20
-4.0794081329
 10
-56.6335944944
 20
-3.9390766015
 10
-56.6335944726
 20
-3.9390766015
 10
-56.6335944578
 20
-4.0794081329
 10
-56.6335944513
 20
-4.3487023697
 10
-56.6335944535
 20
-4.7251426943
 10
-56.6335944642
 20
-5.1782321503
 10
-56.6335944827
 20
-5.6712641248
 10
-56.6335945073
 20
-6.1642960993
 10
-56.6335945362
 20
-6.6173855554
 10
-56.6335945669
 20
-6.9938258799
 10
-56.633594597
 20
-7.2631201167
 10
-56.633594624
 20
-7.4034516481
 10
-56.6335946458
 20
-7.4034516481
 10
-56.6335946605
 20
-7.2631201167
 10
-56.6335946671
 20
-6.9938258799
 10
-56.6335946649
 20
-6.6173855554
 10
-56.6335946541
 20
-6.1642960993
 10
-56.6335946357
 20
-5.6712641248
  0
LWPOLYLINE
  5
4EB
330
1F
100
AcDbEntity
  8
0
  6
Continuous
 62
     7
370
    25
100
AcDbPolyline
 90
       28
 70
   128
 43
0.0
 10
-56.6335936369
 20
-0.6712641248
 10
-56.6335936076
 20
-0.0716628609
 10
-56.6335935738
 20
0.4956137437
 10
-56.6335935372
 20
0.9999836604
 10
-56.6335934999
 20
1.4142561764
 10
-56.6335934639
 20
1.7160977531
 10
-56.633593431
 20
1.889236033
 10
-56.6335934032
 20
1.9243370867
 10
-56.6335933818
 20
1.8195086072
 10
-56.633593368
 20
1.580401925
 10
-56.6335933626
 20
1.2199073433
 10
-56.6335933658
 20
0.7574592182
 10
-56.6335933776
 20
0.2179882478
 10
-56.6335933971
 20
-0.3694225481
 10
-56.6335934235
 20
-0.9731057015
 10
-56.6335934553
 20
-1.5605164975
 10
-56.6335934907
 20
-2.0999874678
 10
-56.6335935279
 20
-2.5624355929
 10
-56.6335935648
 20
-2.9229301746
 10
-56.6335935995
 20
-3.1620368568
 10
-56.6335936301
 20
-3.2668653363
 10
-56.6335936549
 20
-3.2317642826
 10
-56.6335936726
 20
-3.0586260027
 10
-56.6335936823
 20
-2.756784426
 10
-56.6335936833
 20
-2.34251191
 10
-56.6335936758
 20
-1.8381419933
 10
-56.63359366
 20
-1.2708653887
 10
-56.6335936369
 20
-0.6712641248
  0
LWPOLYLINE
  5
4EC
330
1F
100
AcDbEntity
  8
0
  6
Continuous
 62
     7
370
    25
100
AcDbPolyline
 90
       28
 70
   128
 43
0.0
 10
-56.633593921
 20
-0.6712641248
 10
-56.6335938917
 20
-0.0716628609
 10
-56.6335938579
 20
0.4956137437
 10
-56.6335938214
 20
0.9999836604
 10
-56.6335937841
 20
1.4142561764
 10
-56.633593748
 20
1.7160977531
 10
-56.6335937152
 20
1.889236033
 10
-56.6335936873
 20
1.9243370867
 10
-56.6335936659
 20
1.8195086072
 10
-56.6335936521
 20
1.580401925
 10
-56.6335936467
 20
1.2199073433
 10
-56.6335936499
 20
0.7574592182
 10
-56.6335936617
 20
0.2179882478
 10
-56.6335936813
 20
-0.3694225481
 10
-56.6335937077
 20
-0.9731057015
 10
-56.6335937394
 20
-1.5605164975
 10
-56.6335937748
 20
-2.0999874678
 10
-56.633593812
 20
-2.5624355929
 10
-56.6335938489
 20
-2.9229301746
 10
-56.6335938836
 20
-3.1620368568
 10
-56.6335939142
 20
-3.2668653363
 10
-56.633593939
 20
-3.2317642826
 10
-56.6335939567
 20
-3.0586260027
 10
-56.6335939664
 20
-2.756784426
 10
-56.6335939675
 20
-2.34251191
 10
-56.6335939599
 20
-1.8381419933
 10
-56.6335939441
 20
-1.2708653887
 10
-56.633593921
 20
-0.6712641248
  0
SPLINE
  5
50A
330
1F
100
AcDbEntity
  8
0
  6
Continuous
 62
     7
370
    25
100
AcDbSpline
210
0.0
220
0.0
230
1.0
 70
     8
 71
     3
 72
    11
 73
     7
 74
     0
 42
0.00000001
 43
0.00000001
 40
0.0
 40
0.0
 40
0.0
 40
0.0
 40
0.328972823105369
 40
0.4315072951052166
 40
0.4927412475742029
 40
1.0
 40
1.0
 40
1.0
 40
1.0
 10
-52.58359357353734
 20
2.478735698637805
 30
0.0
 10
-52.58359357479898
 20
2.478739151069932
 30
0.0
 10
-52.58359357645387
 20
2.478743679558438
 30
0.0
 10
-52.58359357833895
 20
2.478855567145263
 30
0.0
 10
-52.58359358089863
 20
2.479178035165799
 30
0.0
 10
-52.58359358294864
 20
2.482097842532138
 30
0.0
 10
-52.58359358477784
 20
2.484703149212805
 30
0.0
  0
SPLINE
  5
50B
330
1F
100
AcDbEntity
  8
0
  6
Continuous
 62
     7
370
    25
100
AcDbSpline
210
0.0
220
0.0
230
1.0
 70
     8
 71
     3
 72
    11
 73
     7
 74
     0
 42
0.00000001
 43
0.00000001
 40
0.0
 40
0.0
 40
0.0
 40
0.0
 40
0.5077716157104155
 40
0.5653994528350653
 40
0.6666465066466061
 40
1.0
 40
1.0
 40
1.0
 40
1.0
 10
-52.58359356220294
 20
2.483917780536804
 30
0.0
 10
-52.58359356418132
 20
2.4816387368512
 30
0.0
 10
-52.58359356638424
 20
2.479101040743424
 30
0.0
 10
-52.58359356886557
 20
2.478828351948736
 30
0.0
 10
-52.58359357069249
 20
2.478742731333734
 30
0.0
 10
-52.58359357230245
 20
2.478738751390485
 30
0.0
 10
-52.58359357353734
 20
2.478735698637805
 30
0.0
  0
SPLINE
  5
50F
330
1F
100
AcDbEntity
  8
0
  6
Continuous
 62
     7
370
    25
100
AcDbSpline
210
0.0
220
0.0
230
1.0
 70
     8
 71
     3
 72
    11
 73
     7
 74
     0
 42
0.00000001
 43
0.00000001
 40
0.0
 40
0.0
 40
0.0
 40
0.0
 40
0.3320619294898509
 40
0.4336318767695645
 40
0.4922283748227957
 40
1.0
 40
1.0
 40
1.0
 40
1.0
 10
-52.58359350359915
 20
4.078735697679805
 30
0.0
 10
-52.58359350236928
 20
4.078732928810663
 30
0.0
 10
-52.58359350076325
 20
4.078729313009466
 30
0.0
 10
-52.58359349894386
 20
4.078641997081654
 30
0.0
 10
-52.58359349648129
 20
4.078377438180365
 30
0.0
 10
-52.58359349449687
 20
4.075833952341842
 30
0.0
 10
-52.58359349271775
 20
4.073553615781805
 30
0.0
  0
SPLINE
  5
510
330
1F
100
AcDbEntity
  8
0
  6
Continuous
 62
     7
370
    25
100
AcDbSpline
210
0.0
220
0.0
230
1.0
 70
     8
 71
     3
 72
    11
 73
     7
 74
     0
 42
0.00000001
 43
0.00000001
 40
0.0
 40
0.0
 40
0.0
 40
0.0
 40
0.5072587386929189
 40
0.5674595255646275
 40
0.6696495997233534
 40
1.0
 40
1.0
 40
1.0
 40
1.0
 10
-52.58359351536134
 20
4.072768247104804
 30
0.0
 10
-52.58359351330449
 20
4.075371934220859
 30
0.0
 10
-52.58359351100353
 20
4.078284623432287
 30
0.0
 10
-52.58359350842037
 20
4.078617132511964
 30
0.0
 10
-52.58359350652566
 20
4.078727007906457
 30
0.0
 10
-52.58359350486639
 20
4.078731934795493
 30
0.0
 10
-52.58359350359915
 20
4.078735697679805
 30
0.0
  0
LWPOLYLINE
  5
512
330
1F
100
AcDbEntity
  8
0
  6
Continuous
 62
     7
370
    25
100
AcDbPolyline
 90
       13
 70
   128
 43
0.0
 10
-52.5835938646
 20
4.5287356982
 10
-52.5835938485
 20
4.6103234578
 10
-52.583593829
 20
4.6103234578
 10
-52.583593817
 20
4.4660252623
 10
-52.5835938136
 20
4.1930658199
 10
-52.5835938192
 20
3.8210245214
 10
-52.5835938333
 20
3.3902178145
 10
-52.5835938542
 20
2.9473302905
 10
-52.5835938798
 20
2.5403556847
 10
-52.5835939073
 20
2.2133960105
 10
-52.5835939336
 20
2.0018824219
 10
-52.583593956
 20
1.9287356982
 10
-52.583593956
 20
1.9287356982
  0
SPLINE
  5
518
330
1F
100
AcDbEntity
  8
0
  6
Continuous
 62
     7
370
    25
100
AcDbSpline
210
0.0
220
0.0
230
1.0
 70
     8
 71
     3
 72
     9
 73
     5
 74
     0
 42
0.00000001
 43
0.00000001
 40
0.0
 40
0.0
 40
0.0
 40
0.0
 40
0.5004267720514972
 40
1.0
 40
1.0
 40
1.0
 40
1.0
 10
-52.58359386311634
 20
-3.869781785930195
 30
0.0
 10
-52.58359385840691
 20
-3.852523764240534
 30
0.0
 10
-52.58359384899607
 20
-3.818037156701707
 30
0.0
 10
-52.58359384247193
 20
-3.850042604125003
 30
0.0
 10
-52.58359383921265
 20
-3.866031668806195
 30
0.0
  0
LWPOLYLINE
  5
51A
330
1F
100
AcDbEntity
  8
0
  6
Continuous
 62
     7
370
    25
100
AcDbPolyline
 90
       13
 70
   128
 43
0.0
 10
-52.5835942099
 20
-3.3712643018
 10
-52.5835941938
 20
-3.2896765422
 10
-52.5835941744
 20
-3.2896765422
 10
-52.5835941623
 20
-3.4339747377
 10
-52.5835941589
 20
-3.7069341801
 10
-52.5835941645
 20
-4.0789754786
 10
-52.5835941786
 20
-4.5097821855
 10
-52.5835941996
 20
-4.9526697095
 10
-52.5835942252
 20
-5.3596443153
 10
-52.5835942526
 20
-5.6866039895
 10
-52.5835942789
 20
-5.8981175781
 10
-52.5835943013
 20
-5.9712643018
 10
-52.5835943013
 20
-5.9712643018
  0
LWPOLYLINE
  5
53F
330
1F
100
AcDbEntity
  8
0
  6
Continuous
 62
     7
370
    25
100
AcDbPolyline
 90
        5
 70
   128
 43
0.0
 10
-48.6335936225
 20
6.5584062166
 10
-48.6335936164
 20
6.3946085822
 10
-48.6335936069
 20
6.285076572
 10
-48.6335935943
 20
6.2330508684
 10
-48.6335935888
 20
6.2287355255
  0
LWPOLYLINE
  5
540
330
1F
100
AcDbEntity
  8
0
  6
Continuous
 62
     7
370
    25
100
AcDbPolyline
 90
        5
 70
   128
 43
0.0
 10
-48.633594192
 20
-7.5712644745
 10
-48.6335941979
 20
-7.5755798174
 10
-48.6335942151
 20
-7.627605521
 10
-48.6335942341
 20
-7.7371375312
 10
-48.6335942545
 20
-7.9009351657
  0
SPLINE
  5
546
330
1F
100
AcDbEntity
  8
0
  6
Continuous
 62
     7
370
    25
100
AcDbSpline
210
0.0
220
0.0
230
1.0
 70
     8
 71
     3
 72
    11
 73
     7
 74
     0
 42
0.00000001
 43
0.00000001
 40
0.0
 40
0.0
 40
0.0
 40
0.0
 40
0.2781001899654307
 40
0.5575325707130363
 40
0.7786132289513873
 40
1.0
 40
1.0
 40
1.0
 40
1.0
 10
-90.13359418763794
 20
-8.671264146665646
 30
0.0
 10
-90.21018578447017
 20
-8.660743448316891
 30
0.0
 10
-90.36373587691055
 20
-8.63965165403653
 30
0.0
 10
-90.52484371880725
 20
-8.500341399175406
 30
0.0
 10
-90.61726018852244
 20
-8.33871799141624
 30
0.0
 10
-90.62814698943362
 20
-8.227107818815263
 30
0.0
 10
-90.63359415580393
 20
-8.171264124810197
 30
0.0
  0
SPLINE
  5
54A
330
1F
100
AcDbEntity
  8
0
  6
Continuous
 62
     7
370
    25
100
AcDbSpline
210
0.0
220
0.0
230
1.0
 70
     8
 71
     3
 72
    11
 73
     7
 74
     0
 42
0.00000001
 43
0.00000001
 40
0.0
 40
0.0
 40
0.0
 40
0.0
 40
0.2780421470834956
 40
0.5575282817655469
 40
0.7786676629505288
 40
1.0
 40
1.0
 40
1.0
 40
1.0
 10
-90.13359348825595
 20
7.328735853334804
 30
0.0
 10
-90.21016892915978
 20
7.318219702316959
 30
0.0
 10
-90.36371749882947
 20
7.297132785569747
 30
0.0
 10
-90.52484707302018
 20
7.157818151673076
 30
0.0
 10
-90.6172651622746
 20
6.996175221117007
 30
0.0
 10
-90.62814913872909
 20
6.884565214364678
 30
0.0
 10
-90.63359350013295
 20
6.828735875189805
 30
0.0
  0
LWPOLYLINE
  5
56A
330
1F
100
AcDbEntity
  8
0
  6
Continuous
 62
     7
370
    25
100
AcDbPolyline
 90
        9
 70
   128
 43
0.0
 10
-90.6335942807
 20
-8.1712641248
 10
-90.6335942562
 20
-7.9167057074
 10
-90.6335942327
 20
-7.7273552334
 10
-90.633594211
 20
-7.6106752104
 10
-90.633594192
 20
-7.5712641248
 10
-90.6335941765
 20
-7.6106752104
 10
-90.633594165
 20
-7.7273552334
 10
-90.633594158
 20
-7.9167057074
 10
-90.6335941558
 20
-8.1712641248
  0
LWPOLYLINE
  5
56B
330
1F
100
AcDbEntity
  8
0
  6
Continuous
 62
     7
370
    25
100
AcDbPolyline
 90
        9
 70
   128
 43
0.0
 10
-90.6335944118
 20
-8.1712641248
 10
-90.6335943874
 20
-7.9167057074
 10
-90.6335943638
 20
-7.7273552334
 10
-90.6335943421
 20
-7.6106752104
 10
-90.6335943231
 20
-7.5712641248
 10
-90.6335943076
 20
-7.6106752104
 10
-90.6335942961
 20
-7.7273552334
 10
-90.6335942891
 20
-7.9167057074
 10
-90.6335942869
 20
-8.1712641248
  0
LWPOLYLINE
  5
56C
330
1F
100
AcDbEntity
  8
0
  6
Continuous
 62
     7
370
    25
100
AcDbPolyline
 90
        9
 70
   128
 43
0.0
 10
-90.6335945429
 20
-8.1712641248
 10
-90.6335945185
 20
-7.9167057074
 10
-90.633594495
 20
-7.7273552334
 10
-90.6335944733
 20
-7.6106752104
 10
-90.6335944543
 20
-7.5712641248
 10
-90.6335944387
 20
-7.6106752104
 10
-90.6335944272
 20
-7.7273552334
 10
-90.6335944203
 20
-7.9167057074
 10
-90.6335944181
 20
-8.1712641248
  0
LWPOLYLINE
  5
56E
330
1F
100
AcDbEntity
  8
0
  6
Continuous
 62
     7
370
    25
100
AcDbPolyline
 90
        9
 70
   128
 43
0.0
 10
-90.6335947209
 20
-8.1712641248
 10
-90.6335947324
 20
-8.1424420454
 10
-90.633594741
 20
-8.0570834236
 10
-90.6335947463
 20
-7.9184685433
 10
-90.6335947481
 20
-7.7319242966
 10
-90.6335947463
 20
-7.5046194743
 10
-90.633594741
 20
-7.2452892734
 10
-90.6335947324
 20
-6.9638996078
 10
-90.6335947209
 20
-6.6712641248
  0
LWPOLYLINE
  5
570
330
1F
100
AcDbEntity
  8
0
  6
Continuous
 62
     7
370
    25
100
AcDbPolyline
 90
        9
 70
   128
 43
0.0
 10
-90.6335941964
 20
5.3287358752
 10
-90.6335941823
 20
5.6213713582
 10
-90.6335941663
 20
5.9027610237
 10
-90.6335941489
 20
6.1620912247
 10
-90.6335941308
 20
6.389396047
 10
-90.6335941127
 20
6.5759402936
 10
-90.6335940953
 20
6.714555174
 10
-90.6335940793
 20
6.7999137958
 10
-90.6335940652
 20
6.8287358752
  0
LWPOLYLINE
  5
572
330
1F
100
AcDbEntity
  8
0
  6
Continuous
 62
     7
370
    25
100
AcDbPolyline
 90
        9
 70
   128
 43
0.0
 10
-90.6335937624
 20
6.8287358752
 10
-90.6335937868
 20
6.5741774578
 10
-90.6335938104
 20
6.3848269837
 10
-90.6335938321
 20
6.2681469607
 10
-90.6335938511
 20
6.2287358752
 10
-90.6335938666
 20
6.2681469607
 10
-90.6335938781
 20
6.3848269837
 10
-90.6335938851
 20
6.5741774578
 10
-90.6335938873
 20
6.8287358752
  0
LWPOLYLINE
  5
573
330
1F
100
AcDbEntity
  8
0
  6
Continuous
 62
     7
370
    25
100
AcDbPolyline
 90
        9
 70
   128
 43
0.0
 10
-90.6335936313
 20
6.8287358752
 10
-90.6335936557
 20
6.5741774578
 10
-90.6335936792
 20
6.3848269837
 10
-90.6335937009
 20
6.2681469607
 10
-90.6335937199
 20
6.2287358752
 10
-90.6335937355
 20
6.2681469607
 10
-90.633593747
 20
6.3848269837
 10
-90.6335937539
 20
6.5741774578
 10
-90.6335937561
 20
6.8287358752
  0
LWPOLYLINE
  5
574
330
1F
100
AcDbEntity
  8
0
  6
Continuous
 62
     7
370
    25
100
AcDbPolyline
 90
        9
 70
   128
 43
0.0
 10
-90.6335935001
 20
6.8287358752
 10
-90.6335935246
 20
6.5741774578
 10
-90.6335935481
 20
6.3848269837
 10
-90.6335935698
 20
6.2681469607
 10
-90.6335935888
 20
6.2287358752
 10
-90.6335936043
 20
6.2681469607
 10
-90.6335936158
 20
6.3848269837
 10
-90.6335936228
 20
6.5741774578
 10
-90.633593625
 20
6.8287358752
  0
LWPOLYLINE
  5
575
330
1F
100
AcDbEntity
  8
0
  6
Continuous
 62
     7
370
    25
100
AcDbPolyline
 90
       23
 70
   128
 43
0.0
 10
-90.6335941986
 20
4.3287358752
 10
-90.6335941739
 20
4.8217678497
 10
-90.6335941451
 20
5.2748573057
 10
-90.6335941144
 20
5.6512976303
 10
-90.6335940843
 20
5.9205918671
 10
-90.6335940572
 20
6.0609233985
 10
-90.6335940355
 20
6.0609233985
 10
-90.6335940207
 20
5.9205918671
 10
-90.6335940142
 20
5.6512976303
 10
-90.6335940164
 20
5.2748573057
 10
-90.6335940271
 20
4.8217678497
 10
-90.6335940456
 20
4.3287358752
 10
-90.6335940702
 20
3.8357039007
 10
-90.6335940991
 20
3.3826144446
 10
-90.6335941298
 20
3.0061741201
 10
-90.6335941599
 20
2.7368798833
 10
-90.6335941869
 20
2.5965483519
 10
-90.6335942087
 20
2.5965483519
 10
-90.6335942234
 20
2.7368798833
 10
-90.63359423
 20
3.0061741201
 10
-90.6335942278
 20
3.3826144446
 10
-90.633594217
 20
3.8357039007
 10
-90.6335941986
 20
4.3287358752
  0
LWPOLYLINE
  5
576
330
1F
100
AcDbEntity
  8
0
  6
Continuous
 62
     7
370
    25
100
AcDbPolyline
 90
       23
 70
   128
 43
0.0
 10
-90.6335946357
 20
-5.6712641248
 10
-90.633594611
 20
-5.1782321503
 10
-90.6335945822
 20
-4.7251426943
 10
-90.6335945515
 20
-4.3487023697
 10
-90.6335945214
 20
-4.0794081329
 10
-90.6335944944
 20
-3.9390766015
 10
-90.6335944726
 20
-3.9390766015
 10
-90.6335944578
 20
-4.0794081329
 10
-90.6335944513
 20
-4.3487023697
 10
-90.6335944535
 20
-4.7251426943
 10
-90.6335944642
 20
-5.1782321503
 10
-90.6335944827
 20
-5.6712641248
 10
-90.6335945073
 20
-6.1642960993
 10
-90.6335945362
 20
-6.6173855554
 10
-90.6335945669
 20
-6.9938258799
 10
-90.633594597
 20
-7.2631201167
 10
-90.633594624
 20
-7.4034516481
 10
-90.6335946458
 20
-7.4034516481
 10
-90.6335946605
 20
-7.2631201167
 10
-90.6335946671
 20
-6.9938258799
 10
-90.6335946649
 20
-6.6173855554
 10
-90.6335946541
 20
-6.1642960993
 10
-90.6335946357
 20
-5.6712641248
  0
LWPOLYLINE
  5
577
330
1F
100
AcDbEntity
  8
0
  6
Continuous
 62
     7
370
    25
100
AcDbPolyline
 90
       28
 70
   128
 43
0.0
 10
-90.6335936369
 20
-0.6712641248
 10
-90.6335936076
 20
-0.0716628609
 10
-90.6335935738
 20
0.4956137437
 10
-90.6335935372
 20
0.9999836604
 10
-90.6335934999
 20
1.4142561764
 10
-90.6335934639
 20
1.7160977531
 10
-90.633593431
 20
1.889236033
 10
-90.6335934032
 20
1.9243370867
 10
-90.6335933818
 20
1.8195086072
 10
-90.633593368
 20
1.580401925
 10
-90.6335933626
 20
1.2199073433
 10
-90.6335933658
 20
0.7574592182
 10
-90.6335933776
 20
0.2179882478
 10
-90.6335933971
 20
-0.3694225481
 10
-90.6335934235
 20
-0.9731057015
 10
-90.6335934553
 20
-1.5605164975
 10
-90.6335934907
 20
-2.0999874678
 10
-90.6335935279
 20
-2.5624355929
 10
-90.6335935648
 20
-2.9229301746
 10
-90.6335935995
 20
-3.1620368568
 10
-90.6335936301
 20
-3.2668653363
 10
-90.6335936549
 20
-3.2317642826
 10
-90.6335936726
 20
-3.0586260027
 10
-90.6335936823
 20
-2.756784426
 10
-90.6335936833
 20
-2.34251191
 10
-90.6335936758
 20
-1.8381419933
 10
-90.63359366
 20
-1.2708653887
 10
-90.6335936369
 20
-0.6712641248
  0
LWPOLYLINE
  5
578
330
1F
100
AcDbEntity
  8
0
  6
Continuous
 62
     7
370
    25
100
AcDbPolyline
 90
       28
 70
   128
 43
0.0
 10
-90.633593921
 20
-0.6712641248
 10
-90.6335938917
 20
-0.0716628609
 10
-90.6335938579
 20
0.4956137437
 10
-90.6335938214
 20
0.9999836604
 10
-90.6335937841
 20
1.4142561764
 10
-90.633593748
 20
1.7160977531
 10
-90.6335937152
 20
1.889236033
 10
-90.6335936873
 20
1.9243370867
 10
-90.6335936659
 20
1.8195086072
 10
-90.6335936521
 20
1.580401925
 10
-90.6335936467
 20
1.2199073433
 10
-90.6335936499
 20
0.7574592182
 10
-90.6335936617
 20
0.2179882478
 10
-90.6335936813
 20
-0.3694225481
 10
-90.6335937077
 20
-0.9731057015
 10
-90.6335937394
 20
-1.5605164975
 10
-90.6335937748
 20
-2.0999874678
 10
-90.633593812
 20
-2.5624355929
 10
-90.6335938489
 20
-2.9229301746
 10
-90.6335938836
 20
-3.1620368568
 10
-90.6335939142
 20
-3.2668653363
 10
-90.633593939
 20
-3.2317642826
 10
-90.6335939567
 20
-3.0586260027
 10
-90.6335939664
 20
-2.756784426
 10
-90.6335939675
 20
-2.34251191
 10
-90.6335939599
 20
-1.8381419933
 10
-90.6335939441
 20
-1.2708653887
 10
-90.633593921
 20
-0.6712641248
  0
SPLINE
  5
595
330
1F
100
AcDbEntity
  8
0
  6
Continuous
 62
     7
370
    25
100
AcDbSpline
210
0.0
220
0.0
230
1.0
 70
     8
 71
     3
 72
    11
 73
     7
 74
     0
 42
0.00000001
 43
0.00000001
 40
0.0
 40
0.0
 40
0.0
 40
0.0
 40
0.328972823105369
 40
0.4315072951052166
 40
0.4927412475742029
 40
1.0
 40
1.0
 40
1.0
 40
1.0
 10
-86.58359357353734
 20
2.478735698637805
 30
0.0
 10
-86.58359357479901
 20
2.478739151069932
 30
0.0
 10
-86.58359357645391
 20
2.478743679558438
 30
0.0
 10
-86.58359357833892
 20
2.478855567145263
 30
0.0
 10
-86.58359358089868
 20
2.479178035165799
 30
0.0
 10
-86.58359358294868
 20
2.482097842532138
 30
0.0
 10
-86.58359358477789
 20
2.484703149212805
 30
0.0
  0
SPLINE
  5
596
330
1F
100
AcDbEntity
  8
0
  6
Continuous
 62
     7
370
    25
100
AcDbSpline
210
0.0
220
0.0
230
1.0
 70
     8
 71
     3
 72
    11
 73
     7
 74
     0
 42
0.00000001
 43
0.00000001
 40
0.0
 40
0.0
 40
0.0
 40
0.0
 40
0.5077716157104155
 40
0.5653994528350653
 40
0.6666465066466061
 40
1.0
 40
1.0
 40
1.0
 40
1.0
 10
-86.58359356220294
 20
2.483917780536804
 30
0.0
 10
-86.58359356418133
 20
2.4816387368512
 30
0.0
 10
-86.58359356638425
 20
2.479101040743424
 30
0.0
 10
-86.58359356886557
 20
2.478828351948736
 30
0.0
 10
-86.58359357069249
 20
2.478742731333734
 30
0.0
 10
-86.58359357230245
 20
2.478738751390485
 30
0.0
 10
-86.58359357353734
 20
2.478735698637805
 30
0.0
  0
SPLINE
  5
59A
330
1F
100
AcDbEntity
  8
0
  6
Continuous
 62
     7
370
    25
100
AcDbSpline
210
0.0
220
0.0
230
1.0
 70
     8
 71
     3
 72
    11
 73
     7
 74
     0
 42
0.00000001
 43
0.00000001
 40
0.0
 40
0.0
 40
0.0
 40
0.0
 40
0.3320619294898509
 40
0.4336318767695645
 40
0.4922283748227957
 40
1.0
 40
1.0
 40
1.0
 40
1.0
 10
-86.58359350359915
 20
4.078735697679805
 30
0.0
 10
-86.58359350236928
 20
4.078732928810663
 30
0.0
 10
-86.58359350076327
 20
4.078729313009466
 30
0.0
 10
-86.58359349894383
 20
4.078641997081654
 30
0.0
 10
-86.58359349648137
 20
4.078377438180365
 30
0.0
 10
-86.5835934944969
 20
4.075833952341842
 30
0.0
 10
-86.58359349271774
 20
4.073553615781805
 30
0.0
  0
SPLINE
  5
59B
330
1F
100
AcDbEntity
  8
0
  6
Continuous
 62
     7
370
    25
100
AcDbSpline
210
0.0
220
0.0
230
1.0
 70
     8
 71
     3
 72
    11
 73
     7
 74
     0
 42
0.00000001
 43
0.00000001
 40
0.0
 40
0.0
 40
0.0
 40
0.0
 40
0.5072587386929189
 40
0.5674595255646275
 40
0.6696495997233534
 40
1.0
 40
1.0
 40
1.0
 40
1.0
 10
-86.58359351536136
 20
4.072768247104804
 30
0.0
 10
-86.58359351330446
 20
4.075371934220859
 30
0.0
 10
-86.58359351100347
 20
4.078284623432287
 30
0.0
 10
-86.58359350842038
 20
4.078617132511964
 30
0.0
 10
-86.58359350652567
 20
4.078727007906457
 30
0.0
 10
-86.5835935048664
 20
4.078731934795493
 30
0.0
 10
-86.58359350359915
 20
4.078735697679805
 30
0.0
  0
LWPOLYLINE
  5
59D
330
1F
100
AcDbEntity
  8
0
  6
Continuous
 62
     7
370
    25
100
AcDbPolyline
 90
       13
 70
   128
 43
0.0
 10
-86.5835938646
 20
4.5287356982
 10
-86.5835938485
 20
4.6103234578
 10
-86.583593829
 20
4.6103234578
 10
-86.583593817
 20
4.4660252623
 10
-86.5835938136
 20
4.1930658199
 10
-86.5835938192
 20
3.8210245214
 10
-86.5835938333
 20
3.3902178145
 10
-86.5835938542
 20
2.9473302905
 10
-86.5835938798
 20
2.5403556847
 10
-86.5835939073
 20
2.2133960105
 10
-86.5835939336
 20
2.0018824219
 10
-86.583593956
 20
1.9287356982
 10
-86.583593956
 20
1.9287356982
  0
SPLINE
  5
5A5
330
1F
100
AcDbEntity
  8
0
  6
Continuous
 62
     7
370
    25
100
AcDbSpline
210
0.0
220
0.0
230
1.0
 70
     8
 71
     3
 72
     9
 73
     5
 74
     0
 42
0.00000001
 43
0.00000001
 40
0.0
 40
0.0
 40
0.0
 40
0.0
 40
0.5004267720514972
 40
1.0
 40
1.0
 40
1.0
 40
1.0
 10
-86.58359386311635
 20
-3.869781785930195
 30
0.0
 10
-86.58359385840691
 20
-3.852523764240534
 30
0.0
 10
-86.58359384899607
 20
-3.818037156701707
 30
0.0
 10
-86.58359384247193
 20
-3.850042604125003
 30
0.0
 10
-86.58359383921264
 20
-3.866031668806195
 30
0.0
  0
LWPOLYLINE
  5
5A7
330
1F
100
AcDbEntity
  8
0
  6
Continuous
 62
     7
370
    25
100
AcDbPolyline
 90
       13
 70
   128
 43
0.0
 10
-86.5835942099
 20
-3.3712643018
 10
-86.5835941938
 20
-3.2896765422
 10
-86.5835941744
 20
-3.2896765422
 10
-86.5835941623
 20
-3.4339747377
 10
-86.5835941589
 20
-3.7069341801
 10
-86.5835941645
 20
-4.0789754786
 10
-86.5835941786
 20
-4.5097821855
 10
-86.5835941996
 20
-4.9526697095
 10
-86.5835942252
 20
-5.3596443153
 10
-86.5835942526
 20
-5.6866039895
 10
-86.5835942789
 20
-5.8981175781
 10
-86.5835943013
 20
-5.9712643018
 10
-86.5835943013
 20
-5.9712643018
  0
LWPOLYLINE
  5
5CB
330
1F
100
AcDbEntity
  8
0
  6
Continuous
 62
     7
370
    25
100
AcDbPolyline
 90
        5
 70
   128
 43
0.0
 10
-82.633594192
 20
-7.5712644745
 10
-82.6335941979
 20
-7.5755798174
 10
-82.6335942151
 20
-7.627605521
 10
-82.6335942341
 20
-7.7371375312
 10
-82.6335942545
 20
-7.9009351657
  0
LWPOLYLINE
  5
5CC
330
1F
100
AcDbEntity
  8
0
  6
Continuous
 62
     7
370
    25
100
AcDbPolyline
 90
        5
 70
   128
 43
0.0
 10
-82.6335936225
 20
6.5584062166
 10
-82.6335936164
 20
6.3946085822
 10
-82.6335936069
 20
6.285076572
 10
-82.6335935943
 20
6.2330508684
 10
-82.6335935888
 20
6.2287355255
  0
SPLINE
  5
5D2
330
1F
100
AcDbEntity
  8
0
  6
Continuous
 62
     7
370
    25
100
AcDbSpline
210
0.0
220
0.0
230
1.0
 70
     8
 71
     3
 72
    11
 73
     7
 74
     0
 42
0.00000001
 43
0.00000001
 40
0.0
 40
0.0
 40
0.0
 40
0.0
 40
0.2781001899608432
 40
0.5575325707102626
 40
0.7786132289513308
 40
0.9999999999999999
 40
0.9999999999999999
 40
0.9999999999999999
 40
0.9999999999999999
 10
3.366413441749053
 20
-8.671264146665646
 30
0.0
 10
3.289821844918481
 20
-8.66074344831661
 30
0.0
 10
3.136271752479623
 20
-8.639651654035449
 30
0.0
 10
2.975163910585353
 20
-8.50034139917468
 30
0.0
 10
2.882747440863753
 20
-8.338717991417425
 30
0.0
 10
2.871860639957084
 20
-8.227107818815433
 30
0.0
 10
2.866413473589055
 20
-8.171264124810198
 30
0.0
  0
LWPOLYLINE
  5
5F4
330
1F
100
AcDbEntity
  8
0
  6
Continuous
 62
     7
370
    25
100
AcDbPolyline
 90
        9
 70
   128
 43
0.0
 10
2.8664133487
 20
-8.1712641248
 10
2.8664133732
 20
-7.9167057074
 10
2.8664133967
 20
-7.7273552334
 10
2.8664134184
 20
-7.6106752104
 10
2.8664134374
 20
-7.5712641248
 10
2.8664134529
 20
-7.6106752104
 10
2.8664134644
 20
-7.7273552334
 10
2.8664134714
 20
-7.9167057074
 10
2.8664134736
 20
-8.1712641248
  0
LWPOLYLINE
  5
5F5
330
1F
100
AcDbEntity
  8
0
  6
Continuous
 62
     7
370
    25
100
AcDbPolyline
 90
        9
 70
   128
 43
0.0
 10
2.8664132176
 20
-8.1712641248
 10
2.866413242
 20
-7.9167057074
 10
2.8664132656
 20
-7.7273552334
 10
2.8664132873
 20
-7.6106752104
 10
2.8664133062
 20
-7.5712641248
 10
2.8664133218
 20
-7.6106752104
 10
2.8664133333
 20
-7.7273552334
 10
2.8664133403
 20
-7.9167057074
 10
2.8664133424
 20
-8.1712641248
  0
LWPOLYLINE
  5
5F6
330
1F
100
AcDbEntity
  8
0
  6
Continuous
 62
     7
370
    25
100
AcDbPolyline
 90
        9
 70
   128
 43
0.0
 10
2.8664130864
 20
-8.1712641248
 10
2.8664131109
 20
-7.9167057074
 10
2.8664131344
 20
-7.7273552334
 10
2.8664131561
 20
-7.6106752104
 10
2.8664131751
 20
-7.5712641248
 10
2.8664131907
 20
-7.6106752104
 10
2.8664132021
 20
-7.7273552334
 10
2.8664132091
 20
-7.9167057074
 10
2.8664132113
 20
-8.1712641248
  0
LWPOLYLINE
  5
5F8
330
1F
100
AcDbEntity
  8
0
  6
Continuous
 62
     7
370
    25
100
AcDbPolyline
 90
        9
 70
   128
 43
0.0
 10
2.8664129085
 20
-8.1712641248
 10
2.8664128969
 20
-8.1424420454
 10
2.8664128884
 20
-8.0570834236
 10
2.8664128831
 20
-7.9184685433
 10
2.8664128813
 20
-7.7319242966
 10
2.8664128831
 20
-7.5046194743
 10
2.8664128884
 20
-7.2452892734
 10
2.8664128969
 20
-6.9638996078
 10
2.8664129085
 20
-6.6712641248
  0
LWPOLYLINE
  5
5FA
330
1F
100
AcDbEntity
  8
0
  6
Continuous
 62
     7
370
    25
100
AcDbPolyline
 90
        9
 70
   128
 43
0.0
 10
2.866413433
 20
5.3287358752
 10
2.8664134471
 20
5.6213713582
 10
2.8664134631
 20
5.9027610237
 10
2.8664134805
 20
6.1620912247
 10
2.8664134986
 20
6.389396047
 10
2.8664135167
 20
6.5759402936
 10
2.8664135341
 20
6.714555174
 10
2.8664135501
 20
6.7999137958
 10
2.8664135641
 20
6.8287358752
  0
LWPOLYLINE
  5
5FC
330
1F
100
AcDbEntity
  8
0
  6
Continuous
 62
     7
370
    25
100
AcDbPolyline
 90
        9
 70
   128
 43
0.0
 10
2.866413867
 20
6.8287358752
 10
2.8664138425
 20
6.5741774578
 10
2.866413819
 20
6.3848269837
 10
2.8664137973
 20
6.2681469607
 10
2.8664137783
 20
6.2287358752
 10
2.8664137628
 20
6.2681469607
 10
2.8664137513
 20
6.3848269837
 10
2.8664137443
 20
6.5741774578
 10
2.8664137421
 20
6.8287358752
  0
LWPOLYLINE
  5
5FD
330
1F
100
AcDbEntity
  8
0
  6
Continuous
 62
     7
370
    25
100
AcDbPolyline
 90
        9
 70
   128
 43
0.0
 10
2.8664139981
 20
6.8287358752
 10
2.8664139737
 20
6.5741774578
 10
2.8664139501
 20
6.3848269837
 10
2.8664139285
 20
6.2681469607
 10
2.8664139095
 20
6.2287358752
 10
2.8664138939
 20
6.2681469607
 10
2.8664138824
 20
6.3848269837
 10
2.8664138755
 20
6.5741774578
 10
2.8664138733
 20
6.8287358752
  0
LWPOLYLINE
  5
5FE
330
1F
100
AcDbEntity
  8
0
  6
Continuous
 62
     7
370
    25
100
AcDbPolyline
 90
        9
 70
   128
 43
0.0
 10
2.8664141293
 20
6.8287358752
 10
2.8664141048
 20
6.5741774578
 10
2.8664140813
 20
6.3848269837
 10
2.8664140596
 20
6.2681469607
 10
2.8664140406
 20
6.2287358752
 10
2.8664140251
 20
6.2681469607
 10
2.8664140136
 20
6.3848269837
 10
2.8664140066
 20
6.5741774578
 10
2.8664140044
 20
6.8287358752
  0
LWPOLYLINE
  5
600
330
1F
100
AcDbEntity
  8
0
  6
Continuous
 62
     7
370
    25
100
AcDbPolyline
 90
       23
 70
   128
 43
0.0
 10
2.8664134308
 20
4.3287358752
 10
2.8664134555
 20
4.8217678497
 10
2.8664134843
 20
5.2748573057
 10
2.866413515
 20
5.6512976303
 10
2.8664135451
 20
5.9205918671
 10
2.8664135721
 20
6.0609233985
 10
2.8664135939
 20
6.0609233985
 10
2.8664136087
 20
5.9205918671
 10
2.8664136152
 20
5.6512976303
 10
2.866413613
 20
5.2748573057
 10
2.8664136023
 20
4.8217678497
 10
2.8664135838
 20
4.3287358752
 10
2.8664135592
 20
3.8357039007
 10
2.8664135303
 20
3.3826144446
 10
2.8664134996
 20
3.0061741201
 10
2.8664134695
 20
2.7368798833
 10
2.8664134425
 20
2.5965483519
 10
2.8664134207
 20
2.5965483519
 10
2.866413406
 20
2.7368798833
 10
2.8664133994
 20
3.0061741201
 10
2.8664134016
 20
3.3826144446
 10
2.8664134124
 20
3.8357039007
 10
2.8664134308
 20
4.3287358752
  0
LWPOLYLINE
  5
601
330
1F
100
AcDbEntity
  8
0
  6
Continuous
 62
     7
370
    25
100
AcDbPolyline
 90
       23
 70
   128
 43
0.0
 10
2.8664129937
 20
-5.6712641248
 10
2.8664130184
 20
-5.1782321503
 10
2.8664130472
 20
-4.7251426943
 10
2.8664130779
 20
-4.3487023697
 10
2.866413108
 20
-4.0794081329
 10
2.866413135
 20
-3.9390766015
 10
2.8664131568
 20
-3.9390766015
 10
2.8664131716
 20
-4.0794081329
 10
2.8664131781
 20
-4.3487023697
 10
2.8664131759
 20
-4.7251426943
 10
2.8664131652
 20
-5.1782321503
 10
2.8664131467
 20
-5.6712641248
 10
2.8664131221
 20
-6.1642960993
 10
2.8664130932
 20
-6.6173855554
 10
2.8664130625
 20
-6.9938258799
 10
2.8664130324
 20
-7.2631201167
 10
2.8664130054
 20
-7.4034516481
 10
2.8664129836
 20
-7.4034516481
 10
2.8664129688
 20
-7.2631201167
 10
2.8664129623
 20
-6.9938258799
 10
2.8664129645
 20
-6.6173855554
 10
2.8664129753
 20
-6.1642960993
 10
2.8664129937
 20
-5.6712641248
  0
LWPOLYLINE
  5
602
330
1F
100
AcDbEntity
  8
0
  6
Continuous
 62
     7
370
    25
100
AcDbPolyline
 90
       28
 70
   128
 43
0.0
 10
2.8664139925
 20
-0.6712641248
 10
2.8664140218
 20
-0.0716628609
 10
2.8664140556
 20
0.4956137437
 10
2.8664140922
 20
0.9999836604
 10
2.8664141295
 20
1.4142561764
 10
2.8664141655
 20
1.7160977531
 10
2.8664141984
 20
1.889236033
 10
2.8664142262
 20
1.9243370867
 10
2.8664142476
 20
1.8195086072
 10
2.8664142614
 20
1.580401925
 10
2.8664142668
 20
1.2199073433
 10
2.8664142636
 20
0.7574592182
 10
2.8664142518
 20
0.2179882478
 10
2.8664142322
 20
-0.3694225481
 10
2.8664142059
 20
-0.9731057015
 10
2.8664141741
 20
-1.5605164975
 10
2.8664141387
 20
-2.0999874678
 10
2.8664141015
 20
-2.5624355929
 10
2.8664140646
 20
-2.9229301746
 10
2.8664140299
 20
-3.1620368568
 10
2.8664139993
 20
-3.2668653363
 10
2.8664139745
 20
-3.2317642826
 10
2.8664139568
 20
-3.0586260027
 10
2.8664139471
 20
-2.756784426
 10
2.8664139461
 20
-2.34251191
 10
2.8664139536
 20
-1.8381419933
 10
2.8664139694
 20
-1.2708653887
 10
2.8664139925
 20
-0.6712641248
  0
LWPOLYLINE
  5
603
330
1F
100
AcDbEntity
  8
0
  6
Continuous
 62
     7
370
    25
100
AcDbPolyline
 90
       28
 70
   128
 43
0.0
 10
2.8664137084
 20
-0.6712641248
 10
2.8664137377
 20
-0.0716628609
 10
2.8664137715
 20
0.4956137437
 10
2.866413808
 20
0.9999836604
 10
2.8664138453
 20
1.4142561764
 10
2.8664138814
 20
1.7160977531
 10
2.8664139142
 20
1.889236033
 10
2.8664139421
 20
1.9243370867
 10
2.8664139635
 20
1.8195086072
 10
2.8664139773
 20
1.580401925
 10
2.8664139827
 20
1.2199073433
 10
2.8664139794
 20
0.7574592182
 10
2.8664139677
 20
0.2179882478
 10
2.8664139481
 20
-0.3694225481
 10
2.8664139217
 20
-0.9731057015
 10
2.86641389
 20
-1.5605164975
 10
2.8664138545
 20
-2.0999874678
 10
2.8664138174
 20
-2.5624355929
 10
2.8664137804
 20
-2.9229301746
 10
2.8664137458
 20
-3.1620368568
 10
2.8664137152
 20
-3.2668653363
 10
2.8664136904
 20
-3.2317642826
 10
2.8664136727
 20
-3.0586260027
 10
2.866413663
 20
-2.756784426
 10
2.8664136619
 20
-2.34251191
 10
2.8664136695
 20
-1.8381419933
 10
2.8664136852
 20
-1.2708653887
 10
2.8664137084
 20
-0.6712641248
  0
SPLINE
  5
604
330
1F
100
AcDbEntity
  8
0
  6
Continuous
 62
     7
370
    25
100
AcDbSpline
210
0.0
220
0.0
230
1.0
 70
     8
 71
     3
 72
    11
 73
     7
 74
     0
 42
0.00000001
 43
0.00000001
 40
0.0
 40
0.0
 40
0.0
 40
0.0
 40
0.2780421470887088
 40
0.5575282817704927
 40
0.7786676629524785
 40
1.0
 40
1.0
 40
1.0
 40
1.0
 10
3.366414141139057
 20
7.328735853334804
 30
0.0
 10
3.289838700233222
 20
7.318219702317168
 30
0.0
 10
3.136290130561062
 20
7.297132785570583
 30
0.0
 10
2.975160556366443
 20
7.157818151674335
 30
0.0
 10
2.882742467115326
 20
6.996175221116466
 30
0.0
 10
2.871858490662245
 20
6.884565214364588
 30
0.0
 10
2.866414129259059
 20
6.828735875189806
 30
0.0
  0
SPLINE
  5
621
330
1F
100
AcDbEntity
  8
0
  6
Continuous
 62
     7
370
    25
100
AcDbSpline
210
0.0
220
0.0
230
1.0
 70
     8
 71
     3
 72
    11
 73
     7
 74
     0
 42
0.00000001
 43
0.00000001
 40
0.0
 40
0.0
 40
0.0
 40
0.0
 40
0.328972823105369
 40
0.4315072951052166
 40
0.4927412475742029
 40
1.0
 40
1.0
 40
1.0
 40
1.0
 10
6.916414055856649
 20
2.478735698637805
 30
0.0
 10
6.916414054594977
 20
2.478739151069932
 30
0.0
 10
6.916414052940071
 20
2.478743679558438
 30
0.0
 10
6.91641405105508
 20
2.478855567145263
 30
0.0
 10
6.916414048495328
 20
2.479178035165799
 30
0.0
 10
6.916414046445281
 20
2.482097842532138
 30
0.0
 10
6.916414044616056
 20
2.484703149212805
 30
0.0
  0
SPLINE
  5
622
330
1F
100
AcDbEntity
  8
0
  6
Continuous
 62
     7
370
    25
100
AcDbSpline
210
0.0
220
0.0
230
1.0
 70
     8
 71
     3
 72
    11
 73
     7
 74
     0
 42
0.00000001
 43
0.00000001
 40
0.0
 40
0.0
 40
0.0
 40
0.0
 40
0.5077716157104155
 40
0.5653994528350653
 40
0.6666465066466061
 40
1.0
 40
1.0
 40
1.0
 40
1.0
 10
6.916414067191054
 20
2.483917780536804
 30
0.0
 10
6.916414065212664
 20
2.4816387368512
 30
0.0
 10
6.916414063009746
 20
2.479101040743424
 30
0.0
 10
6.916414060528425
 20
2.478828351948736
 30
0.0
 10
6.916414058701532
 20
2.478742731333734
 30
0.0
 10
6.916414057091556
 20
2.478738751390485
 30
0.0
 10
6.916414055856649
 20
2.478735698637805
 30
0.0
  0
SPLINE
  5
626
330
1F
100
AcDbEntity
  8
0
  6
Continuous
 62
     7
370
    25
100
AcDbSpline
210
0.0
220
0.0
230
1.0
 70
     8
 71
     3
 72
    11
 73
     7
 74
     0
 42
0.00000001
 43
0.00000001
 40
0.0
 40
0.0
 40
0.0
 40
0.0
 40
0.3320619294898509
 40
0.4336318767695645
 40
0.4922283748227957
 40
1.0
 40
1.0
 40
1.0
 40
1.0
 10
6.91641412579487
 20
4.078735697679805
 30
0.0
 10
6.91641412702472
 20
4.078732928810663
 30
0.0
 10
6.916414128630762
 20
4.078729313009466
 30
0.0
 10
6.916414130450139
 20
4.078641997081654
 30
0.0
 10
6.916414132912753
 20
4.078377438180365
 30
0.0
 10
6.916414134897172
 20
4.075833952341842
 30
0.0
 10
6.916414136676277
 20
4.073553615781805
 30
0.0
  0
SPLINE
  5
627
330
1F
100
AcDbEntity
  8
0
  6
Continuous
 62
     7
370
    25
100
AcDbSpline
210
0.0
220
0.0
230
1.0
 70
     8
 71
     3
 72
    11
 73
     7
 74
     0
 42
0.00000001
 43
0.00000001
 40
0.0
 40
0.0
 40
0.0
 40
0.0
 40
0.5072587386929189
 40
0.5674595255646275
 40
0.6696495997233534
 40
1.0
 40
1.0
 40
1.0
 40
1.0
 10
6.916414114032668
 20
4.072768247104804
 30
0.0
 10
6.916414116089557
 20
4.075371934220859
 30
0.0
 10
6.916414118390564
 20
4.078284623432287
 30
0.0
 10
6.916414120973616
 20
4.078617132511964
 30
0.0
 10
6.916414122868384
 20
4.078727007906457
 30
0.0
 10
6.916414124527627
 20
4.078731934795493
 30
0.0
 10
6.91641412579487
 20
4.078735697679805
 30
0.0
  0
LWPOLYLINE
  5
629
330
1F
100
AcDbEntity
  8
0
  6
Continuous
 62
     7
370
    25
100
AcDbPolyline
 90
       13
 70
   128
 43
0.0
 10
6.9164137648
 20
4.5287356982
 10
6.9164137809
 20
4.6103234578
 10
6.9164138003
 20
4.6103234578
 10
6.9164138124
 20
4.4660252623
 10
6.9164138158
 20
4.1930658199
 10
6.9164138102
 20
3.8210245214
 10
6.9164137961
 20
3.3902178145
 10
6.9164137751
 20
2.9473302905
 10
6.9164137496
 20
2.5403556847
 10
6.9164137221
 20
2.2133960105
 10
6.9164136958
 20
2.0018824219
 10
6.9164136734
 20
1.9287356982
 10
6.9164136734
 20
1.9287356982
  0
SPLINE
  5
630
330
1F
100
AcDbEntity
  8
0
  6
Continuous
 62
     7
370
    25
100
AcDbSpline
210
0.0
220
0.0
230
1.0
 70
     8
 71
     3
 72
     9
 73
     5
 74
     0
 42
0.00000001
 43
0.00000001
 40
0.0
 40
0.0
 40
0.0
 40
0.0
 40
0.5004267720514972
 40
1.0
 40
1.0
 40
1.0
 40
1.0
 10
6.916413766277676
 20
-3.869781785930195
 30
0.0
 10
6.916413770987104
 20
-3.852523764240534
 30
0.0
 10
6.916413780397923
 20
-3.818037156701707
 30
0.0
 10
6.916413786921996
 20
-3.850042604125003
 30
0.0
 10
6.91641379018125
 20
-3.866031668806195
 30
0.0
  0
LWPOLYLINE
  5
632
330
1F
100
AcDbEntity
  8
0
  6
Continuous
 62
     7
370
    25
100
AcDbPolyline
 90
       13
 70
   128
 43
0.0
 10
6.9164134195
 20
-3.3712643018
 10
6.9164134356
 20
-3.2896765422
 10
6.916413455
 20
-3.2896765422
 10
6.9164134671
 20
-3.4339747377
 10
6.9164134705
 20
-3.7069341801
 10
6.9164134649
 20
-4.0789754786
 10
6.9164134508
 20
-4.5097821855
 10
6.9164134298
 20
-4.9526697095
 10
6.9164134042
 20
-5.3596443153
 10
6.9164133768
 20
-5.6866039895
 10
6.9164133505
 20
-5.8981175781
 10
6.9164133281
 20
-5.9712643018
 10
6.9164133281
 20
-5.9712643018
  0
LWPOLYLINE
  5
657
330
1F
100
AcDbEntity
  8
0
  6
Continuous
 62
     7
370
    25
100
AcDbPolyline
 90
        5
 70
   128
 43
0.0
 10
10.8664140069
 20
6.5584062166
 10
10.866414013
 20
6.3946085822
 10
10.8664140225
 20
6.285076572
 10
10.866414035
 20
6.2330508684
 10
10.8664140406
 20
6.2287355255
  0
LWPOLYLINE
  5
658
330
1F
100
AcDbEntity
  8
0
  6
Continuous
 62
     7
370
    25
100
AcDbPolyline
 90
        5
 70
   128
 43
0.0
 10
10.8664134374
 20
-7.5712644745
 10
10.8664134315
 20
-7.5755798174
 10
10.8664134143
 20
-7.627605521
 10
10.8664133953
 20
-7.7371375312
 10
10.8664133749
 20
-7.9009351657
  0
SPLINE
  5
65F
330
1F
100
AcDbEntity
  8
0
  6
Continuous
 62
     7
370
    25
100
AcDbSpline
210
0.0
220
0.0
230
1.0
 70
     8
 71
     3
 72
    11
 73
     7
 74
     0
 42
0.00000001
 43
0.00000001
 40
0.0
 40
0.0
 40
0.0
 40
0.0
 40
0.278042147083497
 40
0.5575282817655497
 40
0.7786676629505251
 40
1.0
 40
1.0
 40
1.0
 40
1.0
 10
-30.63359348825595
 20
7.328735853334804
 30
0.0
 10
-30.7101689291598
 20
7.31821970231696
 30
0.0
 10
-30.86371749882948
 20
7.297132785569747
 30
0.0
 10
-31.0248470730202
 20
7.157818151673081
 30
0.0
 10
-31.11726516227459
 20
6.996175221117001
 30
0.0
 10
-31.12814913872907
 20
6.884565214364676
 30
0.0
 10
-31.13359350013295
 20
6.828735875189805
 30
0.0
  0
SPLINE
  5
680
330
1F
100
AcDbEntity
  8
0
  6
Continuous
 62
     7
370
    25
100
AcDbSpline
210
0.0
220
0.0
230
1.0
 70
     8
 71
     3
 72
    11
 73
     7
 74
     0
 42
0.00000001
 43
0.00000001
 40
0.0
 40
0.0
 40
0.0
 40
0.0
 40
0.2781001899654439
 40
0.5575325707130337
 40
0.7786132289513897
 40
0.9999999999999999
 40
0.9999999999999999
 40
0.9999999999999999
 40
0.9999999999999999
 10
-30.63359418763793
 20
-8.671264146665646
 30
0.0
 10
-30.71018578447016
 20
-8.660743448316891
 30
0.0
 10
-30.86373587691055
 20
-8.639651654036536
 30
0.0
 10
-31.02484371880723
 20
-8.500341399175396
 30
0.0
 10
-31.11726018852244
 20
-8.338717991416248
 30
0.0
 10
-31.12814698943362
 20
-8.227107818815263
 30
0.0
 10
-31.13359415580394
 20
-8.171264124810197
 30
0.0
  0
LWPOLYLINE
  5
682
330
1F
100
AcDbEntity
  8
0
  6
Continuous
 62
     7
370
    25
100
AcDbPolyline
 90
        9
 70
   128
 43
0.0
 10
-31.1335942807
 20
-8.1712641248
 10
-31.1335942562
 20
-7.9167057074
 10
-31.1335942327
 20
-7.7273552334
 10
-31.133594211
 20
-7.6106752104
 10
-31.133594192
 20
-7.5712641248
 10
-31.1335941765
 20
-7.6106752104
 10
-31.133594165
 20
-7.7273552334
 10
-31.133594158
 20
-7.9167057074
 10
-31.1335941558
 20
-8.1712641248
  0
LWPOLYLINE
  5
683
330
1F
100
AcDbEntity
  8
0
  6
Continuous
 62
     7
370
    25
100
AcDbPolyline
 90
        9
 70
   128
 43
0.0
 10
-31.1335944118
 20
-8.1712641248
 10
-31.1335943874
 20
-7.9167057074
 10
-31.1335943638
 20
-7.7273552334
 10
-31.1335943421
 20
-7.6106752104
 10
-31.1335943231
 20
-7.5712641248
 10
-31.1335943076
 20
-7.6106752104
 10
-31.1335942961
 20
-7.7273552334
 10
-31.1335942891
 20
-7.9167057074
 10
-31.1335942869
 20
-8.1712641248
  0
LWPOLYLINE
  5
684
330
1F
100
AcDbEntity
  8
0
  6
Continuous
 62
     7
370
    25
100
AcDbPolyline
 90
        9
 70
   128
 43
0.0
 10
-31.1335945429
 20
-8.1712641248
 10
-31.1335945185
 20
-7.9167057074
 10
-31.133594495
 20
-7.7273552334
 10
-31.1335944733
 20
-7.6106752104
 10
-31.1335944543
 20
-7.5712641248
 10
-31.1335944387
 20
-7.6106752104
 10
-31.1335944272
 20
-7.7273552334
 10
-31.1335944203
 20
-7.9167057074
 10
-31.1335944181
 20
-8.1712641248
  0
LWPOLYLINE
  5
686
330
1F
100
AcDbEntity
  8
0
  6
Continuous
 62
     7
370
    25
100
AcDbPolyline
 90
        9
 70
   128
 43
0.0
 10
-31.1335947209
 20
-8.1712641248
 10
-31.1335947324
 20
-8.1424420454
 10
-31.133594741
 20
-8.0570834236
 10
-31.1335947463
 20
-7.9184685433
 10
-31.1335947481
 20
-7.7319242966
 10
-31.1335947463
 20
-7.5046194743
 10
-31.133594741
 20
-7.2452892734
 10
-31.1335947324
 20
-6.9638996078
 10
-31.1335947209
 20
-6.6712641248
  0
LWPOLYLINE
  5
688
330
1F
100
AcDbEntity
  8
0
  6
Continuous
 62
     7
370
    25
100
AcDbPolyline
 90
        9
 70
   128
 43
0.0
 10
-31.1335941964
 20
5.3287358752
 10
-31.1335941823
 20
5.6213713582
 10
-31.1335941663
 20
5.9027610237
 10
-31.1335941489
 20
6.1620912247
 10
-31.1335941308
 20
6.389396047
 10
-31.1335941127
 20
6.5759402936
 10
-31.1335940953
 20
6.714555174
 10
-31.1335940793
 20
6.7999137958
 10
-31.1335940652
 20
6.8287358752
  0
LWPOLYLINE
  5
68A
330
1F
100
AcDbEntity
  8
0
  6
Continuous
 62
     7
370
    25
100
AcDbPolyline
 90
        9
 70
   128
 43
0.0
 10
-31.1335937624
 20
6.8287358752
 10
-31.1335937868
 20
6.5741774578
 10
-31.1335938104
 20
6.3848269837
 10
-31.1335938321
 20
6.2681469607
 10
-31.1335938511
 20
6.2287358752
 10
-31.1335938666
 20
6.2681469607
 10
-31.1335938781
 20
6.3848269837
 10
-31.1335938851
 20
6.5741774578
 10
-31.1335938873
 20
6.8287358752
  0
LWPOLYLINE
  5
68B
330
1F
100
AcDbEntity
  8
0
  6
Continuous
 62
     7
370
    25
100
AcDbPolyline
 90
        9
 70
   128
 43
0.0
 10
-31.1335936313
 20
6.8287358752
 10
-31.1335936557
 20
6.5741774578
 10
-31.1335936792
 20
6.3848269837
 10
-31.1335937009
 20
6.2681469607
 10
-31.1335937199
 20
6.2287358752
 10
-31.1335937355
 20
6.2681469607
 10
-31.133593747
 20
6.3848269837
 10
-31.1335937539
 20
6.5741774578
 10
-31.1335937561
 20
6.8287358752
  0
LWPOLYLINE
  5
68C
330
1F
100
AcDbEntity
  8
0
  6
Continuous
 62
     7
370
    25
100
AcDbPolyline
 90
        9
 70
   128
 43
0.0
 10
-31.1335935001
 20
6.8287358752
 10
-31.1335935246
 20
6.5741774578
 10
-31.1335935481
 20
6.3848269837
 10
-31.1335935698
 20
6.2681469607
 10
-31.1335935888
 20
6.2287358752
 10
-31.1335936043
 20
6.2681469607
 10
-31.1335936158
 20
6.3848269837
 10
-31.1335936228
 20
6.5741774578
 10
-31.133593625
 20
6.8287358752
  0
LWPOLYLINE
  5
68D
330
1F
100
AcDbEntity
  8
0
  6
Continuous
 62
     7
370
    25
100
AcDbPolyline
 90
       23
 70
   128
 43
0.0
 10
-31.1335941986
 20
4.3287358752
 10
-31.1335941739
 20
4.8217678497
 10
-31.1335941451
 20
5.2748573057
 10
-31.1335941144
 20
5.6512976303
 10
-31.1335940843
 20
5.9205918671
 10
-31.1335940572
 20
6.0609233985
 10
-31.1335940355
 20
6.0609233985
 10
-31.1335940207
 20
5.9205918671
 10
-31.1335940142
 20
5.6512976303
 10
-31.1335940164
 20
5.2748573057
 10
-31.1335940271
 20
4.8217678497
 10
-31.1335940456
 20
4.3287358752
 10
-31.1335940702
 20
3.8357039007
 10
-31.1335940991
 20
3.3826144446
 10
-31.1335941298
 20
3.0061741201
 10
-31.1335941599
 20
2.7368798833
 10
-31.1335941869
 20
2.5965483519
 10
-31.1335942087
 20
2.5965483519
 10
-31.1335942234
 20
2.7368798833
 10
-31.13359423
 20
3.0061741201
 10
-31.1335942278
 20
3.3826144446
 10
-31.133594217
 20
3.8357039007
 10
-31.1335941986
 20
4.3287358752
  0
LWPOLYLINE
  5
68E
330
1F
100
AcDbEntity
  8
0
  6
Continuous
 62
     7
370
    25
100
AcDbPolyline
 90
       23
 70
   128
 43
0.0
 10
-31.1335946357
 20
-5.6712641248
 10
-31.133594611
 20
-5.1782321503
 10
-31.1335945822
 20
-4.7251426943
 10
-31.1335945515
 20
-4.3487023697
 10
-31.1335945214
 20
-4.0794081329
 10
-31.1335944944
 20
-3.9390766015
 10
-31.1335944726
 20
-3.9390766015
 10
-31.1335944578
 20
-4.0794081329
 10
-31.1335944513
 20
-4.3487023697
 10
-31.1335944535
 20
-4.7251426943
 10
-31.1335944642
 20
-5.1782321503
 10
-31.1335944827
 20
-5.6712641248
 10
-31.1335945073
 20
-6.1642960993
 10
-31.1335945362
 20
-6.6173855554
 10
-31.1335945669
 20
-6.9938258799
 10
-31.133594597
 20
-7.2631201167
 10
-31.133594624
 20
-7.4034516481
 10
-31.1335946458
 20
-7.4034516481
 10
-31.1335946605
 20
-7.2631201167
 10
-31.1335946671
 20
-6.9938258799
 10
-31.1335946649
 20
-6.6173855554
 10
-31.1335946541
 20
-6.1642960993
 10
-31.1335946357
 20
-5.6712641248
  0
LWPOLYLINE
  5
68F
330
1F
100
AcDbEntity
  8
0
  6
Continuous
 62
     7
370
    25
100
AcDbPolyline
 90
       28
 70
   128
 43
0.0
 10
-31.1335936369
 20
-0.6712641248
 10
-31.1335936076
 20
-0.0716628609
 10
-31.1335935738
 20
0.4956137437
 10
-31.1335935372
 20
0.9999836604
 10
-31.1335934999
 20
1.4142561764
 10
-31.1335934639
 20
1.7160977531
 10
-31.133593431
 20
1.889236033
 10
-31.1335934032
 20
1.9243370867
 10
-31.1335933818
 20
1.8195086072
 10
-31.133593368
 20
1.580401925
 10
-31.1335933626
 20
1.2199073433
 10
-31.1335933658
 20
0.7574592182
 10
-31.1335933776
 20
0.2179882478
 10
-31.1335933971
 20
-0.3694225481
 10
-31.1335934235
 20
-0.9731057015
 10
-31.1335934553
 20
-1.5605164975
 10
-31.1335934907
 20
-2.0999874678
 10
-31.1335935279
 20
-2.5624355929
 10
-31.1335935648
 20
-2.9229301746
 10
-31.1335935995
 20
-3.1620368568
 10
-31.1335936301
 20
-3.2668653363
 10
-31.1335936549
 20
-3.2317642826
 10
-31.1335936726
 20
-3.0586260027
 10
-31.1335936823
 20
-2.756784426
 10
-31.1335936833
 20
-2.34251191
 10
-31.1335936758
 20
-1.8381419933
 10
-31.13359366
 20
-1.2708653887
 10
-31.1335936369
 20
-0.6712641248
  0
LWPOLYLINE
  5
690
330
1F
100
AcDbEntity
  8
0
  6
Continuous
 62
     7
370
    25
100
AcDbPolyline
 90
       28
 70
   128
 43
0.0
 10
-31.133593921
 20
-0.6712641248
 10
-31.1335938917
 20
-0.0716628609
 10
-31.1335938579
 20
0.4956137437
 10
-31.1335938214
 20
0.9999836604
 10
-31.1335937841
 20
1.4142561764
 10
-31.133593748
 20
1.7160977531
 10
-31.1335937152
 20
1.889236033
 10
-31.1335936873
 20
1.9243370867
 10
-31.1335936659
 20
1.8195086072
 10
-31.1335936521
 20
1.580401925
 10
-31.1335936467
 20
1.2199073433
 10
-31.1335936499
 20
0.7574592182
 10
-31.1335936617
 20
0.2179882478
 10
-31.1335936813
 20
-0.3694225481
 10
-31.1335937077
 20
-0.9731057015
 10
-31.1335937394
 20
-1.5605164975
 10
-31.1335937748
 20
-2.0999874678
 10
-31.133593812
 20
-2.5624355929
 10
-31.1335938489
 20
-2.9229301746
 10
-31.1335938836
 20
-3.1620368568
 10
-31.1335939142
 20
-3.2668653363
 10
-31.133593939
 20
-3.2317642826
 10
-31.1335939567
 20
-3.0586260027
 10
-31.1335939664
 20
-2.756784426
 10
-31.1335939675
 20
-2.34251191
 10
-31.1335939599
 20
-1.8381419933
 10
-31.1335939441
 20
-1.2708653887
 10
-31.133593921
 20
-0.6712641248
  0
SPLINE
  5
6A9
330
1F
100
AcDbEntity
  8
0
  6
Continuous
 62
     7
370
    25
100
AcDbSpline
210
0.0
220
0.0
230
1.0
 70
     8
 71
     3
 72
    11
 73
     7
 74
     0
 42
0.00000001
 43
0.00000001
 40
0.0
 40
0.0
 40
0.0
 40
0.0
 40
0.328972823105369
 40
0.4315072951052166
 40
0.4927412475742029
 40
1.0
 40
1.0
 40
1.0
 40
1.0
 10
-27.08359357353735
 20
2.478735698637805
 30
0.0
 10
-27.08359357479899
 20
2.478739151069932
 30
0.0
 10
-27.08359357645387
 20
2.478743679558438
 30
0.0
 10
-27.08359357833893
 20
2.478855567145263
 30
0.0
 10
-27.08359358089865
 20
2.479178035165799
 30
0.0
 10
-27.08359358294865
 20
2.482097842532138
 30
0.0
 10
-27.08359358477784
 20
2.484703149212805
 30
0.0
  0
SPLINE
  5
6AA
330
1F
100
AcDbEntity
  8
0
  6
Continuous
 62
     7
370
    25
100
AcDbSpline
210
0.0
220
0.0
230
1.0
 70
     8
 71
     3
 72
    11
 73
     7
 74
     0
 42
0.00000001
 43
0.00000001
 40
0.0
 40
0.0
 40
0.0
 40
0.0
 40
0.5077716157104155
 40
0.5653994528350653
 40
0.6666465066466061
 40
1.0
 40
1.0
 40
1.0
 40
1.0
 10
-27.08359356220294
 20
2.483917780536804
 30
0.0
 10
-27.08359356418133
 20
2.4816387368512
 30
0.0
 10
-27.08359356638427
 20
2.479101040743424
 30
0.0
 10
-27.08359356886556
 20
2.478828351948736
 30
0.0
 10
-27.08359357069248
 20
2.478742731333734
 30
0.0
 10
-27.08359357230244
 20
2.478738751390485
 30
0.0
 10
-27.08359357353735
 20
2.478735698637805
 30
0.0
  0
SPLINE
  5
6AE
330
1F
100
AcDbEntity
  8
0
  6
Continuous
 62
     7
370
    25
100
AcDbSpline
210
0.0
220
0.0
230
1.0
 70
     8
 71
     3
 72
    11
 73
     7
 74
     0
 42
0.00000001
 43
0.00000001
 40
0.0
 40
0.0
 40
0.0
 40
0.0
 40
0.3320619294898509
 40
0.4336318767695645
 40
0.4922283748227957
 40
1.0
 40
1.0
 40
1.0
 40
1.0
 10
-27.08359350359915
 20
4.078735697679805
 30
0.0
 10
-27.08359350236929
 20
4.078732928810663
 30
0.0
 10
-27.08359350076324
 20
4.078729313009466
 30
0.0
 10
-27.08359349894385
 20
4.078641997081654
 30
0.0
 10
-27.08359349648127
 20
4.078377438180365
 30
0.0
 10
-27.08359349449685
 20
4.075833952341842
 30
0.0
 10
-27.08359349271775
 20
4.073553615781805
 30
0.0
  0
SPLINE
  5
6AF
330
1F
100
AcDbEntity
  8
0
  6
Continuous
 62
     7
370
    25
100
AcDbSpline
210
0.0
220
0.0
230
1.0
 70
     8
 71
     3
 72
    11
 73
     7
 74
     0
 42
0.00000001
 43
0.00000001
 40
0.0
 40
0.0
 40
0.0
 40
0.0
 40
0.5072587386929189
 40
0.5674595255646275
 40
0.6696495997233534
 40
1.0
 40
1.0
 40
1.0
 40
1.0
 10
-27.08359351536134
 20
4.072768247104804
 30
0.0
 10
-27.08359351330447
 20
4.075371934220859
 30
0.0
 10
-27.08359351100349
 20
4.078284623432287
 30
0.0
 10
-27.08359350842037
 20
4.078617132511964
 30
0.0
 10
-27.08359350652565
 20
4.078727007906457
 30
0.0
 10
-27.08359350486639
 20
4.078731934795493
 30
0.0
 10
-27.08359350359915
 20
4.078735697679805
 30
0.0
  0
LWPOLYLINE
  5
6B1
330
1F
100
AcDbEntity
  8
0
  6
Continuous
 62
     7
370
    25
100
AcDbPolyline
 90
       13
 70
   128
 43
0.0
 10
-27.0835938646
 20
4.5287356982
 10
-27.0835938485
 20
4.6103234578
 10
-27.083593829
 20
4.6103234578
 10
-27.083593817
 20
4.4660252623
 10
-27.0835938136
 20
4.1930658199
 10
-27.0835938192
 20
3.8210245214
 10
-27.0835938333
 20
3.3902178145
 10
-27.0835938542
 20
2.9473302905
 10
-27.0835938798
 20
2.5403556847
 10
-27.0835939073
 20
2.2133960105
 10
-27.0835939336
 20
2.0018824219
 10
-27.083593956
 20
1.9287356982
 10
-27.083593956
 20
1.9287356982
  0
SPLINE
  5
6BC
330
1F
100
AcDbEntity
  8
0
  6
Continuous
 62
     7
370
    25
100
AcDbSpline
210
0.0
220
0.0
230
1.0
 70
     8
 71
     3
 72
     9
 73
     5
 74
     0
 42
0.00000001
 43
0.00000001
 40
0.0
 40
0.0
 40
0.0
 40
0.0
 40
0.5004267720514972
 40
1.0
 40
1.0
 40
1.0
 40
1.0
 10
-27.08359386311635
 20
-3.869781785930195
 30
0.0
 10
-27.08359385840691
 20
-3.852523764240534
 30
0.0
 10
-27.08359384899608
 20
-3.818037156701707
 30
0.0
 10
-27.08359384247194
 20
-3.850042604125003
 30
0.0
 10
-27.08359383921265
 20
-3.866031668806195
 30
0.0
  0
LWPOLYLINE
  5
6BE
330
1F
100
AcDbEntity
  8
0
  6
Continuous
 62
     7
370
    25
100
AcDbPolyline
 90
       13
 70
   128
 43
0.0
 10
-27.0835942099
 20
-3.3712643018
 10
-27.0835941938
 20
-3.2896765422
 10
-27.0835941744
 20
-3.2896765422
 10
-27.0835941623
 20
-3.4339747377
 10
-27.0835941589
 20
-3.7069341801
 10
-27.0835941645
 20
-4.0789754786
 10
-27.0835941786
 20
-4.5097821855
 10
-27.0835941996
 20
-4.9526697095
 10
-27.0835942252
 20
-5.3596443153
 10
-27.0835942526
 20
-5.6866039895
 10
-27.0835942789
 20
-5.8981175781
 10
-27.0835943013
 20
-5.9712643018
 10
-27.0835943013
 20
-5.9712643018
  0
LWPOLYLINE
  5
6E3
330
1F
100
AcDbEntity
  8
0
  6
Continuous
 62
     7
370
    25
100
AcDbPolyline
 90
        5
 70
   128
 43
0.0
 10
-23.1335936225
 20
6.5584062166
 10
-23.1335936164
 20
6.3946085822
 10
-23.1335936069
 20
6.285076572
 10
-23.1335935943
 20
6.2330508684
 10
-23.1335935888
 20
6.2287355255
  0
LWPOLYLINE
  5
6E4
330
1F
100
AcDbEntity
  8
0
  6
Continuous
 62
     7
370
    25
100
AcDbPolyline
 90
        5
 70
   128
 43
0.0
 10
-23.133594192
 20
-7.5712644745
 10
-23.1335941979
 20
-7.5755798174
 10
-23.1335942151
 20
-7.627605521
 10
-23.1335942341
 20
-7.7371375312
 10
-23.1335942545
 20
-7.9009351657
  0
SPLINE
  5
6EA
330
1F
100
AcDbEntity
  8
0
  6
Continuous
 62
     7
370
    25
100
AcDbSpline
210
0.0
220
0.0
230
1.0
 70
     8
 71
     3
 72
    11
 73
     7
 74
     0
 42
0.00000001
 43
0.00000001
 40
0.0
 40
0.0
 40
0.0
 40
0.0
 40
0.2781001899654167
 40
0.5575325707130375
 40
0.7786132289513827
 40
1.0
 40
1.0
 40
1.0
 40
1.0
 10
-64.63359418763795
 20
-8.671264146665646
 30
0.0
 10
-64.71018578447016
 20
-8.660743448316886
 30
0.0
 10
-64.86373587691054
 20
-8.63965165403652
 30
0.0
 10
-65.02484371880728
 20
-8.500341399175415
 30
0.0
 10
-65.11726018852241
 20
-8.338717991416237
 30
0.0
 10
-65.12814698943362
 20
-8.227107818815263
 30
0.0
 10
-65.13359415580396
 20
-8.171264124810198
 30
0.0
  0
SPLINE
  5
6EE
330
1F
100
AcDbEntity
  8
0
  6
Continuous
 62
     7
370
    25
100
AcDbSpline
210
0.0
220
0.0
230
1.0
 70
     8
 71
     3
 72
    11
 73
     7
 74
     0
 42
0.00000001
 43
0.00000001
 40
0.0
 40
0.0
 40
0.0
 40
0.0
 40
0.2780421470834676
 40
0.5575282817655366
 40
0.7786676629505223
 40
1.0
 40
1.0
 40
1.0
 40
1.0
 10
-64.63359348825595
 20
7.328735853334804
 30
0.0
 10
-64.71016892915978
 20
7.318219702316958
 30
0.0
 10
-64.86371749882944
 20
7.297132785569739
 30
0.0
 10
-65.0248470730202
 20
7.157818151673083
 30
0.0
 10
-65.1172651622746
 20
6.996175221117005
 30
0.0
 10
-65.12814913872909
 20
6.884565214364678
 30
0.0
 10
-65.13359350013296
 20
6.828735875189806
 30
0.0
  0
LWPOLYLINE
  5
70E
330
1F
100
AcDbEntity
  8
0
  6
Continuous
 62
     7
370
    25
100
AcDbPolyline
 90
        9
 70
   128
 43
0.0
 10
-65.1335942807
 20
-8.1712641248
 10
-65.1335942562
 20
-7.9167057074
 10
-65.1335942327
 20
-7.7273552334
 10
-65.133594211
 20
-7.6106752104
 10
-65.133594192
 20
-7.5712641248
 10
-65.1335941765
 20
-7.6106752104
 10
-65.133594165
 20
-7.7273552334
 10
-65.133594158
 20
-7.9167057074
 10
-65.1335941558
 20
-8.1712641248
  0
LWPOLYLINE
  5
70F
330
1F
100
AcDbEntity
  8
0
  6
Continuous
 62
     7
370
    25
100
AcDbPolyline
 90
        9
 70
   128
 43
0.0
 10
-65.1335944118
 20
-8.1712641248
 10
-65.1335943874
 20
-7.9167057074
 10
-65.1335943638
 20
-7.7273552334
 10
-65.1335943421
 20
-7.6106752104
 10
-65.1335943231
 20
-7.5712641248
 10
-65.1335943076
 20
-7.6106752104
 10
-65.1335942961
 20
-7.7273552334
 10
-65.1335942891
 20
-7.9167057074
 10
-65.1335942869
 20
-8.1712641248
  0
LWPOLYLINE
  5
710
330
1F
100
AcDbEntity
  8
0
  6
Continuous
 62
     7
370
    25
100
AcDbPolyline
 90
        9
 70
   128
 43
0.0
 10
-65.1335945429
 20
-8.1712641248
 10
-65.1335945185
 20
-7.9167057074
 10
-65.133594495
 20
-7.7273552334
 10
-65.1335944733
 20
-7.6106752104
 10
-65.1335944543
 20
-7.5712641248
 10
-65.1335944387
 20
-7.6106752104
 10
-65.1335944272
 20
-7.7273552334
 10
-65.1335944203
 20
-7.9167057074
 10
-65.1335944181
 20
-8.1712641248
  0
LWPOLYLINE
  5
712
330
1F
100
AcDbEntity
  8
0
  6
Continuous
 62
     7
370
    25
100
AcDbPolyline
 90
        9
 70
   128
 43
0.0
 10
-65.1335947209
 20
-8.1712641248
 10
-65.1335947324
 20
-8.1424420454
 10
-65.133594741
 20
-8.0570834236
 10
-65.1335947463
 20
-7.9184685433
 10
-65.1335947481
 20
-7.7319242966
 10
-65.1335947463
 20
-7.5046194743
 10
-65.133594741
 20
-7.2452892734
 10
-65.1335947324
 20
-6.9638996078
 10
-65.1335947209
 20
-6.6712641248
  0
LWPOLYLINE
  5
714
330
1F
100
AcDbEntity
  8
0
  6
Continuous
 62
     7
370
    25
100
AcDbPolyline
 90
        9
 70
   128
 43
0.0
 10
-65.1335941964
 20
5.3287358752
 10
-65.1335941823
 20
5.6213713582
 10
-65.1335941663
 20
5.9027610237
 10
-65.1335941489
 20
6.1620912247
 10
-65.1335941308
 20
6.389396047
 10
-65.1335941127
 20
6.5759402936
 10
-65.1335940953
 20
6.714555174
 10
-65.1335940793
 20
6.7999137958
 10
-65.1335940652
 20
6.8287358752
  0
LWPOLYLINE
  5
716
330
1F
100
AcDbEntity
  8
0
  6
Continuous
 62
     7
370
    25
100
AcDbPolyline
 90
        9
 70
   128
 43
0.0
 10
-65.1335937624
 20
6.8287358752
 10
-65.1335937868
 20
6.5741774578
 10
-65.1335938104
 20
6.3848269837
 10
-65.1335938321
 20
6.2681469607
 10
-65.1335938511
 20
6.2287358752
 10
-65.1335938666
 20
6.2681469607
 10
-65.1335938781
 20
6.3848269837
 10
-65.1335938851
 20
6.5741774578
 10
-65.1335938873
 20
6.8287358752
  0
LWPOLYLINE
  5
717
330
1F
100
AcDbEntity
  8
0
  6
Continuous
 62
     7
370
    25
100
AcDbPolyline
 90
        9
 70
   128
 43
0.0
 10
-65.1335936313
 20
6.8287358752
 10
-65.1335936557
 20
6.5741774578
 10
-65.1335936792
 20
6.3848269837
 10
-65.1335937009
 20
6.2681469607
 10
-65.1335937199
 20
6.2287358752
 10
-65.1335937355
 20
6.2681469607
 10
-65.133593747
 20
6.3848269837
 10
-65.1335937539
 20
6.5741774578
 10
-65.1335937561
 20
6.8287358752
  0
LWPOLYLINE
  5
718
330
1F
100
AcDbEntity
  8
0
  6
Continuous
 62
     7
370
    25
100
AcDbPolyline
 90
        9
 70
   128
 43
0.0
 10
-65.1335935001
 20
6.8287358752
 10
-65.1335935246
 20
6.5741774578
 10
-65.1335935481
 20
6.3848269837
 10
-65.1335935698
 20
6.2681469607
 10
-65.1335935888
 20
6.2287358752
 10
-65.1335936043
 20
6.2681469607
 10
-65.1335936158
 20
6.3848269837
 10
-65.1335936228
 20
6.5741774578
 10
-65.133593625
 20
6.8287358752
  0
LWPOLYLINE
  5
719
330
1F
100
AcDbEntity
  8
0
  6
Continuous
 62
     7
370
    25
100
AcDbPolyline
 90
       23
 70
   128
 43
0.0
 10
-65.1335941986
 20
4.3287358752
 10
-65.1335941739
 20
4.8217678497
 10
-65.1335941451
 20
5.2748573057
 10
-65.1335941144
 20
5.6512976303
 10
-65.1335940843
 20
5.9205918671
 10
-65.1335940572
 20
6.0609233985
 10
-65.1335940355
 20
6.0609233985
 10
-65.1335940207
 20
5.9205918671
 10
-65.1335940142
 20
5.6512976303
 10
-65.1335940164
 20
5.2748573057
 10
-65.1335940271
 20
4.8217678497
 10
-65.1335940456
 20
4.3287358752
 10
-65.1335940702
 20
3.8357039007
 10
-65.1335940991
 20
3.3826144446
 10
-65.1335941298
 20
3.0061741201
 10
-65.1335941599
 20
2.7368798833
 10
-65.1335941869
 20
2.5965483519
 10
-65.1335942087
 20
2.5965483519
 10
-65.1335942234
 20
2.7368798833
 10
-65.13359423
 20
3.0061741201
 10
-65.1335942278
 20
3.3826144446
 10
-65.133594217
 20
3.8357039007
 10
-65.1335941986
 20
4.3287358752
  0
LWPOLYLINE
  5
71A
330
1F
100
AcDbEntity
  8
0
  6
Continuous
 62
     7
370
    25
100
AcDbPolyline
 90
       23
 70
   128
 43
0.0
 10
-65.1335946357
 20
-5.6712641248
 10
-65.133594611
 20
-5.1782321503
 10
-65.1335945822
 20
-4.7251426943
 10
-65.1335945515
 20
-4.3487023697
 10
-65.1335945214
 20
-4.0794081329
 10
-65.1335944944
 20
-3.9390766015
 10
-65.1335944726
 20
-3.9390766015
 10
-65.1335944578
 20
-4.0794081329
 10
-65.1335944513
 20
-4.3487023697
 10
-65.1335944535
 20
-4.7251426943
 10
-65.1335944642
 20
-5.1782321503
 10
-65.1335944827
 20
-5.6712641248
 10
-65.1335945073
 20
-6.1642960993
 10
-65.1335945362
 20
-6.6173855554
 10
-65.1335945669
 20
-6.9938258799
 10
-65.133594597
 20
-7.2631201167
 10
-65.133594624
 20
-7.4034516481
 10
-65.1335946458
 20
-7.4034516481
 10
-65.1335946605
 20
-7.2631201167
 10
-65.1335946671
 20
-6.9938258799
 10
-65.1335946649
 20
-6.6173855554
 10
-65.1335946541
 20
-6.1642960993
 10
-65.1335946357
 20
-5.6712641248
  0
LWPOLYLINE
  5
71B
330
1F
100
AcDbEntity
  8
0
  6
Continuous
 62
     7
370
    25
100
AcDbPolyline
 90
       28
 70
   128
 43
0.0
 10
-65.1335936369
 20
-0.6712641248
 10
-65.1335936076
 20
-0.0716628609
 10
-65.1335935738
 20
0.4956137437
 10
-65.1335935372
 20
0.9999836604
 10
-65.1335934999
 20
1.4142561764
 10
-65.1335934639
 20
1.7160977531
 10
-65.133593431
 20
1.889236033
 10
-65.1335934032
 20
1.9243370867
 10
-65.1335933818
 20
1.8195086072
 10
-65.133593368
 20
1.580401925
 10
-65.1335933626
 20
1.2199073433
 10
-65.1335933658
 20
0.7574592182
 10
-65.1335933776
 20
0.2179882478
 10
-65.1335933971
 20
-0.3694225481
 10
-65.1335934235
 20
-0.9731057015
 10
-65.1335934553
 20
-1.5605164975
 10
-65.1335934907
 20
-2.0999874678
 10
-65.1335935279
 20
-2.5624355929
 10
-65.1335935648
 20
-2.9229301746
 10
-65.1335935995
 20
-3.1620368568
 10
-65.1335936301
 20
-3.2668653363
 10
-65.1335936549
 20
-3.2317642826
 10
-65.1335936726
 20
-3.0586260027
 10
-65.1335936823
 20
-2.756784426
 10
-65.1335936833
 20
-2.34251191
 10
-65.1335936758
 20
-1.8381419933
 10
-65.13359366
 20
-1.2708653887
 10
-65.1335936369
 20
-0.6712641248
  0
LWPOLYLINE
  5
71C
330
1F
100
AcDbEntity
  8
0
  6
Continuous
 62
     7
370
    25
100
AcDbPolyline
 90
       28
 70
   128
 43
0.0
 10
-65.133593921
 20
-0.6712641248
 10
-65.1335938917
 20
-0.0716628609
 10
-65.1335938579
 20
0.4956137437
 10
-65.1335938214
 20
0.9999836604
 10
-65.1335937841
 20
1.4142561764
 10
-65.133593748
 20
1.7160977531
 10
-65.1335937152
 20
1.889236033
 10
-65.1335936873
 20
1.9243370867
 10
-65.1335936659
 20
1.8195086072
 10
-65.1335936521
 20
1.580401925
 10
-65.1335936467
 20
1.2199073433
 10
-65.1335936499
 20
0.7574592182
 10
-65.1335936617
 20
0.2179882478
 10
-65.1335936813
 20
-0.3694225481
 10
-65.1335937077
 20
-0.9731057015
 10
-65.1335937394
 20
-1.5605164975
 10
-65.1335937748
 20
-2.0999874678
 10
-65.133593812
 20
-2.5624355929
 10
-65.1335938489
 20
-2.9229301746
 10
-65.1335938836
 20
-3.1620368568
 10
-65.1335939142
 20
-3.2668653363
 10
-65.133593939
 20
-3.2317642826
 10
-65.1335939567
 20
-3.0586260027
 10
-65.1335939664
 20
-2.756784426
 10
-65.1335939675
 20
-2.34251191
 10
-65.1335939599
 20
-1.8381419933
 10
-65.1335939441
 20
-1.2708653887
 10
-65.133593921
 20
-0.6712641248
  0
SPLINE
  5
735
330
1F
100
AcDbEntity
  8
0
  6
Continuous
 62
     7
370
    25
100
AcDbSpline
210
0.0
220
0.0
230
1.0
 70
     8
 71
     3
 72
    11
 73
     7
 74
     0
 42
0.00000001
 43
0.00000001
 40
0.0
 40
0.0
 40
0.0
 40
0.0
 40
0.328972823105369
 40
0.4315072951052166
 40
0.4927412475742029
 40
1.0
 40
1.0
 40
1.0
 40
1.0
 10
-61.08359357353734
 20
2.478735698637805
 30
0.0
 10
-61.08359357479899
 20
2.478739151069932
 30
0.0
 10
-61.08359357645389
 20
2.478743679558438
 30
0.0
 10
-61.08359357833893
 20
2.478855567145263
 30
0.0
 10
-61.08359358089865
 20
2.479178035165799
 30
0.0
 10
-61.08359358294864
 20
2.482097842532138
 30
0.0
 10
-61.08359358477784
 20
2.484703149212805
 30
0.0
  0
SPLINE
  5
736
330
1F
100
AcDbEntity
  8
0
  6
Continuous
 62
     7
370
    25
100
AcDbSpline
210
0.0
220
0.0
230
1.0
 70
     8
 71
     3
 72
    11
 73
     7
 74
     0
 42
0.00000001
 43
0.00000001
 40
0.0
 40
0.0
 40
0.0
 40
0.0
 40
0.5077716157104155
 40
0.5653994528350653
 40
0.6666465066466061
 40
1.0
 40
1.0
 40
1.0
 40
1.0
 10
-61.08359356220294
 20
2.483917780536804
 30
0.0
 10
-61.08359356418133
 20
2.4816387368512
 30
0.0
 10
-61.08359356638426
 20
2.479101040743424
 30
0.0
 10
-61.08359356886556
 20
2.478828351948736
 30
0.0
 10
-61.08359357069249
 20
2.478742731333734
 30
0.0
 10
-61.08359357230245
 20
2.478738751390485
 30
0.0
 10
-61.08359357353734
 20
2.478735698637805
 30
0.0
  0
SPLINE
  5
73A
330
1F
100
AcDbEntity
  8
0
  6
Continuous
 62
     7
370
    25
100
AcDbSpline
210
0.0
220
0.0
230
1.0
 70
     8
 71
     3
 72
    11
 73
     7
 74
     0
 42
0.00000001
 43
0.00000001
 40
0.0
 40
0.0
 40
0.0
 40
0.0
 40
0.3320619294898509
 40
0.4336318767695645
 40
0.4922283748227957
 40
1.0
 40
1.0
 40
1.0
 40
1.0
 10
-61.08359350359914
 20
4.078735697679805
 30
0.0
 10
-61.08359350236928
 20
4.078732928810663
 30
0.0
 10
-61.08359350076326
 20
4.078729313009466
 30
0.0
 10
-61.08359349894383
 20
4.078641997081654
 30
0.0
 10
-61.08359349648138
 20
4.078377438180365
 30
0.0
 10
-61.0835934944969
 20
4.075833952341842
 30
0.0
 10
-61.08359349271774
 20
4.073553615781805
 30
0.0
  0
SPLINE
  5
73B
330
1F
100
AcDbEntity
  8
0
  6
Continuous
 62
     7
370
    25
100
AcDbSpline
210
0.0
220
0.0
230
1.0
 70
     8
 71
     3
 72
    11
 73
     7
 74
     0
 42
0.00000001
 43
0.00000001
 40
0.0
 40
0.0
 40
0.0
 40
0.0
 40
0.5072587386929189
 40
0.5674595255646275
 40
0.6696495997233534
 40
1.0
 40
1.0
 40
1.0
 40
1.0
 10
-61.08359351536134
 20
4.072768247104804
 30
0.0
 10
-61.08359351330445
 20
4.075371934220859
 30
0.0
 10
-61.08359351100345
 20
4.078284623432287
 30
0.0
 10
-61.08359350842038
 20
4.078617132511964
 30
0.0
 10
-61.08359350652564
 20
4.078727007906457
 30
0.0
 10
-61.08359350486638
 20
4.078731934795493
 30
0.0
 10
-61.08359350359914
 20
4.078735697679805
 30
0.0
  0
LWPOLYLINE
  5
73D
330
1F
100
AcDbEntity
  8
0
  6
Continuous
 62
     7
370
    25
100
AcDbPolyline
 90
       13
 70
   128
 43
0.0
 10
-61.0835938646
 20
4.5287356982
 10
-61.0835938485
 20
4.6103234578
 10
-61.083593829
 20
4.6103234578
 10
-61.083593817
 20
4.4660252623
 10
-61.0835938136
 20
4.1930658199
 10
-61.0835938192
 20
3.8210245214
 10
-61.0835938333
 20
3.3902178145
 10
-61.0835938542
 20
2.9473302905
 10
-61.0835938798
 20
2.5403556847
 10
-61.0835939073
 20
2.2133960105
 10
-61.0835939336
 20
2.0018824219
 10
-61.083593956
 20
1.9287356982
 10
-61.083593956
 20
1.9287356982
  0
SPLINE
  5
746
330
1F
100
AcDbEntity
  8
0
  6
Continuous
 62
     7
370
    25
100
AcDbSpline
210
0.0
220
0.0
230
1.0
 70
     8
 71
     3
 72
     9
 73
     5
 74
     0
 42
0.00000001
 43
0.00000001
 40
0.0
 40
0.0
 40
0.0
 40
0.0
 40
0.5004267720514972
 40
1.0
 40
1.0
 40
1.0
 40
1.0
 10
-61.08359386311635
 20
-3.869781785930195
 30
0.0
 10
-61.08359385840691
 20
-3.852523764240534
 30
0.0
 10
-61.08359384899608
 20
-3.818037156701707
 30
0.0
 10
-61.08359384247193
 20
-3.850042604125003
 30
0.0
 10
-61.08359383921265
 20
-3.866031668806195
 30
0.0
  0
LWPOLYLINE
  5
748
330
1F
100
AcDbEntity
  8
0
  6
Continuous
 62
     7
370
    25
100
AcDbPolyline
 90
       13
 70
   128
 43
0.0
 10
-61.0835942099
 20
-3.3712643018
 10
-61.0835941938
 20
-3.2896765422
 10
-61.0835941744
 20
-3.2896765422
 10
-61.0835941623
 20
-3.4339747377
 10
-61.0835941589
 20
-3.7069341801
 10
-61.0835941645
 20
-4.0789754786
 10
-61.0835941786
 20
-4.5097821855
 10
-61.0835941996
 20
-4.9526697095
 10
-61.0835942252
 20
-5.3596443153
 10
-61.0835942526
 20
-5.6866039895
 10
-61.0835942789
 20
-5.8981175781
 10
-61.0835943013
 20
-5.9712643018
 10
-61.0835943013
 20
-5.9712643018
  0
LWPOLYLINE
  5
76F
330
1F
100
AcDbEntity
  8
0
  6
Continuous
 62
     7
370
    25
100
AcDbPolyline
 90
        5
 70
   128
 43
0.0
 10
-57.1335936225
 20
6.5584062166
 10
-57.1335936164
 20
6.3946085822
 10
-57.1335936069
 20
6.285076572
 10
-57.1335935943
 20
6.2330508684
 10
-57.1335935888
 20
6.2287355255
  0
LWPOLYLINE
  5
770
330
1F
100
AcDbEntity
  8
0
  6
Continuous
 62
     7
370
    25
100
AcDbPolyline
 90
        5
 70
   128
 43
0.0
 10
-57.133594192
 20
-7.5712644745
 10
-57.1335941979
 20
-7.5755798174
 10
-57.1335942151
 20
-7.627605521
 10
-57.1335942341
 20
-7.7371375312
 10
-57.1335942545
 20
-7.9009351657
  0
SPLINE
  5
777
330
1F
100
AcDbEntity
  8
0
  6
Continuous
 62
     7
370
    25
100
AcDbSpline
210
0.0
220
0.0
230
1.0
 70
     8
 71
     3
 72
    11
 73
     7
 74
     0
 42
0.00000001
 43
0.00000001
 40
0.0
 40
0.0
 40
0.0
 40
0.0
 40
0.2780421470834956
 40
0.5575282817655469
 40
0.7786676629505288
 40
1.0
 40
1.0
 40
1.0
 40
1.0
 10
-98.63359348825594
 20
7.328735853334804
 30
0.0
 10
-98.71016892915978
 20
7.318219702316959
 30
0.0
 10
-98.86371749882947
 20
7.297132785569747
 30
0.0
 10
-99.02484707302018
 20
7.157818151673076
 30
0.0
 10
-99.11726516227459
 20
6.996175221117007
 30
0.0
 10
-99.1281491387291
 20
6.884565214364678
 30
0.0
 10
-99.13359350013295
 20
6.828735875189805
 30
0.0
  0
SPLINE
  5
779
330
1F
100
AcDbEntity
  8
0
  6
Continuous
 62
     7
370
    25
100
AcDbSpline
210
0.0
220
0.0
230
1.0
 70
     8
 71
     3
 72
    11
 73
     7
 74
     0
 42
0.00000001
 43
0.00000001
 40
0.0
 40
0.0
 40
0.0
 40
0.0
 40
0.2781001899654453
 40
0.5575325707130365
 40
0.7786132289513861
 40
1.0
 40
1.0
 40
1.0
 40
1.0
 10
-98.63359418763794
 20
-8.671264146665646
 30
0.0
 10
-98.71018578447017
 20
-8.66074344831689
 30
0.0
 10
-98.8637358769106
 20
-8.639651654036536
 30
0.0
 10
-99.02484371880723
 20
-8.500341399175397
 30
0.0
 10
-99.11726018852245
 20
-8.338717991416246
 30
0.0
 10
-99.12814698943362
 20
-8.227107818815263
 30
0.0
 10
-99.13359415580395
 20
-8.171264124810197
 30
0.0
  0
LWPOLYLINE
  5
79A
330
1F
100
AcDbEntity
  8
0
  6
Continuous
 62
     7
370
    25
100
AcDbPolyline
 90
        9
 70
   128
 43
0.0
 10
-99.1335942807
 20
-8.1712641248
 10
-99.1335942562
 20
-7.9167057074
 10
-99.1335942327
 20
-7.7273552334
 10
-99.133594211
 20
-7.6106752104
 10
-99.133594192
 20
-7.5712641248
 10
-99.1335941765
 20
-7.6106752104
 10
-99.133594165
 20
-7.7273552334
 10
-99.133594158
 20
-7.9167057074
 10
-99.1335941558
 20
-8.1712641248
  0
LWPOLYLINE
  5
79B
330
1F
100
AcDbEntity
  8
0
  6
Continuous
 62
     7
370
    25
100
AcDbPolyline
 90
        9
 70
   128
 43
0.0
 10
-99.1335944118
 20
-8.1712641248
 10
-99.1335943874
 20
-7.9167057074
 10
-99.1335943638
 20
-7.7273552334
 10
-99.1335943421
 20
-7.6106752104
 10
-99.1335943231
 20
-7.5712641248
 10
-99.1335943076
 20
-7.6106752104
 10
-99.1335942961
 20
-7.7273552334
 10
-99.1335942891
 20
-7.9167057074
 10
-99.1335942869
 20
-8.1712641248
  0
LWPOLYLINE
  5
79C
330
1F
100
AcDbEntity
  8
0
  6
Continuous
 62
     7
370
    25
100
AcDbPolyline
 90
        9
 70
   128
 43
0.0
 10
-99.1335945429
 20
-8.1712641248
 10
-99.1335945185
 20
-7.9167057074
 10
-99.133594495
 20
-7.7273552334
 10
-99.1335944733
 20
-7.6106752104
 10
-99.1335944543
 20
-7.5712641248
 10
-99.1335944387
 20
-7.6106752104
 10
-99.1335944272
 20
-7.7273552334
 10
-99.1335944203
 20
-7.9167057074
 10
-99.1335944181
 20
-8.1712641248
  0
LWPOLYLINE
  5
79E
330
1F
100
AcDbEntity
  8
0
  6
Continuous
 62
     7
370
    25
100
AcDbPolyline
 90
        9
 70
   128
 43
0.0
 10
-99.1335947209
 20
-8.1712641248
 10
-99.1335947324
 20
-8.1424420454
 10
-99.133594741
 20
-8.0570834236
 10
-99.1335947463
 20
-7.9184685433
 10
-99.1335947481
 20
-7.7319242966
 10
-99.1335947463
 20
-7.5046194743
 10
-99.133594741
 20
-7.2452892734
 10
-99.1335947324
 20
-6.9638996078
 10
-99.1335947209
 20
-6.6712641248
  0
LWPOLYLINE
  5
7A0
330
1F
100
AcDbEntity
  8
0
  6
Continuous
 62
     7
370
    25
100
AcDbPolyline
 90
        9
 70
   128
 43
0.0
 10
-99.1335941964
 20
5.3287358752
 10
-99.1335941823
 20
5.6213713582
 10
-99.1335941663
 20
5.9027610237
 10
-99.1335941489
 20
6.1620912247
 10
-99.1335941308
 20
6.389396047
 10
-99.1335941127
 20
6.5759402936
 10
-99.1335940953
 20
6.714555174
 10
-99.1335940793
 20
6.7999137958
 10
-99.1335940652
 20
6.8287358752
  0
LWPOLYLINE
  5
7A2
330
1F
100
AcDbEntity
  8
0
  6
Continuous
 62
     7
370
    25
100
AcDbPolyline
 90
        9
 70
   128
 43
0.0
 10
-99.1335937624
 20
6.8287358752
 10
-99.1335937868
 20
6.5741774578
 10
-99.1335938104
 20
6.3848269837
 10
-99.1335938321
 20
6.2681469607
 10
-99.1335938511
 20
6.2287358752
 10
-99.1335938666
 20
6.2681469607
 10
-99.1335938781
 20
6.3848269837
 10
-99.1335938851
 20
6.5741774578
 10
-99.1335938873
 20
6.8287358752
  0
LWPOLYLINE
  5
7A3
330
1F
100
AcDbEntity
  8
0
  6
Continuous
 62
     7
370
    25
100
AcDbPolyline
 90
        9
 70
   128
 43
0.0
 10
-99.1335936313
 20
6.8287358752
 10
-99.1335936557
 20
6.5741774578
 10
-99.1335936792
 20
6.3848269837
 10
-99.1335937009
 20
6.2681469607
 10
-99.1335937199
 20
6.2287358752
 10
-99.1335937355
 20
6.2681469607
 10
-99.133593747
 20
6.3848269837
 10
-99.1335937539
 20
6.5741774578
 10
-99.1335937561
 20
6.8287358752
  0
LWPOLYLINE
  5
7A4
330
1F
100
AcDbEntity
  8
0
  6
Continuous
 62
     7
370
    25
100
AcDbPolyline
 90
        9
 70
   128
 43
0.0
 10
-99.1335935001
 20
6.8287358752
 10
-99.1335935246
 20
6.5741774578
 10
-99.1335935481
 20
6.3848269837
 10
-99.1335935698
 20
6.2681469607
 10
-99.1335935888
 20
6.2287358752
 10
-99.1335936043
 20
6.2681469607
 10
-99.1335936158
 20
6.3848269837
 10
-99.1335936228
 20
6.5741774578
 10
-99.133593625
 20
6.8287358752
  0
LWPOLYLINE
  5
7A5
330
1F
100
AcDbEntity
  8
0
  6
Continuous
 62
     7
370
    25
100
AcDbPolyline
 90
       23
 70
   128
 43
0.0
 10
-99.1335941986
 20
4.3287358752
 10
-99.1335941739
 20
4.8217678497
 10
-99.1335941451
 20
5.2748573057
 10
-99.1335941144
 20
5.6512976303
 10
-99.1335940843
 20
5.9205918671
 10
-99.1335940572
 20
6.0609233985
 10
-99.1335940355
 20
6.0609233985
 10
-99.1335940207
 20
5.9205918671
 10
-99.1335940142
 20
5.6512976303
 10
-99.1335940164
 20
5.2748573057
 10
-99.1335940271
 20
4.8217678497
 10
-99.1335940456
 20
4.3287358752
 10
-99.1335940702
 20
3.8357039007
 10
-99.1335940991
 20
3.3826144446
 10
-99.1335941298
 20
3.0061741201
 10
-99.1335941599
 20
2.7368798833
 10
-99.1335941869
 20
2.5965483519
 10
-99.1335942087
 20
2.5965483519
 10
-99.1335942234
 20
2.7368798833
 10
-99.13359423
 20
3.0061741201
 10
-99.1335942278
 20
3.3826144446
 10
-99.133594217
 20
3.8357039007
 10
-99.1335941986
 20
4.3287358752
  0
LWPOLYLINE
  5
7A6
330
1F
100
AcDbEntity
  8
0
  6
Continuous
 62
     7
370
    25
100
AcDbPolyline
 90
       23
 70
   128
 43
0.0
 10
-99.1335946357
 20
-5.6712641248
 10
-99.133594611
 20
-5.1782321503
 10
-99.1335945822
 20
-4.7251426943
 10
-99.1335945515
 20
-4.3487023697
 10
-99.1335945214
 20
-4.0794081329
 10
-99.1335944944
 20
-3.9390766015
 10
-99.1335944726
 20
-3.9390766015
 10
-99.1335944578
 20
-4.0794081329
 10
-99.1335944513
 20
-4.3487023697
 10
-99.1335944535
 20
-4.7251426943
 10
-99.1335944642
 20
-5.1782321503
 10
-99.1335944827
 20
-5.6712641248
 10
-99.1335945073
 20
-6.1642960993
 10
-99.1335945362
 20
-6.6173855554
 10
-99.1335945669
 20
-6.9938258799
 10
-99.133594597
 20
-7.2631201167
 10
-99.133594624
 20
-7.4034516481
 10
-99.1335946458
 20
-7.4034516481
 10
-99.1335946605
 20
-7.2631201167
 10
-99.1335946671
 20
-6.9938258799
 10
-99.1335946649
 20
-6.6173855554
 10
-99.1335946541
 20
-6.1642960993
 10
-99.1335946357
 20
-5.6712641248
  0
LWPOLYLINE
  5
7A7
330
1F
100
AcDbEntity
  8
0
  6
Continuous
 62
     7
370
    25
100
AcDbPolyline
 90
       28
 70
   128
 43
0.0
 10
-99.1335936369
 20
-0.6712641248
 10
-99.1335936076
 20
-0.0716628609
 10
-99.1335935738
 20
0.4956137437
 10
-99.1335935372
 20
0.9999836604
 10
-99.1335934999
 20
1.4142561764
 10
-99.1335934639
 20
1.7160977531
 10
-99.133593431
 20
1.889236033
 10
-99.1335934032
 20
1.9243370867
 10
-99.1335933818
 20
1.8195086072
 10
-99.133593368
 20
1.580401925
 10
-99.1335933626
 20
1.2199073433
 10
-99.1335933658
 20
0.7574592182
 10
-99.1335933776
 20
0.2179882478
 10
-99.1335933971
 20
-0.3694225481
 10
-99.1335934235
 20
-0.9731057015
 10
-99.1335934553
 20
-1.5605164975
 10
-99.1335934907
 20
-2.0999874678
 10
-99.1335935279
 20
-2.5624355929
 10
-99.1335935648
 20
-2.9229301746
 10
-99.1335935995
 20
-3.1620368568
 10
-99.1335936301
 20
-3.2668653363
 10
-99.1335936549
 20
-3.2317642826
 10
-99.1335936726
 20
-3.0586260027
 10
-99.1335936823
 20
-2.756784426
 10
-99.1335936833
 20
-2.34251191
 10
-99.1335936758
 20
-1.8381419933
 10
-99.13359366
 20
-1.2708653887
 10
-99.1335936369
 20
-0.6712641248
  0
LWPOLYLINE
  5
7A8
330
1F
100
AcDbEntity
  8
0
  6
Continuous
 62
     7
370
    25
100
AcDbPolyline
 90
       28
 70
   128
 43
0.0
 10
-99.133593921
 20
-0.6712641248
 10
-99.1335938917
 20
-0.0716628609
 10
-99.1335938579
 20
0.4956137437
 10
-99.1335938214
 20
0.9999836604
 10
-99.1335937841
 20
1.4142561764
 10
-99.133593748
 20
1.7160977531
 10
-99.1335937152
 20
1.889236033
 10
-99.1335936873
 20
1.9243370867
 10
-99.1335936659
 20
1.8195086072
 10
-99.1335936521
 20
1.580401925
 10
-99.1335936467
 20
1.2199073433
 10
-99.1335936499
 20
0.7574592182
 10
-99.1335936617
 20
0.2179882478
 10
-99.1335936813
 20
-0.3694225481
 10
-99.1335937077
 20
-0.9731057015
 10
-99.1335937394
 20
-1.5605164975
 10
-99.1335937748
 20
-2.0999874678
 10
-99.133593812
 20
-2.5624355929
 10
-99.1335938489
 20
-2.9229301746
 10
-99.1335938836
 20
-3.1620368568
 10
-99.1335939142
 20
-3.2668653363
 10
-99.133593939
 20
-3.2317642826
 10
-99.1335939567
 20
-3.0586260027
 10
-99.1335939664
 20
-2.756784426
 10
-99.1335939675
 20
-2.34251191
 10
-99.1335939599
 20
-1.8381419933
 10
-99.1335939441
 20
-1.2708653887
 10
-99.133593921
 20
-0.6712641248
  0
SPLINE
  5
7C4
330
1F
100
AcDbEntity
  8
0
  6
Continuous
 62
     7
370
    25
100
AcDbSpline
210
0.0
220
0.0
230
1.0
 70
     8
 71
     3
 72
     9
 73
     5
 74
     0
 42
0.00000001
 43
0.00000001
 40
0.0
 40
0.0
 40
0.0
 40
0.0
 40
0.5004267720514972
 40
1.0
 40
1.0
 40
1.0
 40
1.0
 10
-95.08359386311635
 20
-3.869781785930195
 30
0.0
 10
-95.08359385840693
 20
-3.852523764240534
 30
0.0
 10
-95.08359384899609
 20
-3.818037156701707
 30
0.0
 10
-95.08359384247193
 20
-3.850042604125003
 30
0.0
 10
-95.08359383921265
 20
-3.866031668806195
 30
0.0
  0
LWPOLYLINE
  5
7C6
330
1F
100
AcDbEntity
  8
0
  6
Continuous
 62
     7
370
    25
100
AcDbPolyline
 90
       13
 70
   128
 43
0.0
 10
-95.0835942099
 20
-3.3712643018
 10
-95.0835941938
 20
-3.2896765422
 10
-95.0835941744
 20
-3.2896765422
 10
-95.0835941623
 20
-3.4339747377
 10
-95.0835941589
 20
-3.7069341801
 10
-95.0835941645
 20
-4.0789754786
 10
-95.0835941786
 20
-4.5097821855
 10
-95.0835941996
 20
-4.9526697095
 10
-95.0835942252
 20
-5.3596443153
 10
-95.0835942526
 20
-5.6866039895
 10
-95.0835942789
 20
-5.8981175781
 10
-95.0835943013
 20
-5.9712643018
 10
-95.0835943013
 20
-5.9712643018
  0
SPLINE
  5
7CE
330
1F
100
AcDbEntity
  8
0
  6
Continuous
 62
     7
370
    25
100
AcDbSpline
210
0.0
220
0.0
230
1.0
 70
     8
 71
     3
 72
    11
 73
     7
 74
     0
 42
0.00000001
 43
0.00000001
 40
0.0
 40
0.0
 40
0.0
 40
0.0
 40
0.328972823105369
 40
0.4315072951052166
 40
0.4927412475742029
 40
1.0
 40
1.0
 40
1.0
 40
1.0
 10
-95.08359357353736
 20
2.478735698637805
 30
0.0
 10
-95.08359357479898
 20
2.478739151069932
 30
0.0
 10
-95.08359357645385
 20
2.478743679558438
 30
0.0
 10
-95.08359357833896
 20
2.478855567145263
 30
0.0
 10
-95.08359358089855
 20
2.479178035165799
 30
0.0
 10
-95.0835935829486
 20
2.482097842532138
 30
0.0
 10
-95.08359358477789
 20
2.484703149212805
 30
0.0
  0
SPLINE
  5
7CF
330
1F
100
AcDbEntity
  8
0
  6
Continuous
 62
     7
370
    25
100
AcDbSpline
210
0.0
220
0.0
230
1.0
 70
     8
 71
     3
 72
    11
 73
     7
 74
     0
 42
0.00000001
 43
0.00000001
 40
0.0
 40
0.0
 40
0.0
 40
0.0
 40
0.5077716157104155
 40
0.5653994528350653
 40
0.6666465066466061
 40
1.0
 40
1.0
 40
1.0
 40
1.0
 10
-95.08359356220295
 20
2.483917780536804
 30
0.0
 10
-95.08359356418133
 20
2.4816387368512
 30
0.0
 10
-95.08359356638425
 20
2.479101040743424
 30
0.0
 10
-95.08359356886557
 20
2.478828351948736
 30
0.0
 10
-95.08359357069249
 20
2.478742731333734
 30
0.0
 10
-95.08359357230246
 20
2.478738751390485
 30
0.0
 10
-95.08359357353736
 20
2.478735698637805
 30
0.0
  0
SPLINE
  5
7D3
330
1F
100
AcDbEntity
  8
0
  6
Continuous
 62
     7
370
    25
100
AcDbSpline
210
0.0
220
0.0
230
1.0
 70
     8
 71
     3
 72
    11
 73
     7
 74
     0
 42
0.00000001
 43
0.00000001
 40
0.0
 40
0.0
 40
0.0
 40
0.0
 40
0.3320619294898509
 40
0.4336318767695645
 40
0.4922283748227957
 40
1.0
 40
1.0
 40
1.0
 40
1.0
 10
-95.08359350359915
 20
4.078735697679805
 30
0.0
 10
-95.08359350236927
 20
4.078732928810663
 30
0.0
 10
-95.08359350076326
 20
4.078729313009466
 30
0.0
 10
-95.08359349894386
 20
4.078641997081654
 30
0.0
 10
-95.08359349648131
 20
4.078377438180365
 30
0.0
 10
-95.08359349449685
 20
4.075833952341842
 30
0.0
 10
-95.08359349271775
 20
4.073553615781805
 30
0.0
  0
SPLINE
  5
7D4
330
1F
100
AcDbEntity
  8
0
  6
Continuous
 62
     7
370
    25
100
AcDbSpline
210
0.0
220
0.0
230
1.0
 70
     8
 71
     3
 72
    11
 73
     7
 74
     0
 42
0.00000001
 43
0.00000001
 40
0.0
 40
0.0
 40
0.0
 40
0.0
 40
0.5072587386929189
 40
0.5674595255646275
 40
0.6696495997233534
 40
1.0
 40
1.0
 40
1.0
 40
1.0
 10
-95.08359351536134
 20
4.072768247104804
 30
0.0
 10
-95.08359351330448
 20
4.075371934220859
 30
0.0
 10
-95.08359351100349
 20
4.078284623432287
 30
0.0
 10
-95.08359350842036
 20
4.078617132511964
 30
0.0
 10
-95.08359350652566
 20
4.078727007906457
 30
0.0
 10
-95.08359350486639
 20
4.078731934795493
 30
0.0
 10
-95.08359350359915
 20
4.078735697679805
 30
0.0
  0
LWPOLYLINE
  5
7D6
330
1F
100
AcDbEntity
  8
0
  6
Continuous
 62
     7
370
    25
100
AcDbPolyline
 90
       13
 70
   128
 43
0.0
 10
-95.0835938646
 20
4.5287356982
 10
-95.0835938485
 20
4.6103234578
 10
-95.083593829
 20
4.6103234578
 10
-95.083593817
 20
4.4660252623
 10
-95.0835938136
 20
4.1930658199
 10
-95.0835938192
 20
3.8210245214
 10
-95.0835938333
 20
3.3902178145
 10
-95.0835938542
 20
2.9473302905
 10
-95.0835938798
 20
2.5403556847
 10
-95.0835939073
 20
2.2133960105
 10
-95.0835939336
 20
2.0018824219
 10
-95.083593956
 20
1.9287356982
 10
-95.083593956
 20
1.9287356982
  0
LWPOLYLINE
  5
7FB
330
1F
100
AcDbEntity
  8
0
  6
Continuous
 62
     7
370
    25
100
AcDbPolyline
 90
        5
 70
   128
 43
0.0
 10
-91.133594192
 20
-7.5712644745
 10
-91.1335941979
 20
-7.5755798174
 10
-91.1335942151
 20
-7.627605521
 10
-91.1335942341
 20
-7.7371375312
 10
-91.1335942545
 20
-7.9009351657
  0
LWPOLYLINE
  5
7FC
330
1F
100
AcDbEntity
  8
0
  6
Continuous
 62
     7
370
    25
100
AcDbPolyline
 90
        5
 70
   128
 43
0.0
 10
-91.1335936225
 20
6.5584062166
 10
-91.1335936164
 20
6.3946085822
 10
-91.1335936069
 20
6.285076572
 10
-91.1335935943
 20
6.2330508684
 10
-91.1335935888
 20
6.2287355255
  0
SPLINE
  5
803
330
1F
100
AcDbEntity
  8
0
  6
Continuous
 62
     7
370
    25
100
AcDbSpline
210
0.0
220
0.0
230
1.0
 70
     8
 71
     3
 72
    11
 73
     7
 74
     0
 42
0.00000001
 43
0.00000001
 40
0.0
 40
0.0
 40
0.0
 40
0.0
 40
0.2780421470887255
 40
0.5575282817704845
 40
0.7786676629524781
 40
1.0
 40
1.0
 40
1.0
 40
1.0
 10
-5.133601117650946
 20
7.328735853334804
 30
0.0
 10
-5.210176558556788
 20
7.318219702317172
 30
0.0
 10
-5.363725128228948
 20
7.297132785570593
 30
0.0
 10
-5.524854702423538
 20
7.157818151674322
 30
0.0
 10
-5.617272791674684
 20
6.996175221116473
 30
0.0
 10
-5.628156768127758
 20
6.884565214364586
 30
0.0
 10
-5.633601129530944
 20
6.828735875189805
 30
0.0
  0
SPLINE
  5
824
330
1F
100
AcDbEntity
  8
0
  6
Continuous
 62
     7
370
    25
100
AcDbSpline
210
0.0
220
0.0
230
1.0
 70
     8
 71
     3
 72
    11
 73
     7
 74
     0
 42
0.00000001
 43
0.00000001
 40
0.0
 40
0.0
 40
0.0
 40
0.0
 40
0.2781001899595966
 40
0.5575325707098544
 40
0.7786132289500678
 40
1.0
 40
1.0
 40
1.0
 40
1.0
 10
-5.133601817040937
 20
-8.671264146665646
 30
0.0
 10
-5.210193413870794
 20
-8.660743448316456
 30
0.0
 10
-5.363743506308811
 20
-8.639651654034907
 30
0.0
 10
-5.524851348204261
 20
-8.50034139917549
 30
0.0
 10
-5.617267817920775
 20
-8.338717991416464
 30
0.0
 10
-5.628154618831073
 20
-8.227107818815291
 30
0.0
 10
-5.633601785200948
 20
-8.171264124810197
 30
0.0
  0
LWPOLYLINE
  5
826
330
1F
100
AcDbEntity
  8
0
  6
Continuous
 62
     7
370
    25
100
AcDbPolyline
 90
        9
 70
   128
 43
0.0
 10
-5.6336019101
 20
-8.1712641248
 10
-5.6336018856
 20
-7.9167057074
 10
-5.6336018621
 20
-7.7273552334
 10
-5.6336018404
 20
-7.6106752104
 10
-5.6336018214
 20
-7.5712641248
 10
-5.6336018059
 20
-7.6106752104
 10
-5.6336017944
 20
-7.7273552334
 10
-5.6336017874
 20
-7.9167057074
 10
-5.6336017852
 20
-8.1712641248
  0
LWPOLYLINE
  5
827
330
1F
100
AcDbEntity
  8
0
  6
Continuous
 62
     7
370
    25
100
AcDbPolyline
 90
        9
 70
   128
 43
0.0
 10
-5.6336020412
 20
-8.1712641248
 10
-5.6336020168
 20
-7.9167057074
 10
-5.6336019932
 20
-7.7273552334
 10
-5.6336019715
 20
-7.6106752104
 10
-5.6336019525
 20
-7.5712641248
 10
-5.633601937
 20
-7.6106752104
 10
-5.6336019255
 20
-7.7273552334
 10
-5.6336019185
 20
-7.9167057074
 10
-5.6336019163
 20
-8.1712641248
  0
LWPOLYLINE
  5
828
330
1F
100
AcDbEntity
  8
0
  6
Continuous
 62
     7
370
    25
100
AcDbPolyline
 90
        9
 70
   128
 43
0.0
 10
-5.6336021723
 20
-8.1712641248
 10
-5.6336021479
 20
-7.9167057074
 10
-5.6336021244
 20
-7.7273552334
 10
-5.6336021027
 20
-7.6106752104
 10
-5.6336020837
 20
-7.5712641248
 10
-5.6336020681
 20
-7.6106752104
 10
-5.6336020566
 20
-7.7273552334
 10
-5.6336020497
 20
-7.9167057074
 10
-5.6336020475
 20
-8.1712641248
  0
LWPOLYLINE
  5
82A
330
1F
100
AcDbEntity
  8
0
  6
Continuous
 62
     7
370
    25
100
AcDbPolyline
 90
        9
 70
   128
 43
0.0
 10
-5.6336023503
 20
-8.1712641248
 10
-5.6336023619
 20
-8.1424420454
 10
-5.6336023704
 20
-8.0570834236
 10
-5.6336023757
 20
-7.9184685433
 10
-5.6336023775
 20
-7.7319242966
 10
-5.6336023757
 20
-7.5046194743
 10
-5.6336023704
 20
-7.2452892734
 10
-5.6336023619
 20
-6.9638996078
 10
-5.6336023503
 20
-6.6712641248
  0
LWPOLYLINE
  5
82C
330
1F
100
AcDbEntity
  8
0
  6
Continuous
 62
     7
370
    25
100
AcDbPolyline
 90
        9
 70
   128
 43
0.0
 10
-5.6336018258
 20
5.3287358752
 10
-5.6336018117
 20
5.6213713582
 10
-5.6336017957
 20
5.9027610237
 10
-5.6336017783
 20
6.1620912247
 10
-5.6336017602
 20
6.389396047
 10
-5.6336017421
 20
6.5759402936
 10
-5.6336017247
 20
6.714555174
 10
-5.6336017087
 20
6.7999137958
 10
-5.6336016946
 20
6.8287358752
  0
LWPOLYLINE
  5
82E
330
1F
100
AcDbEntity
  8
0
  6
Continuous
 62
     7
370
    25
100
AcDbPolyline
 90
        9
 70
   128
 43
0.0
 10
-5.6336013918
 20
6.8287358752
 10
-5.6336014162
 20
6.5741774578
 10
-5.6336014398
 20
6.3848269837
 10
-5.6336014615
 20
6.2681469607
 10
-5.6336014805
 20
6.2287358752
 10
-5.633601496
 20
6.2681469607
 10
-5.6336015075
 20
6.3848269837
 10
-5.6336015145
 20
6.5741774578
 10
-5.6336015167
 20
6.8287358752
  0
LWPOLYLINE
  5
82F
330
1F
100
AcDbEntity
  8
0
  6
Continuous
 62
     7
370
    25
100
AcDbPolyline
 90
        9
 70
   128
 43
0.0
 10
-5.6336012607
 20
6.8287358752
 10
-5.6336012851
 20
6.5741774578
 10
-5.6336013086
 20
6.3848269837
 10
-5.6336013303
 20
6.2681469607
 10
-5.6336013493
 20
6.2287358752
 10
-5.6336013649
 20
6.2681469607
 10
-5.6336013764
 20
6.3848269837
 10
-5.6336013833
 20
6.5741774578
 10
-5.6336013855
 20
6.8287358752
  0
LWPOLYLINE
  5
830
330
1F
100
AcDbEntity
  8
0
  6
Continuous
 62
     7
370
    25
100
AcDbPolyline
 90
        9
 70
   128
 43
0.0
 10
-5.6336011295
 20
6.8287358752
 10
-5.633601154
 20
6.5741774578
 10
-5.6336011775
 20
6.3848269837
 10
-5.6336011992
 20
6.2681469607
 10
-5.6336012182
 20
6.2287358752
 10
-5.6336012337
 20
6.2681469607
 10
-5.6336012452
 20
6.3848269837
 10
-5.6336012522
 20
6.5741774578
 10
-5.6336012544
 20
6.8287358752
  0
LWPOLYLINE
  5
831
330
1F
100
AcDbEntity
  8
0
  6
Continuous
 62
     7
370
    25
100
AcDbPolyline
 90
       23
 70
   128
 43
0.0
 10
-5.633601828
 20
4.3287358752
 10
-5.6336018033
 20
4.8217678497
 10
-5.6336017745
 20
5.2748573057
 10
-5.6336017438
 20
5.6512976303
 10
-5.6336017137
 20
5.9205918671
 10
-5.6336016866
 20
6.0609233985
 10
-5.6336016649
 20
6.0609233985
 10
-5.6336016501
 20
5.9205918671
 10
-5.6336016436
 20
5.6512976303
 10
-5.6336016458
 20
5.2748573057
 10
-5.6336016565
 20
4.8217678497
 10
-5.633601675
 20
4.3287358752
 10
-5.6336016996
 20
3.8357039007
 10
-5.6336017285
 20
3.3826144446
 10
-5.6336017592
 20
3.0061741201
 10
-5.6336017893
 20
2.7368798833
 10
-5.6336018163
 20
2.5965483519
 10
-5.6336018381
 20
2.5965483519
 10
-5.6336018528
 20
2.7368798833
 10
-5.6336018594
 20
3.0061741201
 10
-5.6336018572
 20
3.3826144446
 10
-5.6336018464
 20
3.8357039007
 10
-5.633601828
 20
4.3287358752
  0
LWPOLYLINE
  5
832
330
1F
100
AcDbEntity
  8
0
  6
Continuous
 62
     7
370
    25
100
AcDbPolyline
 90
       23
 70
   128
 43
0.0
 10
-5.6336022651
 20
-5.6712641248
 10
-5.6336022404
 20
-5.1782321503
 10
-5.6336022116
 20
-4.7251426943
 10
-5.6336021809
 20
-4.3487023697
 10
-5.6336021508
 20
-4.0794081329
 10
-5.6336021238
 20
-3.9390766015
 10
-5.633602102
 20
-3.9390766015
 10
-5.6336020872
 20
-4.0794081329
 10
-5.6336020807
 20
-4.3487023697
 10
-5.6336020829
 20
-4.7251426943
 10
-5.6336020936
 20
-5.1782321503
 10
-5.6336021121
 20
-5.6712641248
 10
-5.6336021367
 20
-6.1642960993
 10
-5.6336021656
 20
-6.6173855554
 10
-5.6336021963
 20
-6.9938258799
 10
-5.6336022264
 20
-7.2631201167
 10
-5.6336022534
 20
-7.4034516481
 10
-5.6336022752
 20
-7.4034516481
 10
-5.6336022899
 20
-7.2631201167
 10
-5.6336022965
 20
-6.9938258799
 10
-5.6336022943
 20
-6.6173855554
 10
-5.6336022835
 20
-6.1642960993
 10
-5.6336022651
 20
-5.6712641248
  0
LWPOLYLINE
  5
833
330
1F
100
AcDbEntity
  8
0
  6
Continuous
 62
     7
370
    25
100
AcDbPolyline
 90
       28
 70
   128
 43
0.0
 10
-5.6336012663
 20
-0.6712641248
 10
-5.633601237
 20
-0.0716628609
 10
-5.6336012032
 20
0.4956137437
 10
-5.6336011666
 20
0.9999836604
 10
-5.6336011293
 20
1.4142561764
 10
-5.6336010933
 20
1.7160977531
 10
-5.6336010604
 20
1.889236033
 10
-5.6336010326
 20
1.9243370867
 10
-5.6336010112
 20
1.8195086072
 10
-5.6336009974
 20
1.580401925
 10
-5.633600992
 20
1.2199073433
 10
-5.6336009952
 20
0.7574592182
 10
-5.633601007
 20
0.2179882478
 10
-5.6336010265
 20
-0.3694225481
 10
-5.6336010529
 20
-0.9731057015
 10
-5.6336010847
 20
-1.5605164975
 10
-5.6336011201
 20
-2.0999874678
 10
-5.6336011573
 20
-2.5624355929
 10
-5.6336011942
 20
-2.9229301746
 10
-5.6336012289
 20
-3.1620368568
 10
-5.6336012595
 20
-3.2668653363
 10
-5.6336012843
 20
-3.2317642826
 10
-5.633601302
 20
-3.0586260027
 10
-5.6336013116
 20
-2.756784426
 10
-5.6336013127
 20
-2.34251191
 10
-5.6336013052
 20
-1.8381419933
 10
-5.6336012894
 20
-1.2708653887
 10
-5.6336012663
 20
-0.6712641248
  0
LWPOLYLINE
  5
834
330
1F
100
AcDbEntity
  8
0
  6
Continuous
 62
     7
370
    25
100
AcDbPolyline
 90
       28
 70
   128
 43
0.0
 10
-5.6336015504
 20
-0.6712641248
 10
-5.6336015211
 20
-0.0716628609
 10
-5.6336014873
 20
0.4956137437
 10
-5.6336014508
 20
0.9999836604
 10
-5.6336014135
 20
1.4142561764
 10
-5.6336013774
 20
1.7160977531
 10
-5.6336013446
 20
1.889236033
 10
-5.6336013167
 20
1.9243370867
 10
-5.6336012953
 20
1.8195086072
 10
-5.6336012815
 20
1.580401925
 10
-5.6336012761
 20
1.2199073433
 10
-5.6336012793
 20
0.7574592182
 10
-5.6336012911
 20
0.2179882478
 10
-5.6336013107
 20
-0.3694225481
 10
-5.6336013371
 20
-0.9731057015
 10
-5.6336013688
 20
-1.5605164975
 10
-5.6336014042
 20
-2.0999874678
 10
-5.6336014414
 20
-2.5624355929
 10
-5.6336014783
 20
-2.9229301746
 10
-5.633601513
 20
-3.1620368568
 10
-5.6336015436
 20
-3.2668653363
 10
-5.6336015684
 20
-3.2317642826
 10
-5.6336015861
 20
-3.0586260027
 10
-5.6336015958
 20
-2.756784426
 10
-5.6336015969
 20
-2.34251191
 10
-5.6336015893
 20
-1.8381419933
 10
-5.6336015735
 20
-1.2708653887
 10
-5.6336015504
 20
-0.6712641248
  0
SPLINE
  5
853
330
1F
100
AcDbEntity
  8
0
  6
Continuous
 62
     7
370
    25
100
AcDbSpline
210
0.0
220
0.0
230
1.0
 70
     8
 71
     3
 72
     9
 73
     5
 74
     0
 42
0.00000001
 43
0.00000001
 40
0.0
 40
0.0
 40
0.0
 40
0.0
 40
0.5004267720514972
 40
1.0
 40
1.0
 40
1.0
 40
1.0
 10
-1.583601492512341
 20
-3.869781785930195
 30
0.0
 10
-1.583601487802899
 20
-3.852523764240534
 30
0.0
 10
-1.583601478392059
 20
-3.818037156701707
 30
0.0
 10
-1.583601471867986
 20
-3.850042604125003
 30
0.0
 10
-1.583601468608739
 20
-3.866031668806195
 30
0.0
  0
LWPOLYLINE
  5
855
330
1F
100
AcDbEntity
  8
0
  6
Continuous
 62
     7
370
    25
100
AcDbPolyline
 90
       13
 70
   128
 43
0.0
 10
-1.5836018393
 20
-3.3712643018
 10
-1.5836018232
 20
-3.2896765422
 10
-1.5836018038
 20
-3.2896765422
 10
-1.5836017917
 20
-3.4339747377
 10
-1.5836017883
 20
-3.7069341801
 10
-1.5836017939
 20
-4.0789754786
 10
-1.583601808
 20
-4.5097821855
 10
-1.583601829
 20
-4.9526697095
 10
-1.5836018546
 20
-5.3596443153
 10
-1.583601882
 20
-5.6866039895
 10
-1.5836019083
 20
-5.8981175781
 10
-1.5836019307
 20
-5.9712643018
 10
-1.5836019307
 20
-5.9712643018
  0
SPLINE
  5
85B
330
1F
100
AcDbEntity
  8
0
  6
Continuous
 62
     7
370
    25
100
AcDbSpline
210
0.0
220
0.0
230
1.0
 70
     8
 71
     3
 72
    11
 73
     7
 74
     0
 42
0.00000001
 43
0.00000001
 40
0.0
 40
0.0
 40
0.0
 40
0.0
 40
0.328972823105369
 40
0.4315072951052166
 40
0.4927412475742029
 40
1.0
 40
1.0
 40
1.0
 40
1.0
 10
-1.583601202933355
 20
2.478735698637805
 30
0.0
 10
-1.583601204195005
 20
2.478739151069932
 30
0.0
 10
-1.583601205849883
 20
2.478743679558438
 30
0.0
 10
-1.583601207734937
 20
2.478855567145263
 30
0.0
 10
-1.583601210294674
 20
2.479178035165799
 30
0.0
 10
-1.583601212344715
 20
2.482097842532138
 30
0.0
 10
-1.583601214173946
 20
2.484703149212805
 30
0.0
  0
SPLINE
  5
85C
330
1F
100
AcDbEntity
  8
0
  6
Continuous
 62
     7
370
    25
100
AcDbSpline
210
0.0
220
0.0
230
1.0
 70
     8
 71
     3
 72
    11
 73
     7
 74
     0
 42
0.00000001
 43
0.00000001
 40
0.0
 40
0.0
 40
0.0
 40
0.0
 40
0.5077716157104155
 40
0.5653994528350653
 40
0.6666465066466061
 40
1.0
 40
1.0
 40
1.0
 40
1.0
 10
-1.583601191598935
 20
2.483917780536804
 30
0.0
 10
-1.583601193577353
 20
2.4816387368512
 30
0.0
 10
-1.583601195780306
 20
2.479101040743424
 30
0.0
 10
-1.583601198261557
 20
2.478828351948736
 30
0.0
 10
-1.583601200088491
 20
2.478742731333734
 30
0.0
 10
-1.58360120169846
 20
2.478738751390485
 30
0.0
 10
-1.583601202933355
 20
2.478735698637805
 30
0.0
  0
SPLINE
  5
860
330
1F
100
AcDbEntity
  8
0
  6
Continuous
 62
     7
370
    25
100
AcDbSpline
210
0.0
220
0.0
230
1.0
 70
     8
 71
     3
 72
    11
 73
     7
 74
     0
 42
0.00000001
 43
0.00000001
 40
0.0
 40
0.0
 40
0.0
 40
0.0
 40
0.3320619294898509
 40
0.4336318767695645
 40
0.4922283748227957
 40
1.0
 40
1.0
 40
1.0
 40
1.0
 10
-1.583601132995147
 20
4.078735697679805
 30
0.0
 10
-1.583601131765283
 20
4.078732928810663
 30
0.0
 10
-1.583601130159241
 20
4.078729313009466
 30
0.0
 10
-1.583601128339857
 20
4.078641997081654
 30
0.0
 10
-1.583601125877257
 20
4.078377438180365
 30
0.0
 10
-1.583601123892844
 20
4.075833952341842
 30
0.0
 10
-1.58360112211374
 20
4.073553615781805
 30
0.0
  0
SPLINE
  5
861
330
1F
100
AcDbEntity
  8
0
  6
Continuous
 62
     7
370
    25
100
AcDbSpline
210
0.0
220
0.0
230
1.0
 70
     8
 71
     3
 72
    11
 73
     7
 74
     0
 42
0.00000001
 43
0.00000001
 40
0.0
 40
0.0
 40
0.0
 40
0.0
 40
0.5072587386929189
 40
0.5674595255646275
 40
0.6696495997233534
 40
1.0
 40
1.0
 40
1.0
 40
1.0
 10
-1.583601144757335
 20
4.072768247104804
 30
0.0
 10
-1.583601142700473
 20
4.075371934220859
 30
0.0
 10
-1.583601140399502
 20
4.078284623432287
 30
0.0
 10
-1.583601137816373
 20
4.078617132511964
 30
0.0
 10
-1.58360113592166
 20
4.078727007906457
 30
0.0
 10
-1.583601134262397
 20
4.078731934795493
 30
0.0
 10
-1.583601132995147
 20
4.078735697679805
 30
0.0
  0
LWPOLYLINE
  5
863
330
1F
100
AcDbEntity
  8
0
  6
Continuous
 62
     7
370
    25
100
AcDbPolyline
 90
       13
 70
   128
 43
0.0
 10
-1.583601494
 20
4.5287356982
 10
-1.5836014779
 20
4.6103234578
 10
-1.5836014584
 20
4.6103234578
 10
-1.5836014464
 20
4.4660252623
 10
-1.583601443
 20
4.1930658199
 10
-1.5836014486
 20
3.8210245214
 10
-1.5836014627
 20
3.3902178145
 10
-1.5836014836
 20
2.9473302905
 10
-1.5836015092
 20
2.5403556847
 10
-1.5836015367
 20
2.2133960105
 10
-1.583601563
 20
2.0018824219
 10
-1.5836015854
 20
1.9287356982
 10
-1.5836015854
 20
1.9287356982
  0
LWPOLYLINE
  5
887
330
1F
100
AcDbEntity
  8
0
  6
Continuous
 62
     7
370
    25
100
AcDbPolyline
 90
        5
 70
   128
 43
0.0
 10
2.3663981786
 20
-7.5712644745
 10
2.3663981727
 20
-7.5755798174
 10
2.3663981555
 20
-7.627605521
 10
2.3663981365
 20
-7.7371375312
 10
2.3663981161
 20
-7.9009351657
  0
LWPOLYLINE
  5
888
330
1F
100
AcDbEntity
  8
0
  6
Continuous
 62
     7
370
    25
100
AcDbPolyline
 90
        5
 70
   128
 43
0.0
 10
2.3663987481
 20
6.5584062166
 10
2.3663987542
 20
6.3946085822
 10
2.3663987637
 20
6.285076572
 10
2.3663987763
 20
6.2330508684
 10
2.3663987818
 20
6.2287355255
  0
LWPOLYLINE
  5
88F
330
1F
100
AcDbEntity
  8
0
  6
Continuous
 62
     7
370
    25
100
AcDbPolyline
 90
        9
 70
   128
 43
0.0
 10
-39.6335942807
 20
-8.1712641248
 10
-39.6335942562
 20
-7.9167057074
 10
-39.6335942327
 20
-7.7273552334
 10
-39.633594211
 20
-7.6106752104
 10
-39.633594192
 20
-7.5712641248
 10
-39.6335941765
 20
-7.6106752104
 10
-39.633594165
 20
-7.7273552334
 10
-39.633594158
 20
-7.9167057074
 10
-39.6335941558
 20
-8.1712641248
  0
LWPOLYLINE
  5
890
330
1F
100
AcDbEntity
  8
0
  6
Continuous
 62
     7
370
    25
100
AcDbPolyline
 90
        9
 70
   128
 43
0.0
 10
-39.6335944118
 20
-8.1712641248
 10
-39.6335943874
 20
-7.9167057074
 10
-39.6335943638
 20
-7.7273552334
 10
-39.6335943421
 20
-7.6106752104
 10
-39.6335943231
 20
-7.5712641248
 10
-39.6335943076
 20
-7.6106752104
 10
-39.6335942961
 20
-7.7273552334
 10
-39.6335942891
 20
-7.9167057074
 10
-39.6335942869
 20
-8.1712641248
  0
LWPOLYLINE
  5
891
330
1F
100
AcDbEntity
  8
0
  6
Continuous
 62
     7
370
    25
100
AcDbPolyline
 90
        9
 70
   128
 43
0.0
 10
-39.6335945429
 20
-8.1712641248
 10
-39.6335945185
 20
-7.9167057074
 10
-39.633594495
 20
-7.7273552334
 10
-39.6335944733
 20
-7.6106752104
 10
-39.6335944543
 20
-7.5712641248
 10
-39.6335944387
 20
-7.6106752104
 10
-39.6335944272
 20
-7.7273552334
 10
-39.6335944203
 20
-7.9167057074
 10
-39.6335944181
 20
-8.1712641248
  0
LWPOLYLINE
  5
893
330
1F
100
AcDbEntity
  8
0
  6
Continuous
 62
     7
370
    25
100
AcDbPolyline
 90
        9
 70
   128
 43
0.0
 10
-39.6335947209
 20
-8.1712641248
 10
-39.6335947324
 20
-8.1424420454
 10
-39.633594741
 20
-8.0570834236
 10
-39.6335947463
 20
-7.9184685433
 10
-39.6335947481
 20
-7.7319242966
 10
-39.6335947463
 20
-7.5046194743
 10
-39.633594741
 20
-7.2452892734
 10
-39.6335947324
 20
-6.9638996078
 10
-39.6335947209
 20
-6.6712641248
  0
LWPOLYLINE
  5
895
330
1F
100
AcDbEntity
  8
0
  6
Continuous
 62
     7
370
    25
100
AcDbPolyline
 90
        9
 70
   128
 43
0.0
 10
-39.6335941964
 20
5.3287358752
 10
-39.6335941823
 20
5.6213713582
 10
-39.6335941663
 20
5.9027610237
 10
-39.6335941489
 20
6.1620912247
 10
-39.6335941308
 20
6.389396047
 10
-39.6335941127
 20
6.5759402936
 10
-39.6335940953
 20
6.714555174
 10
-39.6335940793
 20
6.7999137958
 10
-39.6335940652
 20
6.8287358752
  0
LWPOLYLINE
  5
897
330
1F
100
AcDbEntity
  8
0
  6
Continuous
 62
     7
370
    25
100
AcDbPolyline
 90
        9
 70
   128
 43
0.0
 10
-39.6335937624
 20
6.8287358752
 10
-39.6335937868
 20
6.5741774578
 10
-39.6335938104
 20
6.3848269837
 10
-39.6335938321
 20
6.2681469607
 10
-39.6335938511
 20
6.2287358752
 10
-39.6335938666
 20
6.2681469607
 10
-39.6335938781
 20
6.3848269837
 10
-39.6335938851
 20
6.5741774578
 10
-39.6335938873
 20
6.8287358752
  0
LWPOLYLINE
  5
898
330
1F
100
AcDbEntity
  8
0
  6
Continuous
 62
     7
370
    25
100
AcDbPolyline
 90
        9
 70
   128
 43
0.0
 10
-39.6335936313
 20
6.8287358752
 10
-39.6335936557
 20
6.5741774578
 10
-39.6335936792
 20
6.3848269837
 10
-39.6335937009
 20
6.2681469607
 10
-39.6335937199
 20
6.2287358752
 10
-39.6335937355
 20
6.2681469607
 10
-39.633593747
 20
6.3848269837
 10
-39.6335937539
 20
6.5741774578
 10
-39.6335937561
 20
6.8287358752
  0
LWPOLYLINE
  5
899
330
1F
100
AcDbEntity
  8
0
  6
Continuous
 62
     7
370
    25
100
AcDbPolyline
 90
        9
 70
   128
 43
0.0
 10
-39.6335935001
 20
6.8287358752
 10
-39.6335935246
 20
6.5741774578
 10
-39.6335935481
 20
6.3848269837
 10
-39.6335935698
 20
6.2681469607
 10
-39.6335935888
 20
6.2287358752
 10
-39.6335936043
 20
6.2681469607
 10
-39.6335936158
 20
6.3848269837
 10
-39.6335936228
 20
6.5741774578
 10
-39.633593625
 20
6.8287358752
  0
LWPOLYLINE
  5
89C
330
1F
100
AcDbEntity
  8
0
  6
Continuous
 62
     7
370
    25
100
AcDbPolyline
 90
       23
 70
   128
 43
0.0
 10
-39.6335941986
 20
4.3287358752
 10
-39.6335941739
 20
4.8217678497
 10
-39.6335941451
 20
5.2748573057
 10
-39.6335941144
 20
5.6512976303
 10
-39.6335940843
 20
5.9205918671
 10
-39.6335940572
 20
6.0609233985
 10
-39.6335940355
 20
6.0609233985
 10
-39.6335940207
 20
5.9205918671
 10
-39.6335940142
 20
5.6512976303
 10
-39.6335940164
 20
5.2748573057
 10
-39.6335940271
 20
4.8217678497
 10
-39.6335940456
 20
4.3287358752
 10
-39.6335940702
 20
3.8357039007
 10
-39.6335940991
 20
3.3826144446
 10
-39.6335941298
 20
3.0061741201
 10
-39.6335941599
 20
2.7368798833
 10
-39.6335941869
 20
2.5965483519
 10
-39.6335942087
 20
2.5965483519
 10
-39.6335942234
 20
2.7368798833
 10
-39.63359423
 20
3.0061741201
 10
-39.6335942278
 20
3.3826144446
 10
-39.633594217
 20
3.8357039007
 10
-39.6335941986
 20
4.3287358752
  0
LWPOLYLINE
  5
89D
330
1F
100
AcDbEntity
  8
0
  6
Continuous
 62
     7
370
    25
100
AcDbPolyline
 90
       23
 70
   128
 43
0.0
 10
-39.6335946357
 20
-5.6712641248
 10
-39.633594611
 20
-5.1782321503
 10
-39.6335945822
 20
-4.7251426943
 10
-39.6335945515
 20
-4.3487023697
 10
-39.6335945214
 20
-4.0794081329
 10
-39.6335944944
 20
-3.9390766015
 10
-39.6335944726
 20
-3.9390766015
 10
-39.6335944578
 20
-4.0794081329
 10
-39.6335944513
 20
-4.3487023697
 10
-39.6335944535
 20
-4.7251426943
 10
-39.6335944642
 20
-5.1782321503
 10
-39.6335944827
 20
-5.6712641248
 10
-39.6335945073
 20
-6.1642960993
 10
-39.6335945362
 20
-6.6173855554
 10
-39.6335945669
 20
-6.9938258799
 10
-39.633594597
 20
-7.2631201167
 10
-39.633594624
 20
-7.4034516481
 10
-39.6335946458
 20
-7.4034516481
 10
-39.6335946605
 20
-7.2631201167
 10
-39.6335946671
 20
-6.9938258799
 10
-39.6335946649
 20
-6.6173855554
 10
-39.6335946541
 20
-6.1642960993
 10
-39.6335946357
 20
-5.6712641248
  0
LWPOLYLINE
  5
89E
330
1F
100
AcDbEntity
  8
0
  6
Continuous
 62
     7
370
    25
100
AcDbPolyline
 90
       28
 70
   128
 43
0.0
 10
-39.6335936369
 20
-0.6712641248
 10
-39.6335936076
 20
-0.0716628609
 10
-39.6335935738
 20
0.4956137437
 10
-39.6335935372
 20
0.9999836604
 10
-39.6335934999
 20
1.4142561764
 10
-39.6335934639
 20
1.7160977531
 10
-39.633593431
 20
1.889236033
 10
-39.6335934032
 20
1.9243370867
 10
-39.6335933818
 20
1.8195086072
 10
-39.633593368
 20
1.580401925
 10
-39.6335933626
 20
1.2199073433
 10
-39.6335933658
 20
0.7574592182
 10
-39.6335933776
 20
0.2179882478
 10
-39.6335933971
 20
-0.3694225481
 10
-39.6335934235
 20
-0.9731057015
 10
-39.6335934553
 20
-1.5605164975
 10
-39.6335934907
 20
-2.0999874678
 10
-39.6335935279
 20
-2.5624355929
 10
-39.6335935648
 20
-2.9229301746
 10
-39.6335935995
 20
-3.1620368568
 10
-39.6335936301
 20
-3.2668653363
 10
-39.6335936549
 20
-3.2317642826
 10
-39.6335936726
 20
-3.0586260027
 10
-39.6335936823
 20
-2.756784426
 10
-39.6335936833
 20
-2.34251191
 10
-39.6335936758
 20
-1.8381419933
 10
-39.63359366
 20
-1.2708653887
 10
-39.6335936369
 20
-0.6712641248
  0
LWPOLYLINE
  5
89F
330
1F
100
AcDbEntity
  8
0
  6
Continuous
 62
     7
370
    25
100
AcDbPolyline
 90
       28
 70
   128
 43
0.0
 10
-39.633593921
 20
-0.6712641248
 10
-39.6335938917
 20
-0.0716628609
 10
-39.6335938579
 20
0.4956137437
 10
-39.6335938214
 20
0.9999836604
 10
-39.6335937841
 20
1.4142561764
 10
-39.633593748
 20
1.7160977531
 10
-39.6335937152
 20
1.889236033
 10
-39.6335936873
 20
1.9243370867
 10
-39.6335936659
 20
1.8195086072
 10
-39.6335936521
 20
1.580401925
 10
-39.6335936467
 20
1.2199073433
 10
-39.6335936499
 20
0.7574592182
 10
-39.6335936617
 20
0.2179882478
 10
-39.6335936813
 20
-0.3694225481
 10
-39.6335937077
 20
-0.9731057015
 10
-39.6335937394
 20
-1.5605164975
 10
-39.6335937748
 20
-2.0999874678
 10
-39.633593812
 20
-2.5624355929
 10
-39.6335938489
 20
-2.9229301746
 10
-39.6335938836
 20
-3.1620368568
 10
-39.6335939142
 20
-3.2668653363
 10
-39.633593939
 20
-3.2317642826
 10
-39.6335939567
 20
-3.0586260027
 10
-39.6335939664
 20
-2.756784426
 10
-39.6335939675
 20
-2.34251191
 10
-39.6335939599
 20
-1.8381419933
 10
-39.6335939441
 20
-1.2708653887
 10
-39.633593921
 20
-0.6712641248
  0
SPLINE
  5
8BF
330
1F
100
AcDbEntity
  8
0
  6
Continuous
 62
     7
370
    25
100
AcDbSpline
210
0.0
220
0.0
230
1.0
 70
     8
 71
     3
 72
    11
 73
     7
 74
     0
 42
0.00000001
 43
0.00000001
 40
0.0
 40
0.0
 40
0.0
 40
0.0
 40
0.2780421470834816
 40
0.5575282817655481
 40
0.7786676629505244
 40
1.0
 40
1.0
 40
1.0
 40
1.0
 10
-39.13359348825595
 20
7.328735853334804
 30
0.0
 10
-39.21016892915978
 20
7.318219702316958
 30
0.0
 10
-39.36371749882949
 20
7.297132785569742
 30
0.0
 10
-39.52484707302019
 20
7.157818151673085
 30
0.0
 10
-39.61726516227459
 20
6.996175221117002
 30
0.0
 10
-39.62814913872907
 20
6.884565214364676
 30
0.0
 10
-39.63359350013295
 20
6.828735875189805
 30
0.0
  0
SPLINE
  5
8C0
330
1F
100
AcDbEntity
  8
0
  6
Continuous
 62
     7
370
    25
100
AcDbSpline
210
0.0
220
0.0
230
1.0
 70
     8
 71
     3
 72
    11
 73
     7
 74
     0
 42
0.00000001
 43
0.00000001
 40
0.0
 40
0.0
 40
0.0
 40
0.0
 40
0.2781001899654299
 40
0.5575325707130347
 40
0.7786132289513852
 40
0.9999999999999999
 40
0.9999999999999999
 40
0.9999999999999999
 40
0.9999999999999999
 10
-39.13359418763794
 20
-8.671264146665646
 30
0.0
 10
-39.21018578447016
 20
-8.660743448316888
 30
0.0
 10
-39.36373587691054
 20
-8.639651654036527
 30
0.0
 10
-39.52484371880726
 20
-8.500341399175406
 30
0.0
 10
-39.61726018852243
 20
-8.338717991416244
 30
0.0
 10
-39.62814698943362
 20
-8.227107818815261
 30
0.0
 10
-39.63359415580395
 20
-8.171264124810197
 30
0.0
  0
SPLINE
  5
8DC
330
1F
100
AcDbEntity
  8
0
  6
Continuous
 62
     7
370
    25
100
AcDbSpline
210
0.0
220
0.0
230
1.0
 70
     8
 71
     3
 72
     9
 73
     5
 74
     0
 42
0.00000001
 43
0.00000001
 40
0.0
 40
0.0
 40
0.0
 40
0.0
 40
0.5004267720514972
 40
1.0
 40
1.0
 40
1.0
 40
1.0
 10
-35.58359386311634
 20
-3.869781785930195
 30
0.0
 10
-35.58359385840691
 20
-3.852523764240534
 30
0.0
 10
-35.58359384899608
 20
-3.818037156701707
 30
0.0
 10
-35.58359384247193
 20
-3.850042604125003
 30
0.0
 10
-35.58359383921265
 20
-3.866031668806195
 30
0.0
  0
LWPOLYLINE
  5
8DE
330
1F
100
AcDbEntity
  8
0
  6
Continuous
 62
     7
370
    25
100
AcDbPolyline
 90
       13
 70
   128
 43
0.0
 10
-35.5835942099
 20
-3.3712643018
 10
-35.5835941938
 20
-3.2896765422
 10
-35.5835941744
 20
-3.2896765422
 10
-35.5835941623
 20
-3.4339747377
 10
-35.5835941589
 20
-3.7069341801
 10
-35.5835941645
 20
-4.0789754786
 10
-35.5835941786
 20
-4.5097821855
 10
-35.5835941996
 20
-4.9526697095
 10
-35.5835942252
 20
-5.3596443153
 10
-35.5835942526
 20
-5.6866039895
 10
-35.5835942789
 20
-5.8981175781
 10
-35.5835943013
 20
-5.9712643018
 10
-35.5835943013
 20
-5.9712643018
  0
SPLINE
  5
8E3
330
1F
100
AcDbEntity
  8
0
  6
Continuous
 62
     7
370
    25
100
AcDbSpline
210
0.0
220
0.0
230
1.0
 70
     8
 71
     3
 72
    11
 73
     7
 74
     0
 42
0.00000001
 43
0.00000001
 40
0.0
 40
0.0
 40
0.0
 40
0.0
 40
0.328972823105369
 40
0.4315072951052166
 40
0.4927412475742029
 40
1.0
 40
1.0
 40
1.0
 40
1.0
 10
-35.58359357353734
 20
2.478735698637805
 30
0.0
 10
-35.58359357479899
 20
2.478739151069932
 30
0.0
 10
-35.58359357645386
 20
2.478743679558438
 30
0.0
 10
-35.58359357833895
 20
2.478855567145263
 30
0.0
 10
-35.58359358089864
 20
2.479178035165799
 30
0.0
 10
-35.58359358294864
 20
2.482097842532138
 30
0.0
 10
-35.58359358477784
 20
2.484703149212805
 30
0.0
  0
SPLINE
  5
8E4
330
1F
100
AcDbEntity
  8
0
  6
Continuous
 62
     7
370
    25
100
AcDbSpline
210
0.0
220
0.0
230
1.0
 70
     8
 71
     3
 72
    11
 73
     7
 74
     0
 42
0.00000001
 43
0.00000001
 40
0.0
 40
0.0
 40
0.0
 40
0.0
 40
0.5077716157104155
 40
0.5653994528350653
 40
0.6666465066466061
 40
1.0
 40
1.0
 40
1.0
 40
1.0
 10
-35.58359356220294
 20
2.483917780536804
 30
0.0
 10
-35.58359356418133
 20
2.4816387368512
 30
0.0
 10
-35.58359356638427
 20
2.479101040743424
 30
0.0
 10
-35.58359356886556
 20
2.478828351948736
 30
0.0
 10
-35.58359357069249
 20
2.478742731333734
 30
0.0
 10
-35.58359357230245
 20
2.478738751390485
 30
0.0
 10
-35.58359357353734
 20
2.478735698637805
 30
0.0
  0
SPLINE
  5
8E8
330
1F
100
AcDbEntity
  8
0
  6
Continuous
 62
     7
370
    25
100
AcDbSpline
210
0.0
220
0.0
230
1.0
 70
     8
 71
     3
 72
    11
 73
     7
 74
     0
 42
0.00000001
 43
0.00000001
 40
0.0
 40
0.0
 40
0.0
 40
0.0
 40
0.3320619294898509
 40
0.4336318767695645
 40
0.4922283748227957
 40
1.0
 40
1.0
 40
1.0
 40
1.0
 10
-35.58359350359915
 20
4.078735697679805
 30
0.0
 10
-35.58359350236929
 20
4.078732928810663
 30
0.0
 10
-35.58359350076325
 20
4.078729313009466
 30
0.0
 10
-35.58359349894386
 20
4.078641997081654
 30
0.0
 10
-35.58359349648129
 20
4.078377438180365
 30
0.0
 10
-35.58359349449687
 20
4.075833952341842
 30
0.0
 10
-35.58359349271775
 20
4.073553615781805
 30
0.0
  0
SPLINE
  5
8E9
330
1F
100
AcDbEntity
  8
0
  6
Continuous
 62
     7
370
    25
100
AcDbSpline
210
0.0
220
0.0
230
1.0
 70
     8
 71
     3
 72
    11
 73
     7
 74
     0
 42
0.00000001
 43
0.00000001
 40
0.0
 40
0.0
 40
0.0
 40
0.0
 40
0.5072587386929189
 40
0.5674595255646275
 40
0.6696495997233534
 40
1.0
 40
1.0
 40
1.0
 40
1.0
 10
-35.58359351536134
 20
4.072768247104804
 30
0.0
 10
-35.58359351330446
 20
4.075371934220859
 30
0.0
 10
-35.58359351100349
 20
4.078284623432287
 30
0.0
 10
-35.58359350842039
 20
4.078617132511964
 30
0.0
 10
-35.58359350652565
 20
4.078727007906457
 30
0.0
 10
-35.58359350486639
 20
4.078731934795493
 30
0.0
 10
-35.58359350359915
 20
4.078735697679805
 30
0.0
  0
LWPOLYLINE
  5
8EB
330
1F
100
AcDbEntity
  8
0
  6
Continuous
 62
     7
370
    25
100
AcDbPolyline
 90
       13
 70
   128
 43
0.0
 10
-35.5835938646
 20
4.5287356982
 10
-35.5835938485
 20
4.6103234578
 10
-35.583593829
 20
4.6103234578
 10
-35.583593817
 20
4.4660252623
 10
-35.5835938136
 20
4.1930658199
 10
-35.5835938192
 20
3.8210245214
 10
-35.5835938333
 20
3.3902178145
 10
-35.5835938542
 20
2.9473302905
 10
-35.5835938798
 20
2.5403556847
 10
-35.5835939073
 20
2.2133960105
 10
-35.5835939336
 20
2.0018824219
 10
-35.583593956
 20
1.9287356982
 10
-35.583593956
 20
1.9287356982
  0
LWPOLYLINE
  5
913
330
1F
100
AcDbEntity
  8
0
  6
Continuous
 62
     7
370
    25
100
AcDbPolyline
 90
        5
 70
   128
 43
0.0
 10
-31.633594192
 20
-7.5712644745
 10
-31.6335941979
 20
-7.5755798174
 10
-31.6335942151
 20
-7.627605521
 10
-31.6335942341
 20
-7.7371375312
 10
-31.6335942545
 20
-7.9009351657
  0
LWPOLYLINE
  5
914
330
1F
100
AcDbEntity
  8
0
  6
Continuous
 62
     7
370
    25
100
AcDbPolyline
 90
        5
 70
   128
 43
0.0
 10
-31.6335936225
 20
6.5584062166
 10
-31.6335936164
 20
6.3946085822
 10
-31.6335936069
 20
6.285076572
 10
-31.6335935943
 20
6.2330508684
 10
-31.6335935888
 20
6.2287355255
  0
SPLINE
  5
91A
330
1F
100
AcDbEntity
  8
0
  6
Continuous
 62
     7
370
    25
100
AcDbSpline
210
0.0
220
0.0
230
1.0
 70
     8
 71
     3
 72
    11
 73
     7
 74
     0
 42
0.00000001
 43
0.00000001
 40
0.0
 40
0.0
 40
0.0
 40
0.0
 40
0.2781001899654299
 40
0.5575325707130347
 40
0.7786132289513852
 40
0.9999999999999999
 40
0.9999999999999999
 40
0.9999999999999999
 40
0.9999999999999999
 10
-73.13359418763794
 20
-8.671264146665646
 30
0.0
 10
-73.21018578447016
 20
-8.660743448316888
 30
0.0
 10
-73.36373587691052
 20
-8.639651654036527
 30
0.0
 10
-73.52484371880729
 20
-8.500341399175406
 30
0.0
 10
-73.61726018852242
 20
-8.338717991416244
 30
0.0
 10
-73.62814698943362
 20
-8.227107818815261
 30
0.0
 10
-73.63359415580395
 20
-8.171264124810197
 30
0.0
  0
SPLINE
  5
91E
330
1F
100
AcDbEntity
  8
0
  6
Continuous
 62
     7
370
    25
100
AcDbSpline
210
0.0
220
0.0
230
1.0
 70
     8
 71
     3
 72
    11
 73
     7
 74
     0
 42
0.00000001
 43
0.00000001
 40
0.0
 40
0.0
 40
0.0
 40
0.0
 40
0.278042147083481
 40
0.5575282817655468
 40
0.77866766295053
 40
1.0
 40
1.0
 40
1.0
 40
1.0
 10
-73.13359348825594
 20
7.328735853334804
 30
0.0
 10
-73.21016892915978
 20
7.318219702316958
 30
0.0
 10
-73.36371749882949
 20
7.297132785569741
 30
0.0
 10
-73.5248470730202
 20
7.157818151673083
 30
0.0
 10
-73.61726516227459
 20
6.996175221117007
 30
0.0
 10
-73.62814913872907
 20
6.884565214364678
 30
0.0
 10
-73.63359350013293
 20
6.828735875189805
 30
0.0
  0
LWPOLYLINE
  5
920
330
1F
100
AcDbEntity
  8
0
  6
Continuous
 62
     7
370
    25
100
AcDbPolyline
 90
        9
 70
   128
 43
0.0
 10
-73.6335942807
 20
-8.1712641248
 10
-73.6335942562
 20
-7.9167057074
 10
-73.6335942327
 20
-7.7273552334
 10
-73.633594211
 20
-7.6106752104
 10
-73.633594192
 20
-7.5712641248
 10
-73.6335941765
 20
-7.6106752104
 10
-73.633594165
 20
-7.7273552334
 10
-73.633594158
 20
-7.9167057074
 10
-73.6335941558
 20
-8.1712641248
  0
LWPOLYLINE
  5
921
330
1F
100
AcDbEntity
  8
0
  6
Continuous
 62
     7
370
    25
100
AcDbPolyline
 90
        9
 70
   128
 43
0.0
 10
-73.6335944118
 20
-8.1712641248
 10
-73.6335943874
 20
-7.9167057074
 10
-73.6335943638
 20
-7.7273552334
 10
-73.6335943421
 20
-7.6106752104
 10
-73.6335943231
 20
-7.5712641248
 10
-73.6335943076
 20
-7.6106752104
 10
-73.6335942961
 20
-7.7273552334
 10
-73.6335942891
 20
-7.9167057074
 10
-73.6335942869
 20
-8.1712641248
  0
LWPOLYLINE
  5
922
330
1F
100
AcDbEntity
  8
0
  6
Continuous
 62
     7
370
    25
100
AcDbPolyline
 90
        9
 70
   128
 43
0.0
 10
-73.6335945429
 20
-8.1712641248
 10
-73.6335945185
 20
-7.9167057074
 10
-73.633594495
 20
-7.7273552334
 10
-73.6335944733
 20
-7.6106752104
 10
-73.6335944543
 20
-7.5712641248
 10
-73.6335944387
 20
-7.6106752104
 10
-73.6335944272
 20
-7.7273552334
 10
-73.6335944203
 20
-7.9167057074
 10
-73.6335944181
 20
-8.1712641248
  0
LWPOLYLINE
  5
924
330
1F
100
AcDbEntity
  8
0
  6
Continuous
 62
     7
370
    25
100
AcDbPolyline
 90
        9
 70
   128
 43
0.0
 10
-73.6335947209
 20
-8.1712641248
 10
-73.6335947324
 20
-8.1424420454
 10
-73.633594741
 20
-8.0570834236
 10
-73.6335947463
 20
-7.9184685433
 10
-73.6335947481
 20
-7.7319242966
 10
-73.6335947463
 20
-7.5046194743
 10
-73.633594741
 20
-7.2452892734
 10
-73.6335947324
 20
-6.9638996078
 10
-73.6335947209
 20
-6.6712641248
  0
LWPOLYLINE
  5
926
330
1F
100
AcDbEntity
  8
0
  6
Continuous
 62
     7
370
    25
100
AcDbPolyline
 90
        9
 70
   128
 43
0.0
 10
-73.6335941964
 20
5.3287358752
 10
-73.6335941823
 20
5.6213713582
 10
-73.6335941663
 20
5.9027610237
 10
-73.6335941489
 20
6.1620912247
 10
-73.6335941308
 20
6.389396047
 10
-73.6335941127
 20
6.5759402936
 10
-73.6335940953
 20
6.714555174
 10
-73.6335940793
 20
6.7999137958
 10
-73.6335940652
 20
6.8287358752
  0
LWPOLYLINE
  5
928
330
1F
100
AcDbEntity
  8
0
  6
Continuous
 62
     7
370
    25
100
AcDbPolyline
 90
        9
 70
   128
 43
0.0
 10
-73.6335937624
 20
6.8287358752
 10
-73.6335937868
 20
6.5741774578
 10
-73.6335938104
 20
6.3848269837
 10
-73.6335938321
 20
6.2681469607
 10
-73.6335938511
 20
6.2287358752
 10
-73.6335938666
 20
6.2681469607
 10
-73.6335938781
 20
6.3848269837
 10
-73.6335938851
 20
6.5741774578
 10
-73.6335938873
 20
6.8287358752
  0
LWPOLYLINE
  5
929
330
1F
100
AcDbEntity
  8
0
  6
Continuous
 62
     7
370
    25
100
AcDbPolyline
 90
        9
 70
   128
 43
0.0
 10
-73.6335936313
 20
6.8287358752
 10
-73.6335936557
 20
6.5741774578
 10
-73.6335936792
 20
6.3848269837
 10
-73.6335937009
 20
6.2681469607
 10
-73.6335937199
 20
6.2287358752
 10
-73.6335937355
 20
6.2681469607
 10
-73.633593747
 20
6.3848269837
 10
-73.6335937539
 20
6.5741774578
 10
-73.6335937561
 20
6.8287358752
  0
LWPOLYLINE
  5
92A
330
1F
100
AcDbEntity
  8
0
  6
Continuous
 62
     7
370
    25
100
AcDbPolyline
 90
        9
 70
   128
 43
0.0
 10
-73.6335935001
 20
6.8287358752
 10
-73.6335935246
 20
6.5741774578
 10
-73.6335935481
 20
6.3848269837
 10
-73.6335935698
 20
6.2681469607
 10
-73.6335935888
 20
6.2287358752
 10
-73.6335936043
 20
6.2681469607
 10
-73.6335936158
 20
6.3848269837
 10
-73.6335936228
 20
6.5741774578
 10
-73.633593625
 20
6.8287358752
  0
LWPOLYLINE
  5
92C
330
1F
100
AcDbEntity
  8
0
  6
Continuous
 62
     7
370
    25
100
AcDbPolyline
 90
       23
 70
   128
 43
0.0
 10
-73.6335941986
 20
4.3287358752
 10
-73.6335941739
 20
4.8217678497
 10
-73.6335941451
 20
5.2748573057
 10
-73.6335941144
 20
5.6512976303
 10
-73.6335940843
 20
5.9205918671
 10
-73.6335940572
 20
6.0609233985
 10
-73.6335940355
 20
6.0609233985
 10
-73.6335940207
 20
5.9205918671
 10
-73.6335940142
 20
5.6512976303
 10
-73.6335940164
 20
5.2748573057
 10
-73.6335940271
 20
4.8217678497
 10
-73.6335940456
 20
4.3287358752
 10
-73.6335940702
 20
3.8357039007
 10
-73.6335940991
 20
3.3826144446
 10
-73.6335941298
 20
3.0061741201
 10
-73.6335941599
 20
2.7368798833
 10
-73.6335941869
 20
2.5965483519
 10
-73.6335942087
 20
2.5965483519
 10
-73.6335942234
 20
2.7368798833
 10
-73.63359423
 20
3.0061741201
 10
-73.6335942278
 20
3.3826144446
 10
-73.633594217
 20
3.8357039007
 10
-73.6335941986
 20
4.3287358752
  0
LWPOLYLINE
  5
92D
330
1F
100
AcDbEntity
  8
0
  6
Continuous
 62
     7
370
    25
100
AcDbPolyline
 90
       23
 70
   128
 43
0.0
 10
-73.6335946357
 20
-5.6712641248
 10
-73.633594611
 20
-5.1782321503
 10
-73.6335945822
 20
-4.7251426943
 10
-73.6335945515
 20
-4.3487023697
 10
-73.6335945214
 20
-4.0794081329
 10
-73.6335944944
 20
-3.9390766015
 10
-73.6335944726
 20
-3.9390766015
 10
-73.6335944578
 20
-4.0794081329
 10
-73.6335944513
 20
-4.3487023697
 10
-73.6335944535
 20
-4.7251426943
 10
-73.6335944642
 20
-5.1782321503
 10
-73.6335944827
 20
-5.6712641248
 10
-73.6335945073
 20
-6.1642960993
 10
-73.6335945362
 20
-6.6173855554
 10
-73.6335945669
 20
-6.9938258799
 10
-73.633594597
 20
-7.2631201167
 10
-73.633594624
 20
-7.4034516481
 10
-73.6335946458
 20
-7.4034516481
 10
-73.6335946605
 20
-7.2631201167
 10
-73.6335946671
 20
-6.9938258799
 10
-73.6335946649
 20
-6.6173855554
 10
-73.6335946541
 20
-6.1642960993
 10
-73.6335946357
 20
-5.6712641248
  0
LWPOLYLINE
  5
92E
330
1F
100
AcDbEntity
  8
0
  6
Continuous
 62
     7
370
    25
100
AcDbPolyline
 90
       28
 70
   128
 43
0.0
 10
-73.6335936369
 20
-0.6712641248
 10
-73.6335936076
 20
-0.0716628609
 10
-73.6335935738
 20
0.4956137437
 10
-73.6335935372
 20
0.9999836604
 10
-73.6335934999
 20
1.4142561764
 10
-73.6335934639
 20
1.7160977531
 10
-73.633593431
 20
1.889236033
 10
-73.6335934032
 20
1.9243370867
 10
-73.6335933818
 20
1.8195086072
 10
-73.633593368
 20
1.580401925
 10
-73.6335933626
 20
1.2199073433
 10
-73.6335933658
 20
0.7574592182
 10
-73.6335933776
 20
0.2179882478
 10
-73.6335933971
 20
-0.3694225481
 10
-73.6335934235
 20
-0.9731057015
 10
-73.6335934553
 20
-1.5605164975
 10
-73.6335934907
 20
-2.0999874678
 10
-73.6335935279
 20
-2.5624355929
 10
-73.6335935648
 20
-2.9229301746
 10
-73.6335935995
 20
-3.1620368568
 10
-73.6335936301
 20
-3.2668653363
 10
-73.6335936549
 20
-3.2317642826
 10
-73.6335936726
 20
-3.0586260027
 10
-73.6335936823
 20
-2.756784426
 10
-73.6335936833
 20
-2.34251191
 10
-73.6335936758
 20
-1.8381419933
 10
-73.63359366
 20
-1.2708653887
 10
-73.6335936369
 20
-0.6712641248
  0
LWPOLYLINE
  5
92F
330
1F
100
AcDbEntity
  8
0
  6
Continuous
 62
     7
370
    25
100
AcDbPolyline
 90
       28
 70
   128
 43
0.0
 10
-73.633593921
 20
-0.6712641248
 10
-73.6335938917
 20
-0.0716628609
 10
-73.6335938579
 20
0.4956137437
 10
-73.6335938214
 20
0.9999836604
 10
-73.6335937841
 20
1.4142561764
 10
-73.633593748
 20
1.7160977531
 10
-73.6335937152
 20
1.889236033
 10
-73.6335936873
 20
1.9243370867
 10
-73.6335936659
 20
1.8195086072
 10
-73.6335936521
 20
1.580401925
 10
-73.6335936467
 20
1.2199073433
 10
-73.6335936499
 20
0.7574592182
 10
-73.6335936617
 20
0.2179882478
 10
-73.6335936813
 20
-0.3694225481
 10
-73.6335937077
 20
-0.9731057015
 10
-73.6335937394
 20
-1.5605164975
 10
-73.6335937748
 20
-2.0999874678
 10
-73.633593812
 20
-2.5624355929
 10
-73.6335938489
 20
-2.9229301746
 10
-73.6335938836
 20
-3.1620368568
 10
-73.6335939142
 20
-3.2668653363
 10
-73.633593939
 20
-3.2317642826
 10
-73.6335939567
 20
-3.0586260027
 10
-73.6335939664
 20
-2.756784426
 10
-73.6335939675
 20
-2.34251191
 10
-73.6335939599
 20
-1.8381419933
 10
-73.6335939441
 20
-1.2708653887
 10
-73.633593921
 20
-0.6712641248
  0
SPLINE
  5
968
330
1F
100
AcDbEntity
  8
0
  6
Continuous
 62
     7
370
    25
100
AcDbSpline
210
0.0
220
0.0
230
1.0
 70
     8
 71
     3
 72
     9
 73
     5
 74
     0
 42
0.00000001
 43
0.00000001
 40
0.0
 40
0.0
 40
0.0
 40
0.0
 40
0.5004267720514972
 40
1.0
 40
1.0
 40
1.0
 40
1.0
 10
-69.58359386311635
 20
-3.869781785930195
 30
0.0
 10
-69.58359385840693
 20
-3.852523764240534
 30
0.0
 10
-69.58359384899607
 20
-3.818037156701707
 30
0.0
 10
-69.58359384247194
 20
-3.850042604125003
 30
0.0
 10
-69.58359383921265
 20
-3.866031668806195
 30
0.0
  0
LWPOLYLINE
  5
96A
330
1F
100
AcDbEntity
  8
0
  6
Continuous
 62
     7
370
    25
100
AcDbPolyline
 90
       13
 70
   128
 43
0.0
 10
-69.5835942099
 20
-3.3712643018
 10
-69.5835941938
 20
-3.2896765422
 10
-69.5835941744
 20
-3.2896765422
 10
-69.5835941623
 20
-3.4339747377
 10
-69.5835941589
 20
-3.7069341801
 10
-69.5835941645
 20
-4.0789754786
 10
-69.5835941786
 20
-4.5097821855
 10
-69.5835941996
 20
-4.9526697095
 10
-69.5835942252
 20
-5.3596443153
 10
-69.5835942526
 20
-5.6866039895
 10
-69.5835942789
 20
-5.8981175781
 10
-69.5835943013
 20
-5.9712643018
 10
-69.5835943013
 20
-5.9712643018
  0
SPLINE
  5
96F
330
1F
100
AcDbEntity
  8
0
  6
Continuous
 62
     7
370
    25
100
AcDbSpline
210
0.0
220
0.0
230
1.0
 70
     8
 71
     3
 72
    11
 73
     7
 74
     0
 42
0.00000001
 43
0.00000001
 40
0.0
 40
0.0
 40
0.0
 40
0.0
 40
0.328972823105369
 40
0.4315072951052166
 40
0.4927412475742029
 40
1.0
 40
1.0
 40
1.0
 40
1.0
 10
-69.58359357353734
 20
2.478735698637805
 30
0.0
 10
-69.58359357479898
 20
2.478739151069932
 30
0.0
 10
-69.58359357645386
 20
2.478743679558438
 30
0.0
 10
-69.58359357833895
 20
2.478855567145263
 30
0.0
 10
-69.58359358089861
 20
2.479178035165799
 30
0.0
 10
-69.58359358294862
 20
2.482097842532138
 30
0.0
 10
-69.58359358477783
 20
2.484703149212805
 30
0.0
  0
SPLINE
  5
970
330
1F
100
AcDbEntity
  8
0
  6
Continuous
 62
     7
370
    25
100
AcDbSpline
210
0.0
220
0.0
230
1.0
 70
     8
 71
     3
 72
    11
 73
     7
 74
     0
 42
0.00000001
 43
0.00000001
 40
0.0
 40
0.0
 40
0.0
 40
0.0
 40
0.5077716157104155
 40
0.5653994528350653
 40
0.6666465066466061
 40
1.0
 40
1.0
 40
1.0
 40
1.0
 10
-69.58359356220295
 20
2.483917780536804
 30
0.0
 10
-69.58359356418136
 20
2.4816387368512
 30
0.0
 10
-69.58359356638431
 20
2.479101040743424
 30
0.0
 10
-69.58359356886555
 20
2.478828351948736
 30
0.0
 10
-69.5835935706925
 20
2.478742731333734
 30
0.0
 10
-69.58359357230245
 20
2.478738751390485
 30
0.0
 10
-69.58359357353734
 20
2.478735698637805
 30
0.0
  0
SPLINE
  5
974
330
1F
100
AcDbEntity
  8
0
  6
Continuous
 62
     7
370
    25
100
AcDbSpline
210
0.0
220
0.0
230
1.0
 70
     8
 71
     3
 72
    11
 73
     7
 74
     0
 42
0.00000001
 43
0.00000001
 40
0.0
 40
0.0
 40
0.0
 40
0.0
 40
0.3320619294898509
 40
0.4336318767695645
 40
0.4922283748227957
 40
1.0
 40
1.0
 40
1.0
 40
1.0
 10
-69.58359350359913
 20
4.078735697679805
 30
0.0
 10
-69.58359350236928
 20
4.078732928810663
 30
0.0
 10
-69.58359350076324
 20
4.078729313009466
 30
0.0
 10
-69.58359349894384
 20
4.078641997081654
 30
0.0
 10
-69.58359349648136
 20
4.078377438180365
 30
0.0
 10
-69.58359349449687
 20
4.075833952341842
 30
0.0
 10
-69.58359349271774
 20
4.073553615781805
 30
0.0
  0
SPLINE
  5
975
330
1F
100
AcDbEntity
  8
0
  6
Continuous
 62
     7
370
    25
100
AcDbSpline
210
0.0
220
0.0
230
1.0
 70
     8
 71
     3
 72
    11
 73
     7
 74
     0
 42
0.00000001
 43
0.00000001
 40
0.0
 40
0.0
 40
0.0
 40
0.0
 40
0.5072587386929189
 40
0.5674595255646275
 40
0.6696495997233534
 40
1.0
 40
1.0
 40
1.0
 40
1.0
 10
-69.58359351536133
 20
4.072768247104804
 30
0.0
 10
-69.58359351330446
 20
4.075371934220859
 30
0.0
 10
-69.58359351100346
 20
4.078284623432287
 30
0.0
 10
-69.58359350842039
 20
4.078617132511964
 30
0.0
 10
-69.58359350652562
 20
4.078727007906457
 30
0.0
 10
-69.58359350486636
 20
4.078731934795493
 30
0.0
 10
-69.58359350359913
 20
4.078735697679805
 30
0.0
  0
LWPOLYLINE
  5
977
330
1F
100
AcDbEntity
  8
0
  6
Continuous
 62
     7
370
    25
100
AcDbPolyline
 90
       13
 70
   128
 43
0.0
 10
-69.5835938646
 20
4.5287356982
 10
-69.5835938485
 20
4.6103234578
 10
-69.583593829
 20
4.6103234578
 10
-69.583593817
 20
4.4660252623
 10
-69.5835938136
 20
4.1930658199
 10
-69.5835938192
 20
3.8210245214
 10
-69.5835938333
 20
3.3902178145
 10
-69.5835938542
 20
2.9473302905
 10
-69.5835938798
 20
2.5403556847
 10
-69.5835939073
 20
2.2133960105
 10
-69.5835939336
 20
2.0018824219
 10
-69.583593956
 20
1.9287356982
 10
-69.583593956
 20
1.9287356982
  0
LWPOLYLINE
  5
99F
330
1F
100
AcDbEntity
  8
0
  6
Continuous
 62
     7
370
    25
100
AcDbPolyline
 90
        5
 70
   128
 43
0.0
 10
-65.6335936225
 20
6.5584062166
 10
-65.6335936164
 20
6.3946085822
 10
-65.6335936069
 20
6.285076572
 10
-65.6335935943
 20
6.2330508684
 10
-65.6335935888
 20
6.2287355255
  0
LWPOLYLINE
  5
9A0
330
1F
100
AcDbEntity
  8
0
  6
Continuous
 62
     7
370
    25
100
AcDbPolyline
 90
        5
 70
   128
 43
0.0
 10
-65.633594192
 20
-7.5712644745
 10
-65.6335941979
 20
-7.5755798174
 10
-65.6335942151
 20
-7.627605521
 10
-65.6335942341
 20
-7.7371375312
 10
-65.6335942545
 20
-7.9009351657
  0
SPLINE
  5
9A7
330
1F
100
AcDbEntity
  8
0
  6
Continuous
 62
     7
370
    25
100
AcDbSpline
210
0.0
220
0.0
230
1.0
 70
     8
 71
     3
 72
    11
 73
     7
 74
     0
 42
0.00000001
 43
0.00000001
 40
0.0
 40
0.0
 40
0.0
 40
0.0
 40
0.2780421470834802
 40
0.5575282817655453
 40
0.7786676629505278
 40
0.9999999999999999
 40
0.9999999999999999
 40
0.9999999999999999
 40
0.9999999999999999
 10
-107.1335934882559
 20
7.328735853334804
 30
0.0
 10
-107.2101689291598
 20
7.318219702316958
 30
0.0
 10
-107.3637174988295
 20
7.297132785569741
 30
0.0
 10
-107.5248470730201
 20
7.157818151673079
 30
0.0
 10
-107.6172651622747
 20
6.996175221117007
 30
0.0
 10
-107.6281491387291
 20
6.884565214364679
 30
0.0
 10
-107.6335935001329
 20
6.828735875189805
 30
0.0
  0
SPLINE
  5
9A9
330
1F
100
AcDbEntity
  8
0
  6
Continuous
 62
     7
370
    25
100
AcDbSpline
210
0.0
220
0.0
230
1.0
 70
     8
 71
     3
 72
    11
 73
     7
 74
     0
 42
0.00000001
 43
0.00000001
 40
0.0
 40
0.0
 40
0.0
 40
0.0
 40
0.2781001899654321
 40
0.5575325707130392
 40
0.7786132289513835
 40
1.0
 40
1.0
 40
1.0
 40
1.0
 10
-107.1335941876379
 20
-8.671264146665646
 30
0.0
 10
-107.2101857844702
 20
-8.660743448316888
 30
0.0
 10
-107.3637358769105
 20
-8.639651654036527
 30
0.0
 10
-107.5248437188072
 20
-8.50034139917541
 30
0.0
 10
-107.6172601885224
 20
-8.338717991416237
 30
0.0
 10
-107.6281469894336
 20
-8.227107818815263
 30
0.0
 10
-107.6335941558039
 20
-8.171264124810197
 30
0.0
  0
LWPOLYLINE
  5
9AC
330
1F
100
AcDbEntity
  8
0
  6
Continuous
 62
     7
370
    25
100
AcDbPolyline
 90
        9
 70
   128
 43
0.0
 10
-107.6335942807
 20
-8.1712641248
 10
-107.6335942562
 20
-7.9167057074
 10
-107.6335942327
 20
-7.7273552334
 10
-107.633594211
 20
-7.6106752104
 10
-107.633594192
 20
-7.5712641248
 10
-107.6335941765
 20
-7.6106752104
 10
-107.633594165
 20
-7.7273552334
 10
-107.633594158
 20
-7.9167057074
 10
-107.6335941558
 20
-8.1712641248
  0
LWPOLYLINE
  5
9AD
330
1F
100
AcDbEntity
  8
0
  6
Continuous
 62
     7
370
    25
100
AcDbPolyline
 90
        9
 70
   128
 43
0.0
 10
-107.6335944118
 20
-8.1712641248
 10
-107.6335943874
 20
-7.9167057074
 10
-107.6335943638
 20
-7.7273552334
 10
-107.6335943421
 20
-7.6106752104
 10
-107.6335943231
 20
-7.5712641248
 10
-107.6335943076
 20
-7.6106752104
 10
-107.6335942961
 20
-7.7273552334
 10
-107.6335942891
 20
-7.9167057074
 10
-107.6335942869
 20
-8.1712641248
  0
LWPOLYLINE
  5
9AE
330
1F
100
AcDbEntity
  8
0
  6
Continuous
 62
     7
370
    25
100
AcDbPolyline
 90
        9
 70
   128
 43
0.0
 10
-107.6335945429
 20
-8.1712641248
 10
-107.6335945185
 20
-7.9167057074
 10
-107.633594495
 20
-7.7273552334
 10
-107.6335944733
 20
-7.6106752104
 10
-107.6335944543
 20
-7.5712641248
 10
-107.6335944387
 20
-7.6106752104
 10
-107.6335944272
 20
-7.7273552334
 10
-107.6335944203
 20
-7.9167057074
 10
-107.6335944181
 20
-8.1712641248
  0
LWPOLYLINE
  5
9B0
330
1F
100
AcDbEntity
  8
0
  6
Continuous
 62
     7
370
    25
100
AcDbPolyline
 90
        9
 70
   128
 43
0.0
 10
-107.6335947209
 20
-8.1712641248
 10
-107.6335947324
 20
-8.1424420454
 10
-107.633594741
 20
-8.0570834236
 10
-107.6335947463
 20
-7.9184685433
 10
-107.6335947481
 20
-7.7319242966
 10
-107.6335947463
 20
-7.5046194743
 10
-107.633594741
 20
-7.2452892734
 10
-107.6335947324
 20
-6.9638996078
 10
-107.6335947209
 20
-6.6712641248
  0
LWPOLYLINE
  5
9B2
330
1F
100
AcDbEntity
  8
0
  6
Continuous
 62
     7
370
    25
100
AcDbPolyline
 90
        9
 70
   128
 43
0.0
 10
-107.6335941964
 20
5.3287358752
 10
-107.6335941823
 20
5.6213713582
 10
-107.6335941663
 20
5.9027610237
 10
-107.6335941489
 20
6.1620912247
 10
-107.6335941308
 20
6.389396047
 10
-107.6335941127
 20
6.5759402936
 10
-107.6335940953
 20
6.714555174
 10
-107.6335940793
 20
6.7999137958
 10
-107.6335940652
 20
6.8287358752
  0
LWPOLYLINE
  5
9B4
330
1F
100
AcDbEntity
  8
0
  6
Continuous
 62
     7
370
    25
100
AcDbPolyline
 90
        9
 70
   128
 43
0.0
 10
-107.6335937624
 20
6.8287358752
 10
-107.6335937868
 20
6.5741774578
 10
-107.6335938104
 20
6.3848269837
 10
-107.6335938321
 20
6.2681469607
 10
-107.6335938511
 20
6.2287358752
 10
-107.6335938666
 20
6.2681469607
 10
-107.6335938781
 20
6.3848269837
 10
-107.6335938851
 20
6.5741774578
 10
-107.6335938873
 20
6.8287358752
  0
LWPOLYLINE
  5
9B5
330
1F
100
AcDbEntity
  8
0
  6
Continuous
 62
     7
370
    25
100
AcDbPolyline
 90
        9
 70
   128
 43
0.0
 10
-107.6335936313
 20
6.8287358752
 10
-107.6335936557
 20
6.5741774578
 10
-107.6335936792
 20
6.3848269837
 10
-107.6335937009
 20
6.2681469607
 10
-107.6335937199
 20
6.2287358752
 10
-107.6335937355
 20
6.2681469607
 10
-107.633593747
 20
6.3848269837
 10
-107.6335937539
 20
6.5741774578
 10
-107.6335937561
 20
6.8287358752
  0
LWPOLYLINE
  5
9B6
330
1F
100
AcDbEntity
  8
0
  6
Continuous
 62
     7
370
    25
100
AcDbPolyline
 90
        9
 70
   128
 43
0.0
 10
-107.6335935001
 20
6.8287358752
 10
-107.6335935246
 20
6.5741774578
 10
-107.6335935481
 20
6.3848269837
 10
-107.6335935698
 20
6.2681469607
 10
-107.6335935888
 20
6.2287358752
 10
-107.6335936043
 20
6.2681469607
 10
-107.6335936158
 20
6.3848269837
 10
-107.6335936228
 20
6.5741774578
 10
-107.633593625
 20
6.8287358752
  0
LWPOLYLINE
  5
9B8
330
1F
100
AcDbEntity
  8
0
  6
Continuous
 62
     7
370
    25
100
AcDbPolyline
 90
       23
 70
   128
 43
0.0
 10
-107.6335941986
 20
4.3287358752
 10
-107.6335941739
 20
4.8217678497
 10
-107.6335941451
 20
5.2748573057
 10
-107.6335941144
 20
5.6512976303
 10
-107.6335940843
 20
5.9205918671
 10
-107.6335940572
 20
6.0609233985
 10
-107.6335940355
 20
6.0609233985
 10
-107.6335940207
 20
5.9205918671
 10
-107.6335940142
 20
5.6512976303
 10
-107.6335940164
 20
5.2748573057
 10
-107.6335940271
 20
4.8217678497
 10
-107.6335940456
 20
4.3287358752
 10
-107.6335940702
 20
3.8357039007
 10
-107.6335940991
 20
3.3826144446
 10
-107.6335941298
 20
3.0061741201
 10
-107.6335941599
 20
2.7368798833
 10
-107.6335941869
 20
2.5965483519
 10
-107.6335942087
 20
2.5965483519
 10
-107.6335942234
 20
2.7368798833
 10
-107.63359423
 20
3.0061741201
 10
-107.6335942278
 20
3.3826144446
 10
-107.633594217
 20
3.8357039007
 10
-107.6335941986
 20
4.3287358752
  0
LWPOLYLINE
  5
9B9
330
1F
100
AcDbEntity
  8
0
  6
Continuous
 62
     7
370
    25
100
AcDbPolyline
 90
       23
 70
   128
 43
0.0
 10
-107.6335946357
 20
-5.6712641248
 10
-107.633594611
 20
-5.1782321503
 10
-107.6335945822
 20
-4.7251426943
 10
-107.6335945515
 20
-4.3487023697
 10
-107.6335945214
 20
-4.0794081329
 10
-107.6335944944
 20
-3.9390766015
 10
-107.6335944726
 20
-3.9390766015
 10
-107.6335944578
 20
-4.0794081329
 10
-107.6335944513
 20
-4.3487023697
 10
-107.6335944535
 20
-4.7251426943
 10
-107.6335944642
 20
-5.1782321503
 10
-107.6335944827
 20
-5.6712641248
 10
-107.6335945073
 20
-6.1642960993
 10
-107.6335945362
 20
-6.6173855554
 10
-107.6335945669
 20
-6.9938258799
 10
-107.633594597
 20
-7.2631201167
 10
-107.633594624
 20
-7.4034516481
 10
-107.6335946458
 20
-7.4034516481
 10
-107.6335946605
 20
-7.2631201167
 10
-107.6335946671
 20
-6.9938258799
 10
-107.6335946649
 20
-6.6173855554
 10
-107.6335946541
 20
-6.1642960993
 10
-107.6335946357
 20
-5.6712641248
  0
LWPOLYLINE
  5
9BA
330
1F
100
AcDbEntity
  8
0
  6
Continuous
 62
     7
370
    25
100
AcDbPolyline
 90
       28
 70
   128
 43
0.0
 10
-107.6335936369
 20
-0.6712641248
 10
-107.6335936076
 20
-0.0716628609
 10
-107.6335935738
 20
0.4956137437
 10
-107.6335935372
 20
0.9999836604
 10
-107.6335934999
 20
1.4142561764
 10
-107.6335934639
 20
1.7160977531
 10
-107.633593431
 20
1.889236033
 10
-107.6335934032
 20
1.9243370867
 10
-107.6335933818
 20
1.8195086072
 10
-107.633593368
 20
1.580401925
 10
-107.6335933626
 20
1.2199073433
 10
-107.6335933658
 20
0.7574592182
 10
-107.6335933776
 20
0.2179882478
 10
-107.6335933971
 20
-0.3694225481
 10
-107.6335934235
 20
-0.9731057015
 10
-107.6335934553
 20
-1.5605164975
 10
-107.6335934907
 20
-2.0999874678
 10
-107.6335935279
 20
-2.5624355929
 10
-107.6335935648
 20
-2.9229301746
 10
-107.6335935995
 20
-3.1620368568
 10
-107.6335936301
 20
-3.2668653363
 10
-107.6335936549
 20
-3.2317642826
 10
-107.6335936726
 20
-3.0586260027
 10
-107.6335936823
 20
-2.756784426
 10
-107.6335936833
 20
-2.34251191
 10
-107.6335936758
 20
-1.8381419933
 10
-107.63359366
 20
-1.2708653887
 10
-107.6335936369
 20
-0.6712641248
  0
LWPOLYLINE
  5
9BB
330
1F
100
AcDbEntity
  8
0
  6
Continuous
 62
     7
370
    25
100
AcDbPolyline
 90
       28
 70
   128
 43
0.0
 10
-107.633593921
 20
-0.6712641248
 10
-107.6335938917
 20
-0.0716628609
 10
-107.6335938579
 20
0.4956137437
 10
-107.6335938214
 20
0.9999836604
 10
-107.6335937841
 20
1.4142561764
 10
-107.633593748
 20
1.7160977531
 10
-107.6335937152
 20
1.889236033
 10
-107.6335936873
 20
1.9243370867
 10
-107.6335936659
 20
1.8195086072
 10
-107.6335936521
 20
1.580401925
 10
-107.6335936467
 20
1.2199073433
 10
-107.6335936499
 20
0.7574592182
 10
-107.6335936617
 20
0.2179882478
 10
-107.6335936813
 20
-0.3694225481
 10
-107.6335937077
 20
-0.9731057015
 10
-107.6335937394
 20
-1.5605164975
 10
-107.6335937748
 20
-2.0999874678
 10
-107.633593812
 20
-2.5624355929
 10
-107.6335938489
 20
-2.9229301746
 10
-107.6335938836
 20
-3.1620368568
 10
-107.6335939142
 20
-3.2668653363
 10
-107.633593939
 20
-3.2317642826
 10
-107.6335939567
 20
-3.0586260027
 10
-107.6335939664
 20
-2.756784426
 10
-107.6335939675
 20
-2.34251191
 10
-107.6335939599
 20
-1.8381419933
 10
-107.6335939441
 20
-1.2708653887
 10
-107.633593921
 20
-0.6712641248
  0
SPLINE
  5
9F4
330
1F
100
AcDbEntity
  8
0
  6
Continuous
 62
     7
370
    25
100
AcDbSpline
210
0.0
220
0.0
230
1.0
 70
     8
 71
     3
 72
     9
 73
     5
 74
     0
 42
0.00000001
 43
0.00000001
 40
0.0
 40
0.0
 40
0.0
 40
0.0
 40
0.5004267720514972
 40
1.0
 40
1.0
 40
1.0
 40
1.0
 10
-103.5835938631163
 20
-3.869781785930195
 30
0.0
 10
-103.5835938584069
 20
-3.852523764240534
 30
0.0
 10
-103.5835938489961
 20
-3.818037156701707
 30
0.0
 10
-103.5835938424719
 20
-3.850042604125003
 30
0.0
 10
-103.5835938392126
 20
-3.866031668806195
 30
0.0
  0
LWPOLYLINE
  5
9F6
330
1F
100
AcDbEntity
  8
0
  6
Continuous
 62
     7
370
    25
100
AcDbPolyline
 90
       13
 70
   128
 43
0.0
 10
-103.5835942099
 20
-3.3712643018
 10
-103.5835941938
 20
-3.2896765422
 10
-103.5835941744
 20
-3.2896765422
 10
-103.5835941623
 20
-3.4339747377
 10
-103.5835941589
 20
-3.7069341801
 10
-103.5835941645
 20
-4.0789754786
 10
-103.5835941786
 20
-4.5097821855
 10
-103.5835941996
 20
-4.9526697095
 10
-103.5835942252
 20
-5.3596443153
 10
-103.5835942526
 20
-5.6866039895
 10
-103.5835942789
 20
-5.8981175781
 10
-103.5835943013
 20
-5.9712643018
 10
-103.5835943013
 20
-5.9712643018
  0
SPLINE
  5
9FC
330
1F
100
AcDbEntity
  8
0
  6
Continuous
 62
     7
370
    25
100
AcDbSpline
210
0.0
220
0.0
230
1.0
 70
     8
 71
     3
 72
    11
 73
     7
 74
     0
 42
0.00000001
 43
0.00000001
 40
0.0
 40
0.0
 40
0.0
 40
0.0
 40
0.328972823105369
 40
0.4315072951052166
 40
0.4927412475742029
 40
1.0
 40
1.0
 40
1.0
 40
1.0
 10
-103.5835935735373
 20
2.478735698637805
 30
0.0
 10
-103.583593574799
 20
2.478739151069932
 30
0.0
 10
-103.5835935764539
 20
2.478743679558438
 30
0.0
 10
-103.5835935783389
 20
2.478855567145263
 30
0.0
 10
-103.5835935808986
 20
2.479178035165799
 30
0.0
 10
-103.5835935829486
 20
2.482097842532138
 30
0.0
 10
-103.5835935847779
 20
2.484703149212805
 30
0.0
  0
SPLINE
  5
9FD
330
1F
100
AcDbEntity
  8
0
  6
Continuous
 62
     7
370
    25
100
AcDbSpline
210
0.0
220
0.0
230
1.0
 70
     8
 71
     3
 72
    11
 73
     7
 74
     0
 42
0.00000001
 43
0.00000001
 40
0.0
 40
0.0
 40
0.0
 40
0.0
 40
0.5077716157104155
 40
0.5653994528350653
 40
0.6666465066466061
 40
1.0
 40
1.0
 40
1.0
 40
1.0
 10
-103.5835935622029
 20
2.483917780536804
 30
0.0
 10
-103.5835935641813
 20
2.4816387368512
 30
0.0
 10
-103.5835935663843
 20
2.479101040743424
 30
0.0
 10
-103.5835935688656
 20
2.478828351948736
 30
0.0
 10
-103.5835935706925
 20
2.478742731333734
 30
0.0
 10
-103.5835935723025
 20
2.478738751390485
 30
0.0
 10
-103.5835935735373
 20
2.478735698637805
 30
0.0
  0
SPLINE
  5
A01
330
1F
100
AcDbEntity
  8
0
  6
Continuous
 62
     7
370
    25
100
AcDbSpline
210
0.0
220
0.0
230
1.0
 70
     8
 71
     3
 72
    11
 73
     7
 74
     0
 42
0.00000001
 43
0.00000001
 40
0.0
 40
0.0
 40
0.0
 40
0.0
 40
0.3320619294898509
 40
0.4336318767695645
 40
0.4922283748227957
 40
1.0
 40
1.0
 40
1.0
 40
1.0
 10
-103.5835935035991
 20
4.078735697679805
 30
0.0
 10
-103.5835935023693
 20
4.078732928810663
 30
0.0
 10
-103.5835935007632
 20
4.078729313009466
 30
0.0
 10
-103.5835934989438
 20
4.078641997081654
 30
0.0
 10
-103.5835934964814
 20
4.078377438180365
 30
0.0
 10
-103.5835934944969
 20
4.075833952341842
 30
0.0
 10
-103.5835934927177
 20
4.073553615781805
 30
0.0
  0
SPLINE
  5
A02
330
1F
100
AcDbEntity
  8
0
  6
Continuous
 62
     7
370
    25
100
AcDbSpline
210
0.0
220
0.0
230
1.0
 70
     8
 71
     3
 72
    11
 73
     7
 74
     0
 42
0.00000001
 43
0.00000001
 40
0.0
 40
0.0
 40
0.0
 40
0.0
 40
0.5072587386929189
 40
0.5674595255646275
 40
0.6696495997233534
 40
1.0
 40
1.0
 40
1.0
 40
1.0
 10
-103.5835935153613
 20
4.072768247104804
 30
0.0
 10
-103.5835935133044
 20
4.075371934220859
 30
0.0
 10
-103.5835935110034
 20
4.078284623432287
 30
0.0
 10
-103.5835935084204
 20
4.078617132511964
 30
0.0
 10
-103.5835935065256
 20
4.078727007906457
 30
0.0
 10
-103.5835935048663
 20
4.078731934795493
 30
0.0
 10
-103.5835935035991
 20
4.078735697679805
 30
0.0
  0
LWPOLYLINE
  5
A04
330
1F
100
AcDbEntity
  8
0
  6
Continuous
 62
     7
370
    25
100
AcDbPolyline
 90
       13
 70
   128
 43
0.0
 10
-103.5835938646
 20
4.5287356982
 10
-103.5835938485
 20
4.6103234578
 10
-103.583593829
 20
4.6103234578
 10
-103.583593817
 20
4.4660252623
 10
-103.5835938136
 20
4.1930658199
 10
-103.5835938192
 20
3.8210245214
 10
-103.5835938333
 20
3.3902178145
 10
-103.5835938542
 20
2.9473302905
 10
-103.5835938798
 20
2.5403556847
 10
-103.5835939073
 20
2.2133960105
 10
-103.5835939336
 20
2.0018824219
 10
-103.583593956
 20
1.9287356982
 10
-103.583593956
 20
1.9287356982
  0
LWPOLYLINE
  5
A2B
330
1F
100
AcDbEntity
  8
0
  6
Continuous
 62
     7
370
    25
100
AcDbPolyline
 90
        5
 70
   128
 43
0.0
 10
-99.633594192
 20
-7.5712644745
 10
-99.6335941979
 20
-7.5755798174
 10
-99.6335942151
 20
-7.627605521
 10
-99.6335942341
 20
-7.7371375312
 10
-99.6335942545
 20
-7.9009351657
  0
LWPOLYLINE
  5
A2C
330
1F
100
AcDbEntity
  8
0
  6
Continuous
 62
     7
370
    25
100
AcDbPolyline
 90
        5
 70
   128
 43
0.0
 10
-99.6335936225
 20
6.5584062166
 10
-99.6335936164
 20
6.3946085822
 10
-99.6335936069
 20
6.285076572
 10
-99.6335935943
 20
6.2330508684
 10
-99.6335935888
 20
6.2287355255
  0
CIRCLE
  5
A52
330
1F
100
AcDbEntity
  8
0
  6
Continuous
 62
     7
370
    25
100
AcDbCircle
 10
38.7664084003
 20
-13.5712633444
 30
0.0
 40
3.250000000000028
  0
CIRCLE
  5
A5A
330
1F
100
AcDbEntity
  8
0
  6
Continuous
 62
     7
370
    25
100
AcDbCircle
 10
38.7664084003
 20
17.0287366556
 30
0.0
 40
3.250000000000036
  0
CIRCLE
  5
A5B
330
1F
100
AcDbEntity
  8
0
  6
Continuous
 62
     7
370
    25
100
AcDbCircle
 10
-118.2335915997
 20
17.0287366556
 30
0.0
 40
3.250000000000043
  0
CIRCLE
  5
A5C
330
1F
100
AcDbEntity
  8
0
  6
Continuous
 62
     7
370
    25
100
AcDbCircle
 10
-118.2335915997
 20
-13.5712633444
 30
0.0
 40
3.250000000000028
  0
SPLINE
  5
A71
330
1F
100
AcDbEntity
  8
0
  6
Continuous
 62
     7
370
    25
100
AcDbSpline
210
0.0
220
0.0
230
1.0
 70
     8
 71
     3
 72
    11
 73
     7
 74
     0
 42
0.00000001
 43
0.00000001
 40
0.0
 40
0.0
 40
0.0
 40
0.0
 40
0.2181941111522757
 40
0.4572790159822607
 40
0.7177367768672877
 40
1.0
 40
1.0
 40
1.0
 40
1.0
 10
39.01701520330885
 20
-12.01953360630956
 30
0.0
 10
39.01753483970707
 20
-12.01534938067125
 30
0.0
 10
39.0186238646106
 20
-12.00658031457488
 30
0.0
 10
39.0196896809631
 20
-11.98578395534464
 30
0.0
 10
39.02044364658666
 20
-11.95894116911856
 30
0.0
 10
39.02024488080432
 20
-11.93833182383488
 30
0.0
 10
39.02014150490395
 20
-11.92761312970339
 30
0.0
  0
SPLINE
  5
A73
330
1F
100
AcDbEntity
  8
0
  6
Continuous
 62
     7
370
    25
100
AcDbSpline
210
0.0
220
0.0
230
1.0
 70
     8
 71
     3
 72
    11
 73
     7
 74
     0
 42
0.00000001
 43
0.00000001
 40
0.0
 40
0.0
 40
0.0
 40
0.0
 40
0.2822632231327133
 40
0.5427209840177275
 40
0.7818058888477247
 40
1.0
 40
1.0
 40
1.0
 40
1.0
 10
38.51267529543239
 20
-11.92761312970339
 30
0.0
 10
38.51257191953202
 20
-11.93833182383488
 30
0.0
 10
38.51237315374969
 20
-11.95894116911856
 30
0.0
 10
38.51312711937324
 20
-11.98578395534464
 30
0.0
 10
38.51419293572573
 20
-12.00658031457487
 30
0.0
 10
38.51528196062927
 20
-12.01534938067124
 30
0.0
 10
38.51580159702749
 20
-12.01953360630955
 30
0.0
  0
SPLINE
  5
A74
330
1F
100
AcDbEntity
  8
0
  6
Continuous
 62
     7
370
    25
100
AcDbSpline
210
0.0
220
0.0
230
1.0
 70
     8
 71
     3
 72
    11
 73
     7
 74
     0
 42
0.00000001
 43
0.00000001
 40
0.0
 40
0.0
 40
0.0
 40
0.0
 40
0.2181941111522763
 40
0.4572790159822599
 40
0.717736776867323
 40
1.0
 40
1.0
 40
1.0
 40
1.0
 10
40.31813813984419
 20
-13.82187014912624
 30
0.0
 10
40.32232236548249
 20
-13.82238978552447
 30
0.0
 10
40.33109143157885
 20
-13.823478810428
 30
0.0
 10
40.35188779080911
 20
-13.82454462678051
 30
0.0
 10
40.37873057703515
 20
-13.82529859240404
 30
0.0
 10
40.39933992231884
 20
-13.82509982662172
 30
0.0
 10
40.41005861645033
 20
-13.82499645072135
 30
0.0
  0
SPLINE
  5
A77
330
1F
100
AcDbEntity
  8
0
  6
Continuous
 62
     7
370
    25
100
AcDbSpline
210
0.0
220
0.0
230
1.0
 70
     8
 71
     3
 72
     9
 73
     5
 74
     0
 42
0.00000001
 43
0.00000001
 40
0.0
 40
0.0
 40
0.0
 40
0.0
 40
0.4633071440876411
 40
0.9999999999999999
 40
0.9999999999999999
 40
0.9999999999999999
 40
0.9999999999999999
 10
39.25015968709481
 20
-13.68730490796107
 30
0.0
 10
39.29014014749789
 20
-13.68834011687868
 30
0.0
 10
39.37643378858088
 20
-13.6905745070253
 30
0.0
 10
39.46255533592812
 20
-13.69284089161753
 30
0.0
 10
39.50877615512951
 20
-13.69405724403693
 30
0.0
  0
SPLINE
  5
A7A
330
1F
100
AcDbEntity
  8
0
  6
Continuous
 62
     7
370
    25
100
AcDbSpline
210
0.0
220
0.0
230
1.0
 70
     8
 71
     3
 72
    11
 73
     7
 74
     0
 42
0.00000001
 43
0.00000001
 40
0.0
 40
0.0
 40
0.0
 40
0.0
 40
0.2181941111522692
 40
0.4572790159822562
 40
0.7177367768672853
 40
1.0
 40
1.0
 40
1.0
 40
1.0
 10
38.51580159702749
 20
-15.12299308566158
 30
0.0
 10
38.51528196062925
 20
-15.12717731129989
 30
0.0
 10
38.51419293572572
 20
-15.13594637739625
 30
0.0
 10
38.51312711937324
 20
-15.1567427366265
 30
0.0
 10
38.51237315374969
 20
-15.18358552285258
 30
0.0
 10
38.51257191953202
 20
-15.20419486813625
 30
0.0
 10
38.51267529543239
 20
-15.21491356226774
 30
0.0
  0
SPLINE
  5
A7C
330
1F
100
AcDbEntity
  8
0
  6
Continuous
 62
     7
370
    25
100
AcDbSpline
210
0.0
220
0.0
230
1.0
 70
     8
 71
     3
 72
    11
 73
     7
 74
     0
 42
0.00000001
 43
0.00000001
 40
0.0
 40
0.0
 40
0.0
 40
0.0
 40
0.2822632231327127
 40
0.5427209840177398
 40
0.7818058888477252
 40
1.0
 40
1.0
 40
1.0
 40
1.0
 10
39.02014150490395
 20
-15.21491356226774
 30
0.0
 10
39.02024488080432
 20
-15.20419486813625
 30
0.0
 10
39.02044364658666
 20
-15.18358552285257
 30
0.0
 10
39.01968968096308
 20
-15.15674273662649
 30
0.0
 10
39.0186238646106
 20
-15.13594637739626
 30
0.0
 10
39.01753483970707
 20
-15.12717731129989
 30
0.0
 10
39.01701520330882
 20
-15.12299308566158
 30
0.0
  0
SPLINE
  5
A7D
330
1F
100
AcDbEntity
  8
0
  6
Continuous
 62
     7
370
    25
100
AcDbSpline
210
0.0
220
0.0
230
1.0
 70
     8
 71
     3
 72
    11
 73
     7
 74
     0
 42
0.00000001
 43
0.00000001
 40
0.0
 40
0.0
 40
0.0
 40
0.0
 40
0.218194111152274
 40
0.4572790159822593
 40
0.7177367768673225
 40
0.9999999999999999
 40
0.9999999999999999
 40
0.9999999999999999
 40
0.9999999999999999
 10
37.21467866049215
 20
-13.32065654284489
 30
0.0
 10
37.21049443485384
 20
-13.32013690644667
 30
0.0
 10
37.20172536875748
 20
-13.31904788154314
 30
0.0
 10
37.18092900952722
 20
-13.31798206519061
 30
0.0
 10
37.15408622330118
 20
-13.31722809956709
 30
0.0
 10
37.13347687801748
 20
-13.31742686534942
 30
0.0
 10
37.12275818388599
 20
-13.31753024124978
 30
0.0
  0
SPLINE
  5
A80
330
1F
100
AcDbEntity
  8
0
  6
Continuous
 62
     7
370
    25
100
AcDbSpline
210
0.0
220
0.0
230
1.0
 70
     8
 71
     3
 72
     9
 73
     5
 74
     0
 42
0.00000001
 43
0.00000001
 40
0.0
 40
0.0
 40
0.0
 40
0.0
 40
0.4633071440876437
 40
1.0
 40
1.0
 40
1.0
 40
1.0
 10
38.28265711324155
 20
-13.45522178401006
 30
0.0
 10
38.24267665283846
 20
-13.45418657509245
 30
0.0
 10
38.15638301175548
 20
-13.45195218494583
 30
0.0
 10
38.07026146440822
 20
-13.4496858003536
 30
0.0
 10
38.02404064520683
 20
-13.4484694479342
 30
0.0
  0
SPLINE
  5
A84
330
1F
100
AcDbEntity
  8
0
  6
Continuous
 62
     7
370
    25
100
AcDbSpline
210
0.0
220
0.0
230
1.0
 70
     8
 71
     3
 72
    11
 73
     7
 74
     0
 42
0.00000001
 43
0.00000001
 40
0.0
 40
0.0
 40
0.0
 40
0.0
 40
0.2822632231326778
 40
0.5427209840177414
 40
0.7818058888477246
 40
1.0
 40
1.0
 40
1.0
 40
1.0
 10
37.12275818388599
 20
-13.82499645072135
 30
0.0
 10
37.13347687801748
 20
-13.82509982662171
 30
0.0
 10
37.15408622330116
 20
-13.82529859240404
 30
0.0
 10
37.18092900952723
 20
-13.8245446267805
 30
0.0
 10
37.20172536875748
 20
-13.823478810428
 30
0.0
 10
37.21049443485384
 20
-13.82238978552446
 30
0.0
 10
37.21467866049215
 20
-13.82187014912624
 30
0.0
  0
SPLINE
  5
A85
330
1F
100
AcDbEntity
  8
0
  6
Continuous
 62
     7
370
    25
100
AcDbSpline
210
0.0
220
0.0
230
1.0
 70
     8
 71
     3
 72
    11
 73
     7
 74
     0
 42
0.00000001
 43
0.00000001
 40
0.0
 40
0.0
 40
0.0
 40
0.0
 40
0.2822632231326774
 40
0.5427209840177414
 40
0.781805888847726
 40
1.0
 40
1.0
 40
1.0
 40
1.0
 10
40.41005861645033
 20
-13.31753024124978
 30
0.0
 10
40.39933992231884
 20
-13.31742686534942
 30
0.0
 10
40.37873057703516
 20
-13.31722809956709
 30
0.0
 10
40.35188779080911
 20
-13.31798206519063
 30
0.0
 10
40.33109143157885
 20
-13.31904788154313
 30
0.0
 10
40.32232236548249
 20
-13.32013690644667
 30
0.0
 10
40.31813813984419
 20
-13.3206565428449
 30
0.0
  0
SPLINE
  5
A87
330
1F
100
AcDbEntity
  8
0
  6
Continuous
 62
     7
370
    25
100
AcDbSpline
210
0.0
220
0.0
230
1.0
 70
     8
 71
     3
 72
     9
 73
     5
 74
     0
 42
0.00000001
 43
0.00000001
 40
0.0
 40
0.0
 40
0.0
 40
0.0
 40
0.6523241082674307
 40
1.0
 40
1.0
 40
1.0
 40
1.0
 10
39.50877615512951
 20
-13.4484694479342
 30
0.0
 10
39.45259521009408
 20
-13.44994754038847
 30
0.0
 10
39.36647092873851
 20
-13.45221342698615
 30
0.0
 10
39.28016587397184
 20
-13.45444568256212
 30
0.0
 10
39.2501596870948
 20
-13.45522178401006
 30
0.0
  0
SPLINE
  5
A8B
330
1F
100
AcDbEntity
  8
0
  6
Continuous
 62
     7
370
    25
100
AcDbSpline
210
0.0
220
0.0
230
1.0
 70
     8
 71
     3
 72
     9
 73
     5
 74
     0
 42
0.00000001
 43
0.00000001
 40
0.0
 40
0.0
 40
0.0
 40
0.0
 40
0.6523241082675074
 40
1.0
 40
1.0
 40
1.0
 40
1.0
 10
38.6436145021168
 20
-12.82889559102423
 30
0.0
 10
38.64509259457108
 20
-12.88507653605966
 30
0.0
 10
38.64735848116876
 20
-12.9712008174152
 30
0.0
 10
38.64959073674473
 20
-13.0575058721819
 30
0.0
 10
38.65036683819267
 20
-13.08751205905893
 30
0.0
  0
SPLINE
  5
A8F
330
1F
100
AcDbEntity
  8
0
  6
Continuous
 62
     7
370
    25
100
AcDbSpline
210
0.0
220
0.0
230
1.0
 70
     8
 71
     3
 72
     9
 73
     5
 74
     0
 42
0.00000001
 43
0.00000001
 40
0.0
 40
0.0
 40
0.0
 40
0.0
 40
0.6523241082675099
 40
1.0
 40
1.0
 40
1.0
 40
1.0
 10
38.88920229821954
 20
-14.31363110094691
 30
0.0
 10
38.88772420576529
 20
-14.25745015591148
 30
0.0
 10
38.88545831916761
 20
-14.17132587455593
 30
0.0
 10
38.88322606359162
 20
-14.08502081978923
 30
0.0
 10
38.88244996214367
 20
-14.0550146329122
 30
0.0
  0
CIRCLE
  5
A94
330
1F
100
AcDbEntity
  8
0
  6
Continuous
 62
     7
370
    25
100
AcDbCircle
 10
38.7664084002
 20
-13.571263346
 30
0.0
 40
2.750000000000014
  0
SPLINE
  5
A9D
330
1F
100
AcDbEntity
  8
0
  6
Continuous
 62
     7
370
    25
100
AcDbSpline
210
0.0
220
0.0
230
1.0
 70
     8
 71
     3
 72
     9
 73
     5
 74
     0
 42
0.00000001
 43
0.00000001
 40
0.0
 40
0.0
 40
0.0
 40
0.0
 40
0.4633071440875325
 40
1.0
 40
1.0
 40
1.0
 40
1.0
 10
38.88244996214367
 20
-13.08751205905893
 30
0.0
 10
38.88348517106128
 20
-13.04753159865587
 30
0.0
 10
38.88571956120789
 20
-12.9612379575729
 30
0.0
 10
38.88798594580011
 20
-12.87511641022563
 30
0.0
 10
38.88920229821954
 20
-12.82889559102423
 30
0.0
  0
SPLINE
  5
AA0
330
1F
100
AcDbEntity
  8
0
  6
Continuous
 62
     7
370
    25
100
AcDbSpline
210
0.0
220
0.0
230
1.0
 70
     8
 71
     3
 72
     9
 73
     5
 74
     0
 42
0.00000001
 43
0.00000001
 40
0.0
 40
0.0
 40
0.0
 40
0.0
 40
0.4633071440876454
 40
1.0
 40
1.0
 40
1.0
 40
1.0
 10
38.65036683819267
 20
-14.0550146329122
 30
0.0
 10
38.64933162927505
 20
-14.09499509331528
 30
0.0
 10
38.64709723912843
 20
-14.18128873439825
 30
0.0
 10
38.6448308545362
 20
-14.26741028174551
 30
0.0
 10
38.6436145021168
 20
-14.3136311009469
 30
0.0
  0
SPLINE
  5
AA3
330
1F
100
AcDbEntity
  8
0
  6
Continuous
 62
     7
370
    25
100
AcDbSpline
210
0.0
220
0.0
230
1.0
 70
     8
 71
     3
 72
     9
 73
     5
 74
     0
 42
0.00000001
 43
0.00000001
 40
0.0
 40
0.0
 40
0.0
 40
0.0
 40
0.6523241082675113
 40
1.0
 40
1.0
 40
1.0
 40
1.0
 10
38.02404064520683
 20
-13.69405724403693
 30
0.0
 10
38.08022159024226
 20
-13.69257915158266
 30
0.0
 10
38.16634587159781
 20
-13.69031326498498
 30
0.0
 10
38.2526509263645
 20
-13.68808100940901
 30
0.0
 10
38.28265711324155
 20
-13.68730490796107
 30
0.0
  0
SPLINE
  5
AA5
330
1F
100
AcDbEntity
  8
0
  6
Continuous
 62
     7
370
    25
100
AcDbSpline
210
0.0
220
0.0
230
1.0
 70
     8
 71
     3
 72
    13
 73
     9
 74
     0
 42
0.00000001
 43
0.00000001
 40
0.0
 40
0.0
 40
0.0
 40
0.0
 40
0.2498398390460055
 40
0.3763761747308237
 40
0.4999999999999892
 40
0.6236238252691704
 40
0.7501601609539886
 40
1.0
 40
1.0
 40
1.0
 40
1.0
 10
39.25015968701727
 20
-13.45522178402866
 30
0.0
 10
39.20374379899923
 20
-13.45174310361059
 30
0.0
 10
39.13381966501937
 20
-13.4465025765839
 30
0.0
 10
39.04505083201453
 20
-13.40186856235775
 30
0.0
 10
38.98400141345441
 20
-13.35367033269933
 30
0.0
 10
38.93580318379599
 20
-13.29262091413919
 30
0.0
 10
38.89116916956983
 20
-13.20385208113438
 30
0.0
 10
38.88592864254313
 20
-13.13392794715449
 30
0.0
 10
38.88244996212508
 20
-13.08751205913645
 30
0.0
  0
SPLINE
  5
AA6
330
1F
100
AcDbEntity
  8
0
  6
Continuous
 62
     7
370
    25
100
AcDbSpline
210
0.0
220
0.0
230
1.0
 70
     8
 71
     3
 72
    13
 73
     9
 74
     0
 42
0.00000001
 43
0.00000001
 40
0.0
 40
0.0
 40
0.0
 40
0.0
 40
0.2498398390460046
 40
0.3763761747308224
 40
0.5000000000000067
 40
0.6236238252691692
 40
0.750160160953987
 40
0.9999999999999999
 40
0.9999999999999999
 40
0.9999999999999999
 40
0.9999999999999999
 10
38.28265711331904
 20
-13.68730490794247
 30
0.0
 10
38.32907300133709
 20
-13.69078358836055
 30
0.0
 10
38.39899713531699
 20
-13.69602411538724
 30
0.0
 10
38.48776596832178
 20
-13.74065812961338
 30
0.0
 10
38.54881538688195
 20
-13.7888563592718
 30
0.0
 10
38.59701361654034
 20
-13.84990577783195
 30
0.0
 10
38.64164763076649
 20
-13.93867461083675
 30
0.0
 10
38.64688815779318
 20
-14.00859874481664
 30
0.0
 10
38.65036683821126
 20
-14.05501463283469
 30
0.0
  0
SPLINE
  5
AA7
330
1F
100
AcDbEntity
  8
0
  6
Continuous
 62
     7
370
    25
100
AcDbSpline
210
0.0
220
0.0
230
1.0
 70
     8
 71
     3
 72
    13
 73
     9
 74
     0
 42
0.00000001
 43
0.00000001
 40
0.0
 40
0.0
 40
0.0
 40
0.0
 40
0.2498398390460088
 40
0.3763761747308223
 40
0.4999999999999917
 40
0.6236238252691729
 40
0.7501601609539745
 40
1.0
 40
1.0
 40
1.0
 40
1.0
 10
38.65036683821126
 20
-13.08751205913645
 30
0.0
 10
38.64688815779318
 20
-13.13392794715449
 30
0.0
 10
38.64164763076649
 20
-13.20385208113438
 30
0.0
 10
38.59701361654035
 20
-13.29262091413918
 30
0.0
 10
38.54881538688195
 20
-13.35367033269934
 30
0.0
 10
38.48776596832178
 20
-13.40186856235774
 30
0.0
 10
38.39899713531699
 20
-13.44650257658391
 30
0.0
 10
38.32907300133711
 20
-13.45174310361059
 30
0.0
 10
38.28265711331905
 20
-13.45522178402866
 30
0.0
  0
SPLINE
  5
AA8
330
1F
100
AcDbEntity
  8
0
  6
Continuous
 62
     7
370
    25
100
AcDbSpline
210
0.0
220
0.0
230
1.0
 70
     8
 71
     3
 72
    13
 73
     9
 74
     0
 42
0.00000001
 43
0.00000001
 40
0.0
 40
0.0
 40
0.0
 40
0.0
 40
0.2498398390460091
 40
0.3763761747308229
 40
0.4999999999999903
 40
0.6236238252691734
 40
0.7501601609539942
 40
1.0
 40
1.0
 40
1.0
 40
1.0
 10
38.88244996212508
 20
-14.05501463283469
 30
0.0
 10
38.88592864254313
 20
-14.00859874481664
 30
0.0
 10
38.89116916956986
 20
-13.93867461083676
 30
0.0
 10
38.93580318379598
 20
-13.84990577783195
 30
0.0
 10
38.98400141345439
 20
-13.7888563592718
 30
0.0
 10
39.04505083201453
 20
-13.74065812961338
 30
0.0
 10
39.13381966501935
 20
-13.69602411538724
 30
0.0
 10
39.20374379899923
 20
-13.69078358836054
 30
0.0
 10
39.25015968701727
 20
-13.68730490794248
 30
0.0
  0
SPLINE
  5
AAE
330
1F
100
AcDbEntity
  8
0
  6
Continuous
 62
     7
370
    25
100
AcDbSpline
210
0.0
220
0.0
230
1.0
 70
     8
 71
     3
 72
    11
 73
     7
 74
     0
 42
0.00000001
 43
0.00000001
 40
0.0
 40
0.0
 40
0.0
 40
0.0
 40
0.2181941111522843
 40
0.4572790159822467
 40
0.7177367768672874
 40
1.0
 40
1.0
 40
1.0
 40
1.0
 10
39.01701520361183
 20
18.58046639369045
 30
0.0
 10
39.01753484001007
 20
18.58465061932876
 30
0.0
 10
39.01862386491358
 20
18.59341968542513
 30
0.0
 10
39.01968968126609
 20
18.61421604465536
 30
0.0
 10
39.02044364688966
 20
18.64105883088145
 30
0.0
 10
39.0202448811073
 20
18.66166817616512
 30
0.0
 10
39.02014150520694
 20
18.67238687029661
 30
0.0
  0
SPLINE
  5
AB0
330
1F
100
AcDbEntity
  8
0
  6
Continuous
 62
     7
370
    25
100
AcDbSpline
210
0.0
220
0.0
230
1.0
 70
     8
 71
     3
 72
    11
 73
     7
 74
     0
 42
0.00000001
 43
0.00000001
 40
0.0
 40
0.0
 40
0.0
 40
0.0
 40
0.2822632231327105
 40
0.5427209840177494
 40
0.7818058888477101
 40
1.0
 40
1.0
 40
1.0
 40
1.0
 10
38.51267529573537
 20
18.67238687029661
 30
0.0
 10
38.512571919835
 20
18.66166817616512
 30
0.0
 10
38.51237315405267
 20
18.64105883088144
 30
0.0
 10
38.51312711967623
 20
18.61421604465536
 30
0.0
 10
38.51419293602872
 20
18.59341968542513
 30
0.0
 10
38.51528196093226
 20
18.58465061932875
 30
0.0
 10
38.5158015973305
 20
18.58046639369045
 30
0.0
  0
SPLINE
  5
AB1
330
1F
100
AcDbEntity
  8
0
  6
Continuous
 62
     7
370
    25
100
AcDbSpline
210
0.0
220
0.0
230
1.0
 70
     8
 71
     3
 72
    11
 73
     7
 74
     0
 42
0.00000001
 43
0.00000001
 40
0.0
 40
0.0
 40
0.0
 40
0.0
 40
0.2822632231327105
 40
0.5427209840177494
 40
0.7818058888477101
 40
1.0
 40
1.0
 40
1.0
 40
1.0
 10
39.02014150520694
 20
15.38508643773226
 30
0.0
 10
39.0202448811073
 20
15.39580513186375
 30
0.0
 10
39.02044364688965
 20
15.41641447714742
 30
0.0
 10
39.01968968126609
 20
15.44325726337351
 30
0.0
 10
39.01862386491361
 20
15.46405362260374
 30
0.0
 10
39.01753484001005
 20
15.47282268870012
 30
0.0
 10
39.01701520361183
 20
15.47700691433843
 30
0.0
  0
SPLINE
  5
AB3
330
1F
100
AcDbEntity
  8
0
  6
Continuous
 62
     7
370
    25
100
AcDbSpline
210
0.0
220
0.0
230
1.0
 70
     8
 71
     3
 72
     9
 73
     5
 74
     0
 42
0.00000001
 43
0.00000001
 40
0.0
 40
0.0
 40
0.0
 40
0.0
 40
0.6523241082675237
 40
1.0
 40
1.0
 40
1.0
 40
1.0
 10
38.88920229852252
 20
16.2863688990531
 30
0.0
 10
38.88772420606825
 20
16.34254984408854
 30
0.0
 10
38.88545831947057
 20
16.42867412544408
 30
0.0
 10
38.88322606389461
 20
16.51497918021077
 30
0.0
 10
38.88244996244666
 20
16.5449853670878
 30
0.0
  0
SPLINE
  5
AB7
330
1F
100
AcDbEntity
  8
0
  6
Continuous
 62
     7
370
    25
100
AcDbSpline
210
0.0
220
0.0
230
1.0
 70
     8
 71
     3
 72
     9
 73
     5
 74
     0
 42
0.00000001
 43
0.00000001
 40
0.0
 40
0.0
 40
0.0
 40
0.0
 40
0.6523241082675028
 40
1.0
 40
1.0
 40
1.0
 40
1.0
 10
38.64361450241979
 20
17.77110440897577
 30
0.0
 10
38.64509259487406
 20
17.71492346394034
 30
0.0
 10
38.64735848147173
 20
17.6287991825848
 30
0.0
 10
38.6495907370477
 20
17.5424941278181
 30
0.0
 10
38.65036683849565
 20
17.51248794094107
 30
0.0
  0
SPLINE
  5
ABC
330
1F
100
AcDbEntity
  8
0
  6
Continuous
 62
     7
370
    25
100
AcDbSpline
210
0.0
220
0.0
230
1.0
 70
     8
 71
     3
 72
     9
 73
     5
 74
     0
 42
0.00000001
 43
0.00000001
 40
0.0
 40
0.0
 40
0.0
 40
0.0
 40
0.4633071440875489
 40
1.0
 40
1.0
 40
1.0
 40
1.0
 10
38.88244996244666
 20
17.51248794094107
 30
0.0
 10
38.88348517136427
 20
17.55246840134413
 30
0.0
 10
38.8857195615109
 20
17.6387620424271
 30
0.0
 10
38.88798594610312
 20
17.72488358977436
 30
0.0
 10
38.88920229852252
 20
17.77110440897577
 30
0.0
  0
SPLINE
  5
ABE
330
1F
100
AcDbEntity
  8
0
  6
Continuous
 62
     7
370
    25
100
AcDbSpline
210
0.0
220
0.0
230
1.0
 70
     8
 71
     3
 72
    11
 73
     7
 74
     0
 42
0.00000001
 43
0.00000001
 40
0.0
 40
0.0
 40
0.0
 40
0.0
 40
0.2181941111522843
 40
0.4572790159822467
 40
0.7177367768672874
 40
1.0
 40
1.0
 40
1.0
 40
1.0
 10
38.51580159733047
 20
15.47700691433843
 30
0.0
 10
38.51528196093226
 20
15.47282268870012
 30
0.0
 10
38.51419293602872
 20
15.46405362260374
 30
0.0
 10
38.51312711967621
 20
15.44325726337351
 30
0.0
 10
38.51237315405268
 20
15.41641447714743
 30
0.0
 10
38.512571919835
 20
15.39580513186374
 30
0.0
 10
38.51267529573537
 20
15.38508643773226
 30
0.0
  0
SPLINE
  5
AC1
330
1F
100
AcDbEntity
  8
0
  6
Continuous
 62
     7
370
    25
100
AcDbSpline
210
0.0
220
0.0
230
1.0
 70
     8
 71
     3
 72
     9
 73
     5
 74
     0
 42
0.00000001
 43
0.00000001
 40
0.0
 40
0.0
 40
0.0
 40
0.0
 40
0.4633071440876519
 40
1.0
 40
1.0
 40
1.0
 40
1.0
 10
38.65036683849565
 20
16.5449853670878
 30
0.0
 10
38.64933162957806
 20
16.50500490668473
 30
0.0
 10
38.64709723943145
 20
16.41871126560175
 30
0.0
 10
38.64483085483921
 20
16.33258971825449
 30
0.0
 10
38.64361450241979
 20
16.2863688990531
 30
0.0
  0
SPLINE
  5
AC6
330
1F
100
AcDbEntity
  8
0
  6
Continuous
 62
     7
370
    25
100
AcDbSpline
210
0.0
220
0.0
230
1.0
 70
     8
 71
     3
 72
    11
 73
     7
 74
     0
 42
0.00000001
 43
0.00000001
 40
0.0
 40
0.0
 40
0.0
 40
0.0
 40
0.2181941111522739
 40
0.4572790159822602
 40
0.717736776867323
 40
1.0
 40
1.0
 40
1.0
 40
1.0
 10
37.21467866079514
 20
17.27934345715511
 30
0.0
 10
37.21049443515683
 20
17.27986309355333
 30
0.0
 10
37.20172536906046
 20
17.28095211845686
 30
0.0
 10
37.18092900983024
 20
17.28201793480939
 30
0.0
 10
37.15408622360416
 20
17.28277190043291
 30
0.0
 10
37.13347687832047
 20
17.28257313465058
 30
0.0
 10
37.122758184189
 20
17.28246975875022
 30
0.0
  0
SPLINE
  5
AC8
330
1F
100
AcDbEntity
  8
0
  6
Continuous
 62
     7
370
    25
100
AcDbSpline
210
0.0
220
0.0
230
1.0
 70
     8
 71
     3
 72
    11
 73
     7
 74
     0
 42
0.00000001
 43
0.00000001
 40
0.0
 40
0.0
 40
0.0
 40
0.0
 40
0.2822632231326781
 40
0.5427209840177405
 40
0.7818058888477254
 40
1.0
 40
1.0
 40
1.0
 40
1.0
 10
37.122758184189
 20
16.77500354927865
 30
0.0
 10
37.13347687832047
 20
16.77490017337829
 30
0.0
 10
37.15408622360416
 20
16.77470140759598
 30
0.0
 10
37.18092900983024
 20
16.7754553732195
 30
0.0
 10
37.20172536906046
 20
16.77652118957201
 30
0.0
 10
37.21049443515683
 20
16.77761021447554
 30
0.0
 10
37.21467866079514
 20
16.77812985087376
 30
0.0
  0
SPLINE
  5
AC9
330
1F
100
AcDbEntity
  8
0
  6
Continuous
 62
     7
370
    25
100
AcDbSpline
210
0.0
220
0.0
230
1.0
 70
     8
 71
     3
 72
    11
 73
     7
 74
     0
 42
0.00000001
 43
0.00000001
 40
0.0
 40
0.0
 40
0.0
 40
0.0
 40
0.2181941111522772
 40
0.4572790159822608
 40
0.7177367768673233
 40
1.0
 40
1.0
 40
1.0
 40
1.0
 10
40.31813814014717
 20
16.77812985087376
 30
0.0
 10
40.32232236578549
 20
16.77761021447554
 30
0.0
 10
40.33109143188184
 20
16.77652118957199
 30
0.0
 10
40.35188779111209
 20
16.77545537321949
 30
0.0
 10
40.37873057733815
 20
16.77470140759594
 30
0.0
 10
40.39933992262184
 20
16.77490017337828
 30
0.0
 10
40.41005861675333
 20
16.77500354927865
 30
0.0
  0
SPLINE
  5
ACC
330
1F
100
AcDbEntity
  8
0
  6
Continuous
 62
     7
370
    25
100
AcDbSpline
210
0.0
220
0.0
230
1.0
 70
     8
 71
     3
 72
     9
 73
     5
 74
     0
 42
0.00000001
 43
0.00000001
 40
0.0
 40
0.0
 40
0.0
 40
0.0
 40
0.4633071440875571
 40
1.0
 40
1.0
 40
1.0
 40
1.0
 10
39.2501596873978
 20
16.91269509203893
 30
0.0
 10
39.29014014780088
 20
16.91165988312132
 30
0.0
 10
39.37643378888384
 20
16.9094254929747
 30
0.0
 10
39.46255533623111
 20
16.90715910838247
 30
0.0
 10
39.50877615543249
 20
16.90594275596307
 30
0.0
  0
SPLINE
  5
AD0
330
1F
100
AcDbEntity
  8
0
  6
Continuous
 62
     7
370
    25
100
AcDbSpline
210
0.0
220
0.0
230
1.0
 70
     8
 71
     3
 72
     9
 73
     5
 74
     0
 42
0.00000001
 43
0.00000001
 40
0.0
 40
0.0
 40
0.0
 40
0.0
 40
0.4633071440876438
 40
1.0
 40
1.0
 40
1.0
 40
1.0
 10
38.28265711354454
 20
17.14477821598994
 30
0.0
 10
38.24267665314145
 20
17.14581342490755
 30
0.0
 10
38.15638301205849
 20
17.14804781505418
 30
0.0
 10
38.07026146471122
 20
17.1503141996464
 30
0.0
 10
38.02404064550981
 20
17.1515305520658
 30
0.0
  0
CIRCLE
  5
AD2
330
1F
100
AcDbEntity
  8
0
  6
Continuous
 62
     7
370
    25
100
AcDbCircle
 10
38.7664084005
 20
17.028736654
 30
0.0
 40
2.749999999999996
  0
SPLINE
  5
ADB
330
1F
100
AcDbEntity
  8
0
  6
Continuous
 62
     7
370
    25
100
AcDbSpline
210
0.0
220
0.0
230
1.0
 70
     8
 71
     3
 72
    11
 73
     7
 74
     0
 42
0.00000001
 43
0.00000001
 40
0.0
 40
0.0
 40
0.0
 40
0.0
 40
0.2822632231326775
 40
0.5427209840177418
 40
0.7818058888477258
 40
0.9999999999999999
 40
0.9999999999999999
 40
0.9999999999999999
 40
0.9999999999999999
 10
40.41005861675333
 20
17.28246975875022
 30
0.0
 10
40.39933992262184
 20
17.28257313465058
 30
0.0
 10
40.37873057733817
 20
17.28277190043292
 30
0.0
 10
40.35188779111209
 20
17.28201793480937
 30
0.0
 10
40.33109143188186
 20
17.28095211845687
 30
0.0
 10
40.32232236578549
 20
17.27986309355333
 30
0.0
 10
40.31813814014718
 20
17.27934345715511
 30
0.0
  0
SPLINE
  5
ADD
330
1F
100
AcDbEntity
  8
0
  6
Continuous
 62
     7
370
    25
100
AcDbSpline
210
0.0
220
0.0
230
1.0
 70
     8
 71
     3
 72
     9
 73
     5
 74
     0
 42
0.00000001
 43
0.00000001
 40
0.0
 40
0.0
 40
0.0
 40
0.0
 40
0.6523241082674309
 40
1.0
 40
1.0
 40
1.0
 40
1.0
 10
39.50877615543249
 20
17.1515305520658
 30
0.0
 10
39.45259521039706
 20
17.15005245961153
 30
0.0
 10
39.36647092904152
 20
17.14778657301384
 30
0.0
 10
39.28016587427484
 20
17.14555431743789
 30
0.0
 10
39.2501596873978
 20
17.14477821598994
 30
0.0
  0
SPLINE
  5
AE0
330
1F
100
AcDbEntity
  8
0
  6
Continuous
 62
     7
370
    25
100
AcDbSpline
210
0.0
220
0.0
230
1.0
 70
     8
 71
     3
 72
     9
 73
     5
 74
     0
 42
0.00000001
 43
0.00000001
 40
0.0
 40
0.0
 40
0.0
 40
0.0
 40
0.6523241082675111
 40
1.0
 40
1.0
 40
1.0
 40
1.0
 10
38.02404064550983
 20
16.90594275596307
 30
0.0
 10
38.08022159054526
 20
16.90742084841733
 30
0.0
 10
38.16634587190082
 20
16.90968673501502
 30
0.0
 10
38.25265092666751
 20
16.91191899059099
 30
0.0
 10
38.28265711354452
 20
16.91269509203893
 30
0.0
  0
SPLINE
  5
AE2
330
1F
100
AcDbEntity
  8
0
  6
Continuous
 62
     7
370
    25
100
AcDbSpline
210
0.0
220
0.0
230
1.0
 70
     8
 71
     3
 72
    13
 73
     9
 74
     0
 42
0.00000001
 43
0.00000001
 40
0.0
 40
0.0
 40
0.0
 40
0.0
 40
0.2498398390460065
 40
0.3763761747308249
 40
0.4999999999999922
 40
0.6236238252691751
 40
0.7501601609539935
 40
1.0
 40
1.0
 40
1.0
 40
1.0
 10
38.88244996242806
 20
16.54498536716532
 30
0.0
 10
38.88592864284613
 20
16.59140125518336
 30
0.0
 10
38.89116916987283
 20
16.66132538916325
 30
0.0
 10
38.93580318409897
 20
16.75009422216805
 30
0.0
 10
38.98400141375738
 20
16.8111436407282
 30
0.0
 10
39.04505083231755
 20
16.85934187038662
 30
0.0
 10
39.13381966532233
 20
16.90397588461275
 30
0.0
 10
39.20374379930222
 20
16.90921641163945
 30
0.0
 10
39.25015968732028
 20
16.91269509205753
 30
0.0
  0
SPLINE
  5
AE3
330
1F
100
AcDbEntity
  8
0
  6
Continuous
 62
     7
370
    25
100
AcDbSpline
210
0.0
220
0.0
230
1.0
 70
     8
 71
     3
 72
    13
 73
     9
 74
     0
 42
0.00000001
 43
0.00000001
 40
0.0
 40
0.0
 40
0.0
 40
0.0
 40
0.2498398390460032
 40
0.3763761747308207
 40
0.5000000000000098
 40
0.6236238252691677
 40
0.7501601609539852
 40
1.0
 40
1.0
 40
1.0
 40
1.0
 10
38.28265711362204
 20
16.91269509205753
 30
0.0
 10
38.32907300164009
 20
16.90921641163946
 30
0.0
 10
38.39899713561997
 20
16.90397588461277
 30
0.0
 10
38.48776596862478
 20
16.85934187038662
 30
0.0
 10
38.54881538718494
 20
16.81114364072821
 30
0.0
 10
38.59701361684335
 20
16.75009422216806
 30
0.0
 10
38.64164763106947
 20
16.66132538916325
 30
0.0
 10
38.64688815809617
 20
16.59140125518336
 30
0.0
 10
38.65036683851424
 20
16.54498536716532
 30
0.0
  0
SPLINE
  5
AE4
330
1F
100
AcDbEntity
  8
0
  6
Continuous
 62
     7
370
    25
100
AcDbSpline
210
0.0
220
0.0
230
1.0
 70
     8
 71
     3
 72
    13
 73
     9
 74
     0
 42
0.00000001
 43
0.00000001
 40
0.0
 40
0.0
 40
0.0
 40
0.0
 40
0.249839839046004
 40
0.376376174730822
 40
0.4999999999999942
 40
0.6236238252691664
 40
0.7501601609539844
 40
1.0
 40
1.0
 40
1.0
 40
1.0
 10
39.25015968732028
 20
17.14477821597134
 30
0.0
 10
39.20374379930225
 20
17.14825689638941
 30
0.0
 10
39.13381966532235
 20
17.1534974234161
 30
0.0
 10
39.04505083231754
 20
17.19813143764225
 30
0.0
 10
38.9840014137574
 20
17.24632966730067
 30
0.0
 10
38.93580318409897
 20
17.30737908586081
 30
0.0
 10
38.89116916987283
 20
17.39614791886563
 30
0.0
 10
38.88592864284615
 20
17.4660720528455
 30
0.0
 10
38.88244996242806
 20
17.51248794086355
 30
0.0
  0
SPLINE
  5
AE5
330
1F
100
AcDbEntity
  8
0
  6
Continuous
 62
     7
370
    25
100
AcDbSpline
210
0.0
220
0.0
230
1.0
 70
     8
 71
     3
 72
    13
 73
     9
 74
     0
 42
0.00000001
 43
0.00000001
 40
0.0
 40
0.0
 40
0.0
 40
0.0
 40
0.2498398390460063
 40
0.3763761747308245
 40
0.4999999999999918
 40
0.6236238252691746
 40
0.7501601609539738
 40
1.0
 40
1.0
 40
1.0
 40
1.0
 10
38.65036683851424
 20
17.51248794086355
 30
0.0
 10
38.64688815809619
 20
17.46607205284551
 30
0.0
 10
38.6416476310695
 20
17.39614791886562
 30
0.0
 10
38.59701361684333
 20
17.30737908586083
 30
0.0
 10
38.54881538718493
 20
17.24632966730066
 30
0.0
 10
38.48776596862479
 20
17.19813143764226
 30
0.0
 10
38.39899713561997
 20
17.15349742341609
 30
0.0
 10
38.32907300164009
 20
17.14825689638942
 30
0.0
 10
38.28265711362204
 20
17.14477821597135
 30
0.0
  0
SPLINE
  5
AEA
330
1F
100
AcDbEntity
  8
0
  6
Continuous
 62
     7
370
    25
100
AcDbSpline
210
0.0
220
0.0
230
1.0
 70
     8
 71
     3
 72
    11
 73
     7
 74
     0
 42
0.00000001
 43
0.00000001
 40
0.0
 40
0.0
 40
0.0
 40
0.0
 40
0.2181941111522757
 40
0.4572790159822607
 40
0.7177367768672877
 40
1.0
 40
1.0
 40
1.0
 40
1.0
 10
-117.9829847966912
 20
-12.01953360475556
 30
0.0
 10
-117.9824651602929
 20
-12.01534937911725
 30
0.0
 10
-117.9813761353894
 20
-12.00658031302088
 30
0.0
 10
-117.9803103190369
 20
-11.98578395379064
 30
0.0
 10
-117.9795563534134
 20
-11.95894116756456
 30
0.0
 10
-117.9797551191957
 20
-11.93833182228088
 30
0.0
 10
-117.979858495096
 20
-11.92761312814939
 30
0.0
  0
SPLINE
  5
AED
330
1F
100
AcDbEntity
  8
0
  6
Continuous
 62
     7
370
    25
100
AcDbSpline
210
0.0
220
0.0
230
1.0
 70
     8
 71
     3
 72
     9
 73
     5
 74
     0
 42
0.00000001
 43
0.00000001
 40
0.0
 40
0.0
 40
0.0
 40
0.0
 40
0.4633071440875314
 40
1.0
 40
1.0
 40
1.0
 40
1.0
 10
-118.1175500378563
 20
-13.08751205750493
 30
0.0
 10
-118.1165148289388
 20
-13.04753159710187
 30
0.0
 10
-118.1142804387921
 20
-12.9612379560189
 30
0.0
 10
-118.1120140541999
 20
-12.87511640867163
 30
0.0
 10
-118.1107977017805
 20
-12.82889558947023
 30
0.0
  0
SPLINE
  5
AF0
330
1F
100
AcDbEntity
  8
0
  6
Continuous
 62
     7
370
    25
100
AcDbSpline
210
0.0
220
0.0
230
1.0
 70
     8
 71
     3
 72
    11
 73
     7
 74
     0
 42
0.00000001
 43
0.00000001
 40
0.0
 40
0.0
 40
0.0
 40
0.0
 40
0.218194111152274
 40
0.4572790159822593
 40
0.7177367768673225
 40
0.9999999999999999
 40
0.9999999999999999
 40
0.9999999999999999
 40
0.9999999999999999
 10
-119.7853213395078
 20
-13.32065654129089
 30
0.0
 10
-119.7895055651462
 20
-13.32013690489266
 30
0.0
 10
-119.7982746312425
 20
-13.31904787998913
 30
0.0
 10
-119.8190709904727
 20
-13.31798206363662
 30
0.0
 10
-119.8459137766989
 20
-13.31722809801309
 30
0.0
 10
-119.8665231219825
 20
-13.31742686379542
 30
0.0
 10
-119.877241816114
 20
-13.31753023969578
 30
0.0
  0
SPLINE
  5
AF2
330
1F
100
AcDbEntity
  8
0
  6
Continuous
 62
     7
370
    25
100
AcDbSpline
210
0.0
220
0.0
230
1.0
 70
     8
 71
     3
 72
    11
 73
     7
 74
     0
 42
0.00000001
 43
0.00000001
 40
0.0
 40
0.0
 40
0.0
 40
0.0
 40
0.2822632231326778
 40
0.5427209840177414
 40
0.7818058888477246
 40
1.0
 40
1.0
 40
1.0
 40
1.0
 10
-119.877241816114
 20
-13.82499644916735
 30
0.0
 10
-119.8665231219825
 20
-13.82509982506771
 30
0.0
 10
-119.8459137766988
 20
-13.82529859085004
 30
0.0
 10
-119.8190709904727
 20
-13.8245446252265
 30
0.0
 10
-119.7982746312426
 20
-13.823478808874
 30
0.0
 10
-119.7895055651461
 20
-13.82238978397046
 30
0.0
 10
-119.7853213395078
 20
-13.82187014757224
 30
0.0
  0
SPLINE
  5
AF5
330
1F
100
AcDbEntity
  8
0
  6
Continuous
 62
     7
370
    25
100
AcDbSpline
210
0.0
220
0.0
230
1.0
 70
     8
 71
     3
 72
    11
 73
     7
 74
     0
 42
0.00000001
 43
0.00000001
 40
0.0
 40
0.0
 40
0.0
 40
0.0
 40
0.2822632231327133
 40
0.5427209840177275
 40
0.7818058888477247
 40
1.0
 40
1.0
 40
1.0
 40
1.0
 10
-118.4873247045676
 20
-11.92761312814939
 30
0.0
 10
-118.487428080468
 20
-11.93833182228088
 30
0.0
 10
-118.4876268462503
 20
-11.95894116756456
 30
0.0
 10
-118.4868728806268
 20
-11.98578395379064
 30
0.0
 10
-118.4858070642743
 20
-12.00658031302087
 30
0.0
 10
-118.4847180393707
 20
-12.01534937911724
 30
0.0
 10
-118.4841984029725
 20
-12.01953360475555
 30
0.0
  0
SPLINE
  5
AF6
330
1F
100
AcDbEntity
  8
0
  6
Continuous
 62
     7
370
    25
100
AcDbSpline
210
0.0
220
0.0
230
1.0
 70
     8
 71
     3
 72
    11
 73
     7
 74
     0
 42
0.00000001
 43
0.00000001
 40
0.0
 40
0.0
 40
0.0
 40
0.0
 40
0.2822632231327127
 40
0.5427209840177398
 40
0.7818058888477252
 40
1.0
 40
1.0
 40
1.0
 40
1.0
 10
-117.979858495096
 20
-15.21491356071374
 30
0.0
 10
-117.9797551191957
 20
-15.20419486658225
 30
0.0
 10
-117.9795563534134
 20
-15.18358552129857
 30
0.0
 10
-117.9803103190369
 20
-15.15674273507249
 30
0.0
 10
-117.9813761353894
 20
-15.13594637584226
 30
0.0
 10
-117.9824651602929
 20
-15.12717730974589
 30
0.0
 10
-117.9829847966912
 20
-15.12299308410758
 30
0.0
  0
SPLINE
  5
AF8
330
1F
100
AcDbEntity
  8
0
  6
Continuous
 62
     7
370
    25
100
AcDbSpline
210
0.0
220
0.0
230
1.0
 70
     8
 71
     3
 72
     9
 73
     5
 74
     0
 42
0.00000001
 43
0.00000001
 40
0.0
 40
0.0
 40
0.0
 40
0.0
 40
0.6523241082675099
 40
1.0
 40
1.0
 40
1.0
 40
1.0
 10
-118.1107977017805
 20
-14.31363109939291
 30
0.0
 10
-118.1122757942348
 20
-14.25745015435748
 30
0.0
 10
-118.1145416808324
 20
-14.17132587300193
 30
0.0
 10
-118.1167739364084
 20
-14.08502081823523
 30
0.0
 10
-118.1175500378563
 20
-14.0550146313582
 30
0.0
  0
SPLINE
  5
AFB
330
1F
100
AcDbEntity
  8
0
  6
Continuous
 62
     7
370
    25
100
AcDbSpline
210
0.0
220
0.0
230
1.0
 70
     8
 71
     3
 72
    11
 73
     7
 74
     0
 42
0.00000001
 43
0.00000001
 40
0.0
 40
0.0
 40
0.0
 40
0.0
 40
0.2181941111522692
 40
0.4572790159822562
 40
0.7177367768672853
 40
1.0
 40
1.0
 40
1.0
 40
1.0
 10
-118.4841984029725
 20
-15.12299308410758
 30
0.0
 10
-118.4847180393707
 20
-15.12717730974588
 30
0.0
 10
-118.4858070642742
 20
-15.13594637584225
 30
0.0
 10
-118.4868728806268
 20
-15.1567427350725
 30
0.0
 10
-118.4876268462503
 20
-15.18358552129858
 30
0.0
 10
-118.487428080468
 20
-15.20419486658225
 30
0.0
 10
-118.4873247045676
 20
-15.21491356071374
 30
0.0
  0
SPLINE
  5
AFE
330
1F
100
AcDbEntity
  8
0
  6
Continuous
 62
     7
370
    25
100
AcDbSpline
210
0.0
220
0.0
230
1.0
 70
     8
 71
     3
 72
     9
 73
     5
 74
     0
 42
0.00000001
 43
0.00000001
 40
0.0
 40
0.0
 40
0.0
 40
0.0
 40
0.4633071440876454
 40
1.0
 40
1.0
 40
1.0
 40
1.0
 10
-118.3496331618073
 20
-14.0550146313582
 30
0.0
 10
-118.350668370725
 20
-14.09499509176128
 30
0.0
 10
-118.3529027608716
 20
-14.18128873284425
 30
0.0
 10
-118.3551691454638
 20
-14.26741028019151
 30
0.0
 10
-118.3563854978832
 20
-14.3136310993929
 30
0.0
  0
SPLINE
  5
B00
330
1F
100
AcDbEntity
  8
0
  6
Continuous
 62
     7
370
    25
100
AcDbSpline
210
0.0
220
0.0
230
1.0
 70
     8
 71
     3
 72
    11
 73
     7
 74
     0
 42
0.00000001
 43
0.00000001
 40
0.0
 40
0.0
 40
0.0
 40
0.0
 40
0.2181941111522763
 40
0.4572790159822599
 40
0.717736776867323
 40
1.0
 40
1.0
 40
1.0
 40
1.0
 10
-116.6818618601558
 20
-13.82187014757224
 30
0.0
 10
-116.6776776345175
 20
-13.82238978397047
 30
0.0
 10
-116.6689085684211
 20
-13.823478808874
 30
0.0
 10
-116.6481122091909
 20
-13.82454462522652
 30
0.0
 10
-116.6212694229648
 20
-13.82529859085004
 30
0.0
 10
-116.6006600776811
 20
-13.82509982506771
 30
0.0
 10
-116.5899413835497
 20
-13.82499644916735
 30
0.0
  0
SPLINE
  5
B03
330
1F
100
AcDbEntity
  8
0
  6
Continuous
 62
     7
370
    25
100
AcDbSpline
210
0.0
220
0.0
230
1.0
 70
     8
 71
     3
 72
     9
 73
     5
 74
     0
 42
0.00000001
 43
0.00000001
 40
0.0
 40
0.0
 40
0.0
 40
0.0
 40
0.463307144087599
 40
1.0
 40
1.0
 40
1.0
 40
1.0
 10
-117.7498403129052
 20
-13.68730490640707
 30
0.0
 10
-117.7098598525021
 20
-13.68834011532468
 30
0.0
 10
-117.6235662114191
 20
-13.6905745054713
 30
0.0
 10
-117.5374446640719
 20
-13.69284089006353
 30
0.0
 10
-117.4912238448705
 20
-13.69405724248293
 30
0.0
  0
SPLINE
  5
B07
330
1F
100
AcDbEntity
  8
0
  6
Continuous
 62
     7
370
    25
100
AcDbSpline
210
0.0
220
0.0
230
1.0
 70
     8
 71
     3
 72
    11
 73
     7
 74
     0
 42
0.00000001
 43
0.00000001
 40
0.0
 40
0.0
 40
0.0
 40
0.0
 40
0.2822632231326774
 40
0.5427209840177414
 40
0.781805888847726
 40
1.0
 40
1.0
 40
1.0
 40
1.0
 10
-116.5899413835497
 20
-13.31753023969578
 30
0.0
 10
-116.6006600776811
 20
-13.31742686379542
 30
0.0
 10
-116.6212694229648
 20
-13.31722809801309
 30
0.0
 10
-116.6481122091909
 20
-13.31798206363663
 30
0.0
 10
-116.6689085684211
 20
-13.31904787998913
 30
0.0
 10
-116.6776776345175
 20
-13.32013690489267
 30
0.0
 10
-116.6818618601558
 20
-13.3206565412909
 30
0.0
  0
SPLINE
  5
B09
330
1F
100
AcDbEntity
  8
0
  6
Continuous
 62
     7
370
    25
100
AcDbSpline
210
0.0
220
0.0
230
1.0
 70
     8
 71
     3
 72
     9
 73
     5
 74
     0
 42
0.00000001
 43
0.00000001
 40
0.0
 40
0.0
 40
0.0
 40
0.0
 40
0.6523241082675147
 40
1.0
 40
1.0
 40
1.0
 40
1.0
 10
-117.4912238448705
 20
-13.4484694463802
 30
0.0
 10
-117.5474047899059
 20
-13.44994753883447
 30
0.0
 10
-117.6335290712615
 20
-13.45221342543216
 30
0.0
 10
-117.7198341260282
 20
-13.45444568100812
 30
0.0
 10
-117.7498403129052
 20
-13.45522178245606
 30
0.0
  0
SPLINE
  5
B0D
330
1F
100
AcDbEntity
  8
0
  6
Continuous
 62
     7
370
    25
100
AcDbSpline
210
0.0
220
0.0
230
1.0
 70
     8
 71
     3
 72
     9
 73
     5
 74
     0
 42
0.00000001
 43
0.00000001
 40
0.0
 40
0.0
 40
0.0
 40
0.0
 40
0.6523241082675063
 40
1.0
 40
1.0
 40
1.0
 40
1.0
 10
-118.3563854978832
 20
-12.82889558947023
 30
0.0
 10
-118.3549074054289
 20
-12.88507653450566
 30
0.0
 10
-118.3526415188313
 20
-12.97120081586121
 30
0.0
 10
-118.3504092632553
 20
-13.0575058706279
 30
0.0
 10
-118.3496331618073
 20
-13.08751205750493
 30
0.0
  0
SPLINE
  5
B11
330
1F
100
AcDbEntity
  8
0
  6
Continuous
 62
     7
370
    25
100
AcDbSpline
210
0.0
220
0.0
230
1.0
 70
     8
 71
     3
 72
     9
 73
     5
 74
     0
 42
0.00000001
 43
0.00000001
 40
0.0
 40
0.0
 40
0.0
 40
0.0
 40
0.6523241082675535
 40
1.0
 40
1.0
 40
1.0
 40
1.0
 10
-118.9759593547932
 20
-13.69405724248293
 30
0.0
 10
-118.9197784097577
 20
-13.69257915002866
 30
0.0
 10
-118.8336541284022
 20
-13.69031326343098
 30
0.0
 10
-118.7473490736355
 20
-13.68808100785501
 30
0.0
 10
-118.7173428867584
 20
-13.68730490640707
 30
0.0
  0
CIRCLE
  5
B14
330
1F
100
AcDbEntity
  8
0
  6
Continuous
 62
     7
370
    25
100
AcDbCircle
 10
-118.2335915998
 20
-13.5712633444
 30
0.0
 40
2.750000000000025
  0
SPLINE
  5
B1D
330
1F
100
AcDbEntity
  8
0
  6
Continuous
 62
     7
370
    25
100
AcDbSpline
210
0.0
220
0.0
230
1.0
 70
     8
 71
     3
 72
     9
 73
     5
 74
     0
 42
0.00000001
 43
0.00000001
 40
0.0
 40
0.0
 40
0.0
 40
0.0
 40
0.4633071440876858
 40
1.0
 40
1.0
 40
1.0
 40
1.0
 10
-118.7173428867584
 20
-13.45522178245606
 30
0.0
 10
-118.7573233471615
 20
-13.45418657353845
 30
0.0
 10
-118.8436169882445
 20
-13.45195218339183
 30
0.0
 10
-118.9297385355918
 20
-13.4496857987996
 30
0.0
 10
-118.9759593547932
 20
-13.4484694463802
 30
0.0
  0
SPLINE
  5
B1F
330
1F
100
AcDbEntity
  8
0
  6
Continuous
 62
     7
370
    25
100
AcDbSpline
210
0.0
220
0.0
230
1.0
 70
     8
 71
     3
 72
    13
 73
     9
 74
     0
 42
0.00000001
 43
0.00000001
 40
0.0
 40
0.0
 40
0.0
 40
0.0
 40
0.2498398390460046
 40
0.3763761747308224
 40
0.5000000000000067
 40
0.6236238252691692
 40
0.750160160953987
 40
0.9999999999999999
 40
0.9999999999999999
 40
0.9999999999999999
 40
0.9999999999999999
 10
-118.717342886681
 20
-13.68730490638847
 30
0.0
 10
-118.6709269986629
 20
-13.69078358680655
 30
0.0
 10
-118.601002864683
 20
-13.69602411383324
 30
0.0
 10
-118.5122340316782
 20
-13.74065812805938
 30
0.0
 10
-118.451184613118
 20
-13.7888563577178
 30
0.0
 10
-118.4029863834596
 20
-13.84990577627794
 30
0.0
 10
-118.3583523692335
 20
-13.93867460928275
 30
0.0
 10
-118.3531118422068
 20
-14.00859874326264
 30
0.0
 10
-118.3496331617887
 20
-14.05501463128068
 30
0.0
  0
SPLINE
  5
B20
330
1F
100
AcDbEntity
  8
0
  6
Continuous
 62
     7
370
    25
100
AcDbSpline
210
0.0
220
0.0
230
1.0
 70
     8
 71
     3
 72
    13
 73
     9
 74
     0
 42
0.00000001
 43
0.00000001
 40
0.0
 40
0.0
 40
0.0
 40
0.0
 40
0.2498398390460055
 40
0.3763761747308237
 40
0.4999999999999892
 40
0.6236238252691704
 40
0.7501601609539886
 40
1.0
 40
1.0
 40
1.0
 40
1.0
 10
-117.7498403129827
 20
-13.45522178247466
 30
0.0
 10
-117.7962562010008
 20
-13.45174310205659
 30
0.0
 10
-117.8661803349807
 20
-13.4465025750299
 30
0.0
 10
-117.9549491679854
 20
-13.40186856080375
 30
0.0
 10
-118.0159985865456
 20
-13.35367033114533
 30
0.0
 10
-118.064196816204
 20
-13.29262091258519
 30
0.0
 10
-118.1088308304301
 20
-13.20385207958038
 30
0.0
 10
-118.1140713574569
 20
-13.13392794560049
 30
0.0
 10
-118.1175500378749
 20
-13.08751205758245
 30
0.0
  0
SPLINE
  5
B21
330
1F
100
AcDbEntity
  8
0
  6
Continuous
 62
     7
370
    25
100
AcDbSpline
210
0.0
220
0.0
230
1.0
 70
     8
 71
     3
 72
    13
 73
     9
 74
     0
 42
0.00000001
 43
0.00000001
 40
0.0
 40
0.0
 40
0.0
 40
0.0
 40
0.2498398390460088
 40
0.3763761747308223
 40
0.4999999999999917
 40
0.6236238252691729
 40
0.7501601609539745
 40
1.0
 40
1.0
 40
1.0
 40
1.0
 10
-118.3496331617887
 20
-13.08751205758245
 30
0.0
 10
-118.3531118422068
 20
-13.13392794560049
 30
0.0
 10
-118.3583523692335
 20
-13.20385207958038
 30
0.0
 10
-118.4029863834596
 20
-13.29262091258517
 30
0.0
 10
-118.4511846131181
 20
-13.35367033114534
 30
0.0
 10
-118.5122340316782
 20
-13.40186856080373
 30
0.0
 10
-118.601002864683
 20
-13.44650257502991
 30
0.0
 10
-118.6709269986629
 20
-13.45174310205659
 30
0.0
 10
-118.717342886681
 20
-13.45522178247466
 30
0.0
  0
SPLINE
  5
B22
330
1F
100
AcDbEntity
  8
0
  6
Continuous
 62
     7
370
    25
100
AcDbSpline
210
0.0
220
0.0
230
1.0
 70
     8
 71
     3
 72
    13
 73
     9
 74
     0
 42
0.00000001
 43
0.00000001
 40
0.0
 40
0.0
 40
0.0
 40
0.0
 40
0.2498398390460091
 40
0.3763761747308229
 40
0.4999999999999903
 40
0.6236238252691734
 40
0.7501601609539942
 40
1.0
 40
1.0
 40
1.0
 40
1.0
 10
-118.1175500378749
 20
-14.05501463128068
 30
0.0
 10
-118.1140713574569
 20
-14.00859874326264
 30
0.0
 10
-118.1088308304302
 20
-13.93867460928276
 30
0.0
 10
-118.064196816204
 20
-13.84990577627795
 30
0.0
 10
-118.0159985865456
 20
-13.7888563577178
 30
0.0
 10
-117.9549491679854
 20
-13.74065812805939
 30
0.0
 10
-117.8661803349807
 20
-13.69602411383324
 30
0.0
 10
-117.7962562010007
 20
-13.69078358680654
 30
0.0
 10
-117.7498403129827
 20
-13.68730490638848
 30
0.0
  0
SPLINE
  5
B27
330
1F
100
AcDbEntity
  8
0
  6
Continuous
 62
     7
370
    25
100
AcDbSpline
210
0.0
220
0.0
230
1.0
 70
     8
 71
     3
 72
    11
 73
     7
 74
     0
 42
0.00000001
 43
0.00000001
 40
0.0
 40
0.0
 40
0.0
 40
0.0
 40
0.2822632231326781
 40
0.5427209840177405
 40
0.7818058888477254
 40
1.0
 40
1.0
 40
1.0
 40
1.0
 10
-119.877241815811
 20
16.77500355083265
 30
0.0
 10
-119.8665231216795
 20
16.7749001749323
 30
0.0
 10
-119.8459137763959
 20
16.77470140914998
 30
0.0
 10
-119.8190709901698
 20
16.7754553747735
 30
0.0
 10
-119.7982746309396
 20
16.77652119112601
 30
0.0
 10
-119.7895055648432
 20
16.77761021602954
 30
0.0
 10
-119.7853213392049
 20
16.77812985242776
 30
0.0
  0
SPLINE
  5
B29
330
1F
100
AcDbEntity
  8
0
  6
Continuous
 62
     7
370
    25
100
AcDbSpline
210
0.0
220
0.0
230
1.0
 70
     8
 71
     3
 72
     9
 73
     5
 74
     0
 42
0.00000001
 43
0.00000001
 40
0.0
 40
0.0
 40
0.0
 40
0.0
 40
0.6523241082675537
 40
1.0
 40
1.0
 40
1.0
 40
1.0
 10
-118.9759593544902
 20
16.90594275751707
 30
0.0
 10
-118.9197784094547
 20
16.90742084997134
 30
0.0
 10
-118.8336541280992
 20
16.90968673656903
 30
0.0
 10
-118.7473490733325
 20
16.91191899214499
 30
0.0
 10
-118.7173428864555
 20
16.91269509359293
 30
0.0
  0
SPLINE
  5
B2C
330
1F
100
AcDbEntity
  8
0
  6
Continuous
 62
     7
370
    25
100
AcDbSpline
210
0.0
220
0.0
230
1.0
 70
     8
 71
     3
 72
    11
 73
     7
 74
     0
 42
0.00000001
 43
0.00000001
 40
0.0
 40
0.0
 40
0.0
 40
0.0
 40
0.2181941111522843
 40
0.4572790159822467
 40
0.7177367768672874
 40
1.0
 40
1.0
 40
1.0
 40
1.0
 10
-117.9829847963882
 20
18.58046639524445
 30
0.0
 10
-117.9824651599899
 20
18.58465062088275
 30
0.0
 10
-117.9813761350864
 20
18.59341968697913
 30
0.0
 10
-117.9803103187339
 20
18.61421604620936
 30
0.0
 10
-117.9795563531104
 20
18.64105883243545
 30
0.0
 10
-117.9797551188927
 20
18.66166817771912
 30
0.0
 10
-117.9798584947931
 20
18.67238687185061
 30
0.0
  0
SPLINE
  5
B2F
330
1F
100
AcDbEntity
  8
0
  6
Continuous
 62
     7
370
    25
100
AcDbSpline
210
0.0
220
0.0
230
1.0
 70
     8
 71
     3
 72
     9
 73
     5
 74
     0
 42
0.00000001
 43
0.00000001
 40
0.0
 40
0.0
 40
0.0
 40
0.0
 40
0.4633071440875267
 40
1.0
 40
1.0
 40
1.0
 40
1.0
 10
-118.1175500375533
 20
17.51248794249507
 30
0.0
 10
-118.1165148286357
 20
17.55246840289813
 30
0.0
 10
-118.1142804384891
 20
17.6387620439811
 30
0.0
 10
-118.1120140538968
 20
17.72488359132836
 30
0.0
 10
-118.1107977014775
 20
17.77110441052977
 30
0.0
  0
SPLINE
  5
B33
330
1F
100
AcDbEntity
  8
0
  6
Continuous
 62
     7
370
    25
100
AcDbSpline
210
0.0
220
0.0
230
1.0
 70
     8
 71
     3
 72
    11
 73
     7
 74
     0
 42
0.00000001
 43
0.00000001
 40
0.0
 40
0.0
 40
0.0
 40
0.0
 40
0.2822632231327105
 40
0.5427209840177494
 40
0.7818058888477101
 40
1.0
 40
1.0
 40
1.0
 40
1.0
 10
-118.4873247042646
 20
18.67238687185061
 30
0.0
 10
-118.487428080165
 20
18.66166817771913
 30
0.0
 10
-118.4876268459473
 20
18.64105883243544
 30
0.0
 10
-118.4868728803237
 20
18.61421604620936
 30
0.0
 10
-118.4858070639713
 20
18.59341968697913
 30
0.0
 10
-118.4847180390677
 20
18.58465062088275
 30
0.0
 10
-118.4841984026695
 20
18.58046639524445
 30
0.0
  0
SPLINE
  5
B35
330
1F
100
AcDbEntity
  8
0
  6
Continuous
 62
     7
370
    25
100
AcDbSpline
210
0.0
220
0.0
230
1.0
 70
     8
 71
     3
 72
     9
 73
     5
 74
     0
 42
0.00000001
 43
0.00000001
 40
0.0
 40
0.0
 40
0.0
 40
0.0
 40
0.6523241082675247
 40
0.9999999999999999
 40
0.9999999999999999
 40
0.9999999999999999
 40
0.9999999999999999
 10
-118.3563854975802
 20
17.77110441052977
 30
0.0
 10
-118.3549074051259
 20
17.71492346549433
 30
0.0
 10
-118.3526415185282
 20
17.62879918413879
 30
0.0
 10
-118.3504092629523
 20
17.54249412937209
 30
0.0
 10
-118.3496331615043
 20
17.51248794249507
 30
0.0
  0
CIRCLE
  5
B38
330
1F
100
AcDbEntity
  8
0
  6
Continuous
 62
     7
370
    25
100
AcDbCircle
 10
-118.2335915995
 20
17.0287366556
 30
0.0
 40
2.750000000000011
  0
SPLINE
  5
B45
330
1F
100
AcDbEntity
  8
0
  6
Continuous
 62
     7
370
    25
100
AcDbSpline
210
0.0
220
0.0
230
1.0
 70
     8
 71
     3
 72
    11
 73
     7
 74
     0
 42
0.00000001
 43
0.00000001
 40
0.0
 40
0.0
 40
0.0
 40
0.0
 40
0.2181941111522772
 40
0.4572790159822608
 40
0.7177367768673233
 40
1.0
 40
1.0
 40
1.0
 40
1.0
 10
-116.6818618598528
 20
16.77812985242776
 30
0.0
 10
-116.6776776342145
 20
16.77761021602954
 30
0.0
 10
-116.6689085681181
 20
16.776521191126
 30
0.0
 10
-116.6481122088879
 20
16.77545537477349
 30
0.0
 10
-116.6212694226618
 20
16.77470140914995
 30
0.0
 10
-116.6006600773781
 20
16.77490017493228
 30
0.0
 10
-116.5899413832467
 20
16.77500355083265
 30
0.0
  0
SPLINE
  5
B47
330
1F
100
AcDbEntity
  8
0
  6
Continuous
 62
     7
370
    25
100
AcDbSpline
210
0.0
220
0.0
230
1.0
 70
     8
 71
     3
 72
     9
 73
     5
 74
     0
 42
0.00000001
 43
0.00000001
 40
0.0
 40
0.0
 40
0.0
 40
0.0
 40
0.4633071440875992
 40
1.0
 40
1.0
 40
1.0
 40
1.0
 10
-117.7498403126022
 20
16.91269509359293
 30
0.0
 10
-117.7098598521991
 20
16.91165988467532
 30
0.0
 10
-117.6235662111162
 20
16.9094254945287
 30
0.0
 10
-117.5374446637689
 20
16.90715910993647
 30
0.0
 10
-117.4912238445675
 20
16.90594275751707
 30
0.0
  0
SPLINE
  5
B49
330
1F
100
AcDbEntity
  8
0
  6
Continuous
 62
     7
370
    25
100
AcDbSpline
210
0.0
220
0.0
230
1.0
 70
     8
 71
     3
 72
    11
 73
     7
 74
     0
 42
0.00000001
 43
0.00000001
 40
0.0
 40
0.0
 40
0.0
 40
0.0
 40
0.2181941111522739
 40
0.4572790159822602
 40
0.717736776867323
 40
1.0
 40
1.0
 40
1.0
 40
1.0
 10
-119.7853213392049
 20
17.27934345870911
 30
0.0
 10
-119.7895055648432
 20
17.27986309510733
 30
0.0
 10
-119.7982746309395
 20
17.28095212001086
 30
0.0
 10
-119.8190709901698
 20
17.28201793636338
 30
0.0
 10
-119.8459137763959
 20
17.28277190198692
 30
0.0
 10
-119.8665231216795
 20
17.28257313620458
 30
0.0
 10
-119.877241815811
 20
17.28246976030422
 30
0.0
  0
SPLINE
  5
B4C
330
1F
100
AcDbEntity
  8
0
  6
Continuous
 62
     7
370
    25
100
AcDbSpline
210
0.0
220
0.0
230
1.0
 70
     8
 71
     3
 72
     9
 73
     5
 74
     0
 42
0.00000001
 43
0.00000001
 40
0.0
 40
0.0
 40
0.0
 40
0.0
 40
0.4633071440876859
 40
1.0
 40
1.0
 40
1.0
 40
1.0
 10
-118.7173428864555
 20
17.14477821754394
 30
0.0
 10
-118.7573233468586
 20
17.14581342646155
 30
0.0
 10
-118.8436169879415
 20
17.14804781660818
 30
0.0
 10
-118.9297385352888
 20
17.1503142012004
 30
0.0
 10
-118.9759593544902
 20
17.1515305536198
 30
0.0
  0
SPLINE
  5
B4E
330
1F
100
AcDbEntity
  8
0
  6
Continuous
 62
     7
370
    25
100
AcDbSpline
210
0.0
220
0.0
230
1.0
 70
     8
 71
     3
 72
    11
 73
     7
 74
     0
 42
0.00000001
 43
0.00000001
 40
0.0
 40
0.0
 40
0.0
 40
0.0
 40
0.2822632231326775
 40
0.5427209840177418
 40
0.7818058888477258
 40
0.9999999999999999
 40
0.9999999999999999
 40
0.9999999999999999
 40
0.9999999999999999
 10
-116.5899413832467
 20
17.28246976030422
 30
0.0
 10
-116.6006600773782
 20
17.28257313620459
 30
0.0
 10
-116.6212694226619
 20
17.28277190198693
 30
0.0
 10
-116.6481122088879
 20
17.28201793636337
 30
0.0
 10
-116.6689085681182
 20
17.28095212001087
 30
0.0
 10
-116.6776776342145
 20
17.27986309510733
 30
0.0
 10
-116.6818618598528
 20
17.27934345870911
 30
0.0
  0
SPLINE
  5
B50
330
1F
100
AcDbEntity
  8
0
  6
Continuous
 62
     7
370
    25
100
AcDbSpline
210
0.0
220
0.0
230
1.0
 70
     8
 71
     3
 72
     9
 73
     5
 74
     0
 42
0.00000001
 43
0.00000001
 40
0.0
 40
0.0
 40
0.0
 40
0.0
 40
0.6523241082674726
 40
1.0
 40
1.0
 40
1.0
 40
1.0
 10
-117.4912238445675
 20
17.1515305536198
 30
0.0
 10
-117.5474047896029
 20
17.15005246116553
 30
0.0
 10
-117.6335290709585
 20
17.14778657456786
 30
0.0
 10
-117.7198341257252
 20
17.14555431899189
 30
0.0
 10
-117.7498403126022
 20
17.14477821754394
 30
0.0
  0
SPLINE
  5
B53
330
1F
100
AcDbEntity
  8
0
  6
Continuous
 62
     7
370
    25
100
AcDbSpline
210
0.0
220
0.0
230
1.0
 70
     8
 71
     3
 72
    11
 73
     7
 74
     0
 42
0.00000001
 43
0.00000001
 40
0.0
 40
0.0
 40
0.0
 40
0.0
 40
0.2822632231327105
 40
0.5427209840177494
 40
0.7818058888477101
 40
1.0
 40
1.0
 40
1.0
 40
1.0
 10
-117.9798584947931
 20
15.38508643928626
 30
0.0
 10
-117.9797551188927
 20
15.39580513341775
 30
0.0
 10
-117.9795563531103
 20
15.41641447870142
 30
0.0
 10
-117.9803103187339
 20
15.44325726492751
 30
0.0
 10
-117.9813761350864
 20
15.46405362415775
 30
0.0
 10
-117.9824651599899
 20
15.47282269025411
 30
0.0
 10
-117.9829847963882
 20
15.47700691589243
 30
0.0
  0
SPLINE
  5
B55
330
1F
100
AcDbEntity
  8
0
  6
Continuous
 62
     7
370
    25
100
AcDbSpline
210
0.0
220
0.0
230
1.0
 70
     8
 71
     3
 72
     9
 73
     5
 74
     0
 42
0.00000001
 43
0.00000001
 40
0.0
 40
0.0
 40
0.0
 40
0.0
 40
0.6523241082675237
 40
1.0
 40
1.0
 40
1.0
 40
1.0
 10
-118.1107977014775
 20
16.2863689006071
 30
0.0
 10
-118.1122757939317
 20
16.34254984564254
 30
0.0
 10
-118.1145416805294
 20
16.42867412699808
 30
0.0
 10
-118.1167739361054
 20
16.51497918176477
 30
0.0
 10
-118.1175500375533
 20
16.5449853686418
 30
0.0
  0
SPLINE
  5
B57
330
1F
100
AcDbEntity
  8
0
  6
Continuous
 62
     7
370
    25
100
AcDbSpline
210
0.0
220
0.0
230
1.0
 70
     8
 71
     3
 72
    11
 73
     7
 74
     0
 42
0.00000001
 43
0.00000001
 40
0.0
 40
0.0
 40
0.0
 40
0.0
 40
0.2181941111522843
 40
0.4572790159822467
 40
0.7177367768672874
 40
1.0
 40
1.0
 40
1.0
 40
1.0
 10
-118.4841984026695
 20
15.47700691589243
 30
0.0
 10
-118.4847180390677
 20
15.47282269025412
 30
0.0
 10
-118.4858070639712
 20
15.46405362415774
 30
0.0
 10
-118.4868728803238
 20
15.44325726492751
 30
0.0
 10
-118.4876268459473
 20
15.41641447870143
 30
0.0
 10
-118.487428080165
 20
15.39580513341774
 30
0.0
 10
-118.4873247042646
 20
15.38508643928626
 30
0.0
  0
SPLINE
  5
B59
330
1F
100
AcDbEntity
  8
0
  6
Continuous
 62
     7
370
    25
100
AcDbSpline
210
0.0
220
0.0
230
1.0
 70
     8
 71
     3
 72
     9
 73
     5
 74
     0
 42
0.00000001
 43
0.00000001
 40
0.0
 40
0.0
 40
0.0
 40
0.0
 40
0.4633071440876542
 40
1.0
 40
1.0
 40
1.0
 40
1.0
 10
-118.3496331615043
 20
16.5449853686418
 30
0.0
 10
-118.350668370422
 20
16.50500490823873
 30
0.0
 10
-118.3529027605686
 20
16.41871126715575
 30
0.0
 10
-118.3551691451608
 20
16.33258971980849
 30
0.0
 10
-118.3563854975802
 20
16.2863689006071
 30
0.0
  0
SPLINE
  5
B5C
330
1F
100
AcDbEntity
  8
0
  6
Continuous
 62
     7
370
    25
100
AcDbSpline
210
0.0
220
0.0
230
1.0
 70
     8
 71
     3
 72
    13
 73
     9
 74
     0
 42
0.00000001
 43
0.00000001
 40
0.0
 40
0.0
 40
0.0
 40
0.0
 40
0.2498398390460065
 40
0.3763761747308249
 40
0.4999999999999922
 40
0.6236238252691751
 40
0.7501601609539935
 40
1.0
 40
1.0
 40
1.0
 40
1.0
 10
-118.1175500375719
 20
16.54498536871932
 30
0.0
 10
-118.1140713571538
 20
16.59140125673736
 30
0.0
 10
-118.1088308301272
 20
16.66132539071724
 30
0.0
 10
-118.0641968159011
 20
16.75009422372205
 30
0.0
 10
-118.0159985862426
 20
16.8111436422822
 30
0.0
 10
-117.9549491676825
 20
16.85934187194062
 30
0.0
 10
-117.8661803346776
 20
16.90397588616675
 30
0.0
 10
-117.7962562006977
 20
16.90921641319345
 30
0.0
 10
-117.7498403126797
 20
16.91269509361153
 30
0.0
  0
SPLINE
  5
B5D
330
1F
100
AcDbEntity
  8
0
  6
Continuous
 62
     7
370
    25
100
AcDbSpline
210
0.0
220
0.0
230
1.0
 70
     8
 71
     3
 72
    13
 73
     9
 74
     0
 42
0.00000001
 43
0.00000001
 40
0.0
 40
0.0
 40
0.0
 40
0.0
 40
0.2498398390460032
 40
0.3763761747308207
 40
0.5000000000000098
 40
0.6236238252691677
 40
0.7501601609539852
 40
1.0
 40
1.0
 40
1.0
 40
1.0
 10
-118.717342886378
 20
16.91269509361153
 30
0.0
 10
-118.6709269983599
 20
16.90921641319346
 30
0.0
 10
-118.60100286438
 20
16.90397588616677
 30
0.0
 10
-118.5122340313752
 20
16.85934187194063
 30
0.0
 10
-118.4511846128151
 20
16.81114364228221
 30
0.0
 10
-118.4029863831567
 20
16.75009422372205
 30
0.0
 10
-118.3583523689305
 20
16.66132539071725
 30
0.0
 10
-118.3531118419038
 20
16.59140125673736
 30
0.0
 10
-118.3496331614858
 20
16.54498536871932
 30
0.0
  0
SPLINE
  5
B5E
330
1F
100
AcDbEntity
  8
0
  6
Continuous
 62
     7
370
    25
100
AcDbSpline
210
0.0
220
0.0
230
1.0
 70
     8
 71
     3
 72
    13
 73
     9
 74
     0
 42
0.00000001
 43
0.00000001
 40
0.0
 40
0.0
 40
0.0
 40
0.0
 40
0.249839839046004
 40
0.376376174730822
 40
0.4999999999999942
 40
0.6236238252691664
 40
0.7501601609539844
 40
1.0
 40
1.0
 40
1.0
 40
1.0
 10
-117.7498403126797
 20
17.14477821752535
 30
0.0
 10
-117.7962562006978
 20
17.14825689794341
 30
0.0
 10
-117.8661803346776
 20
17.1534974249701
 30
0.0
 10
-117.9549491676825
 20
17.19813143919625
 30
0.0
 10
-118.0159985862426
 20
17.24632966885467
 30
0.0
 10
-118.064196815901
 20
17.30737908741481
 30
0.0
 10
-118.1088308301272
 20
17.39614792041963
 30
0.0
 10
-118.1140713571538
 20
17.46607205439951
 30
0.0
 10
-118.1175500375719
 20
17.51248794241755
 30
0.0
  0
SPLINE
  5
B5F
330
1F
100
AcDbEntity
  8
0
  6
Continuous
 62
     7
370
    25
100
AcDbSpline
210
0.0
220
0.0
230
1.0
 70
     8
 71
     3
 72
    13
 73
     9
 74
     0
 42
0.00000001
 43
0.00000001
 40
0.0
 40
0.0
 40
0.0
 40
0.0
 40
0.2498398390460063
 40
0.3763761747308245
 40
0.4999999999999918
 40
0.6236238252691746
 40
0.7501601609539738
 40
1.0
 40
1.0
 40
1.0
 40
1.0
 10
-118.3496331614858
 20
17.51248794241755
 30
0.0
 10
-118.3531118419038
 20
17.46607205439951
 30
0.0
 10
-118.3583523689305
 20
17.39614792041962
 30
0.0
 10
-118.4029863831567
 20
17.30737908741482
 30
0.0
 10
-118.451184612815
 20
17.24632966885466
 30
0.0
 10
-118.5122340313752
 20
17.19813143919626
 30
0.0
 10
-118.60100286438
 20
17.1534974249701
 30
0.0
 10
-118.6709269983599
 20
17.14825689794342
 30
0.0
 10
-118.717342886378
 20
17.14477821752535
 30
0.0
  0
LINE
  5
B67
330
1F
100
AcDbEntity
  8
0
  6
Continuous
 62
     7
370
    25
100
AcDbLine
 10
-113.4682205876
 20
-17.4088633463
 30
0.0
 11
-113.706550782
 21
-17.2712633444
 31
0.0
  0
LINE
  5
B68
330
1F
100
AcDbEntity
  8
0
  6
Continuous
 62
     7
370
    25
100
AcDbLine
 10
-115.7722955465
 20
-17.2712633444
 30
0.0
 11
-116.0106257409
 21
-17.4088633463
 31
0.0
  0
LINE
  5
B69
330
1F
100
AcDbEntity
  8
0
  6
Continuous
 62
     7
370
    25
100
AcDbLine
 10
36.5317813198
 20
-17.4088633463
 30
0.0
 11
36.2934511253
 21
-17.2712633444
 31
0.0
  0
LINE
  5
B6A
330
1F
100
AcDbEntity
  8
0
  6
Continuous
 62
     7
370
    25
100
AcDbLine
 10
34.2277063608
 20
-17.2712633444
 30
0.0
 11
33.9893761664
 21
-17.4088633463
 31
0.0
  0
LINE
  5
B6B
330
1F
100
AcDbEntity
  8
0
  6
Continuous
 62
     7
370
    25
100
AcDbLine
 10
23.9163984015
 20
4.5287356982
 30
0.0
 11
23.8663982011
 21
4.5287357003
 31
0.0
  0
LINE
  5
B6C
330
1F
100
AcDbEntity
  8
0
  6
Continuous
 62
     7
370
    25
100
AcDbLine
 10
23.8663983686
 20
2.0287357003
 30
0.0
 11
23.9163982922
 21
2.0287356982
 31
0.0
  0
LINE
  5
B6D
330
1F
100
AcDbEntity
  8
0
  6
Continuous
 62
     7
370
    25
100
AcDbLine
 10
23.9163980562
 20
-3.3712643018
 30
0.0
 11
23.0163988823
 21
-3.3712642625
 31
0.0
  0
LINE
  5
B6E
330
1F
100
AcDbEntity
  8
0
  6
Continuous
 62
     7
370
    25
100
AcDbLine
 10
23.0163987731
 20
-5.8712642625
 30
0.0
 11
23.9163979469
 21
-5.8712643018
 31
0.0
  0
LINE
  5
B6F
330
1F
100
AcDbEntity
  8
0
  6
Continuous
 62
     7
370
    25
100
AcDbLine
 10
-10.0835863397
 20
4.5287356982
 30
0.0
 11
-10.1335865401
 21
4.5287357003
 31
0.0
  0
LINE
  5
B70
330
1F
100
AcDbEntity
  8
0
  6
Continuous
 62
     7
370
    25
100
AcDbLine
 10
-10.1335863726
 20
2.0287357003
 30
0.0
 11
-10.083586449
 21
2.0287356982
 31
0.0
  0
LINE
  5
B71
330
1F
100
AcDbEntity
  8
0
  6
Continuous
 62
     7
370
    25
100
AcDbLine
 10
-10.083586685
 20
-3.3712643018
 30
0.0
 11
-10.9835858589
 21
-3.3712642625
 31
0.0
  0
LINE
  5
B72
330
1F
100
AcDbEntity
  8
0
  6
Continuous
 62
     7
370
    25
100
AcDbLine
 10
-10.9835859681
 20
-5.8712642625
 30
0.0
 11
-10.0835867943
 21
-5.8712643018
 31
0.0
  0
LINE
  5
B73
330
1F
100
AcDbEntity
  8
0
  6
Continuous
 62
     7
370
    25
100
AcDbLine
 10
-44.0835943144
 20
-3.3712643018
 30
0.0
 11
-44.9835934883
 21
-3.3712642625
 31
0.0
  0
LINE
  5
B74
330
1F
100
AcDbEntity
  8
0
  6
Continuous
 62
     7
370
    25
100
AcDbLine
 10
-44.9835935975
 20
-5.8712642625
 30
0.0
 11
-44.0835944237
 21
-5.8712643018
 31
0.0
  0
LINE
  5
B75
330
1F
100
AcDbEntity
  8
0
  6
Continuous
 62
     7
370
    25
100
AcDbLine
 10
-44.0835939691
 20
4.5287356982
 30
0.0
 11
-44.1335941695
 21
4.5287357003
 31
0.0
  0
LINE
  5
B76
330
1F
100
AcDbEntity
  8
0
  6
Continuous
 62
     7
370
    25
100
AcDbLine
 10
-44.133594002
 20
2.0287357003
 30
0.0
 11
-44.0835940784
 21
2.0287356982
 31
0.0
  0
LINE
  5
B77
330
1F
100
AcDbEntity
  8
0
  6
Continuous
 62
     7
370
    25
100
AcDbLine
 10
-78.0835943144
 20
-3.3712643018
 30
0.0
 11
-78.9835934883
 21
-3.3712642625
 31
0.0
  0
LINE
  5
B78
330
1F
100
AcDbEntity
  8
0
  6
Continuous
 62
     7
370
    25
100
AcDbLine
 10
-78.9835935975
 20
-5.8712642625
 30
0.0
 11
-78.0835944237
 21
-5.8712643018
 31
0.0
  0
LINE
  5
B79
330
1F
100
AcDbEntity
  8
0
  6
Continuous
 62
     7
370
    25
100
AcDbLine
 10
-78.0835939691
 20
4.5287356982
 30
0.0
 11
-78.1335941695
 21
4.5287357003
 31
0.0
  0
LINE
  5
B7A
330
1F
100
AcDbEntity
  8
0
  6
Continuous
 62
     7
370
    25
100
AcDbLine
 10
-78.133594002
 20
2.0287357003
 30
0.0
 11
-78.0835940784
 21
2.0287356982
 31
0.0
  0
LINE
  5
B7B
330
1F
100
AcDbEntity
  8
0
  6
Continuous
 62
     7
370
    25
100
AcDbLine
 10
15.4164136603
 20
4.5287356982
 30
0.0
 11
15.3664134599
 21
4.5287357003
 31
0.0
  0
LINE
  5
B7C
330
1F
100
AcDbEntity
  8
0
  6
Continuous
 62
     7
370
    25
100
AcDbLine
 10
15.3664136274
 20
2.0287357003
 30
0.0
 11
15.416413551
 21
2.0287356982
 31
0.0
  0
LINE
  5
B7D
330
1F
100
AcDbEntity
  8
0
  6
Continuous
 62
     7
370
    25
100
AcDbLine
 10
15.416413315
 20
-3.3712643018
 30
0.0
 11
14.5164141411
 21
-3.3712642625
 31
0.0
  0
LINE
  5
B7E
330
1F
100
AcDbEntity
  8
0
  6
Continuous
 62
     7
370
    25
100
AcDbLine
 10
14.5164140319
 20
-5.8712642625
 30
0.0
 11
15.4164132057
 21
-5.8712643018
 31
0.0
  0
LINE
  5
B7F
330
1F
100
AcDbEntity
  8
0
  6
Continuous
 62
     7
370
    25
100
AcDbLine
 10
-18.5835939691
 20
4.5287356982
 30
0.0
 11
-18.6335941695
 21
4.5287357003
 31
0.0
  0
LINE
  5
B80
330
1F
100
AcDbEntity
  8
0
  6
Continuous
 62
     7
370
    25
100
AcDbLine
 10
-18.633594002
 20
2.0287357003
 30
0.0
 11
-18.5835940784
 21
2.0287356982
 31
0.0
  0
LINE
  5
B81
330
1F
100
AcDbEntity
  8
0
  6
Continuous
 62
     7
370
    25
100
AcDbLine
 10
-18.5835943144
 20
-3.3712643018
 30
0.0
 11
-19.4835934883
 21
-3.3712642625
 31
0.0
  0
LINE
  5
B82
330
1F
100
AcDbEntity
  8
0
  6
Continuous
 62
     7
370
    25
100
AcDbLine
 10
-19.4835935975
 20
-5.8712642625
 30
0.0
 11
-18.5835944237
 21
-5.8712643018
 31
0.0
  0
LINE
  5
B83
330
1F
100
AcDbEntity
  8
0
  6
Continuous
 62
     7
370
    25
100
AcDbLine
 10
-52.5835939691
 20
4.5287356982
 30
0.0
 11
-52.6335941695
 21
4.5287357003
 31
0.0
  0
LINE
  5
B84
330
1F
100
AcDbEntity
  8
0
  6
Continuous
 62
     7
370
    25
100
AcDbLine
 10
-52.633594002
 20
2.0287357003
 30
0.0
 11
-52.5835940784
 21
2.0287356982
 31
0.0
  0
LINE
  5
B85
330
1F
100
AcDbEntity
  8
0
  6
Continuous
 62
     7
370
    25
100
AcDbLine
 10
-52.5835943144
 20
-3.3712643018
 30
0.0
 11
-53.4835934883
 21
-3.3712642625
 31
0.0
  0
LINE
  5
B86
330
1F
100
AcDbEntity
  8
0
  6
Continuous
 62
     7
370
    25
100
AcDbLine
 10
-53.4835935975
 20
-5.8712642625
 30
0.0
 11
-52.5835944237
 21
-5.8712643018
 31
0.0
  0
LINE
  5
B87
330
1F
100
AcDbEntity
  8
0
  6
Continuous
 62
     7
370
    25
100
AcDbLine
 10
-86.5835943144
 20
-3.3712643018
 30
0.0
 11
-87.4835934883
 21
-3.3712642625
 31
0.0
  0
LINE
  5
B88
330
1F
100
AcDbEntity
  8
0
  6
Continuous
 62
     7
370
    25
100
AcDbLine
 10
-87.4835935975
 20
-5.8712642625
 30
0.0
 11
-86.5835944237
 21
-5.8712643018
 31
0.0
  0
LINE
  5
B89
330
1F
100
AcDbEntity
  8
0
  6
Continuous
 62
     7
370
    25
100
AcDbLine
 10
-86.5835939691
 20
4.5287356982
 30
0.0
 11
-86.6335941695
 21
4.5287357003
 31
0.0
  0
LINE
  5
B8A
330
1F
100
AcDbEntity
  8
0
  6
Continuous
 62
     7
370
    25
100
AcDbLine
 10
-86.633594002
 20
2.0287357003
 30
0.0
 11
-86.5835940784
 21
2.0287356982
 31
0.0
  0
LINE
  5
B8B
330
1F
100
AcDbEntity
  8
0
  6
Continuous
 62
     7
370
    25
100
AcDbLine
 10
6.916413315
 20
-3.3712643018
 30
0.0
 11
6.0164141411
 21
-3.3712642625
 31
0.0
  0
LINE
  5
B8C
330
1F
100
AcDbEntity
  8
0
  6
Continuous
 62
     7
370
    25
100
AcDbLine
 10
6.0164140319
 20
-5.8712642625
 30
0.0
 11
6.9164132057
 21
-5.8712643018
 31
0.0
  0
LINE
  5
B8D
330
1F
100
AcDbEntity
  8
0
  6
Continuous
 62
     7
370
    25
100
AcDbLine
 10
6.9164136603
 20
4.5287356982
 30
0.0
 11
6.8664134599
 21
4.5287357003
 31
0.0
  0
LINE
  5
B8E
330
1F
100
AcDbEntity
  8
0
  6
Continuous
 62
     7
370
    25
100
AcDbLine
 10
6.8664136274
 20
2.0287357003
 30
0.0
 11
6.916413551
 21
2.0287356982
 31
0.0
  0
LINE
  5
B8F
330
1F
100
AcDbEntity
  8
0
  6
Continuous
 62
     7
370
    25
100
AcDbLine
 10
-27.0835943144
 20
-3.3712643018
 30
0.0
 11
-27.9835934883
 21
-3.3712642625
 31
0.0
  0
LINE
  5
B90
330
1F
100
AcDbEntity
  8
0
  6
Continuous
 62
     7
370
    25
100
AcDbLine
 10
-27.9835935975
 20
-5.8712642625
 30
0.0
 11
-27.0835944237
 21
-5.8712643018
 31
0.0
  0
LINE
  5
B91
330
1F
100
AcDbEntity
  8
0
  6
Continuous
 62
     7
370
    25
100
AcDbLine
 10
-27.0835939691
 20
4.5287356982
 30
0.0
 11
-27.1335941695
 21
4.5287357003
 31
0.0
  0
LINE
  5
B92
330
1F
100
AcDbEntity
  8
0
  6
Continuous
 62
     7
370
    25
100
AcDbLine
 10
-27.133594002
 20
2.0287357003
 30
0.0
 11
-27.0835940784
 21
2.0287356982
 31
0.0
  0
LINE
  5
B93
330
1F
100
AcDbEntity
  8
0
  6
Continuous
 62
     7
370
    25
100
AcDbLine
 10
-61.0835943144
 20
-3.3712643018
 30
0.0
 11
-61.9835934883
 21
-3.3712642625
 31
0.0
  0
LINE
  5
B94
330
1F
100
AcDbEntity
  8
0
  6
Continuous
 62
     7
370
    25
100
AcDbLine
 10
-61.9835935975
 20
-5.8712642625
 30
0.0
 11
-61.0835944237
 21
-5.8712643018
 31
0.0
  0
LINE
  5
B95
330
1F
100
AcDbEntity
  8
0
  6
Continuous
 62
     7
370
    25
100
AcDbLine
 10
-61.0835939691
 20
4.5287356982
 30
0.0
 11
-61.1335941695
 21
4.5287357003
 31
0.0
  0
LINE
  5
B96
330
1F
100
AcDbEntity
  8
0
  6
Continuous
 62
     7
370
    25
100
AcDbLine
 10
-61.133594002
 20
2.0287357003
 30
0.0
 11
-61.0835940784
 21
2.0287356982
 31
0.0
  0
LINE
  5
B97
330
1F
100
AcDbEntity
  8
0
  6
Continuous
 62
     7
370
    25
100
AcDbLine
 10
-95.0835939691
 20
4.5287356982
 30
0.0
 11
-95.1335941695
 21
4.5287357003
 31
0.0
  0
LINE
  5
B98
330
1F
100
AcDbEntity
  8
0
  6
Continuous
 62
     7
370
    25
100
AcDbLine
 10
-95.133594002
 20
2.0287357003
 30
0.0
 11
-95.0835940784
 21
2.0287356982
 31
0.0
  0
LINE
  5
B99
330
1F
100
AcDbEntity
  8
0
  6
Continuous
 62
     7
370
    25
100
AcDbLine
 10
-95.0835943144
 20
-3.3712643018
 30
0.0
 11
-95.9835934883
 21
-3.3712642625
 31
0.0
  0
LINE
  5
B9A
330
1F
100
AcDbEntity
  8
0
  6
Continuous
 62
     7
370
    25
100
AcDbLine
 10
-95.9835935975
 20
-5.8712642625
 30
0.0
 11
-95.0835944237
 21
-5.8712643018
 31
0.0
  0
LINE
  5
B9B
330
1F
100
AcDbEntity
  8
0
  6
Continuous
 62
     7
370
    25
100
AcDbLine
 10
-1.5836019438
 20
-3.3712643018
 30
0.0
 11
-2.4836011177
 21
-3.3712642625
 31
0.0
  0
LINE
  5
B9C
330
1F
100
AcDbEntity
  8
0
  6
Continuous
 62
     7
370
    25
100
AcDbLine
 10
-2.4836012269
 20
-5.8712642625
 30
0.0
 11
-1.5836020531
 21
-5.8712643018
 31
0.0
  0
LINE
  5
B9D
330
1F
100
AcDbEntity
  8
0
  6
Continuous
 62
     7
370
    25
100
AcDbLine
 10
-1.5836015985
 20
4.5287356982
 30
0.0
 11
-1.6336017989
 21
4.5287357003
 31
0.0
  0
LINE
  5
B9E
330
1F
100
AcDbEntity
  8
0
  6
Continuous
 62
     7
370
    25
100
AcDbLine
 10
-1.6336016314
 20
2.0287357003
 30
0.0
 11
-1.5836017078
 21
2.0287356982
 31
0.0
  0
LINE
  5
B9F
330
1F
100
AcDbEntity
  8
0
  6
Continuous
 62
     7
370
    25
100
AcDbLine
 10
-35.5835943144
 20
-3.3712643018
 30
0.0
 11
-36.4835934883
 21
-3.3712642625
 31
0.0
  0
LINE
  5
BA0
330
1F
100
AcDbEntity
  8
0
  6
Continuous
 62
     7
370
    25
100
AcDbLine
 10
-36.4835935975
 20
-5.8712642625
 30
0.0
 11
-35.5835944237
 21
-5.8712643018
 31
0.0
  0
LINE
  5
BA1
330
1F
100
AcDbEntity
  8
0
  6
Continuous
 62
     7
370
    25
100
AcDbLine
 10
-35.5835939691
 20
4.5287356982
 30
0.0
 11
-35.6335941695
 21
4.5287357003
 31
0.0
  0
LINE
  5
BA2
330
1F
100
AcDbEntity
  8
0
  6
Continuous
 62
     7
370
    25
100
AcDbLine
 10
-35.633594002
 20
2.0287357003
 30
0.0
 11
-35.5835940784
 21
2.0287356982
 31
0.0
  0
LINE
  5
BA3
330
1F
100
AcDbEntity
  8
0
  6
Continuous
 62
     7
370
    25
100
AcDbLine
 10
-69.5835943144
 20
-3.3712643018
 30
0.0
 11
-70.4835934883
 21
-3.3712642625
 31
0.0
  0
LINE
  5
BA4
330
1F
100
AcDbEntity
  8
0
  6
Continuous
 62
     7
370
    25
100
AcDbLine
 10
-70.4835935975
 20
-5.8712642625
 30
0.0
 11
-69.5835944237
 21
-5.8712643018
 31
0.0
  0
LINE
  5
BA5
330
1F
100
AcDbEntity
  8
0
  6
Continuous
 62
     7
370
    25
100
AcDbLine
 10
-69.5835939691
 20
4.5287356982
 30
0.0
 11
-69.6335941695
 21
4.5287357003
 31
0.0
  0
LINE
  5
BA6
330
1F
100
AcDbEntity
  8
0
  6
Continuous
 62
     7
370
    25
100
AcDbLine
 10
-69.633594002
 20
2.0287357003
 30
0.0
 11
-69.5835940784
 21
2.0287356982
 31
0.0
  0
LINE
  5
BA7
330
1F
100
AcDbEntity
  8
0
  6
Continuous
 62
     7
370
    25
100
AcDbLine
 10
-103.5835943144
 20
-3.3712643018
 30
0.0
 11
-104.4835934883
 21
-3.3712642625
 31
0.0
  0
LINE
  5
BA8
330
1F
100
AcDbEntity
  8
0
  6
Continuous
 62
     7
370
    25
100
AcDbLine
 10
-104.4835935975
 20
-5.8712642625
 30
0.0
 11
-103.5835944237
 21
-5.8712643018
 31
0.0
  0
LINE
  5
BA9
330
1F
100
AcDbEntity
  8
0
  6
Continuous
 62
     7
370
    25
100
AcDbLine
 10
-103.5835939691
 20
4.5287356982
 30
0.0
 11
-103.6335941695
 21
4.5287357003
 31
0.0
  0
LINE
  5
BAA
330
1F
100
AcDbEntity
  8
0
  6
Continuous
 62
     7
370
    25
100
AcDbLine
 10
-103.633594002
 20
2.0287357003
 30
0.0
 11
-103.5835940784
 21
2.0287356982
 31
0.0
  0
LINE
  5
BAB
330
1F
100
AcDbEntity
  8
0
  6
Continuous
 62
     7
370
    25
100
AcDbLine
 10
-113.4682205876
 20
-17.4088633463
 30
0.0
 11
-116.0106257409
 21
-17.4088633463
 31
0.0
  0
LINE
  5
BAC
330
1F
100
AcDbEntity
  8
0
  6
Continuous
 62
     7
370
    25
100
AcDbLine
 10
36.5317813197
 20
-17.4088633463
 30
0.0
 11
33.9893761664
 21
-17.4088633463
 31
0.0
  0
LINE
  5
BAD
330
1F
100
AcDbEntity
  8
0
  6
Continuous
 62
     7
370
    25
100
AcDbLine
 10
19.8663986725
 20
-8.1712641248
 30
0.0
 11
19.8663993282
 21
6.8287358752
 31
0.0
  0
LINE
  5
BAE
330
1F
100
AcDbEntity
  8
0
  6
Continuous
 62
     7
370
    25
100
AcDbLine
 10
27.8663986725
 20
-8.1712644745
 30
0.0
 11
27.8663993282
 21
6.8287355255
 31
0.0
  0
LINE
  5
BAF
330
1F
100
AcDbEntity
  8
0
  6
Continuous
 62
     7
370
    25
100
AcDbLine
 10
27.3663986507
 20
-8.6712644526
 30
0.0
 11
20.3663986507
 21
-8.6712641467
 31
0.0
  0
LINE
  5
BB0
330
1F
100
AcDbEntity
  8
0
  6
Continuous
 62
     7
370
    25
100
AcDbLine
 10
27.3663993501
 20
7.3287355474
 30
0.0
 11
20.3663993501
 21
7.3287358533
 31
0.0
  0
LINE
  5
BB1
330
1F
100
AcDbEntity
  8
0
  6
Continuous
 62
     7
370
    25
100
AcDbLine
 10
21.3663988649
 20
-3.7712641904
 30
0.0
 11
21.3663987905
 21
-5.4712641904
 31
0.0
  0
LINE
  5
BB2
330
1F
100
AcDbEntity
  8
0
  6
Continuous
 62
     7
370
    25
100
AcDbLine
 10
21.3663987905
 20
-5.4712641904
 30
0.0
 11
23.0163987905
 21
-5.4712642625
 31
0.0
  0
LINE
  5
BB3
330
1F
100
AcDbEntity
  8
0
  6
Continuous
 62
     7
370
    25
100
AcDbLine
 10
23.0163987905
 20
-5.4712642625
 30
0.0
 11
23.0163987731
 21
-5.8712642625
 31
0.0
  0
LINE
  5
BB4
330
1F
100
AcDbEntity
  8
0
  6
Continuous
 62
     7
370
    25
100
AcDbLine
 10
23.8663982682
 20
-5.4212642997
 30
0.0
 11
23.8663987294
 21
-6.8712642997
 31
0.0
  0
LINE
  5
BB5
330
1F
100
AcDbEntity
  8
0
  6
Continuous
 62
     7
370
    25
100
AcDbLine
 10
23.8663987294
 20
-6.8712642997
 30
0.0
 11
24.4163987294
 21
-6.8712643237
 31
0.0
  0
LINE
  5
BB6
330
1F
100
AcDbEntity
  8
0
  6
Continuous
 62
     7
370
    25
100
AcDbLine
 10
24.4163987294
 20
-6.8712643237
 30
0.0
 11
24.4163989261
 21
-2.3712643237
 31
0.0
  0
LINE
  5
BB7
330
1F
100
AcDbEntity
  8
0
  6
Continuous
 62
     7
370
    25
100
AcDbLine
 10
24.4163989261
 20
-2.3712643237
 30
0.0
 11
23.8663989261
 21
-2.3712642997
 31
0.0
  0
LINE
  5
BB8
330
1F
100
AcDbEntity
  8
0
  6
Continuous
 62
     7
370
    25
100
AcDbLine
 10
23.8663989261
 20
-2.3712642997
 30
0.0
 11
23.8663983381
 21
-3.8212642997
 31
0.0
  0
LINE
  5
BB9
330
1F
100
AcDbEntity
  8
0
  6
Continuous
 62
     7
370
    25
100
AcDbLine
 10
23.0163988823
 20
-3.3712642625
 30
0.0
 11
23.0163988649
 21
-3.7712642625
 31
0.0
  0
LINE
  5
BBA
330
1F
100
AcDbEntity
  8
0
  6
Continuous
 62
     7
370
    25
100
AcDbLine
 10
23.0163988649
 20
-3.7712642625
 30
0.0
 11
21.3663988649
 21
-3.7712641904
 31
0.0
  0
LINE
  5
BBB
330
1F
100
AcDbEntity
  8
0
  6
Continuous
 62
     7
370
    25
100
AcDbLine
 10
21.4163992102
 20
4.1287358074
 30
0.0
 11
21.4163991359
 21
2.4287358074
 31
0.0
  0
LINE
  5
BBC
330
1F
100
AcDbEntity
  8
0
  6
Continuous
 62
     7
370
    25
100
AcDbLine
 10
21.4163991359
 20
2.4287358074
 30
0.0
 11
23.0163991359
 21
2.4287357375
 31
0.0
  0
LINE
  5
BBD
330
1F
100
AcDbEntity
  8
0
  6
Continuous
 62
     7
370
    25
100
AcDbLine
 10
23.0163991359
 20
2.4287357375
 30
0.0
 11
23.0163991009
 21
1.6287357375
 31
0.0
  0
LINE
  5
BBE
330
1F
100
AcDbEntity
  8
0
  6
Continuous
 62
     7
370
    25
100
AcDbLine
 10
23.0163991009
 20
1.6287357375
 30
0.0
 11
23.8663991009
 21
1.6287357003
 31
0.0
  0
LINE
  5
BBF
330
1F
100
AcDbEntity
  8
0
  6
Continuous
 62
     7
370
    25
100
AcDbLine
 10
23.8663986135
 20
2.4787357003
 30
0.0
 11
23.8663990747
 21
1.0287357003
 31
0.0
  0
LINE
  5
BC0
330
1F
100
AcDbEntity
  8
0
  6
Continuous
 62
     7
370
    25
100
AcDbLine
 10
23.8663990747
 20
1.0287357003
 30
0.0
 11
24.4163990747
 21
1.0287356763
 31
0.0
  0
LINE
  5
BC1
330
1F
100
AcDbEntity
  8
0
  6
Continuous
 62
     7
370
    25
100
AcDbLine
 10
24.4163990747
 20
1.0287356763
 30
0.0
 11
24.4163992714
 21
5.5287356763
 31
0.0
  0
LINE
  5
BC2
330
1F
100
AcDbEntity
  8
0
  6
Continuous
 62
     7
370
    25
100
AcDbLine
 10
24.4163992714
 20
5.5287356763
 30
0.0
 11
23.8663992714
 21
5.5287357003
 31
0.0
  0
LINE
  5
BC3
330
1F
100
AcDbEntity
  8
0
  6
Continuous
 62
     7
370
    25
100
AcDbLine
 10
23.8663992714
 20
5.5287357003
 30
0.0
 11
23.8663986835
 21
4.0787357003
 31
0.0
  0
LINE
  5
BC4
330
1F
100
AcDbEntity
  8
0
  6
Continuous
 62
     7
370
    25
100
AcDbLine
 10
23.8663992451
 20
4.9287357003
 30
0.0
 11
23.0163992451
 21
4.9287357375
 31
0.0
  0
LINE
  5
BC5
330
1F
100
AcDbEntity
  8
0
  6
Continuous
 62
     7
370
    25
100
AcDbLine
 10
23.0163992451
 20
4.9287357375
 30
0.0
 11
23.0163992102
 21
4.1287357375
 31
0.0
  0
LINE
  5
BC6
330
1F
100
AcDbEntity
  8
0
  6
Continuous
 62
     7
370
    25
100
AcDbLine
 10
23.0163992102
 20
4.1287357375
 30
0.0
 11
21.4163992102
 21
4.1287358074
 31
0.0
  0
LINE
  5
BC7
330
1F
100
AcDbEntity
  8
0
  6
Continuous
 62
     7
370
    25
100
AcDbLine
 10
19.8663978277
 20
-8.1712641248
 30
0.0
 11
19.8663976497
 21
-8.1712641248
 31
0.0
  0
LINE
  5
BC8
330
1F
100
AcDbEntity
  8
0
  6
Continuous
 62
     7
370
    25
100
AcDbLine
 10
19.8663976497
 20
-6.6712641248
 30
0.0
 11
19.8663981742
 21
5.3287358752
 31
0.0
  0
LINE
  5
BC9
330
1F
100
AcDbEntity
  8
0
  6
Continuous
 62
     7
370
    25
100
AcDbLine
 10
19.8663984833
 20
6.8287358752
 30
0.0
 11
19.8663983054
 21
6.8287358752
 31
0.0
  0
LINE
  5
BCA
330
1F
100
AcDbEntity
  8
0
  6
Continuous
 62
     7
370
    25
100
AcDbLine
 10
24.4163979622
 20
-9.1712633444
 30
0.0
 11
24.4163979661
 21
-9.082743346
 31
0.0
  0
LINE
  5
BCB
330
1F
100
AcDbEntity
  8
0
  6
Continuous
 62
     7
370
    25
100
AcDbLine
 10
24.4163982354
 20
5.5287356763
 30
0.0
 11
24.4163981961
 21
4.6287356763
 31
0.0
  0
LINE
  5
BCC
330
1F
100
AcDbEntity
  8
0
  6
Continuous
 62
     7
370
    25
100
AcDbLine
 10
24.4163980781
 20
1.9287356763
 30
0.0
 11
24.4163980387
 21
1.0287356763
 31
0.0
  0
LINE
  5
BCD
330
1F
100
AcDbEntity
  8
0
  6
Continuous
 62
     7
370
    25
100
AcDbLine
 10
23.916398902
 20
-2.4212643018
 30
0.0
 11
23.9163987097
 21
-6.8212643018
 31
0.0
  0
LINE
  5
BCE
330
1F
100
AcDbEntity
  8
0
  6
Continuous
 62
     7
370
    25
100
AcDbLine
 10
23.9163992473
 20
5.4787356982
 30
0.0
 11
23.916399055
 21
1.0787356982
 31
0.0
  0
LINE
  5
BCF
330
1F
100
AcDbEntity
  8
0
  6
Continuous
 62
     7
370
    25
100
AcDbLine
 10
24.4163992473
 20
5.4787356763
 30
0.0
 11
23.9163992473
 21
5.4787356982
 31
0.0
  0
LINE
  5
BD0
330
1F
100
AcDbEntity
  8
0
  6
Continuous
 62
     7
370
    25
100
AcDbLine
 10
24.416399055
 20
1.0787356763
 30
0.0
 11
23.916399055
 21
1.0787356982
 31
0.0
  0
LINE
  5
BD1
330
1F
100
AcDbEntity
  8
0
  6
Continuous
 62
     7
370
    25
100
AcDbLine
 10
24.416398902
 20
-2.4212643237
 30
0.0
 11
23.916398902
 21
-2.4212643018
 31
0.0
  0
LINE
  5
BD2
330
1F
100
AcDbEntity
  8
0
  6
Continuous
 62
     7
370
    25
100
AcDbLine
 10
24.4163987097
 20
-6.8212643237
 30
0.0
 11
23.9163987097
 21
-6.8212643018
 31
0.0
  0
LINE
  5
BD3
330
1F
100
AcDbEntity
  8
0
  6
Continuous
 62
     7
370
    25
100
AcDbLine
 10
21.3663988069
 20
-3.9212641904
 30
0.0
 11
23.9163985319
 21
-3.9212643018
 31
0.0
  0
LINE
  5
BD4
330
1F
100
AcDbEntity
  8
0
  6
Continuous
 62
     7
370
    25
100
AcDbLine
 10
22.3023476647
 20
-3.9212642313
 30
0.0
 11
22.3023476035
 21
-5.3212642313
 31
0.0
  0
LINE
  5
BD5
330
1F
100
AcDbEntity
  8
0
  6
Continuous
 62
     7
370
    25
100
AcDbLine
 10
21.3663987457
 20
-5.3212641904
 30
0.0
 11
23.9163984707
 21
-5.3212643018
 31
0.0
  0
LINE
  5
BD6
330
1F
100
AcDbEntity
  8
0
  6
Continuous
 62
     7
370
    25
100
AcDbLine
 10
21.3663985156
 20
-5.4212641904
 30
0.0
 11
23.8664082417
 21
-5.4212642997
 31
0.0
  0
LINE
  5
BD7
330
1F
100
AcDbEntity
  8
0
  6
Continuous
 62
     7
370
    25
100
AcDbLine
 10
21.3663985855
 20
-3.8212641904
 30
0.0
 11
23.8664083116
 21
-3.8212642997
 31
0.0
  0
LINE
  5
BD8
330
1F
100
AcDbEntity
  8
0
  6
Continuous
 62
     7
370
    25
100
AcDbLine
 10
21.4163989308
 20
4.0787358074
 30
0.0
 11
23.9164086569
 21
4.0787356982
 31
0.0
  0
LINE
  5
BD9
330
1F
100
AcDbEntity
  8
0
  6
Continuous
 62
     7
370
    25
100
AcDbLine
 10
21.4163991522
 20
3.9787358074
 30
0.0
 11
23.9163988858
 21
3.9787356982
 31
0.0
  0
LINE
  5
BDA
330
1F
100
AcDbEntity
  8
0
  6
Continuous
 62
     7
370
    25
100
AcDbLine
 10
21.416399091
 20
2.5787358074
 30
0.0
 11
23.9163988246
 21
2.5787356982
 31
0.0
  0
LINE
  5
BDB
330
1F
100
AcDbEntity
  8
0
  6
Continuous
 62
     7
370
    25
100
AcDbLine
 10
21.4163988609
 20
2.4787358074
 30
0.0
 11
23.916408587
 21
2.4787356982
 31
0.0
  0
LINE
  5
BDC
330
1F
100
AcDbEntity
  8
0
  6
Continuous
 62
     7
370
    25
100
AcDbLine
 10
22.35234801
 20
3.9787357665
 30
0.0
 11
22.3523479489
 21
2.5787357665
 31
0.0
  0
LINE
  5
BDD
330
1F
100
AcDbEntity
  8
0
  6
Continuous
 62
     7
370
    25
100
AcDbLine
 10
25.2163980317
 20
-9.082743346
 30
0.0
 11
25.2163980278
 21
-9.1712633444
 31
0.0
  0
LINE
  5
BDE
330
1F
100
AcDbEntity
  8
0
  6
Continuous
 62
     7
370
    25
100
AcDbLine
 10
-14.1335869136
 20
-8.1712641248
 30
0.0
 11
-14.1335870915
 21
-8.1712641248
 31
0.0
  0
LINE
  5
BDF
330
1F
100
AcDbEntity
  8
0
  6
Continuous
 62
     7
370
    25
100
AcDbLine
 10
-14.1335870915
 20
-6.6712641248
 30
0.0
 11
-14.133586567
 21
5.3287358752
 31
0.0
  0
LINE
  5
BE0
330
1F
100
AcDbEntity
  8
0
  6
Continuous
 62
     7
370
    25
100
AcDbLine
 10
-14.1335862579
 20
6.8287358752
 30
0.0
 11
-14.1335864359
 21
6.8287358752
 31
0.0
  0
LINE
  5
BE1
330
1F
100
AcDbEntity
  8
0
  6
Continuous
 62
     7
370
    25
100
AcDbLine
 10
-14.1335860687
 20
-8.1712641248
 30
0.0
 11
-14.133585413
 21
6.8287358752
 31
0.0
  0
LINE
  5
BE2
330
1F
100
AcDbEntity
  8
0
  6
Continuous
 62
     7
370
    25
100
AcDbLine
 10
-6.1335860687
 20
-8.1712644745
 30
0.0
 11
-6.133585413
 21
6.8287355255
 31
0.0
  0
LINE
  5
BE3
330
1F
100
AcDbEntity
  8
0
  6
Continuous
 62
     7
370
    25
100
AcDbLine
 10
-6.6335860905
 20
-8.6712644526
 30
0.0
 11
-13.6335860905
 21
-8.6712641467
 31
0.0
  0
LINE
  5
BE4
330
1F
100
AcDbEntity
  8
0
  6
Continuous
 62
     7
370
    25
100
AcDbLine
 10
-6.6335853912
 20
7.3287355474
 30
0.0
 11
-13.6335853912
 21
7.3287358533
 31
0.0
  0
LINE
  5
BE5
330
1F
100
AcDbEntity
  8
0
  6
Continuous
 62
     7
370
    25
100
AcDbLine
 10
-12.6335858764
 20
-3.7712641904
 30
0.0
 11
-12.6335859507
 21
-5.4712641904
 31
0.0
  0
LINE
  5
BE6
330
1F
100
AcDbEntity
  8
0
  6
Continuous
 62
     7
370
    25
100
AcDbLine
 10
-12.6335859507
 20
-5.4712641904
 30
0.0
 11
-10.9835859507
 21
-5.4712642625
 31
0.0
  0
LINE
  5
BE7
330
1F
100
AcDbEntity
  8
0
  6
Continuous
 62
     7
370
    25
100
AcDbLine
 10
-10.9835859507
 20
-5.4712642625
 30
0.0
 11
-10.9835859681
 21
-5.8712642625
 31
0.0
  0
LINE
  5
BE8
330
1F
100
AcDbEntity
  8
0
  6
Continuous
 62
     7
370
    25
100
AcDbLine
 10
-10.133586473
 20
-5.4212642997
 30
0.0
 11
-10.1335860119
 21
-6.8712642997
 31
0.0
  0
LINE
  5
BE9
330
1F
100
AcDbEntity
  8
0
  6
Continuous
 62
     7
370
    25
100
AcDbLine
 10
-10.1335860119
 20
-6.8712642997
 30
0.0
 11
-9.5835860119
 21
-6.8712643237
 31
0.0
  0
LINE
  5
BEA
330
1F
100
AcDbEntity
  8
0
  6
Continuous
 62
     7
370
    25
100
AcDbLine
 10
-9.5835860119
 20
-6.8712643237
 30
0.0
 11
-9.5835858152
 21
-2.3712643237
 31
0.0
  0
LINE
  5
BEB
330
1F
100
AcDbEntity
  8
0
  6
Continuous
 62
     7
370
    25
100
AcDbLine
 10
-9.5835858152
 20
-2.3712643237
 30
0.0
 11
-10.1335858152
 21
-2.3712642997
 31
0.0
  0
LINE
  5
BEC
330
1F
100
AcDbEntity
  8
0
  6
Continuous
 62
     7
370
    25
100
AcDbLine
 10
-10.1335858152
 20
-2.3712642997
 30
0.0
 11
-10.1335864031
 21
-3.8212642997
 31
0.0
  0
LINE
  5
BED
330
1F
100
AcDbEntity
  8
0
  6
Continuous
 62
     7
370
    25
100
AcDbLine
 10
-10.9835858589
 20
-3.3712642625
 30
0.0
 11
-10.9835858764
 21
-3.7712642625
 31
0.0
  0
LINE
  5
BEE
330
1F
100
AcDbEntity
  8
0
  6
Continuous
 62
     7
370
    25
100
AcDbLine
 10
-10.9835858764
 20
-3.7712642625
 30
0.0
 11
-12.6335858764
 21
-3.7712641904
 31
0.0
  0
LINE
  5
BEF
330
1F
100
AcDbEntity
  8
0
  6
Continuous
 62
     7
370
    25
100
AcDbLine
 10
-12.583585531
 20
4.1287358074
 30
0.0
 11
-12.5835856053
 21
2.4287358074
 31
0.0
  0
LINE
  5
BF0
330
1F
100
AcDbEntity
  8
0
  6
Continuous
 62
     7
370
    25
100
AcDbLine
 10
-12.5835856053
 20
2.4287358074
 30
0.0
 11
-10.9835856053
 21
2.4287357375
 31
0.0
  0
LINE
  5
BF1
330
1F
100
AcDbEntity
  8
0
  6
Continuous
 62
     7
370
    25
100
AcDbLine
 10
-10.9835856053
 20
2.4287357375
 30
0.0
 11
-10.9835856403
 21
1.6287357375
 31
0.0
  0
LINE
  5
BF2
330
1F
100
AcDbEntity
  8
0
  6
Continuous
 62
     7
370
    25
100
AcDbLine
 10
-10.9835856403
 20
1.6287357375
 30
0.0
 11
-10.1335856403
 21
1.6287357003
 31
0.0
  0
LINE
  5
BF3
330
1F
100
AcDbEntity
  8
0
  6
Continuous
 62
     7
370
    25
100
AcDbLine
 10
-10.1335861277
 20
2.4787357003
 30
0.0
 11
-10.1335856665
 21
1.0287357003
 31
0.0
  0
LINE
  5
BF4
330
1F
100
AcDbEntity
  8
0
  6
Continuous
 62
     7
370
    25
100
AcDbLine
 10
-10.1335856665
 20
1.0287357003
 30
0.0
 11
-9.5835856665
 21
1.0287356763
 31
0.0
  0
LINE
  5
BF5
330
1F
100
AcDbEntity
  8
0
  6
Continuous
 62
     7
370
    25
100
AcDbLine
 10
-9.5835856665
 20
1.0287356763
 30
0.0
 11
-9.5835854698
 21
5.5287356763
 31
0.0
  0
LINE
  5
BF6
330
1F
100
AcDbEntity
  8
0
  6
Continuous
 62
     7
370
    25
100
AcDbLine
 10
-9.5835854698
 20
5.5287356763
 30
0.0
 11
-10.1335854698
 21
5.5287357003
 31
0.0
  0
LINE
  5
BF7
330
1F
100
AcDbEntity
  8
0
  6
Continuous
 62
     7
370
    25
100
AcDbLine
 10
-10.1335854698
 20
5.5287357003
 30
0.0
 11
-10.1335860578
 21
4.0787357003
 31
0.0
  0
LINE
  5
BF8
330
1F
100
AcDbEntity
  8
0
  6
Continuous
 62
     7
370
    25
100
AcDbLine
 10
-10.1335854961
 20
4.9287357003
 30
0.0
 11
-10.9835854961
 21
4.9287357375
 31
0.0
  0
LINE
  5
BF9
330
1F
100
AcDbEntity
  8
0
  6
Continuous
 62
     7
370
    25
100
AcDbLine
 10
-10.9835854961
 20
4.9287357375
 30
0.0
 11
-10.983585531
 21
4.1287357375
 31
0.0
  0
LINE
  5
BFA
330
1F
100
AcDbEntity
  8
0
  6
Continuous
 62
     7
370
    25
100
AcDbLine
 10
-10.983585531
 20
4.1287357375
 30
0.0
 11
-12.583585531
 21
4.1287358074
 31
0.0
  0
LINE
  5
BFB
330
1F
100
AcDbEntity
  8
0
  6
Continuous
 62
     7
370
    25
100
AcDbLine
 10
-9.583586779
 20
-9.1712633444
 30
0.0
 11
-9.5835867751
 21
-9.082743346
 31
0.0
  0
LINE
  5
BFC
330
1F
100
AcDbEntity
  8
0
  6
Continuous
 62
     7
370
    25
100
AcDbLine
 10
-9.5835865058
 20
5.5287356763
 30
0.0
 11
-9.5835865451
 21
4.6287356763
 31
0.0
  0
LINE
  5
BFD
330
1F
100
AcDbEntity
  8
0
  6
Continuous
 62
     7
370
    25
100
AcDbLine
 10
-9.5835866632
 20
1.9287356763
 30
0.0
 11
-9.5835867025
 21
1.0287356763
 31
0.0
  0
LINE
  5
BFE
330
1F
100
AcDbEntity
  8
0
  6
Continuous
 62
     7
370
    25
100
AcDbLine
 10
-10.0835858392
 20
-2.4212643018
 30
0.0
 11
-10.0835860315
 21
-6.8212643018
 31
0.0
  0
LINE
  5
BFF
330
1F
100
AcDbEntity
  8
0
  6
Continuous
 62
     7
370
    25
100
AcDbLine
 10
-10.0835854939
 20
5.4787356982
 30
0.0
 11
-10.0835856862
 21
1.0787356982
 31
0.0
  0
LINE
  5
C00
330
1F
100
AcDbEntity
  8
0
  6
Continuous
 62
     7
370
    25
100
AcDbLine
 10
-9.5835854939
 20
5.4787356763
 30
0.0
 11
-10.0835854939
 21
5.4787356982
 31
0.0
  0
LINE
  5
C01
330
1F
100
AcDbEntity
  8
0
  6
Continuous
 62
     7
370
    25
100
AcDbLine
 10
-9.5835856862
 20
1.0787356763
 30
0.0
 11
-10.0835856862
 21
1.0787356982
 31
0.0
  0
LINE
  5
C02
330
1F
100
AcDbEntity
  8
0
  6
Continuous
 62
     7
370
    25
100
AcDbLine
 10
-9.5835858392
 20
-2.4212643237
 30
0.0
 11
-10.0835858392
 21
-2.4212643018
 31
0.0
  0
LINE
  5
C03
330
1F
100
AcDbEntity
  8
0
  6
Continuous
 62
     7
370
    25
100
AcDbLine
 10
-9.5835860315
 20
-6.8212643237
 30
0.0
 11
-10.0835860315
 21
-6.8212643018
 31
0.0
  0
LINE
  5
C04
330
1F
100
AcDbEntity
  8
0
  6
Continuous
 62
     7
370
    25
100
AcDbLine
 10
-12.6335859344
 20
-3.9212641904
 30
0.0
 11
-10.0835862093
 21
-3.9212643018
 31
0.0
  0
LINE
  5
C05
330
1F
100
AcDbEntity
  8
0
  6
Continuous
 62
     7
370
    25
100
AcDbLine
 10
-11.6976370765
 20
-3.9212642313
 30
0.0
 11
-11.6976371377
 21
-5.3212642313
 31
0.0
  0
LINE
  5
C06
330
1F
100
AcDbEntity
  8
0
  6
Continuous
 62
     7
370
    25
100
AcDbLine
 10
-12.6335859955
 20
-5.3212641904
 30
0.0
 11
-10.0835862705
 21
-5.3212643018
 31
0.0
  0
LINE
  5
C07
330
1F
100
AcDbEntity
  8
0
  6
Continuous
 62
     7
370
    25
100
AcDbLine
 10
-12.6335862256
 20
-5.4212641904
 30
0.0
 11
-10.1335764996
 21
-5.4212642997
 31
0.0
  0
LINE
  5
C08
330
1F
100
AcDbEntity
  8
0
  6
Continuous
 62
     7
370
    25
100
AcDbLine
 10
-12.6335861557
 20
-3.8212641904
 30
0.0
 11
-10.1335764296
 21
-3.8212642997
 31
0.0
  0
LINE
  5
C09
330
1F
100
AcDbEntity
  8
0
  6
Continuous
 62
     7
370
    25
100
AcDbLine
 10
-12.5835858104
 20
4.0787358074
 30
0.0
 11
-10.0835760843
 21
4.0787356982
 31
0.0
  0
LINE
  5
C0A
330
1F
100
AcDbEntity
  8
0
  6
Continuous
 62
     7
370
    25
100
AcDbLine
 10
-12.583585589
 20
3.9787358074
 30
0.0
 11
-10.0835858554
 21
3.9787356982
 31
0.0
  0
LINE
  5
C0B
330
1F
100
AcDbEntity
  8
0
  6
Continuous
 62
     7
370
    25
100
AcDbLine
 10
-12.5835856502
 20
2.5787358074
 30
0.0
 11
-10.0835859166
 21
2.5787356982
 31
0.0
  0
LINE
  5
C0C
330
1F
100
AcDbEntity
  8
0
  6
Continuous
 62
     7
370
    25
100
AcDbLine
 10
-12.5835858803
 20
2.4787358074
 30
0.0
 11
-10.0835761542
 21
2.4787356982
 31
0.0
  0
LINE
  5
C0D
330
1F
100
AcDbEntity
  8
0
  6
Continuous
 62
     7
370
    25
100
AcDbLine
 10
-11.6476367312
 20
3.9787357665
 30
0.0
 11
-11.6476367924
 21
2.5787357665
 31
0.0
  0
LINE
  5
C0E
330
1F
100
AcDbEntity
  8
0
  6
Continuous
 62
     7
370
    25
100
AcDbLine
 10
-8.7835867096
 20
-9.082743346
 30
0.0
 11
-8.7835867134
 21
-9.1712633444
 31
0.0
  0
LINE
  5
C0F
330
1F
100
AcDbEntity
  8
0
  6
Continuous
 62
     7
370
    25
100
AcDbLine
 10
-48.1335945429
 20
-8.1712641248
 30
0.0
 11
-48.1335947209
 21
-8.1712641248
 31
0.0
  0
LINE
  5
C10
330
1F
100
AcDbEntity
  8
0
  6
Continuous
 62
     7
370
    25
100
AcDbLine
 10
-48.1335947209
 20
-6.6712641248
 30
0.0
 11
-48.1335941964
 21
5.3287358752
 31
0.0
  0
LINE
  5
C11
330
1F
100
AcDbEntity
  8
0
  6
Continuous
 62
     7
370
    25
100
AcDbLine
 10
-48.1335938873
 20
6.8287358752
 30
0.0
 11
-48.1335940652
 21
6.8287358752
 31
0.0
  0
LINE
  5
C12
330
1F
100
AcDbEntity
  8
0
  6
Continuous
 62
     7
370
    25
100
AcDbLine
 10
-48.1335936981
 20
-8.1712641248
 30
0.0
 11
-48.1335930424
 21
6.8287358752
 31
0.0
  0
LINE
  5
C13
330
1F
100
AcDbEntity
  8
0
  6
Continuous
 62
     7
370
    25
100
AcDbLine
 10
-40.1335936981
 20
-8.1712644745
 30
0.0
 11
-40.1335930424
 21
6.8287355255
 31
0.0
  0
LINE
  5
C14
330
1F
100
AcDbEntity
  8
0
  6
Continuous
 62
     7
370
    25
100
AcDbLine
 10
-40.6335937199
 20
-8.6712644526
 30
0.0
 11
-47.6335937199
 21
-8.6712641467
 31
0.0
  0
LINE
  5
C15
330
1F
100
AcDbEntity
  8
0
  6
Continuous
 62
     7
370
    25
100
AcDbLine
 10
-40.6335930205
 20
7.3287355474
 30
0.0
 11
-47.6335930205
 21
7.3287358533
 31
0.0
  0
LINE
  5
C16
330
1F
100
AcDbEntity
  8
0
  6
Continuous
 62
     7
370
    25
100
AcDbLine
 10
-46.6335935057
 20
-3.7712641904
 30
0.0
 11
-46.63359358
 21
-5.4712641904
 31
0.0
  0
LINE
  5
C17
330
1F
100
AcDbEntity
  8
0
  6
Continuous
 62
     7
370
    25
100
AcDbLine
 10
-46.63359358
 20
-5.4712641904
 30
0.0
 11
-44.98359358
 21
-5.4712642625
 31
0.0
  0
LINE
  5
C18
330
1F
100
AcDbEntity
  8
0
  6
Continuous
 62
     7
370
    25
100
AcDbLine
 10
-44.98359358
 20
-5.4712642625
 30
0.0
 11
-44.9835935975
 21
-5.8712642625
 31
0.0
  0
LINE
  5
C19
330
1F
100
AcDbEntity
  8
0
  6
Continuous
 62
     7
370
    25
100
AcDbLine
 10
-44.1335941024
 20
-5.4212642997
 30
0.0
 11
-44.1335936412
 21
-6.8712642997
 31
0.0
  0
LINE
  5
C1A
330
1F
100
AcDbEntity
  8
0
  6
Continuous
 62
     7
370
    25
100
AcDbLine
 10
-44.1335936412
 20
-6.8712642997
 30
0.0
 11
-43.5835936412
 21
-6.8712643237
 31
0.0
  0
LINE
  5
C1B
330
1F
100
AcDbEntity
  8
0
  6
Continuous
 62
     7
370
    25
100
AcDbLine
 10
-43.5835936412
 20
-6.8712643237
 30
0.0
 11
-43.5835934445
 21
-2.3712643237
 31
0.0
  0
LINE
  5
C1C
330
1F
100
AcDbEntity
  8
0
  6
Continuous
 62
     7
370
    25
100
AcDbLine
 10
-43.5835934445
 20
-2.3712643237
 30
0.0
 11
-44.1335934445
 21
-2.3712642997
 31
0.0
  0
LINE
  5
C1D
330
1F
100
AcDbEntity
  8
0
  6
Continuous
 62
     7
370
    25
100
AcDbLine
 10
-44.1335934445
 20
-2.3712642997
 30
0.0
 11
-44.1335940325
 21
-3.8212642997
 31
0.0
  0
LINE
  5
C1E
330
1F
100
AcDbEntity
  8
0
  6
Continuous
 62
     7
370
    25
100
AcDbLine
 10
-44.9835934883
 20
-3.3712642625
 30
0.0
 11
-44.9835935057
 21
-3.7712642625
 31
0.0
  0
LINE
  5
C1F
330
1F
100
AcDbEntity
  8
0
  6
Continuous
 62
     7
370
    25
100
AcDbLine
 10
-44.9835935057
 20
-3.7712642625
 30
0.0
 11
-46.6335935057
 21
-3.7712641904
 31
0.0
  0
LINE
  5
C20
330
1F
100
AcDbEntity
  8
0
  6
Continuous
 62
     7
370
    25
100
AcDbLine
 10
-46.5835931604
 20
4.1287358074
 30
0.0
 11
-46.5835932347
 21
2.4287358074
 31
0.0
  0
LINE
  5
C21
330
1F
100
AcDbEntity
  8
0
  6
Continuous
 62
     7
370
    25
100
AcDbLine
 10
-46.5835932347
 20
2.4287358074
 30
0.0
 11
-44.9835932347
 21
2.4287357375
 31
0.0
  0
LINE
  5
C22
330
1F
100
AcDbEntity
  8
0
  6
Continuous
 62
     7
370
    25
100
AcDbLine
 10
-44.9835932347
 20
2.4287357375
 30
0.0
 11
-44.9835932697
 21
1.6287357375
 31
0.0
  0
LINE
  5
C23
330
1F
100
AcDbEntity
  8
0
  6
Continuous
 62
     7
370
    25
100
AcDbLine
 10
-44.9835932697
 20
1.6287357375
 30
0.0
 11
-44.1335932697
 21
1.6287357003
 31
0.0
  0
LINE
  5
C24
330
1F
100
AcDbEntity
  8
0
  6
Continuous
 62
     7
370
    25
100
AcDbLine
 10
-44.1335937571
 20
2.4787357003
 30
0.0
 11
-44.1335932959
 21
1.0287357003
 31
0.0
  0
LINE
  5
C25
330
1F
100
AcDbEntity
  8
0
  6
Continuous
 62
     7
370
    25
100
AcDbLine
 10
-44.1335932959
 20
1.0287357003
 30
0.0
 11
-43.5835932959
 21
1.0287356763
 31
0.0
  0
LINE
  5
C26
330
1F
100
AcDbEntity
  8
0
  6
Continuous
 62
     7
370
    25
100
AcDbLine
 10
-43.5835932959
 20
1.0287356763
 30
0.0
 11
-43.5835930992
 21
5.5287356763
 31
0.0
  0
LINE
  5
C27
330
1F
100
AcDbEntity
  8
0
  6
Continuous
 62
     7
370
    25
100
AcDbLine
 10
-43.5835930992
 20
5.5287356763
 30
0.0
 11
-44.1335930992
 21
5.5287357003
 31
0.0
  0
LINE
  5
C28
330
1F
100
AcDbEntity
  8
0
  6
Continuous
 62
     7
370
    25
100
AcDbLine
 10
-44.1335930992
 20
5.5287357003
 30
0.0
 11
-44.1335936871
 21
4.0787357003
 31
0.0
  0
LINE
  5
C29
330
1F
100
AcDbEntity
  8
0
  6
Continuous
 62
     7
370
    25
100
AcDbLine
 10
-44.1335931255
 20
4.9287357003
 30
0.0
 11
-44.9835931255
 21
4.9287357375
 31
0.0
  0
LINE
  5
C2A
330
1F
100
AcDbEntity
  8
0
  6
Continuous
 62
     7
370
    25
100
AcDbLine
 10
-44.9835931255
 20
4.9287357375
 30
0.0
 11
-44.9835931604
 21
4.1287357375
 31
0.0
  0
LINE
  5
C2B
330
1F
100
AcDbEntity
  8
0
  6
Continuous
 62
     7
370
    25
100
AcDbLine
 10
-44.9835931604
 20
4.1287357375
 30
0.0
 11
-46.5835931604
 21
4.1287358074
 31
0.0
  0
LINE
  5
C2C
330
1F
100
AcDbEntity
  8
0
  6
Continuous
 62
     7
370
    25
100
AcDbLine
 10
-43.5835944084
 20
-9.1712633444
 30
0.0
 11
-43.5835944045
 21
-9.082743346
 31
0.0
  0
LINE
  5
C2D
330
1F
100
AcDbEntity
  8
0
  6
Continuous
 62
     7
370
    25
100
AcDbLine
 10
-43.5835941352
 20
5.5287356763
 30
0.0
 11
-43.5835941745
 21
4.6287356763
 31
0.0
  0
LINE
  5
C2E
330
1F
100
AcDbEntity
  8
0
  6
Continuous
 62
     7
370
    25
100
AcDbLine
 10
-43.5835942925
 20
1.9287356763
 30
0.0
 11
-43.5835943319
 21
1.0287356763
 31
0.0
  0
LINE
  5
C2F
330
1F
100
AcDbEntity
  8
0
  6
Continuous
 62
     7
370
    25
100
AcDbLine
 10
-44.0835934686
 20
-2.4212643018
 30
0.0
 11
-44.0835936609
 21
-6.8212643018
 31
0.0
  0
LINE
  5
C30
330
1F
100
AcDbEntity
  8
0
  6
Continuous
 62
     7
370
    25
100
AcDbLine
 10
-44.0835931233
 20
5.4787356982
 30
0.0
 11
-44.0835933156
 21
1.0787356982
 31
0.0
  0
LINE
  5
C31
330
1F
100
AcDbEntity
  8
0
  6
Continuous
 62
     7
370
    25
100
AcDbLine
 10
-43.5835931233
 20
5.4787356763
 30
0.0
 11
-44.0835931233
 21
5.4787356982
 31
0.0
  0
LINE
  5
C32
330
1F
100
AcDbEntity
  8
0
  6
Continuous
 62
     7
370
    25
100
AcDbLine
 10
-43.5835933156
 20
1.0787356763
 30
0.0
 11
-44.0835933156
 21
1.0787356982
 31
0.0
  0
LINE
  5
C33
330
1F
100
AcDbEntity
  8
0
  6
Continuous
 62
     7
370
    25
100
AcDbLine
 10
-43.5835934686
 20
-2.4212643237
 30
0.0
 11
-44.0835934686
 21
-2.4212643018
 31
0.0
  0
LINE
  5
C34
330
1F
100
AcDbEntity
  8
0
  6
Continuous
 62
     7
370
    25
100
AcDbLine
 10
-43.5835936609
 20
-6.8212643237
 30
0.0
 11
-44.0835936609
 21
-6.8212643018
 31
0.0
  0
LINE
  5
C35
330
1F
100
AcDbEntity
  8
0
  6
Continuous
 62
     7
370
    25
100
AcDbLine
 10
-46.6335935637
 20
-3.9212641904
 30
0.0
 11
-44.0835938387
 21
-3.9212643018
 31
0.0
  0
LINE
  5
C36
330
1F
100
AcDbEntity
  8
0
  6
Continuous
 62
     7
370
    25
100
AcDbLine
 10
-45.6976447059
 20
-3.9212642313
 30
0.0
 11
-45.6976447671
 21
-5.3212642313
 31
0.0
  0
LINE
  5
C37
330
1F
100
AcDbEntity
  8
0
  6
Continuous
 62
     7
370
    25
100
AcDbLine
 10
-46.6335936249
 20
-5.3212641904
 30
0.0
 11
-44.0835938999
 21
-5.3212643018
 31
0.0
  0
LINE
  5
C38
330
1F
100
AcDbEntity
  8
0
  6
Continuous
 62
     7
370
    25
100
AcDbLine
 10
-46.633593855
 20
-5.4212641904
 30
0.0
 11
-44.1335841289
 21
-5.4212642997
 31
0.0
  0
LINE
  5
C39
330
1F
100
AcDbEntity
  8
0
  6
Continuous
 62
     7
370
    25
100
AcDbLine
 10
-46.6335937851
 20
-3.8212641904
 30
0.0
 11
-44.133584059
 21
-3.8212642997
 31
0.0
  0
LINE
  5
C3A
330
1F
100
AcDbEntity
  8
0
  6
Continuous
 62
     7
370
    25
100
AcDbLine
 10
-46.5835932796
 20
2.5787358074
 30
0.0
 11
-44.0835935459
 21
2.5787356982
 31
0.0
  0
LINE
  5
C3B
330
1F
100
AcDbEntity
  8
0
  6
Continuous
 62
     7
370
    25
100
AcDbLine
 10
-46.5835935097
 20
2.4787358074
 30
0.0
 11
-44.0835837836
 21
2.4787356982
 31
0.0
  0
LINE
  5
C3C
330
1F
100
AcDbEntity
  8
0
  6
Continuous
 62
     7
370
    25
100
AcDbLine
 10
-46.5835932184
 20
3.9787358074
 30
0.0
 11
-44.0835934848
 21
3.9787356982
 31
0.0
  0
LINE
  5
C3D
330
1F
100
AcDbEntity
  8
0
  6
Continuous
 62
     7
370
    25
100
AcDbLine
 10
-45.6476443605
 20
3.9787357665
 30
0.0
 11
-45.6476444217
 21
2.5787357665
 31
0.0
  0
LINE
  5
C3E
330
1F
100
AcDbEntity
  8
0
  6
Continuous
 62
     7
370
    25
100
AcDbLine
 10
-46.5835934397
 20
4.0787358074
 30
0.0
 11
-44.0835837137
 21
4.0787356982
 31
0.0
  0
LINE
  5
C3F
330
1F
100
AcDbEntity
  8
0
  6
Continuous
 62
     7
370
    25
100
AcDbLine
 10
-42.7835943389
 20
-9.082743346
 30
0.0
 11
-42.7835943428
 21
-9.1712633444
 31
0.0
  0
LINE
  5
C40
330
1F
100
AcDbEntity
  8
0
  6
Continuous
 62
     7
370
    25
100
AcDbLine
 10
-82.1335936981
 20
-8.1712641248
 30
0.0
 11
-82.1335930424
 21
6.8287358752
 31
0.0
  0
LINE
  5
C41
330
1F
100
AcDbEntity
  8
0
  6
Continuous
 62
     7
370
    25
100
AcDbLine
 10
-74.1335936981
 20
-8.1712644745
 30
0.0
 11
-74.1335930424
 21
6.8287355255
 31
0.0
  0
LINE
  5
C42
330
1F
100
AcDbEntity
  8
0
  6
Continuous
 62
     7
370
    25
100
AcDbLine
 10
-74.6335937199
 20
-8.6712644526
 30
0.0
 11
-81.6335937199
 21
-8.6712641467
 31
0.0
  0
LINE
  5
C43
330
1F
100
AcDbEntity
  8
0
  6
Continuous
 62
     7
370
    25
100
AcDbLine
 10
-74.6335930205
 20
7.3287355474
 30
0.0
 11
-81.6335930205
 21
7.3287358533
 31
0.0
  0
LINE
  5
C44
330
1F
100
AcDbEntity
  8
0
  6
Continuous
 62
     7
370
    25
100
AcDbLine
 10
-80.6335935057
 20
-3.7712641904
 30
0.0
 11
-80.63359358
 21
-5.4712641904
 31
0.0
  0
LINE
  5
C45
330
1F
100
AcDbEntity
  8
0
  6
Continuous
 62
     7
370
    25
100
AcDbLine
 10
-80.63359358
 20
-5.4712641904
 30
0.0
 11
-78.98359358
 21
-5.4712642625
 31
0.0
  0
LINE
  5
C46
330
1F
100
AcDbEntity
  8
0
  6
Continuous
 62
     7
370
    25
100
AcDbLine
 10
-78.98359358
 20
-5.4712642625
 30
0.0
 11
-78.9835935975
 21
-5.8712642625
 31
0.0
  0
LINE
  5
C47
330
1F
100
AcDbEntity
  8
0
  6
Continuous
 62
     7
370
    25
100
AcDbLine
 10
-78.1335941024
 20
-5.4212642997
 30
0.0
 11
-78.1335936412
 21
-6.8712642997
 31
0.0
  0
LINE
  5
C48
330
1F
100
AcDbEntity
  8
0
  6
Continuous
 62
     7
370
    25
100
AcDbLine
 10
-78.1335936412
 20
-6.8712642997
 30
0.0
 11
-77.5835936412
 21
-6.8712643237
 31
0.0
  0
LINE
  5
C49
330
1F
100
AcDbEntity
  8
0
  6
Continuous
 62
     7
370
    25
100
AcDbLine
 10
-77.5835936412
 20
-6.8712643237
 30
0.0
 11
-77.5835934445
 21
-2.3712643237
 31
0.0
  0
LINE
  5
C4A
330
1F
100
AcDbEntity
  8
0
  6
Continuous
 62
     7
370
    25
100
AcDbLine
 10
-77.5835934445
 20
-2.3712643237
 30
0.0
 11
-78.1335934445
 21
-2.3712642997
 31
0.0
  0
LINE
  5
C4B
330
1F
100
AcDbEntity
  8
0
  6
Continuous
 62
     7
370
    25
100
AcDbLine
 10
-78.1335934445
 20
-2.3712642997
 30
0.0
 11
-78.1335940325
 21
-3.8212642997
 31
0.0
  0
LINE
  5
C4C
330
1F
100
AcDbEntity
  8
0
  6
Continuous
 62
     7
370
    25
100
AcDbLine
 10
-78.9835934883
 20
-3.3712642625
 30
0.0
 11
-78.9835935057
 21
-3.7712642625
 31
0.0
  0
LINE
  5
C4D
330
1F
100
AcDbEntity
  8
0
  6
Continuous
 62
     7
370
    25
100
AcDbLine
 10
-78.9835935057
 20
-3.7712642625
 30
0.0
 11
-80.6335935057
 21
-3.7712641904
 31
0.0
  0
LINE
  5
C4E
330
1F
100
AcDbEntity
  8
0
  6
Continuous
 62
     7
370
    25
100
AcDbLine
 10
-80.5835931604
 20
4.1287358074
 30
0.0
 11
-80.5835932347
 21
2.4287358074
 31
0.0
  0
LINE
  5
C4F
330
1F
100
AcDbEntity
  8
0
  6
Continuous
 62
     7
370
    25
100
AcDbLine
 10
-80.5835932347
 20
2.4287358074
 30
0.0
 11
-78.9835932347
 21
2.4287357375
 31
0.0
  0
LINE
  5
C50
330
1F
100
AcDbEntity
  8
0
  6
Continuous
 62
     7
370
    25
100
AcDbLine
 10
-78.9835932347
 20
2.4287357375
 30
0.0
 11
-78.9835932697
 21
1.6287357375
 31
0.0
  0
LINE
  5
C51
330
1F
100
AcDbEntity
  8
0
  6
Continuous
 62
     7
370
    25
100
AcDbLine
 10
-78.9835932697
 20
1.6287357375
 30
0.0
 11
-78.1335932697
 21
1.6287357003
 31
0.0
  0
LINE
  5
C52
330
1F
100
AcDbEntity
  8
0
  6
Continuous
 62
     7
370
    25
100
AcDbLine
 10
-78.1335937571
 20
2.4787357003
 30
0.0
 11
-78.1335932959
 21
1.0287357003
 31
0.0
  0
LINE
  5
C53
330
1F
100
AcDbEntity
  8
0
  6
Continuous
 62
     7
370
    25
100
AcDbLine
 10
-78.1335932959
 20
1.0287357003
 30
0.0
 11
-77.5835932959
 21
1.0287356763
 31
0.0
  0
LINE
  5
C54
330
1F
100
AcDbEntity
  8
0
  6
Continuous
 62
     7
370
    25
100
AcDbLine
 10
-77.5835932959
 20
1.0287356763
 30
0.0
 11
-77.5835930992
 21
5.5287356763
 31
0.0
  0
LINE
  5
C55
330
1F
100
AcDbEntity
  8
0
  6
Continuous
 62
     7
370
    25
100
AcDbLine
 10
-77.5835930992
 20
5.5287356763
 30
0.0
 11
-78.1335930992
 21
5.5287357003
 31
0.0
  0
LINE
  5
C56
330
1F
100
AcDbEntity
  8
0
  6
Continuous
 62
     7
370
    25
100
AcDbLine
 10
-78.1335930992
 20
5.5287357003
 30
0.0
 11
-78.1335936871
 21
4.0787357003
 31
0.0
  0
LINE
  5
C57
330
1F
100
AcDbEntity
  8
0
  6
Continuous
 62
     7
370
    25
100
AcDbLine
 10
-78.1335931255
 20
4.9287357003
 30
0.0
 11
-78.9835931255
 21
4.9287357375
 31
0.0
  0
LINE
  5
C58
330
1F
100
AcDbEntity
  8
0
  6
Continuous
 62
     7
370
    25
100
AcDbLine
 10
-78.9835931255
 20
4.9287357375
 30
0.0
 11
-78.9835931604
 21
4.1287357375
 31
0.0
  0
LINE
  5
C59
330
1F
100
AcDbEntity
  8
0
  6
Continuous
 62
     7
370
    25
100
AcDbLine
 10
-78.9835931604
 20
4.1287357375
 30
0.0
 11
-80.5835931604
 21
4.1287358074
 31
0.0
  0
LINE
  5
C5A
330
1F
100
AcDbEntity
  8
0
  6
Continuous
 62
     7
370
    25
100
AcDbLine
 10
-82.1335945429
 20
-8.1712641248
 30
0.0
 11
-82.1335947209
 21
-8.1712641248
 31
0.0
  0
LINE
  5
C5B
330
1F
100
AcDbEntity
  8
0
  6
Continuous
 62
     7
370
    25
100
AcDbLine
 10
-82.1335947209
 20
-6.6712641248
 30
0.0
 11
-82.1335941964
 21
5.3287358752
 31
0.0
  0
LINE
  5
C5C
330
1F
100
AcDbEntity
  8
0
  6
Continuous
 62
     7
370
    25
100
AcDbLine
 10
-82.1335938873
 20
6.8287358752
 30
0.0
 11
-82.1335940652
 21
6.8287358752
 31
0.0
  0
LINE
  5
C5D
330
1F
100
AcDbEntity
  8
0
  6
Continuous
 62
     7
370
    25
100
AcDbLine
 10
-77.5835944084
 20
-9.1712633444
 30
0.0
 11
-77.5835944045
 21
-9.082743346
 31
0.0
  0
LINE
  5
C5E
330
1F
100
AcDbEntity
  8
0
  6
Continuous
 62
     7
370
    25
100
AcDbLine
 10
-77.5835941352
 20
5.5287356763
 30
0.0
 11
-77.5835941745
 21
4.6287356763
 31
0.0
  0
LINE
  5
C5F
330
1F
100
AcDbEntity
  8
0
  6
Continuous
 62
     7
370
    25
100
AcDbLine
 10
-77.5835942925
 20
1.9287356763
 30
0.0
 11
-77.5835943319
 21
1.0287356763
 31
0.0
  0
LINE
  5
C60
330
1F
100
AcDbEntity
  8
0
  6
Continuous
 62
     7
370
    25
100
AcDbLine
 10
-78.0835934686
 20
-2.4212643018
 30
0.0
 11
-78.0835936609
 21
-6.8212643018
 31
0.0
  0
LINE
  5
C61
330
1F
100
AcDbEntity
  8
0
  6
Continuous
 62
     7
370
    25
100
AcDbLine
 10
-78.0835931233
 20
5.4787356982
 30
0.0
 11
-78.0835933156
 21
1.0787356982
 31
0.0
  0
LINE
  5
C62
330
1F
100
AcDbEntity
  8
0
  6
Continuous
 62
     7
370
    25
100
AcDbLine
 10
-77.5835931233
 20
5.4787356763
 30
0.0
 11
-78.0835931233
 21
5.4787356982
 31
0.0
  0
LINE
  5
C63
330
1F
100
AcDbEntity
  8
0
  6
Continuous
 62
     7
370
    25
100
AcDbLine
 10
-77.5835933156
 20
1.0787356763
 30
0.0
 11
-78.0835933156
 21
1.0787356982
 31
0.0
  0
LINE
  5
C64
330
1F
100
AcDbEntity
  8
0
  6
Continuous
 62
     7
370
    25
100
AcDbLine
 10
-77.5835934686
 20
-2.4212643237
 30
0.0
 11
-78.0835934686
 21
-2.4212643018
 31
0.0
  0
LINE
  5
C65
330
1F
100
AcDbEntity
  8
0
  6
Continuous
 62
     7
370
    25
100
AcDbLine
 10
-77.5835936609
 20
-6.8212643237
 30
0.0
 11
-78.0835936609
 21
-6.8212643018
 31
0.0
  0
LINE
  5
C66
330
1F
100
AcDbEntity
  8
0
  6
Continuous
 62
     7
370
    25
100
AcDbLine
 10
-80.6335936249
 20
-5.3212641904
 30
0.0
 11
-78.0835938999
 21
-5.3212643018
 31
0.0
  0
LINE
  5
C67
330
1F
100
AcDbEntity
  8
0
  6
Continuous
 62
     7
370
    25
100
AcDbLine
 10
-80.633593855
 20
-5.4212641904
 30
0.0
 11
-78.1335841289
 21
-5.4212642997
 31
0.0
  0
LINE
  5
C68
330
1F
100
AcDbEntity
  8
0
  6
Continuous
 62
     7
370
    25
100
AcDbLine
 10
-80.6335935637
 20
-3.9212641904
 30
0.0
 11
-78.0835938387
 21
-3.9212643018
 31
0.0
  0
LINE
  5
C69
330
1F
100
AcDbEntity
  8
0
  6
Continuous
 62
     7
370
    25
100
AcDbLine
 10
-79.6976447059
 20
-3.9212642313
 30
0.0
 11
-79.6976447671
 21
-5.3212642313
 31
0.0
  0
LINE
  5
C6A
330
1F
100
AcDbEntity
  8
0
  6
Continuous
 62
     7
370
    25
100
AcDbLine
 10
-80.6335937851
 20
-3.8212641904
 30
0.0
 11
-78.133584059
 21
-3.8212642997
 31
0.0
  0
LINE
  5
C6B
330
1F
100
AcDbEntity
  8
0
  6
Continuous
 62
     7
370
    25
100
AcDbLine
 10
-80.5835934397
 20
4.0787358074
 30
0.0
 11
-78.0835837137
 21
4.0787356982
 31
0.0
  0
LINE
  5
C6C
330
1F
100
AcDbEntity
  8
0
  6
Continuous
 62
     7
370
    25
100
AcDbLine
 10
-80.5835932184
 20
3.9787358074
 30
0.0
 11
-78.0835934848
 21
3.9787356982
 31
0.0
  0
LINE
  5
C6D
330
1F
100
AcDbEntity
  8
0
  6
Continuous
 62
     7
370
    25
100
AcDbLine
 10
-80.5835932796
 20
2.5787358074
 30
0.0
 11
-78.0835935459
 21
2.5787356982
 31
0.0
  0
LINE
  5
C6E
330
1F
100
AcDbEntity
  8
0
  6
Continuous
 62
     7
370
    25
100
AcDbLine
 10
-80.5835935097
 20
2.4787358074
 30
0.0
 11
-78.0835837836
 21
2.4787356982
 31
0.0
  0
LINE
  5
C6F
330
1F
100
AcDbEntity
  8
0
  6
Continuous
 62
     7
370
    25
100
AcDbLine
 10
-79.6476443605
 20
3.9787357665
 30
0.0
 11
-79.6476444217
 21
2.5787357665
 31
0.0
  0
LINE
  5
C70
330
1F
100
AcDbEntity
  8
0
  6
Continuous
 62
     7
370
    25
100
AcDbLine
 10
-76.7835943389
 20
-9.082743346
 30
0.0
 11
-76.7835943428
 21
-9.1712633444
 31
0.0
  0
LINE
  5
C71
330
1F
100
AcDbEntity
  8
0
  6
Continuous
 62
     7
370
    25
100
AcDbLine
 10
-59.3710931041
 20
-9.1712633444
 30
0.0
 11
-59.3710931041
 21
-9.082743346
 31
0.0
  0
LINE
  5
C72
330
1F
100
AcDbEntity
  8
0
  6
Continuous
 62
     7
370
    25
100
AcDbLine
 10
-58.7360925489
 20
-9.082743346
 30
0.0
 11
-58.7360925489
 21
-9.1712633444
 31
0.0
  0
LINE
  5
C73
330
1F
100
AcDbEntity
  8
0
  6
Continuous
 62
     7
370
    25
100
AcDbLine
 10
-56.8310925489
 20
-9.1712633444
 30
0.0
 11
-56.8310925489
 21
-9.082743346
 31
0.0
  0
LINE
  5
C74
330
1F
100
AcDbEntity
  8
0
  6
Continuous
 62
     7
370
    25
100
AcDbLine
 10
-56.83109266
 20
-4.5437634032
 30
0.0
 11
-56.83109266
 21
-8.671263346
 31
0.0
  0
LINE
  5
C75
330
1F
100
AcDbEntity
  8
0
  6
Continuous
 62
     7
370
    25
100
AcDbLine
 10
-56.8310934038
 20
-3.9087634032
 30
0.0
 11
-56.831092771
 21
-3.9087634032
 31
0.0
  0
LINE
  5
C76
330
1F
100
AcDbEntity
  8
0
  6
Continuous
 62
     7
370
    25
100
AcDbLine
 10
-56.6335945724
 20
-3.2737634032
 30
0.0
 11
-56.8310934038
 21
-3.2737634032
 31
0.0
  0
LINE
  5
C77
330
1F
100
AcDbEntity
  8
0
  6
Continuous
 62
     7
370
    25
100
AcDbLine
 10
-56.1960925489
 20
-9.082743346
 30
0.0
 11
-56.1960925489
 21
-9.1712633444
 31
0.0
  0
LINE
  5
C78
330
1F
100
AcDbEntity
  8
0
  6
Continuous
 62
     7
370
    25
100
AcDbLine
 10
-54.2910925489
 20
-9.1712633444
 30
0.0
 11
-54.2910925489
 21
-9.082743346
 31
0.0
  0
LINE
  5
C79
330
1F
100
AcDbEntity
  8
0
  6
Continuous
 62
     7
370
    25
100
AcDbLine
 10
-53.6560925489
 20
-9.082743346
 30
0.0
 11
-53.6560925489
 21
-9.1712633444
 31
0.0
  0
LINE
  5
C7A
330
1F
100
AcDbEntity
  8
0
  6
Continuous
 62
     7
370
    25
100
AcDbLine
 10
-51.1160925489
 20
-9.082743346
 30
0.0
 11
-51.1160925489
 21
-9.1712633444
 31
0.0
  0
LINE
  5
C7B
330
1F
100
AcDbEntity
  8
0
  6
Continuous
 62
     7
370
    25
100
AcDbLine
 10
-48.576092771
 20
-3.2737634032
 30
0.0
 11
-48.633593484
 21
-3.2737634032
 31
0.0
  0
LINE
  5
C7C
330
1F
100
AcDbEntity
  8
0
  6
Continuous
 62
     7
370
    25
100
AcDbLine
 10
-49.21109266
 20
-9.082743346
 30
0.0
 11
-49.21109266
 21
-9.1712633444
 31
0.0
  0
LINE
  5
C7D
330
1F
100
AcDbEntity
  8
0
  6
Continuous
 62
     7
370
    25
100
AcDbLine
 10
-48.5760925489
 20
-4.5437634032
 30
0.0
 11
-48.5760925489
 21
-8.671263346
 31
0.0
  0
LINE
  5
C7E
330
1F
100
AcDbEntity
  8
0
  6
Continuous
 62
     7
370
    25
100
AcDbLine
 10
-48.5760925489
 20
-9.082743346
 30
0.0
 11
-48.5760925489
 21
-9.1712633444
 31
0.0
  0
LINE
  5
C7F
330
1F
100
AcDbEntity
  8
0
  6
Continuous
 62
     7
370
    25
100
AcDbLine
 10
-46.67109266
 20
-9.082743346
 30
0.0
 11
-46.67109266
 21
-9.1712633444
 31
0.0
  0
LINE
  5
C80
330
1F
100
AcDbEntity
  8
0
  6
Continuous
 62
     7
370
    25
100
AcDbLine
 10
-46.0360925489
 20
-9.082743346
 30
0.0
 11
-46.0360925489
 21
-9.1712633444
 31
0.0
  0
LINE
  5
C81
330
1F
100
AcDbEntity
  8
0
  6
Continuous
 62
     7
370
    25
100
AcDbLine
 10
-44.13109266
 20
-9.082743346
 30
0.0
 11
-44.13109266
 21
-9.1712633444
 31
0.0
  0
LINE
  5
C82
330
1F
100
AcDbEntity
  8
0
  6
Continuous
 62
     7
370
    25
100
AcDbLine
 10
-44.13109266
 20
-5.8712642998
 30
0.0
 11
-44.13109266
 21
-6.8712642998
 31
0.0
  0
LINE
  5
C83
330
1F
100
AcDbEntity
  8
0
  6
Continuous
 62
     7
370
    25
100
AcDbLine
 10
-44.0835943101
 20
-3.2737634032
 30
0.0
 11
-44.1310934038
 21
-3.2737634032
 31
0.0
  0
LINE
  5
C84
330
1F
100
AcDbEntity
  8
0
  6
Continuous
 62
     7
370
    25
100
AcDbLine
 10
-41.59109266
 20
-9.082743346
 30
0.0
 11
-41.59109266
 21
-9.1712633444
 31
0.0
  0
LINE
  5
C85
330
1F
100
AcDbEntity
  8
0
  6
Continuous
 62
     7
370
    25
100
AcDbLine
 10
-40.9560925489
 20
-9.082743346
 30
0.0
 11
-40.9560925489
 21
-9.1712633444
 31
0.0
  0
LINE
  5
C86
330
1F
100
AcDbEntity
  8
0
  6
Continuous
 62
     7
370
    25
100
AcDbLine
 10
-39.0510925489
 20
-9.1712633444
 30
0.0
 11
-39.0510925489
 21
-9.082743346
 31
0.0
  0
LINE
  5
C87
330
1F
100
AcDbEntity
  8
0
  6
Continuous
 62
     7
370
    25
100
AcDbLine
 10
-38.4160925489
 20
-9.082743346
 30
0.0
 11
-38.4160925489
 21
-9.1712633444
 31
0.0
  0
LINE
  5
C88
330
1F
100
AcDbEntity
  8
0
  6
Continuous
 62
     7
370
    25
100
AcDbLine
 10
-36.51109266
 20
-9.082743346
 30
0.0
 11
-36.51109266
 21
-9.1712633444
 31
0.0
  0
LINE
  5
C89
330
1F
100
AcDbEntity
  8
0
  6
Continuous
 62
     7
370
    25
100
AcDbLine
 10
-35.8760925489
 20
-9.082743346
 30
0.0
 11
-35.8760925489
 21
-9.1712633444
 31
0.0
  0
LINE
  5
C8A
330
1F
100
AcDbEntity
  8
0
  6
Continuous
 62
     7
370
    25
100
AcDbLine
 10
-33.97109266
 20
-9.082743346
 30
0.0
 11
-33.97109266
 21
-9.1712633444
 31
0.0
  0
LINE
  5
C8B
330
1F
100
AcDbEntity
  8
0
  6
Continuous
 62
     7
370
    25
100
AcDbLine
 10
-33.3360925489
 20
-9.082743346
 30
0.0
 11
-33.3360925489
 21
-9.1712633444
 31
0.0
  0
LINE
  5
C8C
330
1F
100
AcDbEntity
  8
0
  6
Continuous
 62
     7
370
    25
100
AcDbLine
 10
-31.43109266
 20
-9.082743346
 30
0.0
 11
-31.43109266
 21
-9.1712633444
 31
0.0
  0
LINE
  5
C8D
330
1F
100
AcDbEntity
  8
0
  6
Continuous
 62
     7
370
    25
100
AcDbLine
 10
-31.43109266
 20
-4.5437634032
 30
0.0
 11
-31.43109266
 21
-8.671263346
 31
0.0
  0
LINE
  5
C8E
330
1F
100
AcDbEntity
  8
0
  6
Continuous
 62
     7
370
    25
100
AcDbLine
 10
-30.7960925489
 20
-9.082743346
 30
0.0
 11
-30.7960925489
 21
-9.1712633444
 31
0.0
  0
LINE
  5
C8F
330
1F
100
AcDbEntity
  8
0
  6
Continuous
 62
     7
370
    25
100
AcDbLine
 10
-31.1335945724
 20
-3.2737634032
 30
0.0
 11
-31.4310934038
 21
-3.2737634032
 31
0.0
  0
LINE
  5
C90
330
1F
100
AcDbEntity
  8
0
  6
Continuous
 62
     7
370
    25
100
AcDbLine
 10
-31.4310934038
 20
-3.9087634032
 30
0.0
 11
-31.431092771
 21
-3.9087634032
 31
0.0
  0
LINE
  5
C91
330
1F
100
AcDbEntity
  8
0
  6
Continuous
 62
     7
370
    25
100
AcDbLine
 10
-28.89109266
 20
-9.082743346
 30
0.0
 11
-28.89109266
 21
-9.1712633444
 31
0.0
  0
LINE
  5
C92
330
1F
100
AcDbEntity
  8
0
  6
Continuous
 62
     7
370
    25
100
AcDbLine
 10
-28.2560925489
 20
-9.082743346
 30
0.0
 11
-28.2560925489
 21
-9.1712633444
 31
0.0
  0
LINE
  5
C93
330
1F
100
AcDbEntity
  8
0
  6
Continuous
 62
     7
370
    25
100
AcDbLine
 10
-25.7160925489
 20
-9.082743346
 30
0.0
 11
-25.7160925489
 21
-9.1712633444
 31
0.0
  0
LINE
  5
C94
330
1F
100
AcDbEntity
  8
0
  6
Continuous
 62
     7
370
    25
100
AcDbLine
 10
-23.1760925489
 20
-8.3729887658
 30
0.0
 11
-23.1760925489
 21
-8.671263346
 31
0.0
  0
LINE
  5
C95
330
1F
100
AcDbEntity
  8
0
  6
Continuous
 62
     7
370
    25
100
AcDbLine
 10
-23.1760925489
 20
-9.082743346
 30
0.0
 11
-23.1760925489
 21
-9.1712633444
 31
0.0
  0
LINE
  5
C96
330
1F
100
AcDbEntity
  8
0
  6
Continuous
 62
     7
370
    25
100
AcDbLine
 10
-23.81109266
 20
-9.082743346
 30
0.0
 11
-23.81109266
 21
-9.1712633444
 31
0.0
  0
LINE
  5
C97
330
1F
100
AcDbEntity
  8
0
  6
Continuous
 62
     7
370
    25
100
AcDbLine
 10
-61.0855934038
 20
-2.3712643018
 30
0.0
 11
-61.0855934038
 21
-3.3712643018
 31
0.0
  0
LINE
  5
C98
330
1F
100
AcDbEntity
  8
0
  6
Continuous
 62
     7
370
    25
100
AcDbLine
 10
-61.0855934038
 20
-5.8712643018
 30
0.0
 11
-61.0855934038
 21
-6.8712643018
 31
0.0
  0
LINE
  5
C99
330
1F
100
AcDbEntity
  8
0
  6
Continuous
 62
     7
370
    25
100
AcDbLine
 10
-61.0855947362
 20
-6.8712643018
 30
0.0
 11
-61.0855947362
 21
-5.8712643018
 31
0.0
  0
LINE
  5
C9A
330
1F
100
AcDbEntity
  8
0
  6
Continuous
 62
     7
370
    25
100
AcDbLine
 10
-61.0855947362
 20
-3.3712643018
 30
0.0
 11
-61.0855947362
 21
-2.3712643018
 31
0.0
  0
LINE
  5
C9B
330
1F
100
AcDbEntity
  8
0
  6
Continuous
 62
     7
370
    25
100
AcDbLine
 10
-39.6335944244
 20
-7.7822634032
 30
0.0
 11
-40.1335942403
 21
-7.7822634032
 31
0.0
  0
LINE
  5
C9C
330
1F
100
AcDbEntity
  8
0
  6
Continuous
 62
     7
370
    25
100
AcDbLine
 10
-39.559093315
 20
-8.5442634032
 30
0.0
 11
-40.3006195506
 21
-8.5442634032
 31
0.0
  0
LINE
  5
C9D
330
1F
100
AcDbEntity
  8
0
  6
Continuous
 62
     7
370
    25
100
AcDbLine
 10
-39.6335937636
 20
-1.9402634032
 30
0.0
 11
-40.133593962
 21
-1.9402634032
 31
0.0
  0
LINE
  5
C9E
330
1F
100
AcDbEntity
  8
0
  6
Continuous
 62
     7
370
    25
100
AcDbLine
 10
-40.1335939563
 20
-1.6862634032
 30
0.0
 11
-39.6335937471
 21
-1.6862634032
 31
0.0
  0
LINE
  5
C9F
330
1F
100
AcDbEntity
  8
0
  6
Continuous
 62
     7
370
    25
100
AcDbLine
 10
-23.1335936922
 20
-8.0362634032
 30
0.0
 11
-22.6335944186
 21
-8.0362634032
 31
0.0
  0
LINE
  5
CA0
330
1F
100
AcDbEntity
  8
0
  6
Continuous
 62
     7
370
    25
100
AcDbLine
 10
-31.6335936922
 20
-8.0362634032
 30
0.0
 11
-31.4310931041
 21
-8.0362634032
 31
0.0
  0
LINE
  5
CA1
330
1F
100
AcDbEntity
  8
0
  6
Continuous
 62
     7
370
    25
100
AcDbLine
 10
-57.1335936922
 20
-8.0362634032
 30
0.0
 11
-56.8310931041
 21
-8.0362634032
 31
0.0
  0
LINE
  5
CA2
330
1F
100
AcDbEntity
  8
0
  6
Continuous
 62
     7
370
    25
100
AcDbLine
 10
-48.576092993
 20
-8.0362634032
 30
0.0
 11
-48.1335947422
 21
-8.0362634032
 31
0.0
  0
LINE
  5
CA3
330
1F
100
AcDbEntity
  8
0
  6
Continuous
 62
     7
370
    25
100
AcDbLine
 10
-22.6335937471
 20
-1.6862634032
 30
0.0
 11
-23.1335939563
 21
-1.6862634032
 31
0.0
  0
LINE
  5
CA4
330
1F
100
AcDbEntity
  8
0
  6
Continuous
 62
     7
370
    25
100
AcDbLine
 10
-31.1335937471
 20
-1.6862634032
 30
0.0
 11
-31.6335939563
 21
-1.6862634032
 31
0.0
  0
LINE
  5
CA5
330
1F
100
AcDbEntity
  8
0
  6
Continuous
 62
     7
370
    25
100
AcDbLine
 10
-48.133594503
 20
-1.6862634032
 30
0.0
 11
-48.6335939563
 21
-1.6862634032
 31
0.0
  0
LINE
  5
CA6
330
1F
100
AcDbEntity
  8
0
  6
Continuous
 62
     7
370
    25
100
AcDbLine
 10
-56.6335937471
 20
-1.6862634032
 30
0.0
 11
-57.1335939563
 21
-1.6862634032
 31
0.0
  0
LINE
  5
CA7
330
1F
100
AcDbEntity
  8
0
  6
Continuous
 62
     7
370
    25
100
AcDbLine
 10
-40.0035943009
 20
-0.6702634032
 30
0.0
 11
-40.133593921
 21
-0.6702634032
 31
0.0
  0
LINE
  5
CA8
330
1F
100
AcDbEntity
  8
0
  6
Continuous
 62
     7
370
    25
100
AcDbLine
 10
-40.0035943009
 20
-0.6702634032
 30
0.0
 11
-40.0035943498
 21
-1.6862634032
 31
0.0
  0
LINE
  5
CA9
330
1F
100
AcDbEntity
  8
0
  6
Continuous
 62
     7
370
    25
100
AcDbLine
 10
-40.0035943498
 20
-1.4322634032
 30
0.0
 11
-40.1335939493
 21
-1.4322634032
 31
0.0
  0
LINE
  5
CAA
330
1F
100
AcDbEntity
  8
0
  6
Continuous
 62
     7
370
    25
100
AcDbLine
 10
11.3664139313
 20
-8.1712641248
 30
0.0
 11
11.366414587
 21
6.8287358752
 31
0.0
  0
LINE
  5
CAB
330
1F
100
AcDbEntity
  8
0
  6
Continuous
 62
     7
370
    25
100
AcDbLine
 10
19.3664139313
 20
-8.1712644745
 30
0.0
 11
19.366414587
 21
6.8287355255
 31
0.0
  0
LINE
  5
CAC
330
1F
100
AcDbEntity
  8
0
  6
Continuous
 62
     7
370
    25
100
AcDbLine
 10
18.8664139095
 20
-8.6712644526
 30
0.0
 11
11.8664139095
 21
-8.6712641467
 31
0.0
  0
LINE
  5
CAD
330
1F
100
AcDbEntity
  8
0
  6
Continuous
 62
     7
370
    25
100
AcDbLine
 10
18.8664146088
 20
7.3287355474
 30
0.0
 11
11.8664146088
 21
7.3287358533
 31
0.0
  0
LINE
  5
CAE
330
1F
100
AcDbEntity
  8
0
  6
Continuous
 62
     7
370
    25
100
AcDbLine
 10
12.8664141236
 20
-3.7712641904
 30
0.0
 11
12.8664140493
 21
-5.4712641904
 31
0.0
  0
LINE
  5
CAF
330
1F
100
AcDbEntity
  8
0
  6
Continuous
 62
     7
370
    25
100
AcDbLine
 10
12.8664140493
 20
-5.4712641904
 30
0.0
 11
14.5164140493
 21
-5.4712642625
 31
0.0
  0
LINE
  5
CB0
330
1F
100
AcDbEntity
  8
0
  6
Continuous
 62
     7
370
    25
100
AcDbLine
 10
14.5164140493
 20
-5.4712642625
 30
0.0
 11
14.5164140319
 21
-5.8712642625
 31
0.0
  0
LINE
  5
CB1
330
1F
100
AcDbEntity
  8
0
  6
Continuous
 62
     7
370
    25
100
AcDbLine
 10
15.366413527
 20
-5.4212642997
 30
0.0
 11
15.3664139881
 21
-6.8712642997
 31
0.0
  0
LINE
  5
CB2
330
1F
100
AcDbEntity
  8
0
  6
Continuous
 62
     7
370
    25
100
AcDbLine
 10
15.3664139881
 20
-6.8712642997
 30
0.0
 11
15.9164139881
 21
-6.8712643237
 31
0.0
  0
LINE
  5
CB3
330
1F
100
AcDbEntity
  8
0
  6
Continuous
 62
     7
370
    25
100
AcDbLine
 10
15.9164139881
 20
-6.8712643237
 30
0.0
 11
15.9164141848
 21
-2.3712643237
 31
0.0
  0
LINE
  5
CB4
330
1F
100
AcDbEntity
  8
0
  6
Continuous
 62
     7
370
    25
100
AcDbLine
 10
15.9164141848
 20
-2.3712643237
 30
0.0
 11
15.3664141848
 21
-2.3712642997
 31
0.0
  0
LINE
  5
CB5
330
1F
100
AcDbEntity
  8
0
  6
Continuous
 62
     7
370
    25
100
AcDbLine
 10
15.3664141848
 20
-2.3712642997
 30
0.0
 11
15.3664135969
 21
-3.8212642997
 31
0.0
  0
LINE
  5
CB6
330
1F
100
AcDbEntity
  8
0
  6
Continuous
 62
     7
370
    25
100
AcDbLine
 10
14.5164141411
 20
-3.3712642625
 30
0.0
 11
14.5164141236
 21
-3.7712642625
 31
0.0
  0
LINE
  5
CB7
330
1F
100
AcDbEntity
  8
0
  6
Continuous
 62
     7
370
    25
100
AcDbLine
 10
14.5164141236
 20
-3.7712642625
 30
0.0
 11
12.8664141236
 21
-3.7712641904
 31
0.0
  0
LINE
  5
CB8
330
1F
100
AcDbEntity
  8
0
  6
Continuous
 62
     7
370
    25
100
AcDbLine
 10
12.916414469
 20
4.1287358074
 30
0.0
 11
12.9164143947
 21
2.4287358074
 31
0.0
  0
LINE
  5
CB9
330
1F
100
AcDbEntity
  8
0
  6
Continuous
 62
     7
370
    25
100
AcDbLine
 10
12.9164143947
 20
2.4287358074
 30
0.0
 11
14.5164143947
 21
2.4287357375
 31
0.0
  0
LINE
  5
CBA
330
1F
100
AcDbEntity
  8
0
  6
Continuous
 62
     7
370
    25
100
AcDbLine
 10
14.5164143947
 20
2.4287357375
 30
0.0
 11
14.5164143597
 21
1.6287357375
 31
0.0
  0
LINE
  5
CBB
330
1F
100
AcDbEntity
  8
0
  6
Continuous
 62
     7
370
    25
100
AcDbLine
 10
14.5164143597
 20
1.6287357375
 30
0.0
 11
15.3664143597
 21
1.6287357003
 31
0.0
  0
LINE
  5
CBC
330
1F
100
AcDbEntity
  8
0
  6
Continuous
 62
     7
370
    25
100
AcDbLine
 10
15.3664138723
 20
2.4787357003
 30
0.0
 11
15.3664143335
 21
1.0287357003
 31
0.0
  0
LINE
  5
CBD
330
1F
100
AcDbEntity
  8
0
  6
Continuous
 62
     7
370
    25
100
AcDbLine
 10
15.3664143335
 20
1.0287357003
 30
0.0
 11
15.9164143335
 21
1.0287356763
 31
0.0
  0
LINE
  5
CBE
330
1F
100
AcDbEntity
  8
0
  6
Continuous
 62
     7
370
    25
100
AcDbLine
 10
15.9164143335
 20
1.0287356763
 30
0.0
 11
15.9164145302
 21
5.5287356763
 31
0.0
  0
LINE
  5
CBF
330
1F
100
AcDbEntity
  8
0
  6
Continuous
 62
     7
370
    25
100
AcDbLine
 10
15.9164145302
 20
5.5287356763
 30
0.0
 11
15.3664145302
 21
5.5287357003
 31
0.0
  0
LINE
  5
CC0
330
1F
100
AcDbEntity
  8
0
  6
Continuous
 62
     7
370
    25
100
AcDbLine
 10
15.3664145302
 20
5.5287357003
 30
0.0
 11
15.3664139422
 21
4.0787357003
 31
0.0
  0
LINE
  5
CC1
330
1F
100
AcDbEntity
  8
0
  6
Continuous
 62
     7
370
    25
100
AcDbLine
 10
15.3664145039
 20
4.9287357003
 30
0.0
 11
14.5164145039
 21
4.9287357375
 31
0.0
  0
LINE
  5
CC2
330
1F
100
AcDbEntity
  8
0
  6
Continuous
 62
     7
370
    25
100
AcDbLine
 10
14.5164145039
 20
4.9287357375
 30
0.0
 11
14.516414469
 21
4.1287357375
 31
0.0
  0
LINE
  5
CC3
330
1F
100
AcDbEntity
  8
0
  6
Continuous
 62
     7
370
    25
100
AcDbLine
 10
14.516414469
 20
4.1287357375
 30
0.0
 11
12.916414469
 21
4.1287358074
 31
0.0
  0
LINE
  5
CC4
330
1F
100
AcDbEntity
  8
0
  6
Continuous
 62
     7
370
    25
100
AcDbLine
 10
11.3664130864
 20
-8.1712641248
 30
0.0
 11
11.3664129085
 21
-8.1712641248
 31
0.0
  0
LINE
  5
CC5
330
1F
100
AcDbEntity
  8
0
  6
Continuous
 62
     7
370
    25
100
AcDbLine
 10
11.3664129085
 20
-6.6712641248
 30
0.0
 11
11.366413433
 21
5.3287358752
 31
0.0
  0
LINE
  5
CC6
330
1F
100
AcDbEntity
  8
0
  6
Continuous
 62
     7
370
    25
100
AcDbLine
 10
11.3664137421
 20
6.8287358752
 30
0.0
 11
11.3664135641
 21
6.8287358752
 31
0.0
  0
LINE
  5
CC7
330
1F
100
AcDbEntity
  8
0
  6
Continuous
 62
     7
370
    25
100
AcDbLine
 10
15.916413221
 20
-9.1712633444
 30
0.0
 11
15.9164132249
 21
-9.082743346
 31
0.0
  0
LINE
  5
CC8
330
1F
100
AcDbEntity
  8
0
  6
Continuous
 62
     7
370
    25
100
AcDbLine
 10
15.9164134942
 20
5.5287356763
 30
0.0
 11
15.9164134549
 21
4.6287356763
 31
0.0
  0
LINE
  5
CC9
330
1F
100
AcDbEntity
  8
0
  6
Continuous
 62
     7
370
    25
100
AcDbLine
 10
15.9164133368
 20
1.9287356763
 30
0.0
 11
15.9164132975
 21
1.0287356763
 31
0.0
  0
LINE
  5
CCA
330
1F
100
AcDbEntity
  8
0
  6
Continuous
 62
     7
370
    25
100
AcDbLine
 10
15.9164141608
 20
-2.4212643237
 30
0.0
 11
15.4164133565
 21
-2.4212643018
 31
0.0
  0
LINE
  5
CCB
330
1F
100
AcDbEntity
  8
0
  6
Continuous
 62
     7
370
    25
100
AcDbLine
 10
15.9164139685
 20
-6.8212643237
 30
0.0
 11
15.4164131642
 21
-6.8212643018
 31
0.0
  0
LINE
  5
CCC
330
1F
100
AcDbEntity
  8
0
  6
Continuous
 62
     7
370
    25
100
AcDbLine
 10
15.4164141608
 20
-2.4212643018
 30
0.0
 11
15.4164139685
 21
-6.8212643018
 31
0.0
  0
LINE
  5
CCD
330
1F
100
AcDbEntity
  8
0
  6
Continuous
 62
     7
370
    25
100
AcDbLine
 10
15.9164145061
 20
5.4787356763
 30
0.0
 11
15.4164137018
 21
5.4787356982
 31
0.0
  0
LINE
  5
CCE
330
1F
100
AcDbEntity
  8
0
  6
Continuous
 62
     7
370
    25
100
AcDbLine
 10
15.9164143138
 20
1.0787356763
 30
0.0
 11
15.4164135095
 21
1.0787356982
 31
0.0
  0
LINE
  5
CCF
330
1F
100
AcDbEntity
  8
0
  6
Continuous
 62
     7
370
    25
100
AcDbLine
 10
15.4164145061
 20
5.4787356982
 30
0.0
 11
15.4164143138
 21
1.0787356982
 31
0.0
  0
LINE
  5
CD0
330
1F
100
AcDbEntity
  8
0
  6
Continuous
 62
     7
370
    25
100
AcDbLine
 10
12.8664140656
 20
-3.9212641904
 30
0.0
 11
15.4164137907
 21
-3.9212643018
 31
0.0
  0
LINE
  5
CD1
330
1F
100
AcDbEntity
  8
0
  6
Continuous
 62
     7
370
    25
100
AcDbLine
 10
13.8023629235
 20
-3.9212642313
 30
0.0
 11
13.8023628623
 21
-5.3212642313
 31
0.0
  0
LINE
  5
CD2
330
1F
100
AcDbEntity
  8
0
  6
Continuous
 62
     7
370
    25
100
AcDbLine
 10
12.8664140045
 20
-5.3212641904
 30
0.0
 11
15.4164137295
 21
-5.3212643018
 31
0.0
  0
LINE
  5
CD3
330
1F
100
AcDbEntity
  8
0
  6
Continuous
 62
     7
370
    25
100
AcDbLine
 10
12.8664137744
 20
-5.4212641904
 30
0.0
 11
15.3664235004
 21
-5.4212642997
 31
0.0
  0
LINE
  5
CD4
330
1F
100
AcDbEntity
  8
0
  6
Continuous
 62
     7
370
    25
100
AcDbLine
 10
12.8664138443
 20
-3.8212641904
 30
0.0
 11
15.3664235704
 21
-3.8212642997
 31
0.0
  0
LINE
  5
CD5
330
1F
100
AcDbEntity
  8
0
  6
Continuous
 62
     7
370
    25
100
AcDbLine
 10
12.916414411
 20
3.9787358074
 30
0.0
 11
15.4164141446
 21
3.9787356982
 31
0.0
  0
LINE
  5
CD6
330
1F
100
AcDbEntity
  8
0
  6
Continuous
 62
     7
370
    25
100
AcDbLine
 10
13.8523632688
 20
3.9787357665
 30
0.0
 11
13.8523632076
 21
2.5787357665
 31
0.0
  0
LINE
  5
CD7
330
1F
100
AcDbEntity
  8
0
  6
Continuous
 62
     7
370
    25
100
AcDbLine
 10
12.9164143498
 20
2.5787358074
 30
0.0
 11
15.4164140834
 21
2.5787356982
 31
0.0
  0
LINE
  5
CD8
330
1F
100
AcDbEntity
  8
0
  6
Continuous
 62
     7
370
    25
100
AcDbLine
 10
12.9164141197
 20
2.4787358074
 30
0.0
 11
15.4164238458
 21
2.4787356982
 31
0.0
  0
LINE
  5
CD9
330
1F
100
AcDbEntity
  8
0
  6
Continuous
 62
     7
370
    25
100
AcDbLine
 10
12.9164141896
 20
4.0787358074
 30
0.0
 11
15.4164239157
 21
4.0787356982
 31
0.0
  0
LINE
  5
CDA
330
1F
100
AcDbEntity
  8
0
  6
Continuous
 62
     7
370
    25
100
AcDbLine
 10
16.7164132904
 20
-9.082743346
 30
0.0
 11
16.7164132866
 21
-9.1712633444
 31
0.0
  0
LINE
  5
CDB
330
1F
100
AcDbEntity
  8
0
  6
Continuous
 62
     7
370
    25
100
AcDbLine
 10
-14.6335936981
 20
-8.1712644745
 30
0.0
 11
-14.6335930424
 21
6.8287355255
 31
0.0
  0
LINE
  5
CDC
330
1F
100
AcDbEntity
  8
0
  6
Continuous
 62
     7
370
    25
100
AcDbLine
 10
-15.1335937199
 20
-8.6712644526
 30
0.0
 11
-22.1335937199
 21
-8.6712641467
 31
0.0
  0
LINE
  5
CDD
330
1F
100
AcDbEntity
  8
0
  6
Continuous
 62
     7
370
    25
100
AcDbLine
 10
-22.6335936981
 20
-8.1712641248
 30
0.0
 11
-22.6335930424
 21
6.8287358752
 31
0.0
  0
LINE
  5
CDE
330
1F
100
AcDbEntity
  8
0
  6
Continuous
 62
     7
370
    25
100
AcDbLine
 10
-15.1335930206
 20
7.3287355474
 30
0.0
 11
-22.1335930205
 21
7.3287358533
 31
0.0
  0
LINE
  5
CDF
330
1F
100
AcDbEntity
  8
0
  6
Continuous
 62
     7
370
    25
100
AcDbLine
 10
-21.1335935057
 20
-3.7712641904
 30
0.0
 11
-21.13359358
 21
-5.4712641904
 31
0.0
  0
LINE
  5
CE0
330
1F
100
AcDbEntity
  8
0
  6
Continuous
 62
     7
370
    25
100
AcDbLine
 10
-21.13359358
 20
-5.4712641904
 30
0.0
 11
-19.4835935801
 21
-5.4712642625
 31
0.0
  0
LINE
  5
CE1
330
1F
100
AcDbEntity
  8
0
  6
Continuous
 62
     7
370
    25
100
AcDbLine
 10
-19.4835935801
 20
-5.4712642625
 30
0.0
 11
-19.4835935975
 21
-5.8712642625
 31
0.0
  0
LINE
  5
CE2
330
1F
100
AcDbEntity
  8
0
  6
Continuous
 62
     7
370
    25
100
AcDbLine
 10
-18.6335941024
 20
-5.4212642997
 30
0.0
 11
-18.6335936413
 21
-6.8712642997
 31
0.0
  0
LINE
  5
CE3
330
1F
100
AcDbEntity
  8
0
  6
Continuous
 62
     7
370
    25
100
AcDbLine
 10
-18.6335936413
 20
-6.8712642997
 30
0.0
 11
-18.0835936413
 21
-6.8712643237
 31
0.0
  0
LINE
  5
CE4
330
1F
100
AcDbEntity
  8
0
  6
Continuous
 62
     7
370
    25
100
AcDbLine
 10
-18.0835936413
 20
-6.8712643237
 30
0.0
 11
-18.0835934446
 21
-2.3712643237
 31
0.0
  0
LINE
  5
CE5
330
1F
100
AcDbEntity
  8
0
  6
Continuous
 62
     7
370
    25
100
AcDbLine
 10
-18.0835934446
 20
-2.3712643237
 30
0.0
 11
-18.6335934446
 21
-2.3712642997
 31
0.0
  0
LINE
  5
CE6
330
1F
100
AcDbEntity
  8
0
  6
Continuous
 62
     7
370
    25
100
AcDbLine
 10
-18.6335934446
 20
-2.3712642997
 30
0.0
 11
-18.6335940325
 21
-3.8212642997
 31
0.0
  0
LINE
  5
CE7
330
1F
100
AcDbEntity
  8
0
  6
Continuous
 62
     7
370
    25
100
AcDbLine
 10
-19.4835934883
 20
-3.3712642625
 30
0.0
 11
-19.4835935057
 21
-3.7712642625
 31
0.0
  0
LINE
  5
CE8
330
1F
100
AcDbEntity
  8
0
  6
Continuous
 62
     7
370
    25
100
AcDbLine
 10
-19.4835935057
 20
-3.7712642625
 30
0.0
 11
-21.1335935057
 21
-3.7712641904
 31
0.0
  0
LINE
  5
CE9
330
1F
100
AcDbEntity
  8
0
  6
Continuous
 62
     7
370
    25
100
AcDbLine
 10
-21.0835931604
 20
4.1287358074
 30
0.0
 11
-21.0835932347
 21
2.4287358074
 31
0.0
  0
LINE
  5
CEA
330
1F
100
AcDbEntity
  8
0
  6
Continuous
 62
     7
370
    25
100
AcDbLine
 10
-21.0835932347
 20
2.4287358074
 30
0.0
 11
-19.4835932347
 21
2.4287357375
 31
0.0
  0
LINE
  5
CEB
330
1F
100
AcDbEntity
  8
0
  6
Continuous
 62
     7
370
    25
100
AcDbLine
 10
-19.4835932347
 20
2.4287357375
 30
0.0
 11
-19.4835932697
 21
1.6287357375
 31
0.0
  0
LINE
  5
CEC
330
1F
100
AcDbEntity
  8
0
  6
Continuous
 62
     7
370
    25
100
AcDbLine
 10
-19.4835932697
 20
1.6287357375
 30
0.0
 11
-18.6335932697
 21
1.6287357003
 31
0.0
  0
LINE
  5
CED
330
1F
100
AcDbEntity
  8
0
  6
Continuous
 62
     7
370
    25
100
AcDbLine
 10
-18.6335937571
 20
2.4787357003
 30
0.0
 11
-18.6335932959
 21
1.0287357003
 31
0.0
  0
LINE
  5
CEE
330
1F
100
AcDbEntity
  8
0
  6
Continuous
 62
     7
370
    25
100
AcDbLine
 10
-18.6335932959
 20
1.0287357003
 30
0.0
 11
-18.0835932959
 21
1.0287356763
 31
0.0
  0
LINE
  5
CEF
330
1F
100
AcDbEntity
  8
0
  6
Continuous
 62
     7
370
    25
100
AcDbLine
 10
-18.0835932959
 20
1.0287356763
 30
0.0
 11
-18.0835930992
 21
5.5287356763
 31
0.0
  0
LINE
  5
CF0
330
1F
100
AcDbEntity
  8
0
  6
Continuous
 62
     7
370
    25
100
AcDbLine
 10
-18.0835930992
 20
5.5287356763
 30
0.0
 11
-18.6335930992
 21
5.5287357003
 31
0.0
  0
LINE
  5
CF1
330
1F
100
AcDbEntity
  8
0
  6
Continuous
 62
     7
370
    25
100
AcDbLine
 10
-18.6335930992
 20
5.5287357003
 30
0.0
 11
-18.6335936871
 21
4.0787357003
 31
0.0
  0
LINE
  5
CF2
330
1F
100
AcDbEntity
  8
0
  6
Continuous
 62
     7
370
    25
100
AcDbLine
 10
-18.6335931255
 20
4.9287357003
 30
0.0
 11
-19.4835931255
 21
4.9287357375
 31
0.0
  0
LINE
  5
CF3
330
1F
100
AcDbEntity
  8
0
  6
Continuous
 62
     7
370
    25
100
AcDbLine
 10
-19.4835931255
 20
4.9287357375
 30
0.0
 11
-19.4835931604
 21
4.1287357375
 31
0.0
  0
LINE
  5
CF4
330
1F
100
AcDbEntity
  8
0
  6
Continuous
 62
     7
370
    25
100
AcDbLine
 10
-19.4835931604
 20
4.1287357375
 30
0.0
 11
-21.0835931604
 21
4.1287358074
 31
0.0
  0
LINE
  5
CF5
330
1F
100
AcDbEntity
  8
0
  6
Continuous
 62
     7
370
    25
100
AcDbLine
 10
-22.6335945429
 20
-8.1712641248
 30
0.0
 11
-22.6335947209
 21
-8.1712641248
 31
0.0
  0
LINE
  5
CF6
330
1F
100
AcDbEntity
  8
0
  6
Continuous
 62
     7
370
    25
100
AcDbLine
 10
-22.6335947209
 20
-6.6712641248
 30
0.0
 11
-22.6335941964
 21
5.3287358752
 31
0.0
  0
LINE
  5
CF7
330
1F
100
AcDbEntity
  8
0
  6
Continuous
 62
     7
370
    25
100
AcDbLine
 10
-22.6335938873
 20
6.8287358752
 30
0.0
 11
-22.6335940652
 21
6.8287358752
 31
0.0
  0
LINE
  5
CF8
330
1F
100
AcDbEntity
  8
0
  6
Continuous
 62
     7
370
    25
100
AcDbLine
 10
-18.0835944084
 20
-9.1712633444
 30
0.0
 11
-18.0835944045
 21
-9.082743346
 31
0.0
  0
LINE
  5
CF9
330
1F
100
AcDbEntity
  8
0
  6
Continuous
 62
     7
370
    25
100
AcDbLine
 10
-18.0835941352
 20
5.5287356763
 30
0.0
 11
-18.0835941745
 21
4.6287356763
 31
0.0
  0
LINE
  5
CFA
330
1F
100
AcDbEntity
  8
0
  6
Continuous
 62
     7
370
    25
100
AcDbLine
 10
-18.0835942926
 20
1.9287356763
 30
0.0
 11
-18.0835943319
 21
1.0287356763
 31
0.0
  0
LINE
  5
CFB
330
1F
100
AcDbEntity
  8
0
  6
Continuous
 62
     7
370
    25
100
AcDbLine
 10
-18.0835934686
 20
-2.4212643237
 30
0.0
 11
-18.5835942729
 21
-2.4212643018
 31
0.0
  0
LINE
  5
CFC
330
1F
100
AcDbEntity
  8
0
  6
Continuous
 62
     7
370
    25
100
AcDbLine
 10
-18.0835936609
 20
-6.8212643237
 30
0.0
 11
-18.5835944652
 21
-6.8212643018
 31
0.0
  0
LINE
  5
CFD
330
1F
100
AcDbEntity
  8
0
  6
Continuous
 62
     7
370
    25
100
AcDbLine
 10
-18.5835934686
 20
-2.4212643018
 30
0.0
 11
-18.5835936609
 21
-6.8212643018
 31
0.0
  0
LINE
  5
CFE
330
1F
100
AcDbEntity
  8
0
  6
Continuous
 62
     7
370
    25
100
AcDbLine
 10
-18.0835931233
 20
5.4787356763
 30
0.0
 11
-18.5835939276
 21
5.4787356982
 31
0.0
  0
LINE
  5
CFF
330
1F
100
AcDbEntity
  8
0
  6
Continuous
 62
     7
370
    25
100
AcDbLine
 10
-18.0835933156
 20
1.0787356763
 30
0.0
 11
-18.5835941199
 21
1.0787356982
 31
0.0
  0
LINE
  5
D00
330
1F
100
AcDbEntity
  8
0
  6
Continuous
 62
     7
370
    25
100
AcDbLine
 10
-18.5835931233
 20
5.4787356982
 30
0.0
 11
-18.5835933156
 21
1.0787356982
 31
0.0
  0
LINE
  5
D01
330
1F
100
AcDbEntity
  8
0
  6
Continuous
 62
     7
370
    25
100
AcDbLine
 10
-21.1335935637
 20
-3.9212641904
 30
0.0
 11
-18.5835938387
 21
-3.9212643018
 31
0.0
  0
LINE
  5
D02
330
1F
100
AcDbEntity
  8
0
  6
Continuous
 62
     7
370
    25
100
AcDbLine
 10
-20.1976447059
 20
-3.9212642313
 30
0.0
 11
-20.1976447671
 21
-5.3212642313
 31
0.0
  0
LINE
  5
D03
330
1F
100
AcDbEntity
  8
0
  6
Continuous
 62
     7
370
    25
100
AcDbLine
 10
-21.1335936249
 20
-5.3212641904
 30
0.0
 11
-18.5835938999
 21
-5.3212643018
 31
0.0
  0
LINE
  5
D04
330
1F
100
AcDbEntity
  8
0
  6
Continuous
 62
     7
370
    25
100
AcDbLine
 10
-21.133593855
 20
-5.4212641904
 30
0.0
 11
-18.633584129
 21
-5.4212642997
 31
0.0
  0
LINE
  5
D05
330
1F
100
AcDbEntity
  8
0
  6
Continuous
 62
     7
370
    25
100
AcDbLine
 10
-21.1335937851
 20
-3.8212641904
 30
0.0
 11
-18.633584059
 21
-3.8212642997
 31
0.0
  0
LINE
  5
D06
330
1F
100
AcDbEntity
  8
0
  6
Continuous
 62
     7
370
    25
100
AcDbLine
 10
-21.0835932184
 20
3.9787358074
 30
0.0
 11
-18.5835934848
 21
3.9787356982
 31
0.0
  0
LINE
  5
D07
330
1F
100
AcDbEntity
  8
0
  6
Continuous
 62
     7
370
    25
100
AcDbLine
 10
-20.1476443605
 20
3.9787357665
 30
0.0
 11
-20.1476444217
 21
2.5787357665
 31
0.0
  0
LINE
  5
D08
330
1F
100
AcDbEntity
  8
0
  6
Continuous
 62
     7
370
    25
100
AcDbLine
 10
-21.0835932796
 20
2.5787358074
 30
0.0
 11
-18.583593546
 21
2.5787356982
 31
0.0
  0
LINE
  5
D09
330
1F
100
AcDbEntity
  8
0
  6
Continuous
 62
     7
370
    25
100
AcDbLine
 10
-21.0835935097
 20
2.4787358074
 30
0.0
 11
-18.5835837836
 21
2.4787356982
 31
0.0
  0
LINE
  5
D0A
330
1F
100
AcDbEntity
  8
0
  6
Continuous
 62
     7
370
    25
100
AcDbLine
 10
-21.0835934397
 20
4.0787358074
 30
0.0
 11
-18.5835837137
 21
4.0787356982
 31
0.0
  0
LINE
  5
D0B
330
1F
100
AcDbEntity
  8
0
  6
Continuous
 62
     7
370
    25
100
AcDbLine
 10
-17.2835943389
 20
-9.082743346
 30
0.0
 11
-17.2835943428
 21
-9.1712633444
 31
0.0
  0
LINE
  5
D0C
330
1F
100
AcDbEntity
  8
0
  6
Continuous
 62
     7
370
    25
100
AcDbLine
 10
-56.6335936981
 20
-8.1712641248
 30
0.0
 11
-56.6335930424
 21
6.8287358752
 31
0.0
  0
LINE
  5
D0D
330
1F
100
AcDbEntity
  8
0
  6
Continuous
 62
     7
370
    25
100
AcDbLine
 10
-48.6335936981
 20
-8.1712644745
 30
0.0
 11
-48.6335930424
 21
6.8287355255
 31
0.0
  0
LINE
  5
D0E
330
1F
100
AcDbEntity
  8
0
  6
Continuous
 62
     7
370
    25
100
AcDbLine
 10
-49.1335937199
 20
-8.6712644526
 30
0.0
 11
-56.1335937199
 21
-8.6712641467
 31
0.0
  0
LINE
  5
D0F
330
1F
100
AcDbEntity
  8
0
  6
Continuous
 62
     7
370
    25
100
AcDbLine
 10
-49.1335930205
 20
7.3287355474
 30
0.0
 11
-56.1335930205
 21
7.3287358533
 31
0.0
  0
LINE
  5
D10
330
1F
100
AcDbEntity
  8
0
  6
Continuous
 62
     7
370
    25
100
AcDbLine
 10
-55.1335935057
 20
-3.7712641904
 30
0.0
 11
-55.13359358
 21
-5.4712641904
 31
0.0
  0
LINE
  5
D11
330
1F
100
AcDbEntity
  8
0
  6
Continuous
 62
     7
370
    25
100
AcDbLine
 10
-55.13359358
 20
-5.4712641904
 30
0.0
 11
-53.48359358
 21
-5.4712642625
 31
0.0
  0
LINE
  5
D12
330
1F
100
AcDbEntity
  8
0
  6
Continuous
 62
     7
370
    25
100
AcDbLine
 10
-53.48359358
 20
-5.4712642625
 30
0.0
 11
-53.4835935975
 21
-5.8712642625
 31
0.0
  0
LINE
  5
D13
330
1F
100
AcDbEntity
  8
0
  6
Continuous
 62
     7
370
    25
100
AcDbLine
 10
-52.6335941024
 20
-5.4212642997
 30
0.0
 11
-52.6335936412
 21
-6.8712642997
 31
0.0
  0
LINE
  5
D14
330
1F
100
AcDbEntity
  8
0
  6
Continuous
 62
     7
370
    25
100
AcDbLine
 10
-52.6335936412
 20
-6.8712642997
 30
0.0
 11
-52.0835936412
 21
-6.8712643237
 31
0.0
  0
LINE
  5
D15
330
1F
100
AcDbEntity
  8
0
  6
Continuous
 62
     7
370
    25
100
AcDbLine
 10
-52.0835936412
 20
-6.8712643237
 30
0.0
 11
-52.0835934445
 21
-2.3712643237
 31
0.0
  0
LINE
  5
D16
330
1F
100
AcDbEntity
  8
0
  6
Continuous
 62
     7
370
    25
100
AcDbLine
 10
-52.0835934445
 20
-2.3712643237
 30
0.0
 11
-52.6335934445
 21
-2.3712642997
 31
0.0
  0
LINE
  5
D17
330
1F
100
AcDbEntity
  8
0
  6
Continuous
 62
     7
370
    25
100
AcDbLine
 10
-52.6335934445
 20
-2.3712642997
 30
0.0
 11
-52.6335940325
 21
-3.8212642997
 31
0.0
  0
LINE
  5
D18
330
1F
100
AcDbEntity
  8
0
  6
Continuous
 62
     7
370
    25
100
AcDbLine
 10
-53.4835934883
 20
-3.3712642625
 30
0.0
 11
-53.4835935057
 21
-3.7712642625
 31
0.0
  0
LINE
  5
D19
330
1F
100
AcDbEntity
  8
0
  6
Continuous
 62
     7
370
    25
100
AcDbLine
 10
-53.4835935057
 20
-3.7712642625
 30
0.0
 11
-55.1335935057
 21
-3.7712641904
 31
0.0
  0
LINE
  5
D1A
330
1F
100
AcDbEntity
  8
0
  6
Continuous
 62
     7
370
    25
100
AcDbLine
 10
-55.0835931604
 20
4.1287358074
 30
0.0
 11
-55.0835932347
 21
2.4287358074
 31
0.0
  0
LINE
  5
D1B
330
1F
100
AcDbEntity
  8
0
  6
Continuous
 62
     7
370
    25
100
AcDbLine
 10
-55.0835932347
 20
2.4287358074
 30
0.0
 11
-53.4835932347
 21
2.4287357375
 31
0.0
  0
LINE
  5
D1C
330
1F
100
AcDbEntity
  8
0
  6
Continuous
 62
     7
370
    25
100
AcDbLine
 10
-53.4835932347
 20
2.4287357375
 30
0.0
 11
-53.4835932697
 21
1.6287357375
 31
0.0
  0
LINE
  5
D1D
330
1F
100
AcDbEntity
  8
0
  6
Continuous
 62
     7
370
    25
100
AcDbLine
 10
-53.4835932697
 20
1.6287357375
 30
0.0
 11
-52.6335932697
 21
1.6287357003
 31
0.0
  0
LINE
  5
D1E
330
1F
100
AcDbEntity
  8
0
  6
Continuous
 62
     7
370
    25
100
AcDbLine
 10
-52.6335937571
 20
2.4787357003
 30
0.0
 11
-52.6335932959
 21
1.0287357003
 31
0.0
  0
LINE
  5
D1F
330
1F
100
AcDbEntity
  8
0
  6
Continuous
 62
     7
370
    25
100
AcDbLine
 10
-52.6335932959
 20
1.0287357003
 30
0.0
 11
-52.0835932959
 21
1.0287356763
 31
0.0
  0
LINE
  5
D20
330
1F
100
AcDbEntity
  8
0
  6
Continuous
 62
     7
370
    25
100
AcDbLine
 10
-52.0835932959
 20
1.0287356763
 30
0.0
 11
-52.0835930992
 21
5.5287356763
 31
0.0
  0
LINE
  5
D21
330
1F
100
AcDbEntity
  8
0
  6
Continuous
 62
     7
370
    25
100
AcDbLine
 10
-52.0835930992
 20
5.5287356763
 30
0.0
 11
-52.6335930992
 21
5.5287357003
 31
0.0
  0
LINE
  5
D22
330
1F
100
AcDbEntity
  8
0
  6
Continuous
 62
     7
370
    25
100
AcDbLine
 10
-52.6335930992
 20
5.5287357003
 30
0.0
 11
-52.6335936871
 21
4.0787357003
 31
0.0
  0
LINE
  5
D23
330
1F
100
AcDbEntity
  8
0
  6
Continuous
 62
     7
370
    25
100
AcDbLine
 10
-52.6335931255
 20
4.9287357003
 30
0.0
 11
-53.4835931255
 21
4.9287357375
 31
0.0
  0
LINE
  5
D24
330
1F
100
AcDbEntity
  8
0
  6
Continuous
 62
     7
370
    25
100
AcDbLine
 10
-53.4835931255
 20
4.9287357375
 30
0.0
 11
-53.4835931604
 21
4.1287357375
 31
0.0
  0
LINE
  5
D25
330
1F
100
AcDbEntity
  8
0
  6
Continuous
 62
     7
370
    25
100
AcDbLine
 10
-53.4835931604
 20
4.1287357375
 30
0.0
 11
-55.0835931604
 21
4.1287358074
 31
0.0
  0
LINE
  5
D26
330
1F
100
AcDbEntity
  8
0
  6
Continuous
 62
     7
370
    25
100
AcDbLine
 10
-56.6335945429
 20
-8.1712641248
 30
0.0
 11
-56.6335947209
 21
-8.1712641248
 31
0.0
  0
LINE
  5
D27
330
1F
100
AcDbEntity
  8
0
  6
Continuous
 62
     7
370
    25
100
AcDbLine
 10
-56.6335947209
 20
-6.6712641248
 30
0.0
 11
-56.6335941964
 21
5.3287358752
 31
0.0
  0
LINE
  5
D28
330
1F
100
AcDbEntity
  8
0
  6
Continuous
 62
     7
370
    25
100
AcDbLine
 10
-56.6335938873
 20
6.8287358752
 30
0.0
 11
-56.6335940652
 21
6.8287358752
 31
0.0
  0
LINE
  5
D29
330
1F
100
AcDbEntity
  8
0
  6
Continuous
 62
     7
370
    25
100
AcDbLine
 10
-52.0835944084
 20
-9.1712633444
 30
0.0
 11
-52.0835944045
 21
-9.082743346
 31
0.0
  0
LINE
  5
D2A
330
1F
100
AcDbEntity
  8
0
  6
Continuous
 62
     7
370
    25
100
AcDbLine
 10
-52.0835941352
 20
5.5287356763
 30
0.0
 11
-52.0835941745
 21
4.6287356763
 31
0.0
  0
LINE
  5
D2B
330
1F
100
AcDbEntity
  8
0
  6
Continuous
 62
     7
370
    25
100
AcDbLine
 10
-52.0835942925
 20
1.9287356763
 30
0.0
 11
-52.0835943319
 21
1.0287356763
 31
0.0
  0
LINE
  5
D2C
330
1F
100
AcDbEntity
  8
0
  6
Continuous
 62
     7
370
    25
100
AcDbLine
 10
-52.0835934686
 20
-2.4212643237
 30
0.0
 11
-52.5835942729
 21
-2.4212643018
 31
0.0
  0
LINE
  5
D2D
330
1F
100
AcDbEntity
  8
0
  6
Continuous
 62
     7
370
    25
100
AcDbLine
 10
-52.0835936609
 20
-6.8212643237
 30
0.0
 11
-52.5835944652
 21
-6.8212643018
 31
0.0
  0
LINE
  5
D2E
330
1F
100
AcDbEntity
  8
0
  6
Continuous
 62
     7
370
    25
100
AcDbLine
 10
-52.5835934686
 20
-2.4212643018
 30
0.0
 11
-52.5835936609
 21
-6.8212643018
 31
0.0
  0
LINE
  5
D2F
330
1F
100
AcDbEntity
  8
0
  6
Continuous
 62
     7
370
    25
100
AcDbLine
 10
-52.0835931233
 20
5.4787356763
 30
0.0
 11
-52.5835939276
 21
5.4787356982
 31
0.0
  0
LINE
  5
D30
330
1F
100
AcDbEntity
  8
0
  6
Continuous
 62
     7
370
    25
100
AcDbLine
 10
-52.0835933156
 20
1.0787356763
 30
0.0
 11
-52.5835941199
 21
1.0787356982
 31
0.0
  0
LINE
  5
D31
330
1F
100
AcDbEntity
  8
0
  6
Continuous
 62
     7
370
    25
100
AcDbLine
 10
-52.5835931233
 20
5.4787356982
 30
0.0
 11
-52.5835933156
 21
1.0787356982
 31
0.0
  0
LINE
  5
D32
330
1F
100
AcDbEntity
  8
0
  6
Continuous
 62
     7
370
    25
100
AcDbLine
 10
-55.1335935637
 20
-3.9212641904
 30
0.0
 11
-52.5835938387
 21
-3.9212643018
 31
0.0
  0
LINE
  5
D33
330
1F
100
AcDbEntity
  8
0
  6
Continuous
 62
     7
370
    25
100
AcDbLine
 10
-54.1976447059
 20
-3.9212642313
 30
0.0
 11
-54.1976447671
 21
-5.3212642313
 31
0.0
  0
LINE
  5
D34
330
1F
100
AcDbEntity
  8
0
  6
Continuous
 62
     7
370
    25
100
AcDbLine
 10
-55.1335936249
 20
-5.3212641904
 30
0.0
 11
-52.5835938999
 21
-5.3212643018
 31
0.0
  0
LINE
  5
D35
330
1F
100
AcDbEntity
  8
0
  6
Continuous
 62
     7
370
    25
100
AcDbLine
 10
-55.133593855
 20
-5.4212641904
 30
0.0
 11
-52.6335841289
 21
-5.4212642997
 31
0.0
  0
LINE
  5
D36
330
1F
100
AcDbEntity
  8
0
  6
Continuous
 62
     7
370
    25
100
AcDbLine
 10
-55.1335937851
 20
-3.8212641904
 30
0.0
 11
-52.633584059
 21
-3.8212642997
 31
0.0
  0
LINE
  5
D37
330
1F
100
AcDbEntity
  8
0
  6
Continuous
 62
     7
370
    25
100
AcDbLine
 10
-55.0835932184
 20
3.9787358074
 30
0.0
 11
-52.5835934848
 21
3.9787356982
 31
0.0
  0
LINE
  5
D38
330
1F
100
AcDbEntity
  8
0
  6
Continuous
 62
     7
370
    25
100
AcDbLine
 10
-54.1476443605
 20
3.9787357665
 30
0.0
 11
-54.1476444217
 21
2.5787357665
 31
0.0
  0
LINE
  5
D39
330
1F
100
AcDbEntity
  8
0
  6
Continuous
 62
     7
370
    25
100
AcDbLine
 10
-55.0835932796
 20
2.5787358074
 30
0.0
 11
-52.5835935459
 21
2.5787356982
 31
0.0
  0
LINE
  5
D3A
330
1F
100
AcDbEntity
  8
0
  6
Continuous
 62
     7
370
    25
100
AcDbLine
 10
-55.0835935097
 20
2.4787358074
 30
0.0
 11
-52.5835837836
 21
2.4787356982
 31
0.0
  0
LINE
  5
D3B
330
1F
100
AcDbEntity
  8
0
  6
Continuous
 62
     7
370
    25
100
AcDbLine
 10
-55.0835934397
 20
4.0787358074
 30
0.0
 11
-52.5835837137
 21
4.0787356982
 31
0.0
  0
LINE
  5
D3C
330
1F
100
AcDbEntity
  8
0
  6
Continuous
 62
     7
370
    25
100
AcDbLine
 10
-51.2835943389
 20
-9.082743346
 30
0.0
 11
-51.2835943428
 21
-9.1712633444
 31
0.0
  0
LINE
  5
D3D
330
1F
100
AcDbEntity
  8
0
  6
Continuous
 62
     7
370
    25
100
AcDbLine
 10
-90.6335936981
 20
-8.1712641248
 30
0.0
 11
-90.6335930424
 21
6.8287358752
 31
0.0
  0
LINE
  5
D3E
330
1F
100
AcDbEntity
  8
0
  6
Continuous
 62
     7
370
    25
100
AcDbLine
 10
-82.6335936981
 20
-8.1712644745
 30
0.0
 11
-82.6335930424
 21
6.8287355255
 31
0.0
  0
LINE
  5
D3F
330
1F
100
AcDbEntity
  8
0
  6
Continuous
 62
     7
370
    25
100
AcDbLine
 10
-83.1335937199
 20
-8.6712644526
 30
0.0
 11
-90.1335937199
 21
-8.6712641467
 31
0.0
  0
LINE
  5
D40
330
1F
100
AcDbEntity
  8
0
  6
Continuous
 62
     7
370
    25
100
AcDbLine
 10
-83.1335930205
 20
7.3287355474
 30
0.0
 11
-90.1335930205
 21
7.3287358533
 31
0.0
  0
LINE
  5
D41
330
1F
100
AcDbEntity
  8
0
  6
Continuous
 62
     7
370
    25
100
AcDbLine
 10
-89.1335935057
 20
-3.7712641904
 30
0.0
 11
-89.13359358
 21
-5.4712641904
 31
0.0
  0
LINE
  5
D42
330
1F
100
AcDbEntity
  8
0
  6
Continuous
 62
     7
370
    25
100
AcDbLine
 10
-89.13359358
 20
-5.4712641904
 30
0.0
 11
-87.48359358
 21
-5.4712642625
 31
0.0
  0
LINE
  5
D43
330
1F
100
AcDbEntity
  8
0
  6
Continuous
 62
     7
370
    25
100
AcDbLine
 10
-87.48359358
 20
-5.4712642625
 30
0.0
 11
-87.4835935975
 21
-5.8712642625
 31
0.0
  0
LINE
  5
D44
330
1F
100
AcDbEntity
  8
0
  6
Continuous
 62
     7
370
    25
100
AcDbLine
 10
-86.6335941024
 20
-5.4212642997
 30
0.0
 11
-86.6335936412
 21
-6.8712642997
 31
0.0
  0
LINE
  5
D45
330
1F
100
AcDbEntity
  8
0
  6
Continuous
 62
     7
370
    25
100
AcDbLine
 10
-86.6335936412
 20
-6.8712642997
 30
0.0
 11
-86.0835936412
 21
-6.8712643237
 31
0.0
  0
LINE
  5
D46
330
1F
100
AcDbEntity
  8
0
  6
Continuous
 62
     7
370
    25
100
AcDbLine
 10
-86.0835936412
 20
-6.8712643237
 30
0.0
 11
-86.0835934445
 21
-2.3712643237
 31
0.0
  0
LINE
  5
D47
330
1F
100
AcDbEntity
  8
0
  6
Continuous
 62
     7
370
    25
100
AcDbLine
 10
-86.0835934445
 20
-2.3712643237
 30
0.0
 11
-86.6335934445
 21
-2.3712642997
 31
0.0
  0
LINE
  5
D48
330
1F
100
AcDbEntity
  8
0
  6
Continuous
 62
     7
370
    25
100
AcDbLine
 10
-86.6335934445
 20
-2.3712642997
 30
0.0
 11
-86.6335940325
 21
-3.8212642997
 31
0.0
  0
LINE
  5
D49
330
1F
100
AcDbEntity
  8
0
  6
Continuous
 62
     7
370
    25
100
AcDbLine
 10
-87.4835934883
 20
-3.3712642625
 30
0.0
 11
-87.4835935057
 21
-3.7712642625
 31
0.0
  0
LINE
  5
D4A
330
1F
100
AcDbEntity
  8
0
  6
Continuous
 62
     7
370
    25
100
AcDbLine
 10
-87.4835935057
 20
-3.7712642625
 30
0.0
 11
-89.1335935057
 21
-3.7712641904
 31
0.0
  0
LINE
  5
D4B
330
1F
100
AcDbEntity
  8
0
  6
Continuous
 62
     7
370
    25
100
AcDbLine
 10
-89.0835931604
 20
4.1287358074
 30
0.0
 11
-89.0835932347
 21
2.4287358074
 31
0.0
  0
LINE
  5
D4C
330
1F
100
AcDbEntity
  8
0
  6
Continuous
 62
     7
370
    25
100
AcDbLine
 10
-89.0835932347
 20
2.4287358074
 30
0.0
 11
-87.4835932347
 21
2.4287357375
 31
0.0
  0
LINE
  5
D4D
330
1F
100
AcDbEntity
  8
0
  6
Continuous
 62
     7
370
    25
100
AcDbLine
 10
-87.4835932347
 20
2.4287357375
 30
0.0
 11
-87.4835932697
 21
1.6287357375
 31
0.0
  0
LINE
  5
D4E
330
1F
100
AcDbEntity
  8
0
  6
Continuous
 62
     7
370
    25
100
AcDbLine
 10
-87.4835932697
 20
1.6287357375
 30
0.0
 11
-86.6335932697
 21
1.6287357003
 31
0.0
  0
LINE
  5
D4F
330
1F
100
AcDbEntity
  8
0
  6
Continuous
 62
     7
370
    25
100
AcDbLine
 10
-86.6335937571
 20
2.4787357003
 30
0.0
 11
-86.6335932959
 21
1.0287357003
 31
0.0
  0
LINE
  5
D50
330
1F
100
AcDbEntity
  8
0
  6
Continuous
 62
     7
370
    25
100
AcDbLine
 10
-86.6335932959
 20
1.0287357003
 30
0.0
 11
-86.0835932959
 21
1.0287356763
 31
0.0
  0
LINE
  5
D51
330
1F
100
AcDbEntity
  8
0
  6
Continuous
 62
     7
370
    25
100
AcDbLine
 10
-86.0835932959
 20
1.0287356763
 30
0.0
 11
-86.0835930992
 21
5.5287356763
 31
0.0
  0
LINE
  5
D52
330
1F
100
AcDbEntity
  8
0
  6
Continuous
 62
     7
370
    25
100
AcDbLine
 10
-86.0835930992
 20
5.5287356763
 30
0.0
 11
-86.6335930992
 21
5.5287357003
 31
0.0
  0
LINE
  5
D53
330
1F
100
AcDbEntity
  8
0
  6
Continuous
 62
     7
370
    25
100
AcDbLine
 10
-86.6335930992
 20
5.5287357003
 30
0.0
 11
-86.6335936871
 21
4.0787357003
 31
0.0
  0
LINE
  5
D54
330
1F
100
AcDbEntity
  8
0
  6
Continuous
 62
     7
370
    25
100
AcDbLine
 10
-86.6335931255
 20
4.9287357003
 30
0.0
 11
-87.4835931255
 21
4.9287357375
 31
0.0
  0
LINE
  5
D55
330
1F
100
AcDbEntity
  8
0
  6
Continuous
 62
     7
370
    25
100
AcDbLine
 10
-87.4835931255
 20
4.9287357375
 30
0.0
 11
-87.4835931604
 21
4.1287357375
 31
0.0
  0
LINE
  5
D56
330
1F
100
AcDbEntity
  8
0
  6
Continuous
 62
     7
370
    25
100
AcDbLine
 10
-87.4835931604
 20
4.1287357375
 30
0.0
 11
-89.0835931604
 21
4.1287358074
 31
0.0
  0
LINE
  5
D57
330
1F
100
AcDbEntity
  8
0
  6
Continuous
 62
     7
370
    25
100
AcDbLine
 10
-90.6335945429
 20
-8.1712641248
 30
0.0
 11
-90.6335947209
 21
-8.1712641248
 31
0.0
  0
LINE
  5
D58
330
1F
100
AcDbEntity
  8
0
  6
Continuous
 62
     7
370
    25
100
AcDbLine
 10
-90.6335947209
 20
-6.6712641248
 30
0.0
 11
-90.6335941964
 21
5.3287358752
 31
0.0
  0
LINE
  5
D59
330
1F
100
AcDbEntity
  8
0
  6
Continuous
 62
     7
370
    25
100
AcDbLine
 10
-90.6335938873
 20
6.8287358752
 30
0.0
 11
-90.6335940652
 21
6.8287358752
 31
0.0
  0
LINE
  5
D5A
330
1F
100
AcDbEntity
  8
0
  6
Continuous
 62
     7
370
    25
100
AcDbLine
 10
-86.0835944084
 20
-9.1712633444
 30
0.0
 11
-86.0835944045
 21
-9.082743346
 31
0.0
  0
LINE
  5
D5B
330
1F
100
AcDbEntity
  8
0
  6
Continuous
 62
     7
370
    25
100
AcDbLine
 10
-86.0835941352
 20
5.5287356763
 30
0.0
 11
-86.0835941745
 21
4.6287356763
 31
0.0
  0
LINE
  5
D5C
330
1F
100
AcDbEntity
  8
0
  6
Continuous
 62
     7
370
    25
100
AcDbLine
 10
-86.0835942925
 20
1.9287356763
 30
0.0
 11
-86.0835943319
 21
1.0287356763
 31
0.0
  0
LINE
  5
D5D
330
1F
100
AcDbEntity
  8
0
  6
Continuous
 62
     7
370
    25
100
AcDbLine
 10
-86.0835936609
 20
-6.8212643237
 30
0.0
 11
-86.5835944652
 21
-6.8212643018
 31
0.0
  0
LINE
  5
D5E
330
1F
100
AcDbEntity
  8
0
  6
Continuous
 62
     7
370
    25
100
AcDbLine
 10
-86.5835934686
 20
-2.4212643018
 30
0.0
 11
-86.5835936609
 21
-6.8212643018
 31
0.0
  0
LINE
  5
D5F
330
1F
100
AcDbEntity
  8
0
  6
Continuous
 62
     7
370
    25
100
AcDbLine
 10
-86.0835934686
 20
-2.4212643237
 30
0.0
 11
-86.5835934686
 21
-2.4212643018
 31
0.0
  0
LINE
  5
D60
330
1F
100
AcDbEntity
  8
0
  6
Continuous
 62
     7
370
    25
100
AcDbLine
 10
-86.0835931233
 20
5.4787356763
 30
0.0
 11
-86.5835939276
 21
5.4787356982
 31
0.0
  0
LINE
  5
D61
330
1F
100
AcDbEntity
  8
0
  6
Continuous
 62
     7
370
    25
100
AcDbLine
 10
-86.0835933156
 20
1.0787356763
 30
0.0
 11
-86.5835941199
 21
1.0787356982
 31
0.0
  0
LINE
  5
D62
330
1F
100
AcDbEntity
  8
0
  6
Continuous
 62
     7
370
    25
100
AcDbLine
 10
-86.5835931233
 20
5.4787356982
 30
0.0
 11
-86.5835933156
 21
1.0787356982
 31
0.0
  0
LINE
  5
D63
330
1F
100
AcDbEntity
  8
0
  6
Continuous
 62
     7
370
    25
100
AcDbLine
 10
-89.1335936249
 20
-5.3212641904
 30
0.0
 11
-86.5835938999
 21
-5.3212643018
 31
0.0
  0
LINE
  5
D64
330
1F
100
AcDbEntity
  8
0
  6
Continuous
 62
     7
370
    25
100
AcDbLine
 10
-89.133593855
 20
-5.4212641904
 30
0.0
 11
-86.6335841289
 21
-5.4212642997
 31
0.0
  0
LINE
  5
D65
330
1F
100
AcDbEntity
  8
0
  6
Continuous
 62
     7
370
    25
100
AcDbLine
 10
-89.1335935637
 20
-3.9212641904
 30
0.0
 11
-86.5835938387
 21
-3.9212643018
 31
0.0
  0
LINE
  5
D66
330
1F
100
AcDbEntity
  8
0
  6
Continuous
 62
     7
370
    25
100
AcDbLine
 10
-88.1976447059
 20
-3.9212642313
 30
0.0
 11
-88.1976447671
 21
-5.3212642313
 31
0.0
  0
LINE
  5
D67
330
1F
100
AcDbEntity
  8
0
  6
Continuous
 62
     7
370
    25
100
AcDbLine
 10
-89.1335937851
 20
-3.8212641904
 30
0.0
 11
-86.633584059
 21
-3.8212642997
 31
0.0
  0
LINE
  5
D68
330
1F
100
AcDbEntity
  8
0
  6
Continuous
 62
     7
370
    25
100
AcDbLine
 10
-89.0835934397
 20
4.0787358074
 30
0.0
 11
-86.5835837137
 21
4.0787356982
 31
0.0
  0
LINE
  5
D69
330
1F
100
AcDbEntity
  8
0
  6
Continuous
 62
     7
370
    25
100
AcDbLine
 10
-89.0835932184
 20
3.9787358074
 30
0.0
 11
-86.5835934848
 21
3.9787356982
 31
0.0
  0
LINE
  5
D6A
330
1F
100
AcDbEntity
  8
0
  6
Continuous
 62
     7
370
    25
100
AcDbLine
 10
-89.0835932796
 20
2.5787358074
 30
0.0
 11
-86.5835935459
 21
2.5787356982
 31
0.0
  0
LINE
  5
D6B
330
1F
100
AcDbEntity
  8
0
  6
Continuous
 62
     7
370
    25
100
AcDbLine
 10
-89.0835935097
 20
2.4787358074
 30
0.0
 11
-86.5835837836
 21
2.4787356982
 31
0.0
  0
LINE
  5
D6C
330
1F
100
AcDbEntity
  8
0
  6
Continuous
 62
     7
370
    25
100
AcDbLine
 10
-88.1476443605
 20
3.9787357665
 30
0.0
 11
-88.1476444217
 21
2.5787357665
 31
0.0
  0
LINE
  5
D6D
330
1F
100
AcDbEntity
  8
0
  6
Continuous
 62
     7
370
    25
100
AcDbLine
 10
-85.2835943389
 20
-9.082743346
 30
0.0
 11
-85.2835943428
 21
-9.1712633444
 31
0.0
  0
LINE
  5
D6E
330
1F
100
AcDbEntity
  8
0
  6
Continuous
 62
     7
370
    25
100
AcDbLine
 10
2.8664139313
 20
-8.1712641248
 30
0.0
 11
2.866414587
 21
6.8287358752
 31
0.0
  0
LINE
  5
D6F
330
1F
100
AcDbEntity
  8
0
  6
Continuous
 62
     7
370
    25
100
AcDbLine
 10
10.8664139313
 20
-8.1712644745
 30
0.0
 11
10.866414587
 21
6.8287355255
 31
0.0
  0
LINE
  5
D70
330
1F
100
AcDbEntity
  8
0
  6
Continuous
 62
     7
370
    25
100
AcDbLine
 10
10.3664139095
 20
-8.6712644526
 30
0.0
 11
3.3664139095
 21
-8.6712641467
 31
0.0
  0
LINE
  5
D71
330
1F
100
AcDbEntity
  8
0
  6
Continuous
 62
     7
370
    25
100
AcDbLine
 10
10.3664146088
 20
7.3287355474
 30
0.0
 11
3.3664146088
 21
7.3287358533
 31
0.0
  0
LINE
  5
D72
330
1F
100
AcDbEntity
  8
0
  6
Continuous
 62
     7
370
    25
100
AcDbLine
 10
4.3664141236
 20
-3.7712641904
 30
0.0
 11
4.3664140493
 21
-5.4712641904
 31
0.0
  0
LINE
  5
D73
330
1F
100
AcDbEntity
  8
0
  6
Continuous
 62
     7
370
    25
100
AcDbLine
 10
4.3664140493
 20
-5.4712641904
 30
0.0
 11
6.0164140493
 21
-5.4712642625
 31
0.0
  0
LINE
  5
D74
330
1F
100
AcDbEntity
  8
0
  6
Continuous
 62
     7
370
    25
100
AcDbLine
 10
6.0164140493
 20
-5.4712642625
 30
0.0
 11
6.0164140319
 21
-5.8712642625
 31
0.0
  0
LINE
  5
D75
330
1F
100
AcDbEntity
  8
0
  6
Continuous
 62
     7
370
    25
100
AcDbLine
 10
6.866413527
 20
-5.4212642997
 30
0.0
 11
6.8664139881
 21
-6.8712642997
 31
0.0
  0
LINE
  5
D76
330
1F
100
AcDbEntity
  8
0
  6
Continuous
 62
     7
370
    25
100
AcDbLine
 10
6.8664139881
 20
-6.8712642997
 30
0.0
 11
7.4164139881
 21
-6.8712643237
 31
0.0
  0
LINE
  5
D77
330
1F
100
AcDbEntity
  8
0
  6
Continuous
 62
     7
370
    25
100
AcDbLine
 10
7.4164139881
 20
-6.8712643237
 30
0.0
 11
7.4164141848
 21
-2.3712643237
 31
0.0
  0
LINE
  5
D78
330
1F
100
AcDbEntity
  8
0
  6
Continuous
 62
     7
370
    25
100
AcDbLine
 10
7.4164141848
 20
-2.3712643237
 30
0.0
 11
6.8664141848
 21
-2.3712642997
 31
0.0
  0
LINE
  5
D79
330
1F
100
AcDbEntity
  8
0
  6
Continuous
 62
     7
370
    25
100
AcDbLine
 10
6.8664141848
 20
-2.3712642997
 30
0.0
 11
6.8664135969
 21
-3.8212642997
 31
0.0
  0
LINE
  5
D7A
330
1F
100
AcDbEntity
  8
0
  6
Continuous
 62
     7
370
    25
100
AcDbLine
 10
6.0164141411
 20
-3.3712642625
 30
0.0
 11
6.0164141236
 21
-3.7712642625
 31
0.0
  0
LINE
  5
D7B
330
1F
100
AcDbEntity
  8
0
  6
Continuous
 62
     7
370
    25
100
AcDbLine
 10
6.0164141236
 20
-3.7712642625
 30
0.0
 11
4.3664141236
 21
-3.7712641904
 31
0.0
  0
LINE
  5
D7C
330
1F
100
AcDbEntity
  8
0
  6
Continuous
 62
     7
370
    25
100
AcDbLine
 10
4.416414469
 20
4.1287358074
 30
0.0
 11
4.4164143947
 21
2.4287358074
 31
0.0
  0
LINE
  5
D7D
330
1F
100
AcDbEntity
  8
0
  6
Continuous
 62
     7
370
    25
100
AcDbLine
 10
4.4164143947
 20
2.4287358074
 30
0.0
 11
6.0164143947
 21
2.4287357375
 31
0.0
  0
LINE
  5
D7E
330
1F
100
AcDbEntity
  8
0
  6
Continuous
 62
     7
370
    25
100
AcDbLine
 10
6.0164143947
 20
2.4287357375
 30
0.0
 11
6.0164143597
 21
1.6287357375
 31
0.0
  0
LINE
  5
D7F
330
1F
100
AcDbEntity
  8
0
  6
Continuous
 62
     7
370
    25
100
AcDbLine
 10
6.0164143597
 20
1.6287357375
 30
0.0
 11
6.8664143597
 21
1.6287357003
 31
0.0
  0
LINE
  5
D80
330
1F
100
AcDbEntity
  8
0
  6
Continuous
 62
     7
370
    25
100
AcDbLine
 10
6.8664138723
 20
2.4787357003
 30
0.0
 11
6.8664143335
 21
1.0287357003
 31
0.0
  0
LINE
  5
D81
330
1F
100
AcDbEntity
  8
0
  6
Continuous
 62
     7
370
    25
100
AcDbLine
 10
6.8664143335
 20
1.0287357003
 30
0.0
 11
7.4164143335
 21
1.0287356763
 31
0.0
  0
LINE
  5
D82
330
1F
100
AcDbEntity
  8
0
  6
Continuous
 62
     7
370
    25
100
AcDbLine
 10
7.4164143335
 20
1.0287356763
 30
0.0
 11
7.4164145302
 21
5.5287356763
 31
0.0
  0
LINE
  5
D83
330
1F
100
AcDbEntity
  8
0
  6
Continuous
 62
     7
370
    25
100
AcDbLine
 10
7.4164145302
 20
5.5287356763
 30
0.0
 11
6.8664145302
 21
5.5287357003
 31
0.0
  0
LINE
  5
D84
330
1F
100
AcDbEntity
  8
0
  6
Continuous
 62
     7
370
    25
100
AcDbLine
 10
6.8664145302
 20
5.5287357003
 30
0.0
 11
6.8664139422
 21
4.0787357003
 31
0.0
  0
LINE
  5
D85
330
1F
100
AcDbEntity
  8
0
  6
Continuous
 62
     7
370
    25
100
AcDbLine
 10
6.8664145039
 20
4.9287357003
 30
0.0
 11
6.0164145039
 21
4.9287357375
 31
0.0
  0
LINE
  5
D86
330
1F
100
AcDbEntity
  8
0
  6
Continuous
 62
     7
370
    25
100
AcDbLine
 10
6.0164145039
 20
4.9287357375
 30
0.0
 11
6.016414469
 21
4.1287357375
 31
0.0
  0
LINE
  5
D87
330
1F
100
AcDbEntity
  8
0
  6
Continuous
 62
     7
370
    25
100
AcDbLine
 10
6.016414469
 20
4.1287357375
 30
0.0
 11
4.416414469
 21
4.1287358074
 31
0.0
  0
LINE
  5
D88
330
1F
100
AcDbEntity
  8
0
  6
Continuous
 62
     7
370
    25
100
AcDbLine
 10
2.8664130864
 20
-8.1712641248
 30
0.0
 11
2.8664129085
 21
-8.1712641248
 31
0.0
  0
LINE
  5
D89
330
1F
100
AcDbEntity
  8
0
  6
Continuous
 62
     7
370
    25
100
AcDbLine
 10
2.8664129085
 20
-6.6712641248
 30
0.0
 11
2.866413433
 21
5.3287358752
 31
0.0
  0
LINE
  5
D8A
330
1F
100
AcDbEntity
  8
0
  6
Continuous
 62
     7
370
    25
100
AcDbLine
 10
2.8664137421
 20
6.8287358752
 30
0.0
 11
2.8664135641
 21
6.8287358752
 31
0.0
  0
LINE
  5
D8B
330
1F
100
AcDbEntity
  8
0
  6
Continuous
 62
     7
370
    25
100
AcDbLine
 10
7.4164134942
 20
5.5287356763
 30
0.0
 11
7.4164134549
 21
4.6287356763
 31
0.0
  0
LINE
  5
D8C
330
1F
100
AcDbEntity
  8
0
  6
Continuous
 62
     7
370
    25
100
AcDbLine
 10
7.4164133368
 20
1.9287356763
 30
0.0
 11
7.4164132975
 21
1.0287356763
 31
0.0
  0
LINE
  5
D8D
330
1F
100
AcDbEntity
  8
0
  6
Continuous
 62
     7
370
    25
100
AcDbLine
 10
7.416413221
 20
-9.1712633444
 30
0.0
 11
7.4164132249
 21
-9.082743346
 31
0.0
  0
LINE
  5
D8E
330
1F
100
AcDbEntity
  8
0
  6
Continuous
 62
     7
370
    25
100
AcDbLine
 10
7.4164145061
 20
5.4787356763
 30
0.0
 11
6.9164137018
 21
5.4787356982
 31
0.0
  0
LINE
  5
D8F
330
1F
100
AcDbEntity
  8
0
  6
Continuous
 62
     7
370
    25
100
AcDbLine
 10
7.4164143138
 20
1.0787356763
 30
0.0
 11
6.9164135095
 21
1.0787356982
 31
0.0
  0
LINE
  5
D90
330
1F
100
AcDbEntity
  8
0
  6
Continuous
 62
     7
370
    25
100
AcDbLine
 10
6.9164145061
 20
5.4787356982
 30
0.0
 11
6.9164143138
 21
1.0787356982
 31
0.0
  0
LINE
  5
D91
330
1F
100
AcDbEntity
  8
0
  6
Continuous
 62
     7
370
    25
100
AcDbLine
 10
7.4164139685
 20
-6.8212643237
 30
0.0
 11
6.9164131642
 21
-6.8212643018
 31
0.0
  0
LINE
  5
D92
330
1F
100
AcDbEntity
  8
0
  6
Continuous
 62
     7
370
    25
100
AcDbLine
 10
6.9164141608
 20
-2.4212643018
 30
0.0
 11
6.9164139685
 21
-6.8212643018
 31
0.0
  0
LINE
  5
D93
330
1F
100
AcDbEntity
  8
0
  6
Continuous
 62
     7
370
    25
100
AcDbLine
 10
7.4164141608
 20
-2.4212643237
 30
0.0
 11
6.9164141608
 21
-2.4212643018
 31
0.0
  0
LINE
  5
D94
330
1F
100
AcDbEntity
  8
0
  6
Continuous
 62
     7
370
    25
100
AcDbLine
 10
4.3664140045
 20
-5.3212641904
 30
0.0
 11
6.9164137295
 21
-5.3212643018
 31
0.0
  0
LINE
  5
D95
330
1F
100
AcDbEntity
  8
0
  6
Continuous
 62
     7
370
    25
100
AcDbLine
 10
4.3664137744
 20
-5.4212641904
 30
0.0
 11
6.8664235004
 21
-5.4212642997
 31
0.0
  0
LINE
  5
D96
330
1F
100
AcDbEntity
  8
0
  6
Continuous
 62
     7
370
    25
100
AcDbLine
 10
4.3664140656
 20
-3.9212641904
 30
0.0
 11
6.9164137907
 21
-3.9212643018
 31
0.0
  0
LINE
  5
D97
330
1F
100
AcDbEntity
  8
0
  6
Continuous
 62
     7
370
    25
100
AcDbLine
 10
5.3023629235
 20
-3.9212642313
 30
0.0
 11
5.3023628623
 21
-5.3212642313
 31
0.0
  0
LINE
  5
D98
330
1F
100
AcDbEntity
  8
0
  6
Continuous
 62
     7
370
    25
100
AcDbLine
 10
4.3664138443
 20
-3.8212641904
 30
0.0
 11
6.8664235704
 21
-3.8212642997
 31
0.0
  0
LINE
  5
D99
330
1F
100
AcDbEntity
  8
0
  6
Continuous
 62
     7
370
    25
100
AcDbLine
 10
4.4164141896
 20
4.0787358074
 30
0.0
 11
6.9164239157
 21
4.0787356982
 31
0.0
  0
LINE
  5
D9A
330
1F
100
AcDbEntity
  8
0
  6
Continuous
 62
     7
370
    25
100
AcDbLine
 10
4.416414411
 20
3.9787358074
 30
0.0
 11
6.9164141446
 21
3.9787356982
 31
0.0
  0
LINE
  5
D9B
330
1F
100
AcDbEntity
  8
0
  6
Continuous
 62
     7
370
    25
100
AcDbLine
 10
5.3523632688
 20
3.9787357665
 30
0.0
 11
5.3523632076
 21
2.5787357665
 31
0.0
  0
LINE
  5
D9C
330
1F
100
AcDbEntity
  8
0
  6
Continuous
 62
     7
370
    25
100
AcDbLine
 10
4.4164143498
 20
2.5787358074
 30
0.0
 11
6.9164140834
 21
2.5787356982
 31
0.0
  0
LINE
  5
D9D
330
1F
100
AcDbEntity
  8
0
  6
Continuous
 62
     7
370
    25
100
AcDbLine
 10
4.4164141197
 20
2.4787358074
 30
0.0
 11
6.9164238458
 21
2.4787356982
 31
0.0
  0
LINE
  5
D9E
330
1F
100
AcDbEntity
  8
0
  6
Continuous
 62
     7
370
    25
100
AcDbLine
 10
8.2164132904
 20
-9.082743346
 30
0.0
 11
8.2164132866
 21
-9.1712633444
 31
0.0
  0
LINE
  5
D9F
330
1F
100
AcDbEntity
  8
0
  6
Continuous
 62
     7
370
    25
100
AcDbLine
 10
-31.1335936981
 20
-8.1712641248
 30
0.0
 11
-31.1335930424
 21
6.8287358752
 31
0.0
  0
LINE
  5
DA0
330
1F
100
AcDbEntity
  8
0
  6
Continuous
 62
     7
370
    25
100
AcDbLine
 10
-23.1335936981
 20
-8.1712644745
 30
0.0
 11
-23.1335930424
 21
6.8287355255
 31
0.0
  0
LINE
  5
DA1
330
1F
100
AcDbEntity
  8
0
  6
Continuous
 62
     7
370
    25
100
AcDbLine
 10
-23.6335937199
 20
-8.6712644526
 30
0.0
 11
-30.6335937199
 21
-8.6712641467
 31
0.0
  0
LINE
  5
DA2
330
1F
100
AcDbEntity
  8
0
  6
Continuous
 62
     7
370
    25
100
AcDbLine
 10
-23.6335930205
 20
7.3287355474
 30
0.0
 11
-30.6335930205
 21
7.3287358533
 31
0.0
  0
LINE
  5
DA3
330
1F
100
AcDbEntity
  8
0
  6
Continuous
 62
     7
370
    25
100
AcDbLine
 10
-29.6335935057
 20
-3.7712641904
 30
0.0
 11
-29.63359358
 21
-5.4712641904
 31
0.0
  0
LINE
  5
DA4
330
1F
100
AcDbEntity
  8
0
  6
Continuous
 62
     7
370
    25
100
AcDbLine
 10
-29.63359358
 20
-5.4712641904
 30
0.0
 11
-27.98359358
 21
-5.4712642625
 31
0.0
  0
LINE
  5
DA5
330
1F
100
AcDbEntity
  8
0
  6
Continuous
 62
     7
370
    25
100
AcDbLine
 10
-27.98359358
 20
-5.4712642625
 30
0.0
 11
-27.9835935975
 21
-5.8712642625
 31
0.0
  0
LINE
  5
DA6
330
1F
100
AcDbEntity
  8
0
  6
Continuous
 62
     7
370
    25
100
AcDbLine
 10
-27.1335941024
 20
-5.4212642997
 30
0.0
 11
-27.1335936412
 21
-6.8712642997
 31
0.0
  0
LINE
  5
DA7
330
1F
100
AcDbEntity
  8
0
  6
Continuous
 62
     7
370
    25
100
AcDbLine
 10
-27.1335936412
 20
-6.8712642997
 30
0.0
 11
-26.5835936412
 21
-6.8712643237
 31
0.0
  0
LINE
  5
DA8
330
1F
100
AcDbEntity
  8
0
  6
Continuous
 62
     7
370
    25
100
AcDbLine
 10
-26.5835936412
 20
-6.8712643237
 30
0.0
 11
-26.5835934445
 21
-2.3712643237
 31
0.0
  0
LINE
  5
DA9
330
1F
100
AcDbEntity
  8
0
  6
Continuous
 62
     7
370
    25
100
AcDbLine
 10
-26.5835934445
 20
-2.3712643237
 30
0.0
 11
-27.1335934445
 21
-2.3712642997
 31
0.0
  0
LINE
  5
DAA
330
1F
100
AcDbEntity
  8
0
  6
Continuous
 62
     7
370
    25
100
AcDbLine
 10
-27.1335934445
 20
-2.3712642997
 30
0.0
 11
-27.1335940325
 21
-3.8212642997
 31
0.0
  0
LINE
  5
DAB
330
1F
100
AcDbEntity
  8
0
  6
Continuous
 62
     7
370
    25
100
AcDbLine
 10
-27.9835934883
 20
-3.3712642625
 30
0.0
 11
-27.9835935057
 21
-3.7712642625
 31
0.0
  0
LINE
  5
DAC
330
1F
100
AcDbEntity
  8
0
  6
Continuous
 62
     7
370
    25
100
AcDbLine
 10
-27.9835935057
 20
-3.7712642625
 30
0.0
 11
-29.6335935057
 21
-3.7712641904
 31
0.0
  0
LINE
  5
DAD
330
1F
100
AcDbEntity
  8
0
  6
Continuous
 62
     7
370
    25
100
AcDbLine
 10
-29.5835931604
 20
4.1287358074
 30
0.0
 11
-29.5835932347
 21
2.4287358074
 31
0.0
  0
LINE
  5
DAE
330
1F
100
AcDbEntity
  8
0
  6
Continuous
 62
     7
370
    25
100
AcDbLine
 10
-29.5835932347
 20
2.4287358074
 30
0.0
 11
-27.9835932347
 21
2.4287357375
 31
0.0
  0
LINE
  5
DAF
330
1F
100
AcDbEntity
  8
0
  6
Continuous
 62
     7
370
    25
100
AcDbLine
 10
-27.9835932347
 20
2.4287357375
 30
0.0
 11
-27.9835932697
 21
1.6287357375
 31
0.0
  0
LINE
  5
DB0
330
1F
100
AcDbEntity
  8
0
  6
Continuous
 62
     7
370
    25
100
AcDbLine
 10
-27.9835932697
 20
1.6287357375
 30
0.0
 11
-27.1335932697
 21
1.6287357003
 31
0.0
  0
LINE
  5
DB1
330
1F
100
AcDbEntity
  8
0
  6
Continuous
 62
     7
370
    25
100
AcDbLine
 10
-27.1335937571
 20
2.4787357003
 30
0.0
 11
-27.1335932959
 21
1.0287357003
 31
0.0
  0
LINE
  5
DB2
330
1F
100
AcDbEntity
  8
0
  6
Continuous
 62
     7
370
    25
100
AcDbLine
 10
-27.1335932959
 20
1.0287357003
 30
0.0
 11
-26.5835932959
 21
1.0287356763
 31
0.0
  0
LINE
  5
DB3
330
1F
100
AcDbEntity
  8
0
  6
Continuous
 62
     7
370
    25
100
AcDbLine
 10
-26.5835932959
 20
1.0287356763
 30
0.0
 11
-26.5835930992
 21
5.5287356763
 31
0.0
  0
LINE
  5
DB4
330
1F
100
AcDbEntity
  8
0
  6
Continuous
 62
     7
370
    25
100
AcDbLine
 10
-26.5835930992
 20
5.5287356763
 30
0.0
 11
-27.1335930992
 21
5.5287357003
 31
0.0
  0
LINE
  5
DB5
330
1F
100
AcDbEntity
  8
0
  6
Continuous
 62
     7
370
    25
100
AcDbLine
 10
-27.1335930992
 20
5.5287357003
 30
0.0
 11
-27.1335936871
 21
4.0787357003
 31
0.0
  0
LINE
  5
DB6
330
1F
100
AcDbEntity
  8
0
  6
Continuous
 62
     7
370
    25
100
AcDbLine
 10
-27.1335931255
 20
4.9287357003
 30
0.0
 11
-27.9835931255
 21
4.9287357375
 31
0.0
  0
LINE
  5
DB7
330
1F
100
AcDbEntity
  8
0
  6
Continuous
 62
     7
370
    25
100
AcDbLine
 10
-27.9835931255
 20
4.9287357375
 30
0.0
 11
-27.9835931604
 21
4.1287357375
 31
0.0
  0
LINE
  5
DB8
330
1F
100
AcDbEntity
  8
0
  6
Continuous
 62
     7
370
    25
100
AcDbLine
 10
-27.9835931604
 20
4.1287357375
 30
0.0
 11
-29.5835931604
 21
4.1287358074
 31
0.0
  0
LINE
  5
DB9
330
1F
100
AcDbEntity
  8
0
  6
Continuous
 62
     7
370
    25
100
AcDbLine
 10
-31.1335945429
 20
-8.1712641248
 30
0.0
 11
-31.1335947209
 21
-8.1712641248
 31
0.0
  0
LINE
  5
DBA
330
1F
100
AcDbEntity
  8
0
  6
Continuous
 62
     7
370
    25
100
AcDbLine
 10
-31.1335947209
 20
-6.6712641248
 30
0.0
 11
-31.1335941964
 21
5.3287358752
 31
0.0
  0
LINE
  5
DBB
330
1F
100
AcDbEntity
  8
0
  6
Continuous
 62
     7
370
    25
100
AcDbLine
 10
-31.1335938873
 20
6.8287358752
 30
0.0
 11
-31.1335940652
 21
6.8287358752
 31
0.0
  0
LINE
  5
DBC
330
1F
100
AcDbEntity
  8
0
  6
Continuous
 62
     7
370
    25
100
AcDbLine
 10
-26.5835941352
 20
5.5287356763
 30
0.0
 11
-26.5835941745
 21
4.6287356763
 31
0.0
  0
LINE
  5
DBD
330
1F
100
AcDbEntity
  8
0
  6
Continuous
 62
     7
370
    25
100
AcDbLine
 10
-26.5835942925
 20
1.9287356763
 30
0.0
 11
-26.5835943319
 21
1.0287356763
 31
0.0
  0
LINE
  5
DBE
330
1F
100
AcDbEntity
  8
0
  6
Continuous
 62
     7
370
    25
100
AcDbLine
 10
-26.5835943389
 20
-9.082743346
 30
0.0
 11
-26.5835943428
 21
-9.1712633444
 31
0.0
  0
LINE
  5
DBF
330
1F
100
AcDbEntity
  8
0
  6
Continuous
 62
     7
370
    25
100
AcDbLine
 10
-27.0835931233
 20
5.4787356982
 30
0.0
 11
-27.0835933156
 21
1.0787356982
 31
0.0
  0
LINE
  5
DC0
330
1F
100
AcDbEntity
  8
0
  6
Continuous
 62
     7
370
    25
100
AcDbLine
 10
-26.5835931233
 20
5.4787356763
 30
0.0
 11
-27.0835931233
 21
5.4787356982
 31
0.0
  0
LINE
  5
DC1
330
1F
100
AcDbEntity
  8
0
  6
Continuous
 62
     7
370
    25
100
AcDbLine
 10
-26.5835933156
 20
1.0787356763
 30
0.0
 11
-27.0835933156
 21
1.0787356982
 31
0.0
  0
LINE
  5
DC2
330
1F
100
AcDbEntity
  8
0
  6
Continuous
 62
     7
370
    25
100
AcDbLine
 10
-26.5835936609
 20
-6.8212643237
 30
0.0
 11
-27.0835944652
 21
-6.8212643018
 31
0.0
  0
LINE
  5
DC3
330
1F
100
AcDbEntity
  8
0
  6
Continuous
 62
     7
370
    25
100
AcDbLine
 10
-27.0835934686
 20
-2.4212643018
 30
0.0
 11
-27.0835936609
 21
-6.8212643018
 31
0.0
  0
LINE
  5
DC4
330
1F
100
AcDbEntity
  8
0
  6
Continuous
 62
     7
370
    25
100
AcDbLine
 10
-26.5835934686
 20
-2.4212643237
 30
0.0
 11
-27.0835934686
 21
-2.4212643018
 31
0.0
  0
LINE
  5
DC5
330
1F
100
AcDbEntity
  8
0
  6
Continuous
 62
     7
370
    25
100
AcDbLine
 10
-29.6335936249
 20
-5.3212641904
 30
0.0
 11
-27.0835938999
 21
-5.3212643018
 31
0.0
  0
LINE
  5
DC6
330
1F
100
AcDbEntity
  8
0
  6
Continuous
 62
     7
370
    25
100
AcDbLine
 10
-29.633593855
 20
-5.4212641904
 30
0.0
 11
-27.1335841289
 21
-5.4212642997
 31
0.0
  0
LINE
  5
DC7
330
1F
100
AcDbEntity
  8
0
  6
Continuous
 62
     7
370
    25
100
AcDbLine
 10
-29.6335935637
 20
-3.9212641904
 30
0.0
 11
-27.0835938387
 21
-3.9212643018
 31
0.0
  0
LINE
  5
DC8
330
1F
100
AcDbEntity
  8
0
  6
Continuous
 62
     7
370
    25
100
AcDbLine
 10
-28.6976447059
 20
-3.9212642313
 30
0.0
 11
-28.6976447671
 21
-5.3212642313
 31
0.0
  0
LINE
  5
DC9
330
1F
100
AcDbEntity
  8
0
  6
Continuous
 62
     7
370
    25
100
AcDbLine
 10
-29.6335937851
 20
-3.8212641904
 30
0.0
 11
-27.133584059
 21
-3.8212642997
 31
0.0
  0
LINE
  5
DCA
330
1F
100
AcDbEntity
  8
0
  6
Continuous
 62
     7
370
    25
100
AcDbLine
 10
-29.5835934397
 20
4.0787358074
 30
0.0
 11
-27.0835837137
 21
4.0787356982
 31
0.0
  0
LINE
  5
DCB
330
1F
100
AcDbEntity
  8
0
  6
Continuous
 62
     7
370
    25
100
AcDbLine
 10
-29.5835932184
 20
3.9787358074
 30
0.0
 11
-27.0835934848
 21
3.9787356982
 31
0.0
  0
LINE
  5
DCC
330
1F
100
AcDbEntity
  8
0
  6
Continuous
 62
     7
370
    25
100
AcDbLine
 10
-28.6476443605
 20
3.9787357665
 30
0.0
 11
-28.6476444217
 21
2.5787357665
 31
0.0
  0
LINE
  5
DCD
330
1F
100
AcDbEntity
  8
0
  6
Continuous
 62
     7
370
    25
100
AcDbLine
 10
-29.5835932796
 20
2.5787358074
 30
0.0
 11
-27.0835935459
 21
2.5787356982
 31
0.0
  0
LINE
  5
DCE
330
1F
100
AcDbEntity
  8
0
  6
Continuous
 62
     7
370
    25
100
AcDbLine
 10
-29.5835935097
 20
2.4787358074
 30
0.0
 11
-27.0835837836
 21
2.4787356982
 31
0.0
  0
LINE
  5
DCF
330
1F
100
AcDbEntity
  8
0
  6
Continuous
 62
     7
370
    25
100
AcDbLine
 10
-25.7835943389
 20
-9.082743346
 30
0.0
 11
-25.7835943428
 21
-9.1712633444
 31
0.0
  0
LINE
  5
DD0
330
1F
100
AcDbEntity
  8
0
  6
Continuous
 62
     7
370
    25
100
AcDbLine
 10
-65.1335936981
 20
-8.1712641248
 30
0.0
 11
-65.1335930424
 21
6.8287358752
 31
0.0
  0
LINE
  5
DD1
330
1F
100
AcDbEntity
  8
0
  6
Continuous
 62
     7
370
    25
100
AcDbLine
 10
-57.1335936981
 20
-8.1712644745
 30
0.0
 11
-57.1335930424
 21
6.8287355255
 31
0.0
  0
LINE
  5
DD2
330
1F
100
AcDbEntity
  8
0
  6
Continuous
 62
     7
370
    25
100
AcDbLine
 10
-57.6335937199
 20
-8.6712644526
 30
0.0
 11
-64.6335937199
 21
-8.6712641467
 31
0.0
  0
LINE
  5
DD3
330
1F
100
AcDbEntity
  8
0
  6
Continuous
 62
     7
370
    25
100
AcDbLine
 10
-57.6335930205
 20
7.3287355474
 30
0.0
 11
-64.6335930205
 21
7.3287358533
 31
0.0
  0
LINE
  5
DD4
330
1F
100
AcDbEntity
  8
0
  6
Continuous
 62
     7
370
    25
100
AcDbLine
 10
-63.6335935057
 20
-3.7712641904
 30
0.0
 11
-63.63359358
 21
-5.4712641904
 31
0.0
  0
LINE
  5
DD5
330
1F
100
AcDbEntity
  8
0
  6
Continuous
 62
     7
370
    25
100
AcDbLine
 10
-63.63359358
 20
-5.4712641904
 30
0.0
 11
-61.98359358
 21
-5.4712642625
 31
0.0
  0
LINE
  5
DD6
330
1F
100
AcDbEntity
  8
0
  6
Continuous
 62
     7
370
    25
100
AcDbLine
 10
-61.98359358
 20
-5.4712642625
 30
0.0
 11
-61.9835935975
 21
-5.8712642625
 31
0.0
  0
LINE
  5
DD7
330
1F
100
AcDbEntity
  8
0
  6
Continuous
 62
     7
370
    25
100
AcDbLine
 10
-61.1335941024
 20
-5.4212642997
 30
0.0
 11
-61.1335936412
 21
-6.8712642997
 31
0.0
  0
LINE
  5
DD8
330
1F
100
AcDbEntity
  8
0
  6
Continuous
 62
     7
370
    25
100
AcDbLine
 10
-61.1335936412
 20
-6.8712642997
 30
0.0
 11
-60.5835936412
 21
-6.8712643237
 31
0.0
  0
LINE
  5
DD9
330
1F
100
AcDbEntity
  8
0
  6
Continuous
 62
     7
370
    25
100
AcDbLine
 10
-60.5835936412
 20
-6.8712643237
 30
0.0
 11
-60.5835934445
 21
-2.3712643237
 31
0.0
  0
LINE
  5
DDA
330
1F
100
AcDbEntity
  8
0
  6
Continuous
 62
     7
370
    25
100
AcDbLine
 10
-60.5835934445
 20
-2.3712643237
 30
0.0
 11
-61.1335934445
 21
-2.3712642997
 31
0.0
  0
LINE
  5
DDB
330
1F
100
AcDbEntity
  8
0
  6
Continuous
 62
     7
370
    25
100
AcDbLine
 10
-61.1335934445
 20
-2.3712642997
 30
0.0
 11
-61.1335940325
 21
-3.8212642997
 31
0.0
  0
LINE
  5
DDC
330
1F
100
AcDbEntity
  8
0
  6
Continuous
 62
     7
370
    25
100
AcDbLine
 10
-61.9835934883
 20
-3.3712642625
 30
0.0
 11
-61.9835935057
 21
-3.7712642625
 31
0.0
  0
LINE
  5
DDD
330
1F
100
AcDbEntity
  8
0
  6
Continuous
 62
     7
370
    25
100
AcDbLine
 10
-61.9835935057
 20
-3.7712642625
 30
0.0
 11
-63.6335935057
 21
-3.7712641904
 31
0.0
  0
LINE
  5
DDE
330
1F
100
AcDbEntity
  8
0
  6
Continuous
 62
     7
370
    25
100
AcDbLine
 10
-63.5835931604
 20
4.1287358074
 30
0.0
 11
-63.5835932347
 21
2.4287358074
 31
0.0
  0
LINE
  5
DDF
330
1F
100
AcDbEntity
  8
0
  6
Continuous
 62
     7
370
    25
100
AcDbLine
 10
-63.5835932347
 20
2.4287358074
 30
0.0
 11
-61.9835932347
 21
2.4287357375
 31
0.0
  0
LINE
  5
DE0
330
1F
100
AcDbEntity
  8
0
  6
Continuous
 62
     7
370
    25
100
AcDbLine
 10
-61.9835932347
 20
2.4287357375
 30
0.0
 11
-61.9835932697
 21
1.6287357375
 31
0.0
  0
LINE
  5
DE1
330
1F
100
AcDbEntity
  8
0
  6
Continuous
 62
     7
370
    25
100
AcDbLine
 10
-61.9835932697
 20
1.6287357375
 30
0.0
 11
-61.1335932697
 21
1.6287357003
 31
0.0
  0
LINE
  5
DE2
330
1F
100
AcDbEntity
  8
0
  6
Continuous
 62
     7
370
    25
100
AcDbLine
 10
-61.1335937571
 20
2.4787357003
 30
0.0
 11
-61.1335932959
 21
1.0287357003
 31
0.0
  0
LINE
  5
DE3
330
1F
100
AcDbEntity
  8
0
  6
Continuous
 62
     7
370
    25
100
AcDbLine
 10
-61.1335932959
 20
1.0287357003
 30
0.0
 11
-60.5835932959
 21
1.0287356763
 31
0.0
  0
LINE
  5
DE4
330
1F
100
AcDbEntity
  8
0
  6
Continuous
 62
     7
370
    25
100
AcDbLine
 10
-60.5835932959
 20
1.0287356763
 30
0.0
 11
-60.5835930992
 21
5.5287356763
 31
0.0
  0
LINE
  5
DE5
330
1F
100
AcDbEntity
  8
0
  6
Continuous
 62
     7
370
    25
100
AcDbLine
 10
-60.5835930992
 20
5.5287356763
 30
0.0
 11
-61.1335930992
 21
5.5287357003
 31
0.0
  0
LINE
  5
DE6
330
1F
100
AcDbEntity
  8
0
  6
Continuous
 62
     7
370
    25
100
AcDbLine
 10
-61.1335930992
 20
5.5287357003
 30
0.0
 11
-61.1335936871
 21
4.0787357003
 31
0.0
  0
LINE
  5
DE7
330
1F
100
AcDbEntity
  8
0
  6
Continuous
 62
     7
370
    25
100
AcDbLine
 10
-61.1335931255
 20
4.9287357003
 30
0.0
 11
-61.9835931255
 21
4.9287357375
 31
0.0
  0
LINE
  5
DE8
330
1F
100
AcDbEntity
  8
0
  6
Continuous
 62
     7
370
    25
100
AcDbLine
 10
-61.9835931255
 20
4.9287357375
 30
0.0
 11
-61.9835931604
 21
4.1287357375
 31
0.0
  0
LINE
  5
DE9
330
1F
100
AcDbEntity
  8
0
  6
Continuous
 62
     7
370
    25
100
AcDbLine
 10
-61.9835931604
 20
4.1287357375
 30
0.0
 11
-63.5835931604
 21
4.1287358074
 31
0.0
  0
LINE
  5
DEA
330
1F
100
AcDbEntity
  8
0
  6
Continuous
 62
     7
370
    25
100
AcDbLine
 10
-65.1335945429
 20
-8.1712641248
 30
0.0
 11
-65.1335947209
 21
-8.1712641248
 31
0.0
  0
LINE
  5
DEB
330
1F
100
AcDbEntity
  8
0
  6
Continuous
 62
     7
370
    25
100
AcDbLine
 10
-65.1335947209
 20
-6.6712641248
 30
0.0
 11
-65.1335941964
 21
5.3287358752
 31
0.0
  0
LINE
  5
DEC
330
1F
100
AcDbEntity
  8
0
  6
Continuous
 62
     7
370
    25
100
AcDbLine
 10
-65.1335938873
 20
6.8287358752
 30
0.0
 11
-65.1335940652
 21
6.8287358752
 31
0.0
  0
LINE
  5
DED
330
1F
100
AcDbEntity
  8
0
  6
Continuous
 62
     7
370
    25
100
AcDbLine
 10
-60.5835941352
 20
5.5287356763
 30
0.0
 11
-60.5835941745
 21
4.6287356763
 31
0.0
  0
LINE
  5
DEE
330
1F
100
AcDbEntity
  8
0
  6
Continuous
 62
     7
370
    25
100
AcDbLine
 10
-60.5835942925
 20
1.9287356763
 30
0.0
 11
-60.5835943319
 21
1.0287356763
 31
0.0
  0
LINE
  5
DEF
330
1F
100
AcDbEntity
  8
0
  6
Continuous
 62
     7
370
    25
100
AcDbLine
 10
-60.5835944084
 20
-9.1712633444
 30
0.0
 11
-60.5835944045
 21
-9.082743346
 31
0.0
  0
LINE
  5
DF0
330
1F
100
AcDbEntity
  8
0
  6
Continuous
 62
     7
370
    25
100
AcDbLine
 10
-61.0835931233
 20
5.4787356982
 30
0.0
 11
-61.0835933156
 21
1.0787356982
 31
0.0
  0
LINE
  5
DF1
330
1F
100
AcDbEntity
  8
0
  6
Continuous
 62
     7
370
    25
100
AcDbLine
 10
-61.0835934686
 20
-2.4212643018
 30
0.0
 11
-61.0835936609
 21
-6.8212643018
 31
0.0
  0
LINE
  5
DF2
330
1F
100
AcDbEntity
  8
0
  6
Continuous
 62
     7
370
    25
100
AcDbLine
 10
-60.5835931233
 20
5.4787356763
 30
0.0
 11
-61.0835931233
 21
5.4787356982
 31
0.0
  0
LINE
  5
DF3
330
1F
100
AcDbEntity
  8
0
  6
Continuous
 62
     7
370
    25
100
AcDbLine
 10
-60.5835933156
 20
1.0787356763
 30
0.0
 11
-61.0835933156
 21
1.0787356982
 31
0.0
  0
LINE
  5
DF4
330
1F
100
AcDbEntity
  8
0
  6
Continuous
 62
     7
370
    25
100
AcDbLine
 10
-60.5835936609
 20
-6.8212643237
 30
0.0
 11
-61.0835936609
 21
-6.8212643018
 31
0.0
  0
LINE
  5
DF5
330
1F
100
AcDbEntity
  8
0
  6
Continuous
 62
     7
370
    25
100
AcDbLine
 10
-60.5835934686
 20
-2.4212643237
 30
0.0
 11
-61.0835934686
 21
-2.4212643018
 31
0.0
  0
LINE
  5
DF6
330
1F
100
AcDbEntity
  8
0
  6
Continuous
 62
     7
370
    25
100
AcDbLine
 10
-63.6335936249
 20
-5.3212641904
 30
0.0
 11
-61.0835938999
 21
-5.3212643018
 31
0.0
  0
LINE
  5
DF7
330
1F
100
AcDbEntity
  8
0
  6
Continuous
 62
     7
370
    25
100
AcDbLine
 10
-63.633593855
 20
-5.4212641904
 30
0.0
 11
-61.1335841289
 21
-5.4212642997
 31
0.0
  0
LINE
  5
DF8
330
1F
100
AcDbEntity
  8
0
  6
Continuous
 62
     7
370
    25
100
AcDbLine
 10
-63.6335935637
 20
-3.9212641904
 30
0.0
 11
-61.0835938387
 21
-3.9212643018
 31
0.0
  0
LINE
  5
DF9
330
1F
100
AcDbEntity
  8
0
  6
Continuous
 62
     7
370
    25
100
AcDbLine
 10
-62.6976447059
 20
-3.9212642313
 30
0.0
 11
-62.6976447671
 21
-5.3212642313
 31
0.0
  0
LINE
  5
DFA
330
1F
100
AcDbEntity
  8
0
  6
Continuous
 62
     7
370
    25
100
AcDbLine
 10
-63.6335937851
 20
-3.8212641904
 30
0.0
 11
-61.133584059
 21
-3.8212642997
 31
0.0
  0
LINE
  5
DFB
330
1F
100
AcDbEntity
  8
0
  6
Continuous
 62
     7
370
    25
100
AcDbLine
 10
-63.5835934397
 20
4.0787358074
 30
0.0
 11
-61.0835837137
 21
4.0787356982
 31
0.0
  0
LINE
  5
DFC
330
1F
100
AcDbEntity
  8
0
  6
Continuous
 62
     7
370
    25
100
AcDbLine
 10
-63.5835932184
 20
3.9787358074
 30
0.0
 11
-61.0835934848
 21
3.9787356982
 31
0.0
  0
LINE
  5
DFD
330
1F
100
AcDbEntity
  8
0
  6
Continuous
 62
     7
370
    25
100
AcDbLine
 10
-62.6476443605
 20
3.9787357665
 30
0.0
 11
-62.6476444217
 21
2.5787357665
 31
0.0
  0
LINE
  5
DFE
330
1F
100
AcDbEntity
  8
0
  6
Continuous
 62
     7
370
    25
100
AcDbLine
 10
-63.5835932796
 20
2.5787358074
 30
0.0
 11
-61.0835935459
 21
2.5787356982
 31
0.0
  0
LINE
  5
DFF
330
1F
100
AcDbEntity
  8
0
  6
Continuous
 62
     7
370
    25
100
AcDbLine
 10
-63.5835935097
 20
2.4787358074
 30
0.0
 11
-61.0835837836
 21
2.4787356982
 31
0.0
  0
LINE
  5
E00
330
1F
100
AcDbEntity
  8
0
  6
Continuous
 62
     7
370
    25
100
AcDbLine
 10
-59.7835943389
 20
-9.082743346
 30
0.0
 11
-59.7835943428
 21
-9.1712633444
 31
0.0
  0
LINE
  5
E01
330
1F
100
AcDbEntity
  8
0
  6
Continuous
 62
     7
370
    25
100
AcDbLine
 10
-99.1335936981
 20
-8.1712641248
 30
0.0
 11
-99.1335930424
 21
6.8287358752
 31
0.0
  0
LINE
  5
E02
330
1F
100
AcDbEntity
  8
0
  6
Continuous
 62
     7
370
    25
100
AcDbLine
 10
-91.1335936981
 20
-8.1712644745
 30
0.0
 11
-91.1335930424
 21
6.8287355255
 31
0.0
  0
LINE
  5
E03
330
1F
100
AcDbEntity
  8
0
  6
Continuous
 62
     7
370
    25
100
AcDbLine
 10
-91.6335937199
 20
-8.6712644526
 30
0.0
 11
-98.6335937199
 21
-8.6712641467
 31
0.0
  0
LINE
  5
E04
330
1F
100
AcDbEntity
  8
0
  6
Continuous
 62
     7
370
    25
100
AcDbLine
 10
-91.6335930205
 20
7.3287355474
 30
0.0
 11
-98.6335930205
 21
7.3287358533
 31
0.0
  0
LINE
  5
E05
330
1F
100
AcDbEntity
  8
0
  6
Continuous
 62
     7
370
    25
100
AcDbLine
 10
-97.6335935057
 20
-3.7712641904
 30
0.0
 11
-97.63359358
 21
-5.4712641904
 31
0.0
  0
LINE
  5
E06
330
1F
100
AcDbEntity
  8
0
  6
Continuous
 62
     7
370
    25
100
AcDbLine
 10
-97.63359358
 20
-5.4712641904
 30
0.0
 11
-95.98359358
 21
-5.4712642625
 31
0.0
  0
LINE
  5
E07
330
1F
100
AcDbEntity
  8
0
  6
Continuous
 62
     7
370
    25
100
AcDbLine
 10
-95.98359358
 20
-5.4712642625
 30
0.0
 11
-95.9835935975
 21
-5.8712642625
 31
0.0
  0
LINE
  5
E08
330
1F
100
AcDbEntity
  8
0
  6
Continuous
 62
     7
370
    25
100
AcDbLine
 10
-95.1335941024
 20
-5.4212642997
 30
0.0
 11
-95.1335936412
 21
-6.8712642997
 31
0.0
  0
LINE
  5
E09
330
1F
100
AcDbEntity
  8
0
  6
Continuous
 62
     7
370
    25
100
AcDbLine
 10
-95.1335936412
 20
-6.8712642997
 30
0.0
 11
-94.5835936412
 21
-6.8712643237
 31
0.0
  0
LINE
  5
E0A
330
1F
100
AcDbEntity
  8
0
  6
Continuous
 62
     7
370
    25
100
AcDbLine
 10
-94.5835936412
 20
-6.8712643237
 30
0.0
 11
-94.5835934445
 21
-2.3712643237
 31
0.0
  0
LINE
  5
E0B
330
1F
100
AcDbEntity
  8
0
  6
Continuous
 62
     7
370
    25
100
AcDbLine
 10
-94.5835934445
 20
-2.3712643237
 30
0.0
 11
-95.1335934445
 21
-2.3712642997
 31
0.0
  0
LINE
  5
E0C
330
1F
100
AcDbEntity
  8
0
  6
Continuous
 62
     7
370
    25
100
AcDbLine
 10
-95.1335934445
 20
-2.3712642997
 30
0.0
 11
-95.1335940325
 21
-3.8212642997
 31
0.0
  0
LINE
  5
E0D
330
1F
100
AcDbEntity
  8
0
  6
Continuous
 62
     7
370
    25
100
AcDbLine
 10
-95.9835934883
 20
-3.3712642625
 30
0.0
 11
-95.9835935057
 21
-3.7712642625
 31
0.0
  0
LINE
  5
E0E
330
1F
100
AcDbEntity
  8
0
  6
Continuous
 62
     7
370
    25
100
AcDbLine
 10
-95.9835935057
 20
-3.7712642625
 30
0.0
 11
-97.6335935057
 21
-3.7712641904
 31
0.0
  0
LINE
  5
E0F
330
1F
100
AcDbEntity
  8
0
  6
Continuous
 62
     7
370
    25
100
AcDbLine
 10
-97.5835931604
 20
4.1287358074
 30
0.0
 11
-97.5835932347
 21
2.4287358074
 31
0.0
  0
LINE
  5
E10
330
1F
100
AcDbEntity
  8
0
  6
Continuous
 62
     7
370
    25
100
AcDbLine
 10
-97.5835932347
 20
2.4287358074
 30
0.0
 11
-95.9835932347
 21
2.4287357375
 31
0.0
  0
LINE
  5
E11
330
1F
100
AcDbEntity
  8
0
  6
Continuous
 62
     7
370
    25
100
AcDbLine
 10
-95.9835932347
 20
2.4287357375
 30
0.0
 11
-95.9835932697
 21
1.6287357375
 31
0.0
  0
LINE
  5
E12
330
1F
100
AcDbEntity
  8
0
  6
Continuous
 62
     7
370
    25
100
AcDbLine
 10
-95.9835932697
 20
1.6287357375
 30
0.0
 11
-95.1335932697
 21
1.6287357003
 31
0.0
  0
LINE
  5
E13
330
1F
100
AcDbEntity
  8
0
  6
Continuous
 62
     7
370
    25
100
AcDbLine
 10
-95.1335937571
 20
2.4787357003
 30
0.0
 11
-95.1335932959
 21
1.0287357003
 31
0.0
  0
LINE
  5
E14
330
1F
100
AcDbEntity
  8
0
  6
Continuous
 62
     7
370
    25
100
AcDbLine
 10
-95.1335932959
 20
1.0287357003
 30
0.0
 11
-94.5835932959
 21
1.0287356763
 31
0.0
  0
LINE
  5
E15
330
1F
100
AcDbEntity
  8
0
  6
Continuous
 62
     7
370
    25
100
AcDbLine
 10
-94.5835932959
 20
1.0287356763
 30
0.0
 11
-94.5835930992
 21
5.5287356763
 31
0.0
  0
LINE
  5
E16
330
1F
100
AcDbEntity
  8
0
  6
Continuous
 62
     7
370
    25
100
AcDbLine
 10
-94.5835930992
 20
5.5287356763
 30
0.0
 11
-95.1335930992
 21
5.5287357003
 31
0.0
  0
LINE
  5
E17
330
1F
100
AcDbEntity
  8
0
  6
Continuous
 62
     7
370
    25
100
AcDbLine
 10
-95.1335930992
 20
5.5287357003
 30
0.0
 11
-95.1335936871
 21
4.0787357003
 31
0.0
  0
LINE
  5
E18
330
1F
100
AcDbEntity
  8
0
  6
Continuous
 62
     7
370
    25
100
AcDbLine
 10
-95.1335931255
 20
4.9287357003
 30
0.0
 11
-95.9835931255
 21
4.9287357375
 31
0.0
  0
LINE
  5
E19
330
1F
100
AcDbEntity
  8
0
  6
Continuous
 62
     7
370
    25
100
AcDbLine
 10
-95.9835931255
 20
4.9287357375
 30
0.0
 11
-95.9835931604
 21
4.1287357375
 31
0.0
  0
LINE
  5
E1A
330
1F
100
AcDbEntity
  8
0
  6
Continuous
 62
     7
370
    25
100
AcDbLine
 10
-95.9835931604
 20
4.1287357375
 30
0.0
 11
-97.5835931604
 21
4.1287358074
 31
0.0
  0
LINE
  5
E1B
330
1F
100
AcDbEntity
  8
0
  6
Continuous
 62
     7
370
    25
100
AcDbLine
 10
-99.1335945429
 20
-8.1712641248
 30
0.0
 11
-99.1335947209
 21
-8.1712641248
 31
0.0
  0
LINE
  5
E1C
330
1F
100
AcDbEntity
  8
0
  6
Continuous
 62
     7
370
    25
100
AcDbLine
 10
-99.1335947209
 20
-6.6712641248
 30
0.0
 11
-99.1335941964
 21
5.3287358752
 31
0.0
  0
LINE
  5
E1D
330
1F
100
AcDbEntity
  8
0
  6
Continuous
 62
     7
370
    25
100
AcDbLine
 10
-99.1335938873
 20
6.8287358752
 30
0.0
 11
-99.1335940652
 21
6.8287358752
 31
0.0
  0
LINE
  5
E1E
330
1F
100
AcDbEntity
  8
0
  6
Continuous
 62
     7
370
    25
100
AcDbLine
 10
-94.5835941352
 20
5.5287356763
 30
0.0
 11
-94.5835941745
 21
4.6287356763
 31
0.0
  0
LINE
  5
E1F
330
1F
100
AcDbEntity
  8
0
  6
Continuous
 62
     7
370
    25
100
AcDbLine
 10
-94.5835942925
 20
1.9287356763
 30
0.0
 11
-94.5835943319
 21
1.0287356763
 31
0.0
  0
LINE
  5
E20
330
1F
100
AcDbEntity
  8
0
  6
Continuous
 62
     7
370
    25
100
AcDbLine
 10
-94.5835944084
 20
-9.1712633444
 30
0.0
 11
-94.5835944045
 21
-9.082743346
 31
0.0
  0
LINE
  5
E21
330
1F
100
AcDbEntity
  8
0
  6
Continuous
 62
     7
370
    25
100
AcDbLine
 10
-95.0835934686
 20
-2.4212643018
 30
0.0
 11
-95.0835936609
 21
-6.8212643018
 31
0.0
  0
LINE
  5
E22
330
1F
100
AcDbEntity
  8
0
  6
Continuous
 62
     7
370
    25
100
AcDbLine
 10
-94.5835931233
 20
5.4787356763
 30
0.0
 11
-95.0835939276
 21
5.4787356982
 31
0.0
  0
LINE
  5
E23
330
1F
100
AcDbEntity
  8
0
  6
Continuous
 62
     7
370
    25
100
AcDbLine
 10
-94.5835933156
 20
1.0787356763
 30
0.0
 11
-95.0835941199
 21
1.0787356982
 31
0.0
  0
LINE
  5
E24
330
1F
100
AcDbEntity
  8
0
  6
Continuous
 62
     7
370
    25
100
AcDbLine
 10
-95.0835931233
 20
5.4787356982
 30
0.0
 11
-95.0835933156
 21
1.0787356982
 31
0.0
  0
LINE
  5
E25
330
1F
100
AcDbEntity
  8
0
  6
Continuous
 62
     7
370
    25
100
AcDbLine
 10
-94.5835936609
 20
-6.8212643237
 30
0.0
 11
-95.0835936609
 21
-6.8212643018
 31
0.0
  0
LINE
  5
E26
330
1F
100
AcDbEntity
  8
0
  6
Continuous
 62
     7
370
    25
100
AcDbLine
 10
-94.5835934686
 20
-2.4212643237
 30
0.0
 11
-95.0835934686
 21
-2.4212643018
 31
0.0
  0
LINE
  5
E27
330
1F
100
AcDbEntity
  8
0
  6
Continuous
 62
     7
370
    25
100
AcDbLine
 10
-97.6335936249
 20
-5.3212641904
 30
0.0
 11
-95.0835938999
 21
-5.3212643018
 31
0.0
  0
LINE
  5
E28
330
1F
100
AcDbEntity
  8
0
  6
Continuous
 62
     7
370
    25
100
AcDbLine
 10
-97.633593855
 20
-5.4212641904
 30
0.0
 11
-95.1335841289
 21
-5.4212642997
 31
0.0
  0
LINE
  5
E29
330
1F
100
AcDbEntity
  8
0
  6
Continuous
 62
     7
370
    25
100
AcDbLine
 10
-97.6335935637
 20
-3.9212641904
 30
0.0
 11
-95.0835938387
 21
-3.9212643018
 31
0.0
  0
LINE
  5
E2A
330
1F
100
AcDbEntity
  8
0
  6
Continuous
 62
     7
370
    25
100
AcDbLine
 10
-96.6976447059
 20
-3.9212642313
 30
0.0
 11
-96.6976447671
 21
-5.3212642313
 31
0.0
  0
LINE
  5
E2B
330
1F
100
AcDbEntity
  8
0
  6
Continuous
 62
     7
370
    25
100
AcDbLine
 10
-97.6335937851
 20
-3.8212641904
 30
0.0
 11
-95.133584059
 21
-3.8212642997
 31
0.0
  0
LINE
  5
E2C
330
1F
100
AcDbEntity
  8
0
  6
Continuous
 62
     7
370
    25
100
AcDbLine
 10
-97.5835934397
 20
4.0787358074
 30
0.0
 11
-95.0835837137
 21
4.0787356982
 31
0.0
  0
LINE
  5
E2D
330
1F
100
AcDbEntity
  8
0
  6
Continuous
 62
     7
370
    25
100
AcDbLine
 10
-97.5835932184
 20
3.9787358074
 30
0.0
 11
-95.0835934848
 21
3.9787356982
 31
0.0
  0
LINE
  5
E2E
330
1F
100
AcDbEntity
  8
0
  6
Continuous
 62
     7
370
    25
100
AcDbLine
 10
-96.6476443605
 20
3.9787357665
 30
0.0
 11
-96.6476444217
 21
2.5787357665
 31
0.0
  0
LINE
  5
E2F
330
1F
100
AcDbEntity
  8
0
  6
Continuous
 62
     7
370
    25
100
AcDbLine
 10
-97.5835932796
 20
2.5787358074
 30
0.0
 11
-95.0835935459
 21
2.5787356982
 31
0.0
  0
LINE
  5
E30
330
1F
100
AcDbEntity
  8
0
  6
Continuous
 62
     7
370
    25
100
AcDbLine
 10
-97.5835935097
 20
2.4787358074
 30
0.0
 11
-95.0835837836
 21
2.4787356982
 31
0.0
  0
LINE
  5
E31
330
1F
100
AcDbEntity
  8
0
  6
Continuous
 62
     7
370
    25
100
AcDbLine
 10
-93.7835943389
 20
-9.082743346
 30
0.0
 11
-93.7835943428
 21
-9.1712633444
 31
0.0
  0
LINE
  5
E32
330
1F
100
AcDbEntity
  8
0
  6
Continuous
 62
     7
370
    25
100
AcDbLine
 10
-5.6336013275
 20
-8.1712641248
 30
0.0
 11
-5.6336006718
 21
6.8287358752
 31
0.0
  0
LINE
  5
E33
330
1F
100
AcDbEntity
  8
0
  6
Continuous
 62
     7
370
    25
100
AcDbLine
 10
2.3663986725
 20
-8.1712644745
 30
0.0
 11
2.3663993282
 21
6.8287355255
 31
0.0
  0
LINE
  5
E34
330
1F
100
AcDbEntity
  8
0
  6
Continuous
 62
     7
370
    25
100
AcDbLine
 10
1.8663986507
 20
-8.6712644526
 30
0.0
 11
-5.1336013493
 21
-8.6712641467
 31
0.0
  0
LINE
  5
E35
330
1F
100
AcDbEntity
  8
0
  6
Continuous
 62
     7
370
    25
100
AcDbLine
 10
1.8663993501
 20
7.3287355474
 30
0.0
 11
-5.1336006499
 21
7.3287358533
 31
0.0
  0
LINE
  5
E36
330
1F
100
AcDbEntity
  8
0
  6
Continuous
 62
     7
370
    25
100
AcDbLine
 10
-4.1336011351
 20
-3.7712641904
 30
0.0
 11
-4.1336012095
 21
-5.4712641904
 31
0.0
  0
LINE
  5
E37
330
1F
100
AcDbEntity
  8
0
  6
Continuous
 62
     7
370
    25
100
AcDbLine
 10
-4.1336012095
 20
-5.4712641904
 30
0.0
 11
-2.4836012095
 21
-5.4712642625
 31
0.0
  0
LINE
  5
E38
330
1F
100
AcDbEntity
  8
0
  6
Continuous
 62
     7
370
    25
100
AcDbLine
 10
-2.4836012095
 20
-5.4712642625
 30
0.0
 11
-2.4836012269
 21
-5.8712642625
 31
0.0
  0
LINE
  5
E39
330
1F
100
AcDbEntity
  8
0
  6
Continuous
 62
     7
370
    25
100
AcDbLine
 10
-1.6336017318
 20
-5.4212642997
 30
0.0
 11
-1.6336012706
 21
-6.8712642997
 31
0.0
  0
LINE
  5
E3A
330
1F
100
AcDbEntity
  8
0
  6
Continuous
 62
     7
370
    25
100
AcDbLine
 10
-1.6336012706
 20
-6.8712642997
 30
0.0
 11
-1.0836012706
 21
-6.8712643237
 31
0.0
  0
LINE
  5
E3B
330
1F
100
AcDbEntity
  8
0
  6
Continuous
 62
     7
370
    25
100
AcDbLine
 10
-1.0836012706
 20
-6.8712643237
 30
0.0
 11
-1.0836010739
 21
-2.3712643237
 31
0.0
  0
LINE
  5
E3C
330
1F
100
AcDbEntity
  8
0
  6
Continuous
 62
     7
370
    25
100
AcDbLine
 10
-1.0836010739
 20
-2.3712643237
 30
0.0
 11
-1.6336010739
 21
-2.3712642997
 31
0.0
  0
LINE
  5
E3D
330
1F
100
AcDbEntity
  8
0
  6
Continuous
 62
     7
370
    25
100
AcDbLine
 10
-1.6336010739
 20
-2.3712642997
 30
0.0
 11
-1.6336016619
 21
-3.8212642997
 31
0.0
  0
LINE
  5
E3E
330
1F
100
AcDbEntity
  8
0
  6
Continuous
 62
     7
370
    25
100
AcDbLine
 10
-2.4836011177
 20
-3.3712642625
 30
0.0
 11
-2.4836011351
 21
-3.7712642625
 31
0.0
  0
LINE
  5
E3F
330
1F
100
AcDbEntity
  8
0
  6
Continuous
 62
     7
370
    25
100
AcDbLine
 10
-2.4836011351
 20
-3.7712642625
 30
0.0
 11
-4.1336011351
 21
-3.7712641904
 31
0.0
  0
LINE
  5
E40
330
1F
100
AcDbEntity
  8
0
  6
Continuous
 62
     7
370
    25
100
AcDbLine
 10
-4.0836007898
 20
4.1287358074
 30
0.0
 11
-4.0836008641
 21
2.4287358074
 31
0.0
  0
LINE
  5
E41
330
1F
100
AcDbEntity
  8
0
  6
Continuous
 62
     7
370
    25
100
AcDbLine
 10
-4.0836008641
 20
2.4287358074
 30
0.0
 11
-2.4836008641
 21
2.4287357375
 31
0.0
  0
LINE
  5
E42
330
1F
100
AcDbEntity
  8
0
  6
Continuous
 62
     7
370
    25
100
AcDbLine
 10
-2.4836008641
 20
2.4287357375
 30
0.0
 11
-2.4836008991
 21
1.6287357375
 31
0.0
  0
LINE
  5
E43
330
1F
100
AcDbEntity
  8
0
  6
Continuous
 62
     7
370
    25
100
AcDbLine
 10
-2.4836008991
 20
1.6287357375
 30
0.0
 11
-1.6336008991
 21
1.6287357003
 31
0.0
  0
LINE
  5
E44
330
1F
100
AcDbEntity
  8
0
  6
Continuous
 62
     7
370
    25
100
AcDbLine
 10
-1.6336013865
 20
2.4787357003
 30
0.0
 11
-1.6336009253
 21
1.0287357003
 31
0.0
  0
LINE
  5
E45
330
1F
100
AcDbEntity
  8
0
  6
Continuous
 62
     7
370
    25
100
AcDbLine
 10
-1.6336009253
 20
1.0287357003
 30
0.0
 11
-1.0836009253
 21
1.0287356763
 31
0.0
  0
LINE
  5
E46
330
1F
100
AcDbEntity
  8
0
  6
Continuous
 62
     7
370
    25
100
AcDbLine
 10
-1.0836009253
 20
1.0287356763
 30
0.0
 11
-1.0836007286
 21
5.5287356763
 31
0.0
  0
LINE
  5
E47
330
1F
100
AcDbEntity
  8
0
  6
Continuous
 62
     7
370
    25
100
AcDbLine
 10
-1.0836007286
 20
5.5287356763
 30
0.0
 11
-1.6336007286
 21
5.5287357003
 31
0.0
  0
LINE
  5
E48
330
1F
100
AcDbEntity
  8
0
  6
Continuous
 62
     7
370
    25
100
AcDbLine
 10
-1.6336007286
 20
5.5287357003
 30
0.0
 11
-1.6336013165
 21
4.0787357003
 31
0.0
  0
LINE
  5
E49
330
1F
100
AcDbEntity
  8
0
  6
Continuous
 62
     7
370
    25
100
AcDbLine
 10
-1.6336007549
 20
4.9287357003
 30
0.0
 11
-2.4836007549
 21
4.9287357375
 31
0.0
  0
LINE
  5
E4A
330
1F
100
AcDbEntity
  8
0
  6
Continuous
 62
     7
370
    25
100
AcDbLine
 10
-2.4836007549
 20
4.9287357375
 30
0.0
 11
-2.4836007898
 21
4.1287357375
 31
0.0
  0
LINE
  5
E4B
330
1F
100
AcDbEntity
  8
0
  6
Continuous
 62
     7
370
    25
100
AcDbLine
 10
-2.4836007898
 20
4.1287357375
 30
0.0
 11
-4.0836007898
 21
4.1287358074
 31
0.0
  0
LINE
  5
E4C
330
1F
100
AcDbEntity
  8
0
  6
Continuous
 62
     7
370
    25
100
AcDbLine
 10
-5.6336021723
 20
-8.1712641248
 30
0.0
 11
-5.6336023503
 21
-8.1712641248
 31
0.0
  0
LINE
  5
E4D
330
1F
100
AcDbEntity
  8
0
  6
Continuous
 62
     7
370
    25
100
AcDbLine
 10
-5.6336023503
 20
-6.6712641248
 30
0.0
 11
-5.6336018258
 21
5.3287358752
 31
0.0
  0
LINE
  5
E4E
330
1F
100
AcDbEntity
  8
0
  6
Continuous
 62
     7
370
    25
100
AcDbLine
 10
-5.6336015167
 20
6.8287358752
 30
0.0
 11
-5.6336016946
 21
6.8287358752
 31
0.0
  0
LINE
  5
E4F
330
1F
100
AcDbEntity
  8
0
  6
Continuous
 62
     7
370
    25
100
AcDbLine
 10
-1.0836017646
 20
5.5287356763
 30
0.0
 11
-1.0836018039
 21
4.6287356763
 31
0.0
  0
LINE
  5
E50
330
1F
100
AcDbEntity
  8
0
  6
Continuous
 62
     7
370
    25
100
AcDbLine
 10
-1.0836019219
 20
1.9287356763
 30
0.0
 11
-1.0836019613
 21
1.0287356763
 31
0.0
  0
LINE
  5
E51
330
1F
100
AcDbEntity
  8
0
  6
Continuous
 62
     7
370
    25
100
AcDbLine
 10
-1.0836020378
 20
-9.1712633444
 30
0.0
 11
-1.0836020339
 21
-9.082743346
 31
0.0
  0
LINE
  5
E52
330
1F
100
AcDbEntity
  8
0
  6
Continuous
 62
     7
370
    25
100
AcDbLine
 10
-1.0836007527
 20
5.4787356763
 30
0.0
 11
-1.583601557
 21
5.4787356982
 31
0.0
  0
LINE
  5
E53
330
1F
100
AcDbEntity
  8
0
  6
Continuous
 62
     7
370
    25
100
AcDbLine
 10
-1.083600945
 20
1.0787356763
 30
0.0
 11
-1.5836017493
 21
1.0787356982
 31
0.0
  0
LINE
  5
E54
330
1F
100
AcDbEntity
  8
0
  6
Continuous
 62
     7
370
    25
100
AcDbLine
 10
-1.5836007527
 20
5.4787356982
 30
0.0
 11
-1.583600945
 21
1.0787356982
 31
0.0
  0
LINE
  5
E55
330
1F
100
AcDbEntity
  8
0
  6
Continuous
 62
     7
370
    25
100
AcDbLine
 10
-1.583601098
 20
-2.4212643018
 30
0.0
 11
-1.5836012903
 21
-6.8212643018
 31
0.0
  0
LINE
  5
E56
330
1F
100
AcDbEntity
  8
0
  6
Continuous
 62
     7
370
    25
100
AcDbLine
 10
-1.0836012903
 20
-6.8212643237
 30
0.0
 11
-1.5836012903
 21
-6.8212643018
 31
0.0
  0
LINE
  5
E57
330
1F
100
AcDbEntity
  8
0
  6
Continuous
 62
     7
370
    25
100
AcDbLine
 10
-1.083601098
 20
-2.4212643237
 30
0.0
 11
-1.583601098
 21
-2.4212643018
 31
0.0
  0
LINE
  5
E58
330
1F
100
AcDbEntity
  8
0
  6
Continuous
 62
     7
370
    25
100
AcDbLine
 10
-4.1336012543
 20
-5.3212641904
 30
0.0
 11
-1.5836015293
 21
-5.3212643018
 31
0.0
  0
LINE
  5
E59
330
1F
100
AcDbEntity
  8
0
  6
Continuous
 62
     7
370
    25
100
AcDbLine
 10
-4.1336014844
 20
-5.4212641904
 30
0.0
 11
-1.6335917583
 21
-5.4212642997
 31
0.0
  0
LINE
  5
E5A
330
1F
100
AcDbEntity
  8
0
  6
Continuous
 62
     7
370
    25
100
AcDbLine
 10
-4.1336011931
 20
-3.9212641904
 30
0.0
 11
-1.5836014681
 21
-3.9212643018
 31
0.0
  0
LINE
  5
E5B
330
1F
100
AcDbEntity
  8
0
  6
Continuous
 62
     7
370
    25
100
AcDbLine
 10
-3.1976523353
 20
-3.9212642313
 30
0.0
 11
-3.1976523965
 21
-5.3212642313
 31
0.0
  0
LINE
  5
E5C
330
1F
100
AcDbEntity
  8
0
  6
Continuous
 62
     7
370
    25
100
AcDbLine
 10
-4.1336014145
 20
-3.8212641904
 30
0.0
 11
-1.6335916884
 21
-3.8212642997
 31
0.0
  0
LINE
  5
E5D
330
1F
100
AcDbEntity
  8
0
  6
Continuous
 62
     7
370
    25
100
AcDbLine
 10
-4.0836010692
 20
4.0787358074
 30
0.0
 11
-1.5835913431
 21
4.0787356982
 31
0.0
  0
LINE
  5
E5E
330
1F
100
AcDbEntity
  8
0
  6
Continuous
 62
     7
370
    25
100
AcDbLine
 10
-4.0836008478
 20
3.9787358074
 30
0.0
 11
-1.5836011142
 21
3.9787356982
 31
0.0
  0
LINE
  5
E5F
330
1F
100
AcDbEntity
  8
0
  6
Continuous
 62
     7
370
    25
100
AcDbLine
 10
-4.083600909
 20
2.5787358074
 30
0.0
 11
-1.5836011754
 21
2.5787356982
 31
0.0
  0
LINE
  5
E60
330
1F
100
AcDbEntity
  8
0
  6
Continuous
 62
     7
370
    25
100
AcDbLine
 10
-4.0836011391
 20
2.4787358074
 30
0.0
 11
-1.583591413
 21
2.4787356982
 31
0.0
  0
LINE
  5
E61
330
1F
100
AcDbEntity
  8
0
  6
Continuous
 62
     7
370
    25
100
AcDbLine
 10
-3.14765199
 20
3.9787357665
 30
0.0
 11
-3.1476520511
 21
2.5787357665
 31
0.0
  0
LINE
  5
E62
330
1F
100
AcDbEntity
  8
0
  6
Continuous
 62
     7
370
    25
100
AcDbLine
 10
-0.2836019683
 20
-9.082743346
 30
0.0
 11
-0.2836019722
 21
-9.1712633444
 31
0.0
  0
LINE
  5
E63
330
1F
100
AcDbEntity
  8
0
  6
Continuous
 62
     7
370
    25
100
AcDbLine
 10
-39.6335945429
 20
-8.1712641248
 30
0.0
 11
-39.6335947209
 21
-8.1712641248
 31
0.0
  0
LINE
  5
E64
330
1F
100
AcDbEntity
  8
0
  6
Continuous
 62
     7
370
    25
100
AcDbLine
 10
-39.6335947209
 20
-6.6712641248
 30
0.0
 11
-39.6335941964
 21
5.3287358752
 31
0.0
  0
LINE
  5
E65
330
1F
100
AcDbEntity
  8
0
  6
Continuous
 62
     7
370
    25
100
AcDbLine
 10
-39.6335938873
 20
6.8287358752
 30
0.0
 11
-39.6335940652
 21
6.8287358752
 31
0.0
  0
LINE
  5
E66
330
1F
100
AcDbEntity
  8
0
  6
Continuous
 62
     7
370
    25
100
AcDbLine
 10
-39.6335936981
 20
-8.1712641248
 30
0.0
 11
-39.6335930424
 21
6.8287358752
 31
0.0
  0
LINE
  5
E67
330
1F
100
AcDbEntity
  8
0
  6
Continuous
 62
     7
370
    25
100
AcDbLine
 10
-31.6335936981
 20
-8.1712644745
 30
0.0
 11
-31.6335930424
 21
6.8287355255
 31
0.0
  0
LINE
  5
E68
330
1F
100
AcDbEntity
  8
0
  6
Continuous
 62
     7
370
    25
100
AcDbLine
 10
-32.1335937199
 20
-8.6712644526
 30
0.0
 11
-39.1335937199
 21
-8.6712641467
 31
0.0
  0
LINE
  5
E69
330
1F
100
AcDbEntity
  8
0
  6
Continuous
 62
     7
370
    25
100
AcDbLine
 10
-32.1335930205
 20
7.3287355474
 30
0.0
 11
-39.1335930205
 21
7.3287358533
 31
0.0
  0
LINE
  5
E6A
330
1F
100
AcDbEntity
  8
0
  6
Continuous
 62
     7
370
    25
100
AcDbLine
 10
-38.1335935057
 20
-3.7712641904
 30
0.0
 11
-38.13359358
 21
-5.4712641904
 31
0.0
  0
LINE
  5
E6B
330
1F
100
AcDbEntity
  8
0
  6
Continuous
 62
     7
370
    25
100
AcDbLine
 10
-38.13359358
 20
-5.4712641904
 30
0.0
 11
-36.48359358
 21
-5.4712642625
 31
0.0
  0
LINE
  5
E6C
330
1F
100
AcDbEntity
  8
0
  6
Continuous
 62
     7
370
    25
100
AcDbLine
 10
-36.48359358
 20
-5.4712642625
 30
0.0
 11
-36.4835935975
 21
-5.8712642625
 31
0.0
  0
LINE
  5
E6D
330
1F
100
AcDbEntity
  8
0
  6
Continuous
 62
     7
370
    25
100
AcDbLine
 10
-35.6335941024
 20
-5.4212642997
 30
0.0
 11
-35.6335936412
 21
-6.8712642997
 31
0.0
  0
LINE
  5
E6E
330
1F
100
AcDbEntity
  8
0
  6
Continuous
 62
     7
370
    25
100
AcDbLine
 10
-35.6335936412
 20
-6.8712642997
 30
0.0
 11
-35.0835936412
 21
-6.8712643237
 31
0.0
  0
LINE
  5
E6F
330
1F
100
AcDbEntity
  8
0
  6
Continuous
 62
     7
370
    25
100
AcDbLine
 10
-35.0835936412
 20
-6.8712643237
 30
0.0
 11
-35.0835934445
 21
-2.3712643237
 31
0.0
  0
LINE
  5
E70
330
1F
100
AcDbEntity
  8
0
  6
Continuous
 62
     7
370
    25
100
AcDbLine
 10
-35.0835934445
 20
-2.3712643237
 30
0.0
 11
-35.6335934445
 21
-2.3712642997
 31
0.0
  0
LINE
  5
E71
330
1F
100
AcDbEntity
  8
0
  6
Continuous
 62
     7
370
    25
100
AcDbLine
 10
-35.6335934445
 20
-2.3712642997
 30
0.0
 11
-35.6335940325
 21
-3.8212642997
 31
0.0
  0
LINE
  5
E72
330
1F
100
AcDbEntity
  8
0
  6
Continuous
 62
     7
370
    25
100
AcDbLine
 10
-36.4835934883
 20
-3.3712642625
 30
0.0
 11
-36.4835935057
 21
-3.7712642625
 31
0.0
  0
LINE
  5
E73
330
1F
100
AcDbEntity
  8
0
  6
Continuous
 62
     7
370
    25
100
AcDbLine
 10
-36.4835935057
 20
-3.7712642625
 30
0.0
 11
-38.1335935057
 21
-3.7712641904
 31
0.0
  0
LINE
  5
E74
330
1F
100
AcDbEntity
  8
0
  6
Continuous
 62
     7
370
    25
100
AcDbLine
 10
-38.0835931604
 20
4.1287358074
 30
0.0
 11
-38.0835932347
 21
2.4287358074
 31
0.0
  0
LINE
  5
E75
330
1F
100
AcDbEntity
  8
0
  6
Continuous
 62
     7
370
    25
100
AcDbLine
 10
-38.0835932347
 20
2.4287358074
 30
0.0
 11
-36.4835932347
 21
2.4287357375
 31
0.0
  0
LINE
  5
E76
330
1F
100
AcDbEntity
  8
0
  6
Continuous
 62
     7
370
    25
100
AcDbLine
 10
-36.4835932347
 20
2.4287357375
 30
0.0
 11
-36.4835932697
 21
1.6287357375
 31
0.0
  0
LINE
  5
E77
330
1F
100
AcDbEntity
  8
0
  6
Continuous
 62
     7
370
    25
100
AcDbLine
 10
-36.4835932697
 20
1.6287357375
 30
0.0
 11
-35.6335932697
 21
1.6287357003
 31
0.0
  0
LINE
  5
E78
330
1F
100
AcDbEntity
  8
0
  6
Continuous
 62
     7
370
    25
100
AcDbLine
 10
-35.6335937571
 20
2.4787357003
 30
0.0
 11
-35.6335932959
 21
1.0287357003
 31
0.0
  0
LINE
  5
E79
330
1F
100
AcDbEntity
  8
0
  6
Continuous
 62
     7
370
    25
100
AcDbLine
 10
-35.6335932959
 20
1.0287357003
 30
0.0
 11
-35.0835932959
 21
1.0287356763
 31
0.0
  0
LINE
  5
E7A
330
1F
100
AcDbEntity
  8
0
  6
Continuous
 62
     7
370
    25
100
AcDbLine
 10
-35.0835932959
 20
1.0287356763
 30
0.0
 11
-35.0835930992
 21
5.5287356763
 31
0.0
  0
LINE
  5
E7B
330
1F
100
AcDbEntity
  8
0
  6
Continuous
 62
     7
370
    25
100
AcDbLine
 10
-35.0835930992
 20
5.5287356763
 30
0.0
 11
-35.6335930992
 21
5.5287357003
 31
0.0
  0
LINE
  5
E7C
330
1F
100
AcDbEntity
  8
0
  6
Continuous
 62
     7
370
    25
100
AcDbLine
 10
-35.6335930992
 20
5.5287357003
 30
0.0
 11
-35.6335936871
 21
4.0787357003
 31
0.0
  0
LINE
  5
E7D
330
1F
100
AcDbEntity
  8
0
  6
Continuous
 62
     7
370
    25
100
AcDbLine
 10
-35.6335931255
 20
4.9287357003
 30
0.0
 11
-36.4835931255
 21
4.9287357375
 31
0.0
  0
LINE
  5
E7E
330
1F
100
AcDbEntity
  8
0
  6
Continuous
 62
     7
370
    25
100
AcDbLine
 10
-36.4835931255
 20
4.9287357375
 30
0.0
 11
-36.4835931604
 21
4.1287357375
 31
0.0
  0
LINE
  5
E7F
330
1F
100
AcDbEntity
  8
0
  6
Continuous
 62
     7
370
    25
100
AcDbLine
 10
-36.4835931604
 20
4.1287357375
 30
0.0
 11
-38.0835931604
 21
4.1287358074
 31
0.0
  0
LINE
  5
E80
330
1F
100
AcDbEntity
  8
0
  6
Continuous
 62
     7
370
    25
100
AcDbLine
 10
-35.0835941352
 20
5.5287356763
 30
0.0
 11
-35.0835941745
 21
4.6287356763
 31
0.0
  0
LINE
  5
E81
330
1F
100
AcDbEntity
  8
0
  6
Continuous
 62
     7
370
    25
100
AcDbLine
 10
-35.0835942925
 20
1.9287356763
 30
0.0
 11
-35.0835943319
 21
1.0287356763
 31
0.0
  0
LINE
  5
E82
330
1F
100
AcDbEntity
  8
0
  6
Continuous
 62
     7
370
    25
100
AcDbLine
 10
-35.0835944084
 20
-9.1712633444
 30
0.0
 11
-35.0835944045
 21
-9.082743346
 31
0.0
  0
LINE
  5
E83
330
1F
100
AcDbEntity
  8
0
  6
Continuous
 62
     7
370
    25
100
AcDbLine
 10
-35.5835934686
 20
-2.4212643018
 30
0.0
 11
-35.5835936609
 21
-6.8212643018
 31
0.0
  0
LINE
  5
E84
330
1F
100
AcDbEntity
  8
0
  6
Continuous
 62
     7
370
    25
100
AcDbLine
 10
-35.5835931233
 20
5.4787356982
 30
0.0
 11
-35.5835933156
 21
1.0787356982
 31
0.0
  0
LINE
  5
E85
330
1F
100
AcDbEntity
  8
0
  6
Continuous
 62
     7
370
    25
100
AcDbLine
 10
-35.0835931233
 20
5.4787356763
 30
0.0
 11
-35.5835931233
 21
5.4787356982
 31
0.0
  0
LINE
  5
E86
330
1F
100
AcDbEntity
  8
0
  6
Continuous
 62
     7
370
    25
100
AcDbLine
 10
-35.0835933156
 20
1.0787356763
 30
0.0
 11
-35.5835933156
 21
1.0787356982
 31
0.0
  0
LINE
  5
E87
330
1F
100
AcDbEntity
  8
0
  6
Continuous
 62
     7
370
    25
100
AcDbLine
 10
-35.0835934686
 20
-2.4212643237
 30
0.0
 11
-35.5835934686
 21
-2.4212643018
 31
0.0
  0
LINE
  5
E88
330
1F
100
AcDbEntity
  8
0
  6
Continuous
 62
     7
370
    25
100
AcDbLine
 10
-35.0835936609
 20
-6.8212643237
 30
0.0
 11
-35.5835936609
 21
-6.8212643018
 31
0.0
  0
LINE
  5
E89
330
1F
100
AcDbEntity
  8
0
  6
Continuous
 62
     7
370
    25
100
AcDbLine
 10
-38.1335935637
 20
-3.9212641904
 30
0.0
 11
-35.5835938387
 21
-3.9212643018
 31
0.0
  0
LINE
  5
E8A
330
1F
100
AcDbEntity
  8
0
  6
Continuous
 62
     7
370
    25
100
AcDbLine
 10
-37.1976447059
 20
-3.9212642313
 30
0.0
 11
-37.1976447671
 21
-5.3212642313
 31
0.0
  0
LINE
  5
E8B
330
1F
100
AcDbEntity
  8
0
  6
Continuous
 62
     7
370
    25
100
AcDbLine
 10
-38.1335936249
 20
-5.3212641904
 30
0.0
 11
-35.5835938999
 21
-5.3212643018
 31
0.0
  0
LINE
  5
E8C
330
1F
100
AcDbEntity
  8
0
  6
Continuous
 62
     7
370
    25
100
AcDbLine
 10
-38.133593855
 20
-5.4212641904
 30
0.0
 11
-35.6335841289
 21
-5.4212642997
 31
0.0
  0
LINE
  5
E8D
330
1F
100
AcDbEntity
  8
0
  6
Continuous
 62
     7
370
    25
100
AcDbLine
 10
-38.1335937851
 20
-3.8212641904
 30
0.0
 11
-35.633584059
 21
-3.8212642997
 31
0.0
  0
LINE
  5
E8E
330
1F
100
AcDbEntity
  8
0
  6
Continuous
 62
     7
370
    25
100
AcDbLine
 10
-38.0835934397
 20
4.0787358074
 30
0.0
 11
-35.5835837137
 21
4.0787356982
 31
0.0
  0
LINE
  5
E8F
330
1F
100
AcDbEntity
  8
0
  6
Continuous
 62
     7
370
    25
100
AcDbLine
 10
-38.0835932184
 20
3.9787358074
 30
0.0
 11
-35.5835934848
 21
3.9787356982
 31
0.0
  0
LINE
  5
E90
330
1F
100
AcDbEntity
  8
0
  6
Continuous
 62
     7
370
    25
100
AcDbLine
 10
-38.0835932796
 20
2.5787358074
 30
0.0
 11
-35.5835935459
 21
2.5787356982
 31
0.0
  0
LINE
  5
E91
330
1F
100
AcDbEntity
  8
0
  6
Continuous
 62
     7
370
    25
100
AcDbLine
 10
-38.0835935097
 20
2.4787358074
 30
0.0
 11
-35.5835837836
 21
2.4787356982
 31
0.0
  0
LINE
  5
E92
330
1F
100
AcDbEntity
  8
0
  6
Continuous
 62
     7
370
    25
100
AcDbLine
 10
-37.1476443605
 20
3.9787357665
 30
0.0
 11
-37.1476444217
 21
2.5787357665
 31
0.0
  0
LINE
  5
E93
330
1F
100
AcDbEntity
  8
0
  6
Continuous
 62
     7
370
    25
100
AcDbLine
 10
-34.2835943389
 20
-9.082743346
 30
0.0
 11
-34.2835943428
 21
-9.1712633444
 31
0.0
  0
LINE
  5
E94
330
1F
100
AcDbEntity
  8
0
  6
Continuous
 62
     7
370
    25
100
AcDbLine
 10
-73.6335936981
 20
-8.1712641248
 30
0.0
 11
-73.6335930424
 21
6.8287358752
 31
0.0
  0
LINE
  5
E95
330
1F
100
AcDbEntity
  8
0
  6
Continuous
 62
     7
370
    25
100
AcDbLine
 10
-73.6335945429
 20
-8.1712641248
 30
0.0
 11
-73.6335947209
 21
-8.1712641248
 31
0.0
  0
LINE
  5
E96
330
1F
100
AcDbEntity
  8
0
  6
Continuous
 62
     7
370
    25
100
AcDbLine
 10
-73.6335947209
 20
-6.6712641248
 30
0.0
 11
-73.6335941964
 21
5.3287358752
 31
0.0
  0
LINE
  5
E97
330
1F
100
AcDbEntity
  8
0
  6
Continuous
 62
     7
370
    25
100
AcDbLine
 10
-73.6335938873
 20
6.8287358752
 30
0.0
 11
-73.6335940652
 21
6.8287358752
 31
0.0
  0
LINE
  5
E98
330
1F
100
AcDbEntity
  8
0
  6
Continuous
 62
     7
370
    25
100
AcDbLine
 10
-65.6335936981
 20
-8.1712644745
 30
0.0
 11
-65.6335930424
 21
6.8287355255
 31
0.0
  0
LINE
  5
E99
330
1F
100
AcDbEntity
  8
0
  6
Continuous
 62
     7
370
    25
100
AcDbLine
 10
-66.1335937199
 20
-8.6712644526
 30
0.0
 11
-73.1335937199
 21
-8.6712641467
 31
0.0
  0
LINE
  5
E9A
330
1F
100
AcDbEntity
  8
0
  6
Continuous
 62
     7
370
    25
100
AcDbLine
 10
-66.1335930205
 20
7.3287355474
 30
0.0
 11
-73.1335930205
 21
7.3287358533
 31
0.0
  0
LINE
  5
E9B
330
1F
100
AcDbEntity
  8
0
  6
Continuous
 62
     7
370
    25
100
AcDbLine
 10
-72.1335935057
 20
-3.7712641904
 30
0.0
 11
-72.13359358
 21
-5.4712641904
 31
0.0
  0
LINE
  5
E9C
330
1F
100
AcDbEntity
  8
0
  6
Continuous
 62
     7
370
    25
100
AcDbLine
 10
-72.13359358
 20
-5.4712641904
 30
0.0
 11
-70.48359358
 21
-5.4712642625
 31
0.0
  0
LINE
  5
E9D
330
1F
100
AcDbEntity
  8
0
  6
Continuous
 62
     7
370
    25
100
AcDbLine
 10
-70.48359358
 20
-5.4712642625
 30
0.0
 11
-70.4835935975
 21
-5.8712642625
 31
0.0
  0
LINE
  5
E9E
330
1F
100
AcDbEntity
  8
0
  6
Continuous
 62
     7
370
    25
100
AcDbLine
 10
-69.6335941024
 20
-5.4212642997
 30
0.0
 11
-69.6335936412
 21
-6.8712642997
 31
0.0
  0
LINE
  5
E9F
330
1F
100
AcDbEntity
  8
0
  6
Continuous
 62
     7
370
    25
100
AcDbLine
 10
-69.6335936412
 20
-6.8712642997
 30
0.0
 11
-69.0835936412
 21
-6.8712643237
 31
0.0
  0
LINE
  5
EA0
330
1F
100
AcDbEntity
  8
0
  6
Continuous
 62
     7
370
    25
100
AcDbLine
 10
-69.0835936412
 20
-6.8712643237
 30
0.0
 11
-69.0835934445
 21
-2.3712643237
 31
0.0
  0
LINE
  5
EA1
330
1F
100
AcDbEntity
  8
0
  6
Continuous
 62
     7
370
    25
100
AcDbLine
 10
-69.0835934445
 20
-2.3712643237
 30
0.0
 11
-69.6335934445
 21
-2.3712642997
 31
0.0
  0
LINE
  5
EA2
330
1F
100
AcDbEntity
  8
0
  6
Continuous
 62
     7
370
    25
100
AcDbLine
 10
-69.6335934445
 20
-2.3712642997
 30
0.0
 11
-69.6335940325
 21
-3.8212642997
 31
0.0
  0
LINE
  5
EA3
330
1F
100
AcDbEntity
  8
0
  6
Continuous
 62
     7
370
    25
100
AcDbLine
 10
-70.4835934883
 20
-3.3712642625
 30
0.0
 11
-70.4835935057
 21
-3.7712642625
 31
0.0
  0
LINE
  5
EA4
330
1F
100
AcDbEntity
  8
0
  6
Continuous
 62
     7
370
    25
100
AcDbLine
 10
-70.4835935057
 20
-3.7712642625
 30
0.0
 11
-72.1335935057
 21
-3.7712641904
 31
0.0
  0
LINE
  5
EA5
330
1F
100
AcDbEntity
  8
0
  6
Continuous
 62
     7
370
    25
100
AcDbLine
 10
-72.0835931604
 20
4.1287358074
 30
0.0
 11
-72.0835932347
 21
2.4287358074
 31
0.0
  0
LINE
  5
EA6
330
1F
100
AcDbEntity
  8
0
  6
Continuous
 62
     7
370
    25
100
AcDbLine
 10
-72.0835932347
 20
2.4287358074
 30
0.0
 11
-70.4835932347
 21
2.4287357375
 31
0.0
  0
LINE
  5
EA7
330
1F
100
AcDbEntity
  8
0
  6
Continuous
 62
     7
370
    25
100
AcDbLine
 10
-70.4835932347
 20
2.4287357375
 30
0.0
 11
-70.4835932697
 21
1.6287357375
 31
0.0
  0
LINE
  5
EA8
330
1F
100
AcDbEntity
  8
0
  6
Continuous
 62
     7
370
    25
100
AcDbLine
 10
-70.4835932697
 20
1.6287357375
 30
0.0
 11
-69.6335932697
 21
1.6287357003
 31
0.0
  0
LINE
  5
EA9
330
1F
100
AcDbEntity
  8
0
  6
Continuous
 62
     7
370
    25
100
AcDbLine
 10
-69.6335937571
 20
2.4787357003
 30
0.0
 11
-69.6335932959
 21
1.0287357003
 31
0.0
  0
LINE
  5
EAA
330
1F
100
AcDbEntity
  8
0
  6
Continuous
 62
     7
370
    25
100
AcDbLine
 10
-69.6335932959
 20
1.0287357003
 30
0.0
 11
-69.0835932959
 21
1.0287356763
 31
0.0
  0
LINE
  5
EAB
330
1F
100
AcDbEntity
  8
0
  6
Continuous
 62
     7
370
    25
100
AcDbLine
 10
-69.0835932959
 20
1.0287356763
 30
0.0
 11
-69.0835930992
 21
5.5287356763
 31
0.0
  0
LINE
  5
EAC
330
1F
100
AcDbEntity
  8
0
  6
Continuous
 62
     7
370
    25
100
AcDbLine
 10
-69.0835930992
 20
5.5287356763
 30
0.0
 11
-69.6335930992
 21
5.5287357003
 31
0.0
  0
LINE
  5
EAD
330
1F
100
AcDbEntity
  8
0
  6
Continuous
 62
     7
370
    25
100
AcDbLine
 10
-69.6335930992
 20
5.5287357003
 30
0.0
 11
-69.6335936871
 21
4.0787357003
 31
0.0
  0
LINE
  5
EAE
330
1F
100
AcDbEntity
  8
0
  6
Continuous
 62
     7
370
    25
100
AcDbLine
 10
-69.6335931255
 20
4.9287357003
 30
0.0
 11
-70.4835931255
 21
4.9287357375
 31
0.0
  0
LINE
  5
EAF
330
1F
100
AcDbEntity
  8
0
  6
Continuous
 62
     7
370
    25
100
AcDbLine
 10
-70.4835931255
 20
4.9287357375
 30
0.0
 11
-70.4835931604
 21
4.1287357375
 31
0.0
  0
LINE
  5
EB0
330
1F
100
AcDbEntity
  8
0
  6
Continuous
 62
     7
370
    25
100
AcDbLine
 10
-70.4835931604
 20
4.1287357375
 30
0.0
 11
-72.0835931604
 21
4.1287358074
 31
0.0
  0
LINE
  5
EB1
330
1F
100
AcDbEntity
  8
0
  6
Continuous
 62
     7
370
    25
100
AcDbLine
 10
-69.0835943389
 20
-9.082743346
 30
0.0
 11
-69.0835943428
 21
-9.1712633444
 31
0.0
  0
LINE
  5
EB2
330
1F
100
AcDbEntity
  8
0
  6
Continuous
 62
     7
370
    25
100
AcDbLine
 10
-69.0835941352
 20
5.5287356763
 30
0.0
 11
-69.0835941745
 21
4.6287356763
 31
0.0
  0
LINE
  5
EB3
330
1F
100
AcDbEntity
  8
0
  6
Continuous
 62
     7
370
    25
100
AcDbLine
 10
-69.0835942925
 20
1.9287356763
 30
0.0
 11
-69.0835943319
 21
1.0287356763
 31
0.0
  0
LINE
  5
EB4
330
1F
100
AcDbEntity
  8
0
  6
Continuous
 62
     7
370
    25
100
AcDbLine
 10
-69.5835934686
 20
-2.4212643018
 30
0.0
 11
-69.5835936609
 21
-6.8212643018
 31
0.0
  0
LINE
  5
EB5
330
1F
100
AcDbEntity
  8
0
  6
Continuous
 62
     7
370
    25
100
AcDbLine
 10
-69.5835931233
 20
5.4787356982
 30
0.0
 11
-69.5835933156
 21
1.0787356982
 31
0.0
  0
LINE
  5
EB6
330
1F
100
AcDbEntity
  8
0
  6
Continuous
 62
     7
370
    25
100
AcDbLine
 10
-69.0835931233
 20
5.4787356763
 30
0.0
 11
-69.5835931233
 21
5.4787356982
 31
0.0
  0
LINE
  5
EB7
330
1F
100
AcDbEntity
  8
0
  6
Continuous
 62
     7
370
    25
100
AcDbLine
 10
-69.0835933156
 20
1.0787356763
 30
0.0
 11
-69.5835933156
 21
1.0787356982
 31
0.0
  0
LINE
  5
EB8
330
1F
100
AcDbEntity
  8
0
  6
Continuous
 62
     7
370
    25
100
AcDbLine
 10
-69.0835934686
 20
-2.4212643237
 30
0.0
 11
-69.5835934686
 21
-2.4212643018
 31
0.0
  0
LINE
  5
EB9
330
1F
100
AcDbEntity
  8
0
  6
Continuous
 62
     7
370
    25
100
AcDbLine
 10
-69.0835936609
 20
-6.8212643237
 30
0.0
 11
-69.5835936609
 21
-6.8212643018
 31
0.0
  0
LINE
  5
EBA
330
1F
100
AcDbEntity
  8
0
  6
Continuous
 62
     7
370
    25
100
AcDbLine
 10
-72.1335935637
 20
-3.9212641904
 30
0.0
 11
-69.5835938387
 21
-3.9212643018
 31
0.0
  0
LINE
  5
EBB
330
1F
100
AcDbEntity
  8
0
  6
Continuous
 62
     7
370
    25
100
AcDbLine
 10
-71.1976447059
 20
-3.9212642313
 30
0.0
 11
-71.1976447671
 21
-5.3212642313
 31
0.0
  0
LINE
  5
EBC
330
1F
100
AcDbEntity
  8
0
  6
Continuous
 62
     7
370
    25
100
AcDbLine
 10
-72.1335936249
 20
-5.3212641904
 30
0.0
 11
-69.5835938999
 21
-5.3212643018
 31
0.0
  0
LINE
  5
EBD
330
1F
100
AcDbEntity
  8
0
  6
Continuous
 62
     7
370
    25
100
AcDbLine
 10
-72.133593855
 20
-5.4212641904
 30
0.0
 11
-69.6335841289
 21
-5.4212642997
 31
0.0
  0
LINE
  5
EBE
330
1F
100
AcDbEntity
  8
0
  6
Continuous
 62
     7
370
    25
100
AcDbLine
 10
-72.1335937851
 20
-3.8212641904
 30
0.0
 11
-69.633584059
 21
-3.8212642997
 31
0.0
  0
LINE
  5
EBF
330
1F
100
AcDbEntity
  8
0
  6
Continuous
 62
     7
370
    25
100
AcDbLine
 10
-72.0835932796
 20
2.5787358074
 30
0.0
 11
-69.5835935459
 21
2.5787356982
 31
0.0
  0
LINE
  5
EC0
330
1F
100
AcDbEntity
  8
0
  6
Continuous
 62
     7
370
    25
100
AcDbLine
 10
-72.0835935097
 20
2.4787358074
 30
0.0
 11
-69.5835837836
 21
2.4787356982
 31
0.0
  0
LINE
  5
EC1
330
1F
100
AcDbEntity
  8
0
  6
Continuous
 62
     7
370
    25
100
AcDbLine
 10
-72.0835934397
 20
4.0787358074
 30
0.0
 11
-69.5835837137
 21
4.0787356982
 31
0.0
  0
LINE
  5
EC2
330
1F
100
AcDbEntity
  8
0
  6
Continuous
 62
     7
370
    25
100
AcDbLine
 10
-72.0835932184
 20
3.9787358074
 30
0.0
 11
-69.5835934848
 21
3.9787356982
 31
0.0
  0
LINE
  5
EC3
330
1F
100
AcDbEntity
  8
0
  6
Continuous
 62
     7
370
    25
100
AcDbLine
 10
-71.1476443605
 20
3.9787357665
 30
0.0
 11
-71.1476444217
 21
2.5787357665
 31
0.0
  0
LINE
  5
EC4
330
1F
100
AcDbEntity
  8
0
  6
Continuous
 62
     7
370
    25
100
AcDbLine
 10
-68.2835943389
 20
-9.082743346
 30
0.0
 11
-68.2835943428
 21
-9.1712633444
 31
0.0
  0
LINE
  5
EC5
330
1F
100
AcDbEntity
  8
0
  6
Continuous
 62
     7
370
    25
100
AcDbLine
 10
-107.6335936981
 20
-8.1712641248
 30
0.0
 11
-107.6335930424
 21
6.8287358752
 31
0.0
  0
LINE
  5
EC6
330
1F
100
AcDbEntity
  8
0
  6
Continuous
 62
     7
370
    25
100
AcDbLine
 10
-107.6335945429
 20
-8.1712641248
 30
0.0
 11
-107.6335947209
 21
-8.1712641248
 31
0.0
  0
LINE
  5
EC7
330
1F
100
AcDbEntity
  8
0
  6
Continuous
 62
     7
370
    25
100
AcDbLine
 10
-107.6335947209
 20
-6.6712641248
 30
0.0
 11
-107.6335941964
 21
5.3287358752
 31
0.0
  0
LINE
  5
EC8
330
1F
100
AcDbEntity
  8
0
  6
Continuous
 62
     7
370
    25
100
AcDbLine
 10
-107.6335938873
 20
6.8287358752
 30
0.0
 11
-107.6335940652
 21
6.8287358752
 31
0.0
  0
LINE
  5
EC9
330
1F
100
AcDbEntity
  8
0
  6
Continuous
 62
     7
370
    25
100
AcDbLine
 10
-99.6335936981
 20
-8.1712644745
 30
0.0
 11
-99.6335930424
 21
6.8287355255
 31
0.0
  0
LINE
  5
ECA
330
1F
100
AcDbEntity
  8
0
  6
Continuous
 62
     7
370
    25
100
AcDbLine
 10
-100.1335937199
 20
-8.6712644526
 30
0.0
 11
-107.1335937199
 21
-8.6712641467
 31
0.0
  0
LINE
  5
ECB
330
1F
100
AcDbEntity
  8
0
  6
Continuous
 62
     7
370
    25
100
AcDbLine
 10
-100.1335930205
 20
7.3287355474
 30
0.0
 11
-107.1335930205
 21
7.3287358533
 31
0.0
  0
LINE
  5
ECC
330
1F
100
AcDbEntity
  8
0
  6
Continuous
 62
     7
370
    25
100
AcDbLine
 10
-106.1335935057
 20
-3.7712641904
 30
0.0
 11
-106.13359358
 21
-5.4712641904
 31
0.0
  0
LINE
  5
ECD
330
1F
100
AcDbEntity
  8
0
  6
Continuous
 62
     7
370
    25
100
AcDbLine
 10
-106.13359358
 20
-5.4712641904
 30
0.0
 11
-104.48359358
 21
-5.4712642625
 31
0.0
  0
LINE
  5
ECE
330
1F
100
AcDbEntity
  8
0
  6
Continuous
 62
     7
370
    25
100
AcDbLine
 10
-104.48359358
 20
-5.4712642625
 30
0.0
 11
-104.4835935975
 21
-5.8712642625
 31
0.0
  0
LINE
  5
ECF
330
1F
100
AcDbEntity
  8
0
  6
Continuous
 62
     7
370
    25
100
AcDbLine
 10
-103.6335941024
 20
-5.4212642997
 30
0.0
 11
-103.6335936412
 21
-6.8712642997
 31
0.0
  0
LINE
  5
ED0
330
1F
100
AcDbEntity
  8
0
  6
Continuous
 62
     7
370
    25
100
AcDbLine
 10
-103.6335936412
 20
-6.8712642997
 30
0.0
 11
-103.0835936412
 21
-6.8712643237
 31
0.0
  0
LINE
  5
ED1
330
1F
100
AcDbEntity
  8
0
  6
Continuous
 62
     7
370
    25
100
AcDbLine
 10
-103.0835936412
 20
-6.8712643237
 30
0.0
 11
-103.0835934445
 21
-2.3712643237
 31
0.0
  0
LINE
  5
ED2
330
1F
100
AcDbEntity
  8
0
  6
Continuous
 62
     7
370
    25
100
AcDbLine
 10
-103.0835934445
 20
-2.3712643237
 30
0.0
 11
-103.6335934445
 21
-2.3712642997
 31
0.0
  0
LINE
  5
ED3
330
1F
100
AcDbEntity
  8
0
  6
Continuous
 62
     7
370
    25
100
AcDbLine
 10
-103.6335934445
 20
-2.3712642997
 30
0.0
 11
-103.6335940325
 21
-3.8212642997
 31
0.0
  0
LINE
  5
ED4
330
1F
100
AcDbEntity
  8
0
  6
Continuous
 62
     7
370
    25
100
AcDbLine
 10
-104.4835934883
 20
-3.3712642625
 30
0.0
 11
-104.4835935057
 21
-3.7712642625
 31
0.0
  0
LINE
  5
ED5
330
1F
100
AcDbEntity
  8
0
  6
Continuous
 62
     7
370
    25
100
AcDbLine
 10
-104.4835935057
 20
-3.7712642625
 30
0.0
 11
-106.1335935057
 21
-3.7712641904
 31
0.0
  0
LINE
  5
ED6
330
1F
100
AcDbEntity
  8
0
  6
Continuous
 62
     7
370
    25
100
AcDbLine
 10
-106.0835931604
 20
4.1287358074
 30
0.0
 11
-106.0835932347
 21
2.4287358074
 31
0.0
  0
LINE
  5
ED7
330
1F
100
AcDbEntity
  8
0
  6
Continuous
 62
     7
370
    25
100
AcDbLine
 10
-106.0835932347
 20
2.4287358074
 30
0.0
 11
-104.4835932347
 21
2.4287357375
 31
0.0
  0
LINE
  5
ED8
330
1F
100
AcDbEntity
  8
0
  6
Continuous
 62
     7
370
    25
100
AcDbLine
 10
-104.4835932347
 20
2.4287357375
 30
0.0
 11
-104.4835932697
 21
1.6287357375
 31
0.0
  0
LINE
  5
ED9
330
1F
100
AcDbEntity
  8
0
  6
Continuous
 62
     7
370
    25
100
AcDbLine
 10
-104.4835932697
 20
1.6287357375
 30
0.0
 11
-103.6335932697
 21
1.6287357003
 31
0.0
  0
LINE
  5
EDA
330
1F
100
AcDbEntity
  8
0
  6
Continuous
 62
     7
370
    25
100
AcDbLine
 10
-103.6335937571
 20
2.4787357003
 30
0.0
 11
-103.6335932959
 21
1.0287357003
 31
0.0
  0
LINE
  5
EDB
330
1F
100
AcDbEntity
  8
0
  6
Continuous
 62
     7
370
    25
100
AcDbLine
 10
-103.6335932959
 20
1.0287357003
 30
0.0
 11
-103.0835932959
 21
1.0287356763
 31
0.0
  0
LINE
  5
EDC
330
1F
100
AcDbEntity
  8
0
  6
Continuous
 62
     7
370
    25
100
AcDbLine
 10
-103.0835932959
 20
1.0287356763
 30
0.0
 11
-103.0835930992
 21
5.5287356763
 31
0.0
  0
LINE
  5
EDD
330
1F
100
AcDbEntity
  8
0
  6
Continuous
 62
     7
370
    25
100
AcDbLine
 10
-103.0835930992
 20
5.5287356763
 30
0.0
 11
-103.6335930992
 21
5.5287357003
 31
0.0
  0
LINE
  5
EDE
330
1F
100
AcDbEntity
  8
0
  6
Continuous
 62
     7
370
    25
100
AcDbLine
 10
-103.6335930992
 20
5.5287357003
 30
0.0
 11
-103.6335936871
 21
4.0787357003
 31
0.0
  0
LINE
  5
EDF
330
1F
100
AcDbEntity
  8
0
  6
Continuous
 62
     7
370
    25
100
AcDbLine
 10
-103.6335931255
 20
4.9287357003
 30
0.0
 11
-104.4835931255
 21
4.9287357375
 31
0.0
  0
LINE
  5
EE0
330
1F
100
AcDbEntity
  8
0
  6
Continuous
 62
     7
370
    25
100
AcDbLine
 10
-104.4835931255
 20
4.9287357375
 30
0.0
 11
-104.4835931604
 21
4.1287357375
 31
0.0
  0
LINE
  5
EE1
330
1F
100
AcDbEntity
  8
0
  6
Continuous
 62
     7
370
    25
100
AcDbLine
 10
-104.4835931604
 20
4.1287357375
 30
0.0
 11
-106.0835931604
 21
4.1287358074
 31
0.0
  0
LINE
  5
EE2
330
1F
100
AcDbEntity
  8
0
  6
Continuous
 62
     7
370
    25
100
AcDbLine
 10
-103.0835944084
 20
-9.1712633444
 30
0.0
 11
-103.0835944045
 21
-9.082743346
 31
0.0
  0
LINE
  5
EE3
330
1F
100
AcDbEntity
  8
0
  6
Continuous
 62
     7
370
    25
100
AcDbLine
 10
-103.0835941352
 20
5.5287356763
 30
0.0
 11
-103.0835941745
 21
4.6287356763
 31
0.0
  0
LINE
  5
EE4
330
1F
100
AcDbEntity
  8
0
  6
Continuous
 62
     7
370
    25
100
AcDbLine
 10
-103.0835942925
 20
1.9287356763
 30
0.0
 11
-103.0835943319
 21
1.0287356763
 31
0.0
  0
LINE
  5
EE5
330
1F
100
AcDbEntity
  8
0
  6
Continuous
 62
     7
370
    25
100
AcDbLine
 10
-103.5835934686
 20
-2.4212643018
 30
0.0
 11
-103.5835936609
 21
-6.8212643018
 31
0.0
  0
LINE
  5
EE6
330
1F
100
AcDbEntity
  8
0
  6
Continuous
 62
     7
370
    25
100
AcDbLine
 10
-103.5835931233
 20
5.4787356982
 30
0.0
 11
-103.5835933156
 21
1.0787356982
 31
0.0
  0
LINE
  5
EE7
330
1F
100
AcDbEntity
  8
0
  6
Continuous
 62
     7
370
    25
100
AcDbLine
 10
-103.0835931233
 20
5.4787356763
 30
0.0
 11
-103.5835931233
 21
5.4787356982
 31
0.0
  0
LINE
  5
EE8
330
1F
100
AcDbEntity
  8
0
  6
Continuous
 62
     7
370
    25
100
AcDbLine
 10
-103.0835933156
 20
1.0787356763
 30
0.0
 11
-103.5835933156
 21
1.0787356982
 31
0.0
  0
LINE
  5
EE9
330
1F
100
AcDbEntity
  8
0
  6
Continuous
 62
     7
370
    25
100
AcDbLine
 10
-103.0835934686
 20
-2.4212643237
 30
0.0
 11
-103.5835934686
 21
-2.4212643018
 31
0.0
  0
LINE
  5
EEA
330
1F
100
AcDbEntity
  8
0
  6
Continuous
 62
     7
370
    25
100
AcDbLine
 10
-103.0835936609
 20
-6.8212643237
 30
0.0
 11
-103.5835936609
 21
-6.8212643018
 31
0.0
  0
LINE
  5
EEB
330
1F
100
AcDbEntity
  8
0
  6
Continuous
 62
     7
370
    25
100
AcDbLine
 10
-106.1335935637
 20
-3.9212641904
 30
0.0
 11
-103.5835938387
 21
-3.9212643018
 31
0.0
  0
LINE
  5
EEC
330
1F
100
AcDbEntity
  8
0
  6
Continuous
 62
     7
370
    25
100
AcDbLine
 10
-105.1976447059
 20
-3.9212642313
 30
0.0
 11
-105.1976447671
 21
-5.3212642313
 31
0.0
  0
LINE
  5
EED
330
1F
100
AcDbEntity
  8
0
  6
Continuous
 62
     7
370
    25
100
AcDbLine
 10
-106.1335936249
 20
-5.3212641904
 30
0.0
 11
-103.5835938999
 21
-5.3212643018
 31
0.0
  0
LINE
  5
EEE
330
1F
100
AcDbEntity
  8
0
  6
Continuous
 62
     7
370
    25
100
AcDbLine
 10
-106.133593855
 20
-5.4212641904
 30
0.0
 11
-103.6335841289
 21
-5.4212642997
 31
0.0
  0
LINE
  5
EEF
330
1F
100
AcDbEntity
  8
0
  6
Continuous
 62
     7
370
    25
100
AcDbLine
 10
-106.1335937851
 20
-3.8212641904
 30
0.0
 11
-103.633584059
 21
-3.8212642997
 31
0.0
  0
LINE
  5
EF0
330
1F
100
AcDbEntity
  8
0
  6
Continuous
 62
     7
370
    25
100
AcDbLine
 10
-106.0835932796
 20
2.5787358074
 30
0.0
 11
-103.5835935459
 21
2.5787356982
 31
0.0
  0
LINE
  5
EF1
330
1F
100
AcDbEntity
  8
0
  6
Continuous
 62
     7
370
    25
100
AcDbLine
 10
-106.0835935097
 20
2.4787358074
 30
0.0
 11
-103.5835837836
 21
2.4787356982
 31
0.0
  0
LINE
  5
EF2
330
1F
100
AcDbEntity
  8
0
  6
Continuous
 62
     7
370
    25
100
AcDbLine
 10
-106.0835934397
 20
4.0787358074
 30
0.0
 11
-103.5835837137
 21
4.0787356982
 31
0.0
  0
LINE
  5
EF3
330
1F
100
AcDbEntity
  8
0
  6
Continuous
 62
     7
370
    25
100
AcDbLine
 10
-106.0835932184
 20
3.9787358074
 30
0.0
 11
-103.5835934848
 21
3.9787356982
 31
0.0
  0
LINE
  5
EF4
330
1F
100
AcDbEntity
  8
0
  6
Continuous
 62
     7
370
    25
100
AcDbLine
 10
-105.1476443605
 20
3.9787357665
 30
0.0
 11
-105.1476444217
 21
2.5787357665
 31
0.0
  0
LINE
  5
EF5
330
1F
100
AcDbEntity
  8
0
  6
Continuous
 62
     7
370
    25
100
AcDbLine
 10
-102.2835943389
 20
-9.082743346
 30
0.0
 11
-102.2835943428
 21
-9.1712633444
 31
0.0
  0
LINE
  5
EF6
330
1F
100
AcDbEntity
  8
0
  6
Continuous
 62
     7
370
    25
100
AcDbLine
 10
20.366370966
 20
-9.1712633444
 30
0.0
 11
20.3663709699
 21
-9.0827433905
 31
0.0
  0
LINE
  5
EF7
330
1F
100
AcDbEntity
  8
0
  6
Continuous
 62
     7
370
    25
100
AcDbLine
 10
21.166370966
 20
-9.1712633444
 30
0.0
 11
21.1663709734
 21
-9.0827433992
 31
0.0
  0
LINE
  5
EF8
330
1F
100
AcDbEntity
  8
0
  6
Continuous
 62
     7
370
    25
100
AcDbLine
 10
23.2664503033
 20
-9.0827433643
 30
0.0
 11
23.266450294
 21
-9.1712633444
 31
0.0
  0
LINE
  5
EF9
330
1F
100
AcDbEntity
  8
0
  6
Continuous
 62
     7
370
    25
100
AcDbLine
 10
22.4664502901
 20
-9.0827434255
 30
0.0
 11
22.466450294
 21
-9.1712633444
 31
0.0
  0
LINE
  5
EFA
330
1F
100
AcDbEntity
  8
0
  6
Continuous
 62
     7
370
    25
100
AcDbLine
 10
25.3663679142
 20
-9.1712633444
 30
0.0
 11
25.3663679217
 21
-9.0827433992
 31
0.0
  0
LINE
  5
EFB
330
1F
100
AcDbEntity
  8
0
  6
Continuous
 62
     7
370
    25
100
AcDbLine
 10
27.3664563938
 20
-9.0853020915
 30
0.0
 11
27.3664564068
 21
-9.0827433643
 31
0.0
  0
LINE
  5
EFC
330
1F
100
AcDbEntity
  8
0
  6
Continuous
 62
     7
370
    25
100
AcDbLine
 10
26.5664563937
 20
-9.0827434255
 30
0.0
 11
26.5664563975
 21
-9.1712633444
 31
0.0
  0
LINE
  5
EFD
330
1F
100
AcDbEntity
  8
0
  6
Continuous
 62
     7
370
    25
100
AcDbLine
 10
-107.8764672532
 20
-8.671263346
 30
0.0
 11
-107.1335945548
 21
-8.671263346
 31
0.0
  0
LINE
  5
EFE
330
1F
100
AcDbEntity
  8
0
  6
Continuous
 62
     7
370
    25
100
AcDbLine
 10
-100.1335936981
 20
-8.671263346
 30
0.0
 11
-98.6335947209
 21
-8.671263346
 31
0.0
  0
LINE
  5
EFF
330
1F
100
AcDbEntity
  8
0
  6
Continuous
 62
     7
370
    25
100
AcDbLine
 10
-91.6335936981
 20
-8.671263346
 30
0.0
 11
-90.1335947209
 21
-8.671263346
 31
0.0
  0
LINE
  5
F00
330
1F
100
AcDbEntity
  8
0
  6
Continuous
 62
     7
370
    25
100
AcDbLine
 10
-83.1335936981
 20
-8.671263346
 30
0.0
 11
-81.6335947209
 21
-8.671263346
 31
0.0
  0
LINE
  5
F01
330
1F
100
AcDbEntity
  8
0
  6
Continuous
 62
     7
370
    25
100
AcDbLine
 10
-74.6335936981
 20
-8.671263346
 30
0.0
 11
-73.1335945548
 21
-8.671263346
 31
0.0
  0
LINE
  5
F02
330
1F
100
AcDbEntity
  8
0
  6
Continuous
 62
     7
370
    25
100
AcDbLine
 10
-66.1335936981
 20
-8.671263346
 30
0.0
 11
-64.6335947209
 21
-8.671263346
 31
0.0
  0
LINE
  5
F03
330
1F
100
AcDbEntity
  8
0
  6
Continuous
 62
     7
370
    25
100
AcDbLine
 10
-57.6335936981
 20
-8.671263346
 30
0.0
 11
-56.1335947209
 21
-8.671263346
 31
0.0
  0
LINE
  5
F04
330
1F
100
AcDbEntity
  8
0
  6
Continuous
 62
     7
370
    25
100
AcDbLine
 10
-49.1335936981
 20
-8.671263346
 30
0.0
 11
-47.6335947209
 21
-8.671263346
 31
0.0
  0
LINE
  5
F05
330
1F
100
AcDbEntity
  8
0
  6
Continuous
 62
     7
370
    25
100
AcDbLine
 10
-40.6335936981
 20
-8.671263346
 30
0.0
 11
-39.1335947209
 21
-8.671263346
 31
0.0
  0
LINE
  5
F06
330
1F
100
AcDbEntity
  8
0
  6
Continuous
 62
     7
370
    25
100
AcDbLine
 10
-32.1335936981
 20
-8.671263346
 30
0.0
 11
-30.6335947209
 21
-8.671263346
 31
0.0
  0
LINE
  5
F07
330
1F
100
AcDbEntity
  8
0
  6
Continuous
 62
     7
370
    25
100
AcDbLine
 10
-23.6335936981
 20
-8.671263346
 30
0.0
 11
-22.1335947209
 21
-8.671263346
 31
0.0
  0
LINE
  5
F08
330
1F
100
AcDbEntity
  8
0
  6
Continuous
 62
     7
370
    25
100
AcDbLine
 10
-15.1335936981
 20
-8.671263346
 30
0.0
 11
-13.6335870915
 21
-8.671263346
 31
0.0
  0
LINE
  5
F09
330
1F
100
AcDbEntity
  8
0
  6
Continuous
 62
     7
370
    25
100
AcDbLine
 10
-6.6335860687
 20
-8.671263346
 30
0.0
 11
-5.1336023503
 21
-8.671263346
 31
0.0
  0
LINE
  5
F0A
330
1F
100
AcDbEntity
  8
0
  6
Continuous
 62
     7
370
    25
100
AcDbLine
 10
1.8663986725
 20
-8.671263346
 30
0.0
 11
3.3664129085
 21
-8.671263346
 31
0.0
  0
LINE
  5
F0B
330
1F
100
AcDbEntity
  8
0
  6
Continuous
 62
     7
370
    25
100
AcDbLine
 10
10.3664139313
 20
-8.671263346
 30
0.0
 11
11.8664129085
 21
-8.671263346
 31
0.0
  0
LINE
  5
F0C
330
1F
100
AcDbEntity
  8
0
  6
Continuous
 62
     7
370
    25
100
AcDbLine
 10
18.8664139313
 20
-8.671263346
 30
0.0
 11
20.3663976497
 21
-8.671263346
 31
0.0
  0
LINE
  5
F0D
330
1F
100
AcDbEntity
  8
0
  6
Continuous
 62
     7
370
    25
100
AcDbLine
 10
27.3663986725
 20
-8.671263346
 30
0.0
 11
28.1092840542
 21
-8.671263346
 31
0.0
  0
LINE
  5
F0E
330
1F
100
AcDbEntity
  8
0
  6
Continuous
 62
     7
370
    25
100
AcDbLine
 10
-107.1420167889
 20
-9.082743346
 30
0.0
 11
27.3748335899
 21
-9.082743346
 31
0.0
  0
LINE
  5
F0F
330
1F
100
AcDbEntity
  8
0
  6
Continuous
 62
     7
370
    25
100
AcDbLine
 10
42.7664084003
 20
16.7287366556
 30
0.0
 11
42.7664084003
 21
-13.2712633444
 31
0.0
  0
LINE
  5
F10
330
1F
100
AcDbEntity
  8
0
  6
Continuous
 62
     7
370
    25
100
AcDbLine
 10
-122.2335915997
 20
-13.2712633444
 30
0.0
 11
-122.2335915997
 21
16.7287366556
 31
0.0
  0
LINE
  5
F11
330
1F
100
AcDbEntity
  8
0
  6
Continuous
 62
     7
370
    25
100
AcDbLine
 10
-118.2335915997
 20
20.7287366556
 30
0.0
 11
38.7664084003
 21
20.7287366556
 31
0.0
  0
LINE
  5
F12
330
1F
100
AcDbEntity
  8
0
  6
Continuous
 62
     7
370
    25
100
AcDbLine
 10
28.7864084005
 20
-7.1712633444
 30
0.0
 11
28.7864084005
 21
5.8287366546
 31
0.0
  0
LINE
  5
F13
330
1F
100
AcDbEntity
  8
0
  6
Continuous
 62
     7
370
    25
100
AcDbLine
 10
26.7864084005
 20
7.8287366546
 30
0.0
 11
-106.5535915995
 21
7.8287366546
 31
0.0
  0
LINE
  5
F14
330
1F
100
AcDbEntity
  8
0
  6
Continuous
 62
     7
370
    25
100
AcDbLine
 10
-108.5535915995
 20
5.8287366546
 30
0.0
 11
-108.5535915995
 21
-7.1712633444
 31
0.0
  0
LINE
  5
F15
330
1F
100
AcDbEntity
  8
0
  6
Continuous
 62
     7
370
    25
100
AcDbLine
 10
-106.5535915995
 20
-9.1712633444
 30
0.0
 11
26.7864084005
 21
-9.1712633444
 31
0.0
  0
LINE
  5
F16
330
1F
100
AcDbEntity
  8
0
  6
Continuous
 62
     7
370
    25
100
AcDbLine
 10
38.7664084003
 20
-17.2712633444
 30
0.0
 11
-118.2335915997
 21
-17.2712633444
 31
0.0
  0
LINE
  5
F17
330
1F
100
AcDbEntity
  8
0
  6
Continuous
 62
     7
370
    25
100
AcDbLine
 10
-22.3295557799
 20
-8.631263346
 30
0.0
 11
-23.176092993
 21
-8.631263346
 31
0.0
  0
LINE
  5
F18
330
1F
100
AcDbEntity
  8
0
  6
Continuous
 62
     7
370
    25
100
AcDbLine
 10
-31.43109266
 20
-8.631263346
 30
0.0
 11
-31.9376319209
 21
-8.631263346
 31
0.0
  0
LINE
  5
F19
330
1F
100
AcDbEntity
  8
0
  6
Continuous
 62
     7
370
    25
100
AcDbLine
 10
-39.3295557799
 20
-8.631263346
 30
0.0
 11
-40.4376319209
 21
-8.631263346
 31
0.0
  0
LINE
  5
F1A
330
1F
100
AcDbEntity
  8
0
  6
Continuous
 62
     7
370
    25
100
AcDbLine
 10
-47.8295557799
 20
-8.631263346
 30
0.0
 11
-48.576092993
 21
-8.631263346
 31
0.0
  0
LINE
  5
F1B
330
1F
100
AcDbEntity
  8
0
  6
Continuous
 62
     7
370
    25
100
AcDbLine
 10
-56.8310931041
 20
-8.631263346
 30
0.0
 11
-57.4376319209
 21
-8.631263346
 31
0.0
  0
LINE
  5
F1C
330
1F
100
AcDbEntity
  8
0
  6
Continuous
 62
     7
370
    25
100
AcDbLine
 10
-57.1335936853
 20
3.368736654
 30
0.0
 11
-56.6335942821
 21
3.368736654
 31
0.0
  0
LINE
  5
F1D
330
1F
100
AcDbEntity
  8
0
  6
Continuous
 62
     7
370
    25
100
AcDbLine
 10
-48.6335936853
 20
3.368736654
 30
0.0
 11
-48.1335942821
 21
3.368736654
 31
0.0
  0
LINE
  5
F1E
330
1F
100
AcDbEntity
  8
0
  6
Continuous
 62
     7
370
    25
100
AcDbLine
 10
-40.1335936853
 20
3.368736654
 30
0.0
 11
-39.6335942821
 21
3.368736654
 31
0.0
  0
LINE
  5
F1F
330
1F
100
AcDbEntity
  8
0
  6
Continuous
 62
     7
370
    25
100
AcDbLine
 10
-31.6335936853
 20
3.368736654
 30
0.0
 11
-31.1335942821
 21
3.368736654
 31
0.0
  0
LINE
  5
F20
330
1F
100
AcDbEntity
  8
0
  6
Continuous
 62
     7
370
    25
100
AcDbLine
 10
-23.1335936853
 20
3.368736654
 30
0.0
 11
-22.6335942821
 21
3.368736654
 31
0.0
  0
LINE
  5
F21
330
1F
100
AcDbEntity
  8
0
  6
Continuous
 62
     7
370
    25
100
AcDbLine
 10
40.4100586165
 20
-13.8249964507
 30
0.0
 11
39.2533328538
 21
-13.8478579526
 31
0.0
  0
LINE
  5
F22
330
1F
100
AcDbEntity
  8
0
  6
Continuous
 62
     7
370
    25
100
AcDbLine
 10
39.2533328538
 20
-13.8478579526
 30
0.0
 11
39.2501596871
 21
-13.687304908
 31
0.0
  0
LINE
  5
F23
330
1F
100
AcDbEntity
  8
0
  6
Continuous
 62
     7
370
    25
100
AcDbLine
 10
39.5087761551
 20
-13.694057244
 30
0.0
 11
40.3181379898
 21
-13.8218701586
 31
0.0
  0
LINE
  5
F24
330
1F
100
AcDbEntity
  8
0
  6
Continuous
 62
     7
370
    25
100
AcDbLine
 10
37.1227581839
 20
-13.3175302412
 30
0.0
 11
38.2794839465
 21
-13.2946687394
 31
0.0
  0
LINE
  5
F25
330
1F
100
AcDbEntity
  8
0
  6
Continuous
 62
     7
370
    25
100
AcDbLine
 10
38.2794839465
 20
-13.2946687394
 30
0.0
 11
38.2826571132
 21
-13.455221784
 31
0.0
  0
LINE
  5
F26
330
1F
100
AcDbEntity
  8
0
  6
Continuous
 62
     7
370
    25
100
AcDbLine
 10
38.0240406452
 20
-13.4484694479
 30
0.0
 11
37.2146788105
 21
-13.3206565333
 31
0.0
  0
LINE
  5
F27
330
1F
100
AcDbEntity
  8
0
  6
Continuous
 62
     7
370
    25
100
AcDbLine
 10
40.3181379898
 20
-13.3206565333
 30
0.0
 11
39.5087761551
 21
-13.4484694479
 31
0.0
  0
LINE
  5
F28
330
1F
100
AcDbEntity
  8
0
  6
Continuous
 62
     7
370
    25
100
AcDbLine
 10
39.2533328538
 20
-13.2946687394
 30
0.0
 11
39.2501596871
 21
-13.455221784
 31
0.0
  0
LINE
  5
F29
330
1F
100
AcDbEntity
  8
0
  6
Continuous
 62
     7
370
    25
100
AcDbLine
 10
40.4100586165
 20
-13.3175302412
 30
0.0
 11
39.2533328538
 21
-13.2946687394
 31
0.0
  0
LINE
  5
F2A
330
1F
100
AcDbEntity
  8
0
  6
Continuous
 62
     7
370
    25
100
AcDbLine
 10
38.5158015875
 20
-12.0195337564
 30
0.0
 11
38.6436145021
 21
-12.828895591
 31
0.0
  0
LINE
  5
F2B
330
1F
100
AcDbEntity
  8
0
  6
Continuous
 62
     7
370
    25
100
AcDbLine
 10
38.4898137936
 20
-13.0843388923
 30
0.0
 11
38.6503668382
 21
-13.0875120591
 31
0.0
  0
LINE
  5
F2C
330
1F
100
AcDbEntity
  8
0
  6
Continuous
 62
     7
370
    25
100
AcDbLine
 10
38.5126752954
 20
-11.9276131297
 30
0.0
 11
38.4898137936
 21
-13.0843388923
 31
0.0
  0
LINE
  5
F2D
330
1F
100
AcDbEntity
  8
0
  6
Continuous
 62
     7
370
    25
100
AcDbLine
 10
39.0170152128
 20
-15.1229929356
 30
0.0
 11
38.8892022982
 21
-14.3136311009
 31
0.0
  0
LINE
  5
F2E
330
1F
100
AcDbEntity
  8
0
  6
Continuous
 62
     7
370
    25
100
AcDbLine
 10
39.0430030068
 20
-14.0581877997
 30
0.0
 11
38.8824499621
 21
-14.0550146329
 31
0.0
  0
LINE
  5
F2F
330
1F
100
AcDbEntity
  8
0
  6
Continuous
 62
     7
370
    25
100
AcDbLine
 10
39.0201415049
 20
-15.2149135623
 30
0.0
 11
39.0430030068
 21
-14.0581877997
 31
0.0
  0
LINE
  5
F30
330
1F
100
AcDbEntity
  8
0
  6
Continuous
 62
     7
370
    25
100
AcDbLine
 10
37.1227581839
 20
-13.8249964507
 30
0.0
 11
38.2794839465
 21
-13.8478579526
 31
0.0
  0
LINE
  5
F31
330
1F
100
AcDbEntity
  8
0
  6
Continuous
 62
     7
370
    25
100
AcDbLine
 10
38.5126752954
 20
-15.2149135623
 30
0.0
 11
38.4898137936
 21
-14.0581877997
 31
0.0
  0
LINE
  5
F32
330
1F
100
AcDbEntity
  8
0
  6
Continuous
 62
     7
370
    25
100
AcDbLine
 10
39.0201415049
 20
-11.9276131297
 30
0.0
 11
39.0430030068
 21
-13.0843388923
 31
0.0
  0
LINE
  5
F33
330
1F
100
AcDbEntity
  8
0
  6
Continuous
 62
     7
370
    25
100
AcDbLine
 10
39.0430030068
 20
-13.0843388923
 30
0.0
 11
38.8824499621
 21
-13.0875120591
 31
0.0
  0
LINE
  5
F34
330
1F
100
AcDbEntity
  8
0
  6
Continuous
 62
     7
370
    25
100
AcDbLine
 10
38.8892022982
 20
-12.828895591
 30
0.0
 11
39.0170152128
 21
-12.0195337564
 31
0.0
  0
LINE
  5
F35
330
1F
100
AcDbEntity
  8
0
  6
Continuous
 62
     7
370
    25
100
AcDbLine
 10
38.4898137936
 20
-14.0581877997
 30
0.0
 11
38.6503668382
 21
-14.0550146329
 31
0.0
  0
LINE
  5
F36
330
1F
100
AcDbEntity
  8
0
  6
Continuous
 62
     7
370
    25
100
AcDbLine
 10
38.6436145021
 20
-14.3136311009
 30
0.0
 11
38.5158015875
 21
-15.1229929356
 31
0.0
  0
LINE
  5
F37
330
1F
100
AcDbEntity
  8
0
  6
Continuous
 62
     7
370
    25
100
AcDbLine
 10
37.2146788105
 20
-13.8218701586
 30
0.0
 11
38.0240406452
 21
-13.694057244
 31
0.0
  0
LINE
  5
F38
330
1F
100
AcDbEntity
  8
0
  6
Continuous
 62
     7
370
    25
100
AcDbLine
 10
38.2794839465
 20
-13.8478579526
 30
0.0
 11
38.2826571132
 21
-13.687304908
 31
0.0
  0
LINE
  5
F39
330
1F
100
AcDbEntity
  8
0
  6
Continuous
 62
     7
370
    25
100
AcDbLine
 10
39.0170152131
 20
15.4770070644
 30
0.0
 11
38.8892022985
 21
16.2863688991
 31
0.0
  0
LINE
  5
F3A
330
1F
100
AcDbEntity
  8
0
  6
Continuous
 62
     7
370
    25
100
AcDbLine
 10
39.0430030071
 20
16.5418122003
 30
0.0
 11
38.8824499624
 21
16.5449853671
 31
0.0
  0
LINE
  5
F3B
330
1F
100
AcDbEntity
  8
0
  6
Continuous
 62
     7
370
    25
100
AcDbLine
 10
39.0201415052
 20
15.3850864377
 30
0.0
 11
39.0430030071
 21
16.5418122003
 31
0.0
  0
LINE
  5
F3C
330
1F
100
AcDbEntity
  8
0
  6
Continuous
 62
     7
370
    25
100
AcDbLine
 10
38.5158015878
 20
18.5804662436
 30
0.0
 11
38.6436145024
 21
17.771104409
 31
0.0
  0
LINE
  5
F3D
330
1F
100
AcDbEntity
  8
0
  6
Continuous
 62
     7
370
    25
100
AcDbLine
 10
38.4898137939
 20
17.5156611077
 30
0.0
 11
38.6503668385
 21
17.5124879409
 31
0.0
  0
LINE
  5
F3E
330
1F
100
AcDbEntity
  8
0
  6
Continuous
 62
     7
370
    25
100
AcDbLine
 10
38.5126752957
 20
18.6723868703
 30
0.0
 11
38.4898137939
 21
17.5156611077
 31
0.0
  0
LINE
  5
F3F
330
1F
100
AcDbEntity
  8
0
  6
Continuous
 62
     7
370
    25
100
AcDbLine
 10
39.0201415052
 20
18.6723868703
 30
0.0
 11
39.0430030071
 21
17.5156611077
 31
0.0
  0
LINE
  5
F40
330
1F
100
AcDbEntity
  8
0
  6
Continuous
 62
     7
370
    25
100
AcDbLine
 10
39.0430030071
 20
17.5156611077
 30
0.0
 11
38.8824499624
 21
17.5124879409
 31
0.0
  0
LINE
  5
F41
330
1F
100
AcDbEntity
  8
0
  6
Continuous
 62
     7
370
    25
100
AcDbLine
 10
38.8892022985
 20
17.771104409
 30
0.0
 11
39.0170152131
 21
18.5804662436
 31
0.0
  0
LINE
  5
F42
330
1F
100
AcDbEntity
  8
0
  6
Continuous
 62
     7
370
    25
100
AcDbLine
 10
38.5126752957
 20
15.3850864377
 30
0.0
 11
38.4898137939
 21
16.5418122003
 31
0.0
  0
LINE
  5
F43
330
1F
100
AcDbEntity
  8
0
  6
Continuous
 62
     7
370
    25
100
AcDbLine
 10
38.4898137939
 20
16.5418122003
 30
0.0
 11
38.6503668385
 21
16.5449853671
 31
0.0
  0
LINE
  5
F44
330
1F
100
AcDbEntity
  8
0
  6
Continuous
 62
     7
370
    25
100
AcDbLine
 10
38.6436145024
 20
16.2863688991
 30
0.0
 11
38.5158015878
 21
15.4770070644
 31
0.0
  0
LINE
  5
F45
330
1F
100
AcDbEntity
  8
0
  6
Continuous
 62
     7
370
    25
100
AcDbLine
 10
40.4100586168
 20
16.7750035493
 30
0.0
 11
39.2533328542
 21
16.7521420474
 31
0.0
  0
LINE
  5
F46
330
1F
100
AcDbEntity
  8
0
  6
Continuous
 62
     7
370
    25
100
AcDbLine
 10
39.2533328542
 20
16.7521420474
 30
0.0
 11
39.2501596874
 21
16.912695092
 31
0.0
  0
LINE
  5
F47
330
1F
100
AcDbEntity
  8
0
  6
Continuous
 62
     7
370
    25
100
AcDbLine
 10
39.5087761554
 20
16.905942756
 30
0.0
 11
40.3181379901
 21
16.7781298414
 31
0.0
  0
LINE
  5
F48
330
1F
100
AcDbEntity
  8
0
  6
Continuous
 62
     7
370
    25
100
AcDbLine
 10
37.1227581842
 20
17.2824697588
 30
0.0
 11
38.2794839468
 21
17.3053312606
 31
0.0
  0
LINE
  5
F49
330
1F
100
AcDbEntity
  8
0
  6
Continuous
 62
     7
370
    25
100
AcDbLine
 10
38.2794839468
 20
17.3053312606
 30
0.0
 11
38.2826571135
 21
17.144778216
 31
0.0
  0
LINE
  5
F4A
330
1F
100
AcDbEntity
  8
0
  6
Continuous
 62
     7
370
    25
100
AcDbLine
 10
38.0240406455
 20
17.1515305521
 30
0.0
 11
37.2146788108
 21
17.2793434667
 31
0.0
  0
LINE
  5
F4B
330
1F
100
AcDbEntity
  8
0
  6
Continuous
 62
     7
370
    25
100
AcDbLine
 10
37.1227581842
 20
16.7750035493
 30
0.0
 11
38.2794839468
 21
16.7521420474
 31
0.0
  0
LINE
  5
F4C
330
1F
100
AcDbEntity
  8
0
  6
Continuous
 62
     7
370
    25
100
AcDbLine
 10
40.4100586168
 20
17.2824697588
 30
0.0
 11
39.2533328542
 21
17.3053312606
 31
0.0
  0
LINE
  5
F4D
330
1F
100
AcDbEntity
  8
0
  6
Continuous
 62
     7
370
    25
100
AcDbLine
 10
40.3181379901
 20
17.2793434667
 30
0.0
 11
39.5087761554
 21
17.1515305521
 31
0.0
  0
LINE
  5
F4E
330
1F
100
AcDbEntity
  8
0
  6
Continuous
 62
     7
370
    25
100
AcDbLine
 10
39.2533328542
 20
17.3053312606
 30
0.0
 11
39.2501596874
 21
17.144778216
 31
0.0
  0
LINE
  5
F4F
330
1F
100
AcDbEntity
  8
0
  6
Continuous
 62
     7
370
    25
100
AcDbLine
 10
37.2146788108
 20
16.7781298414
 30
0.0
 11
38.0240406455
 21
16.905942756
 31
0.0
  0
LINE
  5
F50
330
1F
100
AcDbEntity
  8
0
  6
Continuous
 62
     7
370
    25
100
AcDbLine
 10
38.2794839468
 20
16.7521420474
 30
0.0
 11
38.2826571135
 21
16.912695092
 31
0.0
  0
LINE
  5
F51
330
1F
100
AcDbEntity
  8
0
  6
Continuous
 62
     7
370
    25
100
AcDbLine
 10
-117.9798584951
 20
-11.9276131281
 30
0.0
 11
-117.9569969932
 21
-13.0843388908
 31
0.0
  0
LINE
  5
F52
330
1F
100
AcDbEntity
  8
0
  6
Continuous
 62
     7
370
    25
100
AcDbLine
 10
-117.9569969932
 20
-13.0843388908
 30
0.0
 11
-118.1175500379
 21
-13.0875120575
 31
0.0
  0
LINE
  5
F53
330
1F
100
AcDbEntity
  8
0
  6
Continuous
 62
     7
370
    25
100
AcDbLine
 10
-118.1107977018
 20
-12.8288955895
 30
0.0
 11
-117.9829847872
 21
-12.0195337548
 31
0.0
  0
LINE
  5
F54
330
1F
100
AcDbEntity
  8
0
  6
Continuous
 62
     7
370
    25
100
AcDbLine
 10
-117.9829847872
 20
-15.1229929341
 30
0.0
 11
-118.1107977018
 21
-14.3136310994
 31
0.0
  0
LINE
  5
F55
330
1F
100
AcDbEntity
  8
0
  6
Continuous
 62
     7
370
    25
100
AcDbLine
 10
-117.9569969932
 20
-14.0581877981
 30
0.0
 11
-118.1175500379
 21
-14.0550146314
 31
0.0
  0
LINE
  5
F56
330
1F
100
AcDbEntity
  8
0
  6
Continuous
 62
     7
370
    25
100
AcDbLine
 10
-117.9798584951
 20
-15.2149135607
 30
0.0
 11
-117.9569969932
 21
-14.0581877981
 31
0.0
  0
LINE
  5
F57
330
1F
100
AcDbEntity
  8
0
  6
Continuous
 62
     7
370
    25
100
AcDbLine
 10
-118.4873247046
 20
-15.2149135607
 30
0.0
 11
-118.5101862064
 21
-14.0581877981
 31
0.0
  0
LINE
  5
F58
330
1F
100
AcDbEntity
  8
0
  6
Continuous
 62
     7
370
    25
100
AcDbLine
 10
-118.5101862064
 20
-14.0581877981
 30
0.0
 11
-118.3496331618
 21
-14.0550146314
 31
0.0
  0
LINE
  5
F59
330
1F
100
AcDbEntity
  8
0
  6
Continuous
 62
     7
370
    25
100
AcDbLine
 10
-118.3563854979
 20
-14.3136310994
 30
0.0
 11
-118.4841984125
 21
-15.1229929341
 31
0.0
  0
LINE
  5
F5A
330
1F
100
AcDbEntity
  8
0
  6
Continuous
 62
     7
370
    25
100
AcDbLine
 10
-116.5899413835
 20
-13.8249964492
 30
0.0
 11
-117.7466671462
 21
-13.847857951
 31
0.0
  0
LINE
  5
F5B
330
1F
100
AcDbEntity
  8
0
  6
Continuous
 62
     7
370
    25
100
AcDbLine
 10
-117.7466671462
 20
-13.847857951
 30
0.0
 11
-117.7498403129
 21
-13.6873049064
 31
0.0
  0
LINE
  5
F5C
330
1F
100
AcDbEntity
  8
0
  6
Continuous
 62
     7
370
    25
100
AcDbLine
 10
-117.4912238449
 20
-13.6940572425
 30
0.0
 11
-116.6818620102
 21
-13.8218701571
 31
0.0
  0
LINE
  5
F5D
330
1F
100
AcDbEntity
  8
0
  6
Continuous
 62
     7
370
    25
100
AcDbLine
 10
-116.6818620102
 20
-13.3206565318
 30
0.0
 11
-117.4912238449
 21
-13.4484694464
 31
0.0
  0
LINE
  5
F5E
330
1F
100
AcDbEntity
  8
0
  6
Continuous
 62
     7
370
    25
100
AcDbLine
 10
-117.7466671462
 20
-13.2946687378
 30
0.0
 11
-117.7498403129
 21
-13.4552217825
 31
0.0
  0
LINE
  5
F5F
330
1F
100
AcDbEntity
  8
0
  6
Continuous
 62
     7
370
    25
100
AcDbLine
 10
-116.5899413835
 20
-13.3175302397
 30
0.0
 11
-117.7466671462
 21
-13.2946687378
 31
0.0
  0
LINE
  5
F60
330
1F
100
AcDbEntity
  8
0
  6
Continuous
 62
     7
370
    25
100
AcDbLine
 10
-118.4841984125
 20
-12.0195337548
 30
0.0
 11
-118.3563854979
 21
-12.8288955895
 31
0.0
  0
LINE
  5
F61
330
1F
100
AcDbEntity
  8
0
  6
Continuous
 62
     7
370
    25
100
AcDbLine
 10
-118.5101862064
 20
-13.0843388908
 30
0.0
 11
-118.3496331618
 21
-13.0875120575
 31
0.0
  0
LINE
  5
F62
330
1F
100
AcDbEntity
  8
0
  6
Continuous
 62
     7
370
    25
100
AcDbLine
 10
-118.4873247046
 20
-11.9276131281
 30
0.0
 11
-118.5101862064
 21
-13.0843388908
 31
0.0
  0
LINE
  5
F63
330
1F
100
AcDbEntity
  8
0
  6
Continuous
 62
     7
370
    25
100
AcDbLine
 10
-119.7853211895
 20
-13.8218701571
 30
0.0
 11
-118.9759593548
 21
-13.6940572425
 31
0.0
  0
LINE
  5
F64
330
1F
100
AcDbEntity
  8
0
  6
Continuous
 62
     7
370
    25
100
AcDbLine
 10
-118.7205160535
 20
-13.847857951
 30
0.0
 11
-118.7173428868
 21
-13.6873049064
 31
0.0
  0
LINE
  5
F65
330
1F
100
AcDbEntity
  8
0
  6
Continuous
 62
     7
370
    25
100
AcDbLine
 10
-119.8772418161
 20
-13.8249964492
 30
0.0
 11
-118.7205160535
 21
-13.847857951
 31
0.0
  0
LINE
  5
F66
330
1F
100
AcDbEntity
  8
0
  6
Continuous
 62
     7
370
    25
100
AcDbLine
 10
-119.8772418161
 20
-13.3175302397
 30
0.0
 11
-118.7205160535
 21
-13.2946687378
 31
0.0
  0
LINE
  5
F67
330
1F
100
AcDbEntity
  8
0
  6
Continuous
 62
     7
370
    25
100
AcDbLine
 10
-118.7205160535
 20
-13.2946687378
 30
0.0
 11
-118.7173428868
 21
-13.4552217825
 31
0.0
  0
LINE
  5
F68
330
1F
100
AcDbEntity
  8
0
  6
Continuous
 62
     7
370
    25
100
AcDbLine
 10
-118.9759593548
 20
-13.4484694464
 30
0.0
 11
-119.7853211895
 21
-13.3206565318
 31
0.0
  0
LINE
  5
F69
330
1F
100
AcDbEntity
  8
0
  6
Continuous
 62
     7
370
    25
100
AcDbLine
 10
-119.7853211892
 20
16.7781298429
 30
0.0
 11
-118.9759593545
 21
16.9059427575
 31
0.0
  0
LINE
  5
F6A
330
1F
100
AcDbEntity
  8
0
  6
Continuous
 62
     7
370
    25
100
AcDbLine
 10
-118.7205160532
 20
16.752142049
 30
0.0
 11
-118.7173428865
 21
16.9126950936
 31
0.0
  0
LINE
  5
F6B
330
1F
100
AcDbEntity
  8
0
  6
Continuous
 62
     7
370
    25
100
AcDbLine
 10
-119.8772418158
 20
16.7750035508
 30
0.0
 11
-118.7205160532
 21
16.752142049
 31
0.0
  0
LINE
  5
F6C
330
1F
100
AcDbEntity
  8
0
  6
Continuous
 62
     7
370
    25
100
AcDbLine
 10
-117.9798584948
 20
18.6723868719
 30
0.0
 11
-117.9569969929
 21
17.5156611092
 31
0.0
  0
LINE
  5
F6D
330
1F
100
AcDbEntity
  8
0
  6
Continuous
 62
     7
370
    25
100
AcDbLine
 10
-117.9569969929
 20
17.5156611092
 30
0.0
 11
-118.1175500376
 21
17.5124879425
 31
0.0
  0
LINE
  5
F6E
330
1F
100
AcDbEntity
  8
0
  6
Continuous
 62
     7
370
    25
100
AcDbLine
 10
-118.1107977015
 20
17.7711044105
 30
0.0
 11
-117.9829847869
 21
18.5804662452
 31
0.0
  0
LINE
  5
F6F
330
1F
100
AcDbEntity
  8
0
  6
Continuous
 62
     7
370
    25
100
AcDbLine
 10
-118.4841984122
 20
18.5804662452
 30
0.0
 11
-118.3563854976
 21
17.7711044105
 31
0.0
  0
LINE
  5
F70
330
1F
100
AcDbEntity
  8
0
  6
Continuous
 62
     7
370
    25
100
AcDbLine
 10
-118.5101862061
 20
17.5156611092
 30
0.0
 11
-118.3496331615
 21
17.5124879425
 31
0.0
  0
LINE
  5
F71
330
1F
100
AcDbEntity
  8
0
  6
Continuous
 62
     7
370
    25
100
AcDbLine
 10
-118.4873247043
 20
18.6723868719
 30
0.0
 11
-118.5101862061
 21
17.5156611092
 31
0.0
  0
LINE
  5
F72
330
1F
100
AcDbEntity
  8
0
  6
Continuous
 62
     7
370
    25
100
AcDbLine
 10
-118.4873247043
 20
15.3850864393
 30
0.0
 11
-118.5101862061
 21
16.5418122019
 31
0.0
  0
LINE
  5
F73
330
1F
100
AcDbEntity
  8
0
  6
Continuous
 62
     7
370
    25
100
AcDbLine
 10
-117.9798584948
 20
15.3850864393
 30
0.0
 11
-117.9569969929
 21
16.5418122019
 31
0.0
  0
LINE
  5
F74
330
1F
100
AcDbEntity
  8
0
  6
Continuous
 62
     7
370
    25
100
AcDbLine
 10
-116.5899413832
 20
16.7750035508
 30
0.0
 11
-117.7466671458
 21
16.752142049
 31
0.0
  0
LINE
  5
F75
330
1F
100
AcDbEntity
  8
0
  6
Continuous
 62
     7
370
    25
100
AcDbLine
 10
-116.5899413832
 20
17.2824697603
 30
0.0
 11
-117.7466671458
 21
17.3053312622
 31
0.0
  0
LINE
  5
F76
330
1F
100
AcDbEntity
  8
0
  6
Continuous
 62
     7
370
    25
100
AcDbLine
 10
-119.8772418158
 20
17.2824697603
 30
0.0
 11
-118.7205160532
 21
17.3053312622
 31
0.0
  0
LINE
  5
F77
330
1F
100
AcDbEntity
  8
0
  6
Continuous
 62
     7
370
    25
100
AcDbLine
 10
-117.7466671458
 20
16.752142049
 30
0.0
 11
-117.7498403126
 21
16.9126950936
 31
0.0
  0
LINE
  5
F78
330
1F
100
AcDbEntity
  8
0
  6
Continuous
 62
     7
370
    25
100
AcDbLine
 10
-117.4912238446
 20
16.9059427575
 30
0.0
 11
-116.6818620099
 21
16.7781298429
 31
0.0
  0
LINE
  5
F79
330
1F
100
AcDbEntity
  8
0
  6
Continuous
 62
     7
370
    25
100
AcDbLine
 10
-118.7205160532
 20
17.3053312622
 30
0.0
 11
-118.7173428865
 21
17.1447782175
 31
0.0
  0
LINE
  5
F7A
330
1F
100
AcDbEntity
  8
0
  6
Continuous
 62
     7
370
    25
100
AcDbLine
 10
-118.9759593545
 20
17.1515305536
 30
0.0
 11
-119.7853211892
 21
17.2793434682
 31
0.0
  0
LINE
  5
F7B
330
1F
100
AcDbEntity
  8
0
  6
Continuous
 62
     7
370
    25
100
AcDbLine
 10
-116.6818620099
 20
17.2793434682
 30
0.0
 11
-117.4912238446
 21
17.1515305536
 31
0.0
  0
LINE
  5
F7C
330
1F
100
AcDbEntity
  8
0
  6
Continuous
 62
     7
370
    25
100
AcDbLine
 10
-117.7466671458
 20
17.3053312622
 30
0.0
 11
-117.7498403126
 21
17.1447782175
 31
0.0
  0
LINE
  5
F7D
330
1F
100
AcDbEntity
  8
0
  6
Continuous
 62
     7
370
    25
100
AcDbLine
 10
-117.9829847869
 20
15.4770070659
 30
0.0
 11
-118.1107977015
 21
16.2863689006
 31
0.0
  0
LINE
  5
F7E
330
1F
100
AcDbEntity
  8
0
  6
Continuous
 62
     7
370
    25
100
AcDbLine
 10
-117.9569969929
 20
16.5418122019
 30
0.0
 11
-118.1175500376
 21
16.5449853686
 31
0.0
  0
LINE
  5
F7F
330
1F
100
AcDbEntity
  8
0
  6
Continuous
 62
     7
370
    25
100
AcDbLine
 10
-118.5101862061
 20
16.5418122019
 30
0.0
 11
-118.3496331615
 21
16.5449853686
 31
0.0
  0
LINE
  5
F80
330
1F
100
AcDbEntity
  8
0
  6
Continuous
 62
     7
370
    25
100
AcDbLine
 10
-118.3563854976
 20
16.2863689006
 30
0.0
 11
-118.4841984122
 21
15.4770070659
 31
0.0
  0
LINE
  5
F81
330
1F
100
AcDbEntity
  8
0
  6
Continuous
 62
     7
370
    25
100
AcDbLine
 10
-56.6335944514
 20
-4.5437634032
 30
0.0
 11
-56.8310925489
 21
-4.5437634032
 31
0.0
  0
LINE
  5
F82
330
1F
100
AcDbEntity
  8
0
  6
Continuous
 62
     7
370
    25
100
AcDbLine
 10
-48.5760925489
 20
-4.5437634032
 30
0.0
 11
-48.6335940312
 21
-4.5437634032
 31
0.0
  0
LINE
  5
F83
330
1F
100
AcDbEntity
  8
0
  6
Continuous
 62
     7
370
    25
100
AcDbLine
 10
-31.1335944514
 20
-4.5437634032
 30
0.0
 11
-31.4310925489
 21
-4.5437634032
 31
0.0
  0
ARC
  5
F84
330
1F
100
AcDbEntity
  8
0
  6
Continuous
 62
     7
370
    25
100
AcDbCircle
 10
21.4631282503
 20
-5.3212641946
 30
0.0
 40
0.0999999999999723
100
AcDbArc
 50
194.6976116869
 51
269.9999974946
  0
ARC
  5
F85
330
1F
100
AcDbEntity
  8
0
  6
Continuous
 62
     7
370
    25
100
AcDbCircle
 10
21.4631283115
 20
-3.9212641946
 30
0.0
 40
0.0999999999999869
100
AcDbArc
 50
89.9999974956
 51
165.2821024794
  0
ARC
  5
F86
330
1F
100
AcDbEntity
  8
0
  6
Continuous
 62
     7
370
    25
100
AcDbCircle
 10
21.5131286568
 20
3.9787358032
 30
0.0
 40
0.0999999999999711
100
AcDbArc
 50
89.9999974956
 51
165.2821024789
  0
ARC
  5
F87
330
1F
100
AcDbEntity
  8
0
  6
Continuous
 62
     7
370
    25
100
AcDbCircle
 10
21.5131285956
 20
2.5787358032
 30
0.0
 40
0.1000000000000255
100
AcDbArc
 50
194.6976116869
 51
269.9999974946
  0
ARC
  5
F88
330
1F
100
AcDbEntity
  8
0
  6
Continuous
 62
     7
370
    25
100
AcDbCircle
 10
-12.5368564909
 20
-5.3212641946
 30
0.0
 40
0.1000000000000019
100
AcDbArc
 50
194.6976116869
 51
269.9999974946
  0
ARC
  5
F89
330
1F
100
AcDbEntity
  8
0
  6
Continuous
 62
     7
370
    25
100
AcDbCircle
 10
-12.5368564297
 20
-3.9212641946
 30
0.0
 40
0.099999999999998
100
AcDbArc
 50
89.9999974956
 51
165.2821024794
  0
ARC
  5
F8A
330
1F
100
AcDbEntity
  8
0
  6
Continuous
 62
     7
370
    25
100
AcDbCircle
 10
-12.4868560844
 20
3.9787358032
 30
0.0
 40
0.1000000000000162
100
AcDbArc
 50
89.9999974956
 51
165.2821024789
  0
ARC
  5
F8B
330
1F
100
AcDbEntity
  8
0
  6
Continuous
 62
     7
370
    25
100
AcDbCircle
 10
-12.4868561456
 20
2.5787358032
 30
0.0
 40
0.0999999999999923
100
AcDbArc
 50
194.6976116883
 51
269.9999974956
  0
ARC
  5
F8C
330
1F
100
AcDbEntity
  8
0
  6
Continuous
 62
     7
370
    25
100
AcDbCircle
 10
-46.5368641203
 20
-5.3212641946
 30
0.0
 40
0.1000000000000215
100
AcDbArc
 50
194.6976116875
 51
269.9999974955
  0
ARC
  5
F8D
330
1F
100
AcDbEntity
  8
0
  6
Continuous
 62
     7
370
    25
100
AcDbCircle
 10
-46.5368640591
 20
-3.9212641946
 30
0.0
 40
0.1000000000000263
100
AcDbArc
 50
89.9999974955
 51
165.2821024792
  0
ARC
  5
F8E
330
1F
100
AcDbEntity
  8
0
  6
Continuous
 62
     7
370
    25
100
AcDbCircle
 10
-46.486863775
 20
2.5787358032
 30
0.0
 40
0.1000000000000056
100
AcDbArc
 50
194.6976116875
 51
269.9999974955
  0
ARC
  5
F8F
330
1F
100
AcDbEntity
  8
0
  6
Continuous
 62
     7
370
    25
100
AcDbCircle
 10
-46.4868637138
 20
3.9787358032
 30
0.0
 40
0.1000000000000024
100
AcDbArc
 50
89.9999974955
 51
165.2821024787
  0
ARC
  5
F90
330
1F
100
AcDbEntity
  8
0
  6
Continuous
 62
     7
370
    25
100
AcDbCircle
 10
-80.5368641203
 20
-5.3212641946
 30
0.0
 40
0.1000000000000024
100
AcDbArc
 50
194.6976116875
 51
269.9999974956
  0
ARC
  5
F91
330
1F
100
AcDbEntity
  8
0
  6
Continuous
 62
     7
370
    25
100
AcDbCircle
 10
-80.5368640591
 20
-3.9212641946
 30
0.0
 40
0.099999999999996
100
AcDbArc
 50
89.9999974956
 51
165.2821024792
  0
ARC
  5
F92
330
1F
100
AcDbEntity
  8
0
  6
Continuous
 62
     7
370
    25
100
AcDbCircle
 10
-80.4868637138
 20
3.9787358032
 30
0.0
 40
0.1000000000000024
100
AcDbArc
 50
89.9999974955
 51
165.2821024787
  0
ARC
  5
F93
330
1F
100
AcDbEntity
  8
0
  6
Continuous
 62
     7
370
    25
100
AcDbCircle
 10
-80.486863775
 20
2.5787358032
 30
0.0
 40
0.0999999999999849
100
AcDbArc
 50
194.6976116875
 51
269.9999974956
  0
ARC
  5
F94
330
1F
100
AcDbEntity
  8
0
  6
Continuous
 62
     7
370
    25
100
AcDbCircle
 10
12.9631435091
 20
-5.3212641946
 30
0.0
 40
0.1000000000000219
100
AcDbArc
 50
194.6976116869
 51
269.9999974946
  0
ARC
  5
F95
330
1F
100
AcDbEntity
  8
0
  6
Continuous
 62
     7
370
    25
100
AcDbCircle
 10
12.9631435703
 20
-3.9212641946
 30
0.0
 40
0.0999999999999989
100
AcDbArc
 50
89.9999974956
 51
165.2821024794
  0
ARC
  5
F96
330
1F
100
AcDbEntity
  8
0
  6
Continuous
 62
     7
370
    25
100
AcDbCircle
 10
13.0131438544
 20
2.5787358032
 30
0.0
 40
0.0999999999999815
100
AcDbArc
 50
194.6976116883
 51
269.9999974956
  0
ARC
  5
F97
330
1F
100
AcDbEntity
  8
0
  6
Continuous
 62
     7
370
    25
100
AcDbCircle
 10
13.0131439156
 20
3.9787358032
 30
0.0
 40
0.0999999999999749
100
AcDbArc
 50
89.9999974956
 51
165.2821024789
  0
ARC
  5
F98
330
1F
100
AcDbEntity
  8
0
  6
Continuous
 62
     7
370
    25
100
AcDbCircle
 10
-21.0368641203
 20
-5.3212641946
 30
0.0
 40
0.1000000000000064
100
AcDbArc
 50
194.6976116875
 51
269.9999974955
  0
ARC
  5
F99
330
1F
100
AcDbEntity
  8
0
  6
Continuous
 62
     7
370
    25
100
AcDbCircle
 10
-21.0368640591
 20
-3.9212641946
 30
0.0
 40
0.1000000000000179
100
AcDbArc
 50
89.9999974955
 51
165.2821024792
  0
ARC
  5
F9A
330
1F
100
AcDbEntity
  8
0
  6
Continuous
 62
     7
370
    25
100
AcDbCircle
 10
-20.986863775
 20
2.5787358032
 30
0.0
 40
0.1000000000000042
100
AcDbArc
 50
194.6976116875
 51
269.9999974955
  0
ARC
  5
F9B
330
1F
100
AcDbEntity
  8
0
  6
Continuous
 62
     7
370
    25
100
AcDbCircle
 10
-20.9868637138
 20
3.9787358032
 30
0.0
 40
0.0999999999999957
100
AcDbArc
 50
89.9999974955
 51
165.2821024787
  0
ARC
  5
F9C
330
1F
100
AcDbEntity
  8
0
  6
Continuous
 62
     7
370
    25
100
AcDbCircle
 10
-55.0368641203
 20
-5.3212641946
 30
0.0
 40
0.1000000000000201
100
AcDbArc
 50
194.6976116875
 51
269.9999974955
  0
ARC
  5
F9D
330
1F
100
AcDbEntity
  8
0
  6
Continuous
 62
     7
370
    25
100
AcDbCircle
 10
-55.0368640591
 20
-3.9212641946
 30
0.0
 40
0.0999999999999762
100
AcDbArc
 50
89.9999974955
 51
165.2821024792
  0
ARC
  5
F9E
330
1F
100
AcDbEntity
  8
0
  6
Continuous
 62
     7
370
    25
100
AcDbCircle
 10
-54.986863775
 20
2.5787358032
 30
0.0
 40
0.1000000000000359
100
AcDbArc
 50
194.6976116875
 51
269.9999974955
  0
ARC
  5
F9F
330
1F
100
AcDbEntity
  8
0
  6
Continuous
 62
     7
370
    25
100
AcDbCircle
 10
-54.9868637138
 20
3.9787358032
 30
0.0
 40
0.1000000000000024
100
AcDbArc
 50
89.9999974955
 51
165.2821024787
  0
ARC
  5
FA0
330
1F
100
AcDbEntity
  8
0
  6
Continuous
 62
     7
370
    25
100
AcDbCircle
 10
-89.0368641203
 20
-5.3212641946
 30
0.0
 40
0.1000000000000654
100
AcDbArc
 50
194.6976116875
 51
269.9999974955
  0
ARC
  5
FA1
330
1F
100
AcDbEntity
  8
0
  6
Continuous
 62
     7
370
    25
100
AcDbCircle
 10
-89.0368640591
 20
-3.9212641946
 30
0.0
 40
0.1000000000000164
100
AcDbArc
 50
89.9999974955
 51
165.2821024792
  0
ARC
  5
FA2
330
1F
100
AcDbEntity
  8
0
  6
Continuous
 62
     7
370
    25
100
AcDbCircle
 10
-88.9868637138
 20
3.9787358032
 30
0.0
 40
0.1000000000000347
100
AcDbArc
 50
89.9999974955
 51
165.2821024787
  0
ARC
  5
FA3
330
1F
100
AcDbEntity
  8
0
  6
Continuous
 62
     7
370
    25
100
AcDbCircle
 10
-88.986863775
 20
2.5787358032
 30
0.0
 40
0.1000000000000003
100
AcDbArc
 50
194.6976116875
 51
269.9999974955
  0
ARC
  5
FA4
330
1F
100
AcDbEntity
  8
0
  6
Continuous
 62
     7
370
    25
100
AcDbCircle
 10
4.4631435091
 20
-5.3212641946
 30
0.0
 40
0.1
100
AcDbArc
 50
194.6976116869
 51
269.9999974946
  0
ARC
  5
FA5
330
1F
100
AcDbEntity
  8
0
  6
Continuous
 62
     7
370
    25
100
AcDbCircle
 10
4.4631435703
 20
-3.9212641946
 30
0.0
 40
0.0999999999999953
100
AcDbArc
 50
89.9999974956
 51
165.2821024794
  0
ARC
  5
FA6
330
1F
100
AcDbEntity
  8
0
  6
Continuous
 62
     7
370
    25
100
AcDbCircle
 10
4.5131439156
 20
3.9787358032
 30
0.0
 40
0.1000000000000215
100
AcDbArc
 50
89.9999974956
 51
165.2821024789
  0
ARC
  5
FA7
330
1F
100
AcDbEntity
  8
0
  6
Continuous
 62
     7
370
    25
100
AcDbCircle
 10
4.5131438544
 20
2.5787358032
 30
0.0
 40
0.0999999999999844
100
AcDbArc
 50
194.6976116883
 51
269.9999974956
  0
ARC
  5
FA8
330
1F
100
AcDbEntity
  8
0
  6
Continuous
 62
     7
370
    25
100
AcDbCircle
 10
-29.5368641203
 20
-5.3212641946
 30
0.0
 40
0.1000000000000114
100
AcDbArc
 50
194.6976116875
 51
269.9999974955
  0
ARC
  5
FA9
330
1F
100
AcDbEntity
  8
0
  6
Continuous
 62
     7
370
    25
100
AcDbCircle
 10
-29.5368640591
 20
-3.9212641946
 30
0.0
 40
0.0999999999999798
100
AcDbArc
 50
89.9999974955
 51
165.2821024792
  0
ARC
  5
FAA
330
1F
100
AcDbEntity
  8
0
  6
Continuous
 62
     7
370
    25
100
AcDbCircle
 10
-29.4868637138
 20
3.9787358032
 30
0.0
 40
0.0999999999999997
100
AcDbArc
 50
89.9999974955
 51
165.2821024787
  0
ARC
  5
FAB
330
1F
100
AcDbEntity
  8
0
  6
Continuous
 62
     7
370
    25
100
AcDbCircle
 10
-29.486863775
 20
2.5787358032
 30
0.0
 40
0.1000000000000009
100
AcDbArc
 50
194.6976116875
 51
269.9999974955
  0
ARC
  5
FAC
330
1F
100
AcDbEntity
  8
0
  6
Continuous
 62
     7
370
    25
100
AcDbCircle
 10
-63.5368641203
 20
-5.3212641946
 30
0.0
 40
0.100000000000014
100
AcDbArc
 50
194.6976116875
 51
269.9999974955
  0
ARC
  5
FAD
330
1F
100
AcDbEntity
  8
0
  6
Continuous
 62
     7
370
    25
100
AcDbCircle
 10
-63.5368640591
 20
-3.9212641946
 30
0.0
 40
0.1000000000000064
100
AcDbArc
 50
89.9999974955
 51
165.2821024792
  0
ARC
  5
FAE
330
1F
100
AcDbEntity
  8
0
  6
Continuous
 62
     7
370
    25
100
AcDbCircle
 10
-63.4868637138
 20
3.9787358032
 30
0.0
 40
0.0999999999999998
100
AcDbArc
 50
89.9999974955
 51
165.2821024787
  0
ARC
  5
FAF
330
1F
100
AcDbEntity
  8
0
  6
Continuous
 62
     7
370
    25
100
AcDbCircle
 10
-63.486863775
 20
2.5787358032
 30
0.0
 40
0.1000000000000184
100
AcDbArc
 50
194.6976116875
 51
269.9999974955
  0
ARC
  5
FB0
330
1F
100
AcDbEntity
  8
0
  6
Continuous
 62
     7
370
    25
100
AcDbCircle
 10
-97.5368641203
 20
-5.3212641946
 30
0.0
 40
0.099999999999982
100
AcDbArc
 50
194.6976116875
 51
269.9999974956
  0
ARC
  5
FB1
330
1F
100
AcDbEntity
  8
0
  6
Continuous
 62
     7
370
    25
100
AcDbCircle
 10
-97.5368640591
 20
-3.9212641946
 30
0.0
 40
0.1000000000000175
100
AcDbArc
 50
89.9999974956
 51
165.2821024792
  0
ARC
  5
FB2
330
1F
100
AcDbEntity
  8
0
  6
Continuous
 62
     7
370
    25
100
AcDbCircle
 10
-97.4868637138
 20
3.9787358032
 30
0.0
 40
0.1000000000000024
100
AcDbArc
 50
89.9999974955
 51
165.2821024787
  0
ARC
  5
FB3
330
1F
100
AcDbEntity
  8
0
  6
Continuous
 62
     7
370
    25
100
AcDbCircle
 10
-97.486863775
 20
2.5787358032
 30
0.0
 40
0.1000000000000009
100
AcDbArc
 50
194.6976116875
 51
269.9999974955
  0
ARC
  5
FB4
330
1F
100
AcDbEntity
  8
0
  6
Continuous
 62
     7
370
    25
100
AcDbCircle
 10
-4.0368717497
 20
-5.3212641946
 30
0.0
 40
0.1000000000000016
100
AcDbArc
 50
194.6976116869
 51
269.9999974946
  0
ARC
  5
FB5
330
1F
100
AcDbEntity
  8
0
  6
Continuous
 62
     7
370
    25
100
AcDbCircle
 10
-4.0368716885
 20
-3.9212641946
 30
0.0
 40
0.1000000000000172
100
AcDbArc
 50
89.9999974956
 51
165.2821024794
  0
ARC
  5
FB6
330
1F
100
AcDbEntity
  8
0
  6
Continuous
 62
     7
370
    25
100
AcDbCircle
 10
-3.9868713432
 20
3.9787358032
 30
0.0
 40
0.099999999999998
100
AcDbArc
 50
89.9999974956
 51
165.2821024789
  0
ARC
  5
FB7
330
1F
100
AcDbEntity
  8
0
  6
Continuous
 62
     7
370
    25
100
AcDbCircle
 10
-3.9868714044
 20
2.5787358032
 30
0.0
 40
0.099999999999994
100
AcDbArc
 50
194.6976116869
 51
269.9999974946
  0
ARC
  5
FB8
330
1F
100
AcDbEntity
  8
0
  6
Continuous
 62
     7
370
    25
100
AcDbCircle
 10
-38.0368641203
 20
-5.3212641946
 30
0.0
 40
0.1000000000000117
100
AcDbArc
 50
194.6976116875
 51
269.9999974955
  0
ARC
  5
FB9
330
1F
100
AcDbEntity
  8
0
  6
Continuous
 62
     7
370
    25
100
AcDbCircle
 10
-38.0368640591
 20
-3.9212641946
 30
0.0
 40
0.0999999999999744
100
AcDbArc
 50
89.9999974955
 51
165.2821024792
  0
ARC
  5
FBA
330
1F
100
AcDbEntity
  8
0
  6
Continuous
 62
     7
370
    25
100
AcDbCircle
 10
-37.9868637138
 20
3.9787358032
 30
0.0
 40
0.1000000000000177
100
AcDbArc
 50
89.9999974955
 51
165.2821024787
  0
ARC
  5
FBB
330
1F
100
AcDbEntity
  8
0
  6
Continuous
 62
     7
370
    25
100
AcDbCircle
 10
-37.986863775
 20
2.5787358032
 30
0.0
 40
0.1000000000000017
100
AcDbArc
 50
194.6976116875
 51
269.9999974955
  0
ARC
  5
FBC
330
1F
100
AcDbEntity
  8
0
  6
Continuous
 62
     7
370
    25
100
AcDbCircle
 10
-72.0368641203
 20
-5.3212641946
 30
0.0
 40
0.1000000000000181
100
AcDbArc
 50
194.6976116875
 51
269.9999974955
  0
ARC
  5
FBD
330
1F
100
AcDbEntity
  8
0
  6
Continuous
 62
     7
370
    25
100
AcDbCircle
 10
-72.0368640591
 20
-3.9212641946
 30
0.0
 40
0.0999999999999616
100
AcDbArc
 50
89.9999974955
 51
165.2821024792
  0
ARC
  5
FBE
330
1F
100
AcDbEntity
  8
0
  6
Continuous
 62
     7
370
    25
100
AcDbCircle
 10
-71.986863775
 20
2.5787358032
 30
0.0
 40
0.1000000000000003
100
AcDbArc
 50
194.6976116875
 51
269.9999974955
  0
ARC
  5
FBF
330
1F
100
AcDbEntity
  8
0
  6
Continuous
 62
     7
370
    25
100
AcDbCircle
 10
-71.9868637138
 20
3.9787358032
 30
0.0
 40
0.1000000000000343
100
AcDbArc
 50
89.9999974956
 51
165.2821024787
  0
ARC
  5
FC0
330
1F
100
AcDbEntity
  8
0
  6
Continuous
 62
     7
370
    25
100
AcDbCircle
 10
-106.0368641203
 20
-5.3212641946
 30
0.0
 40
0.1000000000000345
100
AcDbArc
 50
194.6976116875
 51
269.9999974955
  0
ARC
  5
FC1
330
1F
100
AcDbEntity
  8
0
  6
Continuous
 62
     7
370
    25
100
AcDbCircle
 10
-106.0368640591
 20
-3.9212641946
 30
0.0
 40
0.0999999999999873
100
AcDbArc
 50
89.9999974955
 51
165.2821024792
  0
ARC
  5
FC2
330
1F
100
AcDbEntity
  8
0
  6
Continuous
 62
     7
370
    25
100
AcDbCircle
 10
-105.986863775
 20
2.5787358032
 30
0.0
 40
0.1000000000000532
100
AcDbArc
 50
194.6976116875
 51
269.9999974955
  0
ARC
  5
FC3
330
1F
100
AcDbEntity
  8
0
  6
Continuous
 62
     7
370
    25
100
AcDbCircle
 10
-105.9868637138
 20
3.9787358032
 30
0.0
 40
0.1000000000000024
100
AcDbArc
 50
89.9999974955
 51
165.2821024787
  0
ARC
  5
FC4
330
1F
100
AcDbEntity
  8
0
  6
Continuous
 62
     7
370
    25
100
AcDbCircle
 10
20.3663993282
 20
6.8287358533
 30
0.0
 40
0.4999999999999969
100
AcDbArc
 50
89.999997495
 51
179.9999974956
  0
ARC
  5
FC5
330
1F
100
AcDbEntity
  8
0
  6
Continuous
 62
     7
370
    25
100
AcDbCircle
 10
20.3663986725
 20
-8.1712641467
 30
0.0
 40
0.4999999999995528
100
AcDbArc
 50
179.9999974955
 51
269.9999974962
  0
ARC
  5
FC6
330
1F
100
AcDbEntity
  8
0
  6
Continuous
 62
     7
370
    25
100
AcDbCircle
 10
27.3663993282
 20
6.8287355474
 30
0.0
 40
0.5000000000000129
100
AcDbArc
 50
359.9999974955
 51
89.999997495
  0
ARC
  5
FC7
330
1F
100
AcDbEntity
  8
0
  6
Continuous
 62
     7
370
    25
100
AcDbCircle
 10
27.3663986725
 20
-8.1712644526
 30
0.0
 40
0.5000000000003522
100
AcDbArc
 50
269.9999974962
 51
359.9999974955
  0
ARC
  5
FC8
330
1F
100
AcDbEntity
  8
0
  6
Continuous
 62
     7
370
    25
100
AcDbCircle
 10
22.2038633572
 20
-5.3227807348
 30
0.0
 40
0.0984959214890127
100
AcDbArc
 50
270.9102375931
 51
0.8821957404
  0
ARC
  5
FC9
330
1F
100
AcDbEntity
  8
0
  6
Continuous
 62
     7
370
    25
100
AcDbCircle
 10
22.2038634186
 20
-3.9197477192
 30
0.0
 40
0.0984959214887167
100
AcDbArc
 50
359.117799251
 51
89.0897573936
  0
ARC
  5
FCA
330
1F
100
AcDbEntity
  8
0
  6
Continuous
 62
     7
370
    25
100
AcDbCircle
 10
22.2538637639
 20
3.9802522786
 30
0.0
 40
0.0984959214887698
100
AcDbArc
 50
359.117799251
 51
89.0897573935
  0
ARC
  5
FCB
330
1F
100
AcDbEntity
  8
0
  6
Continuous
 62
     7
370
    25
100
AcDbCircle
 10
22.2538637026
 20
2.577219263
 30
0.0
 40
0.0984959214890686
100
AcDbArc
 50
270.9102375932
 51
0.8821957403
  0
ARC
  5
FCC
330
1F
100
AcDbEntity
  8
0
  6
Continuous
 62
     7
370
    25
100
AcDbCircle
 10
23.8351005341
 20
-5.3250645593
 30
0.0
 40
0.0962010545134393
100
AcDbArc
 50
270.2996332997
 51
327.6808915831
  0
ARC
  5
FCD
330
1F
100
AcDbEntity
  8
0
  6
Continuous
 62
     7
370
    25
100
AcDbCircle
 10
23.8351005956
 20
-3.9174640373
 30
0.0
 40
0.0962010545132452
100
AcDbArc
 50
32.3191034076
 51
89.7003616927
  0
ARC
  5
FCE
330
1F
100
AcDbEntity
  8
0
  6
Continuous
 62
     7
370
    25
100
AcDbCircle
 10
23.8855833982
 20
2.5729491089
 30
0.0
 40
0.0942134116421374
100
AcDbArc
 50
270.0125100566
 51
289.091695175
  0
ARC
  5
FCF
330
1F
100
AcDbEntity
  8
0
  6
Continuous
 62
     7
370
    25
100
AcDbCircle
 10
23.88558346
 20
3.9845222901
 30
0.0
 40
0.0942134116422416
100
AcDbArc
 50
70.9082998213
 51
89.9874849359
  0
ARC
  5
FD0
330
1F
100
AcDbEntity
  8
0
  6
Continuous
 62
     7
370
    25
100
AcDbCircle
 10
-6.633585413
 20
6.8287355474
 30
0.0
 40
0.5000000000000031
100
AcDbArc
 50
359.9999974955
 51
89.999997495
  0
ARC
  5
FD1
330
1F
100
AcDbEntity
  8
0
  6
Continuous
 62
     7
370
    25
100
AcDbCircle
 10
-6.6335860687
 20
-8.1712644526
 30
0.0
 40
0.5000000000003326
100
AcDbArc
 50
269.9999974951
 51
359.9999974955
  0
ARC
  5
FD2
330
1F
100
AcDbEntity
  8
0
  6
Continuous
 62
     7
370
    25
100
AcDbCircle
 10
-13.6335860687
 20
-8.1712641467
 30
0.0
 40
0.4999999999995546
100
AcDbArc
 50
179.9999974955
 51
269.9999974951
  0
ARC
  5
FD3
330
1F
100
AcDbEntity
  8
0
  6
Continuous
 62
     7
370
    25
100
AcDbCircle
 10
-13.633585413
 20
6.8287358533
 30
0.0
 40
0.500000000000004
100
AcDbArc
 50
89.999997495
 51
179.9999974956
  0
ARC
  5
FD4
330
1F
100
AcDbEntity
  8
0
  6
Continuous
 62
     7
370
    25
100
AcDbCircle
 10
-11.796121384
 20
-5.3227807348
 30
0.0
 40
0.0984959214890455
100
AcDbArc
 50
270.9102375932
 51
0.8821957403
  0
ARC
  5
FD5
330
1F
100
AcDbEntity
  8
0
  6
Continuous
 62
     7
370
    25
100
AcDbCircle
 10
-11.7961213226
 20
-3.9197477192
 30
0.0
 40
0.0984959214890892
100
AcDbArc
 50
359.1177992513
 51
89.0897573992
  0
ARC
  5
FD6
330
1F
100
AcDbEntity
  8
0
  6
Continuous
 62
     7
370
    25
100
AcDbCircle
 10
-11.7461209773
 20
3.9802522786
 30
0.0
 40
0.0984959214890871
100
AcDbArc
 50
359.1177992513
 51
89.0897573992
  0
ARC
  5
FD7
330
1F
100
AcDbEntity
  8
0
  6
Continuous
 62
     7
370
    25
100
AcDbCircle
 10
-11.7461210386
 20
2.577219263
 30
0.0
 40
0.0984959214890158
100
AcDbArc
 50
270.9102375931
 51
0.8821957404
  0
ARC
  5
FD8
330
1F
100
AcDbEntity
  8
0
  6
Continuous
 62
     7
370
    25
100
AcDbCircle
 10
-10.1648842071
 20
-5.3250645593
 30
0.0
 40
0.0962010545133764
100
AcDbArc
 50
270.2996332997
 51
327.6808915831
  0
ARC
  5
FD9
330
1F
100
AcDbEntity
  8
0
  6
Continuous
 62
     7
370
    25
100
AcDbCircle
 10
-10.1648841456
 20
-3.9174640373
 30
0.0
 40
0.0962010545131979
100
AcDbArc
 50
32.3191034076
 51
89.7003616928
  0
ARC
  5
FDA
330
1F
100
AcDbEntity
  8
0
  6
Continuous
 62
     7
370
    25
100
AcDbCircle
 10
-10.114401343
 20
2.5729491089
 30
0.0
 40
0.0942134116408196
100
AcDbArc
 50
270.0125100565
 51
289.0916951752
  0
ARC
  5
FDB
330
1F
100
AcDbEntity
  8
0
  6
Continuous
 62
     7
370
    25
100
AcDbCircle
 10
-10.1144012813
 20
3.9845222901
 30
0.0
 40
0.0942134116421504
100
AcDbArc
 50
70.9082998213
 51
89.9874849359
  0
ARC
  5
FDC
330
1F
100
AcDbEntity
  8
0
  6
Continuous
 62
     7
370
    25
100
AcDbCircle
 10
-40.6335930424
 20
6.8287355474
 30
0.0
 40
0.5000000000000147
100
AcDbArc
 50
359.9999974955
 51
89.9999974955
  0
ARC
  5
FDD
330
1F
100
AcDbEntity
  8
0
  6
Continuous
 62
     7
370
    25
100
AcDbCircle
 10
-40.6335936981
 20
-8.1712644526
 30
0.0
 40
0.5000000000003344
100
AcDbArc
 50
269.9999974956
 51
359.9999974955
  0
ARC
  5
FDE
330
1F
100
AcDbEntity
  8
0
  6
Continuous
 62
     7
370
    25
100
AcDbCircle
 10
-47.6335936981
 20
-8.1712641467
 30
0.0
 40
0.499999999999567
100
AcDbArc
 50
179.9999974955
 51
269.9999974957
  0
ARC
  5
FDF
330
1F
100
AcDbEntity
  8
0
  6
Continuous
 62
     7
370
    25
100
AcDbCircle
 10
-47.6335930424
 20
6.8287358533
 30
0.0
 40
0.499999999999996
100
AcDbArc
 50
89.9999974955
 51
179.9999974956
  0
ARC
  5
FE0
330
1F
100
AcDbEntity
  8
0
  6
Continuous
 62
     7
370
    25
100
AcDbCircle
 10
-45.7961290134
 20
-5.3227807348
 30
0.0
 40
0.0984959214851398
100
AcDbArc
 50
270.9102375915
 51
0.8821957426
  0
ARC
  5
FE1
330
1F
100
AcDbEntity
  8
0
  6
Continuous
 62
     7
370
    25
100
AcDbCircle
 10
-45.796128952
 20
-3.9197477192
 30
0.0
 40
0.0984959214851072
100
AcDbArc
 50
359.117799249
 51
89.0897573997
  0
ARC
  5
FE2
330
1F
100
AcDbEntity
  8
0
  6
Continuous
 62
     7
370
    25
100
AcDbCircle
 10
-45.746128668
 20
2.577219263
 30
0.0
 40
0.0984959214851038
100
AcDbArc
 50
270.9102375915
 51
0.8821957426
  0
ARC
  5
FE3
330
1F
100
AcDbEntity
  8
0
  6
Continuous
 62
     7
370
    25
100
AcDbCircle
 10
-45.7461286067
 20
3.9802522786
 30
0.0
 40
0.0984959214851001
100
AcDbArc
 50
359.117799249
 51
89.0897573998
  0
ARC
  5
FE4
330
1F
100
AcDbEntity
  8
0
  6
Continuous
 62
     7
370
    25
100
AcDbCircle
 10
-44.1648918365
 20
-5.3250645593
 30
0.0
 40
0.0962010545136389
100
AcDbArc
 50
270.2996332991
 51
327.6808915839
  0
ARC
  5
FE5
330
1F
100
AcDbEntity
  8
0
  6
Continuous
 62
     7
370
    25
100
AcDbCircle
 10
-44.164891775
 20
-3.9174640373
 30
0.0
 40
0.0962010545137539
100
AcDbArc
 50
32.3191034072
 51
89.7003616921
  0
ARC
  5
FE6
330
1F
100
AcDbEntity
  8
0
  6
Continuous
 62
     7
370
    25
100
AcDbCircle
 10
-44.1144089724
 20
2.5729491089
 30
0.0
 40
0.0942134116428489
100
AcDbArc
 50
270.012510056
 51
289.0916951738
  0
ARC
  5
FE7
330
1F
100
AcDbEntity
  8
0
  6
Continuous
 62
     7
370
    25
100
AcDbCircle
 10
-44.1144089107
 20
3.9845222901
 30
0.0
 40
0.0942134116408761
100
AcDbArc
 50
70.9082998173
 51
89.9874849353
  0
ARC
  5
FE8
330
1F
100
AcDbEntity
  8
0
  6
Continuous
 62
     7
370
    25
100
AcDbCircle
 10
-81.6335930424
 20
6.8287358533
 30
0.0
 40
0.5000000000000004
100
AcDbArc
 50
89.9999974955
 51
179.9999974956
  0
ARC
  5
FE9
330
1F
100
AcDbEntity
  8
0
  6
Continuous
 62
     7
370
    25
100
AcDbCircle
 10
-81.6335936981
 20
-8.1712641467
 30
0.0
 40
0.499999999999567
100
AcDbArc
 50
179.9999974955
 51
269.9999974957
  0
ARC
  5
FEA
330
1F
100
AcDbEntity
  8
0
  6
Continuous
 62
     7
370
    25
100
AcDbCircle
 10
-74.6335930424
 20
6.8287355474
 30
0.0
 40
0.5000000000000298
100
AcDbArc
 50
359.9999974955
 51
89.9999974955
  0
ARC
  5
FEB
330
1F
100
AcDbEntity
  8
0
  6
Continuous
 62
     7
370
    25
100
AcDbCircle
 10
-74.6335936981
 20
-8.1712644526
 30
0.0
 40
0.5000000000003184
100
AcDbArc
 50
269.9999974956
 51
359.9999974955
  0
ARC
  5
FEC
330
1F
100
AcDbEntity
  8
0
  6
Continuous
 62
     7
370
    25
100
AcDbCircle
 10
-79.7961290134
 20
-5.3227807348
 30
0.0
 40
0.0984959214850887
100
AcDbArc
 50
270.9102375914
 51
0.8821957426
  0
ARC
  5
FED
330
1F
100
AcDbEntity
  8
0
  6
Continuous
 62
     7
370
    25
100
AcDbCircle
 10
-79.796128952
 20
-3.9197477192
 30
0.0
 40
0.0984959214850935
100
AcDbArc
 50
359.117799249
 51
89.0897573998
  0
ARC
  5
FEE
330
1F
100
AcDbEntity
  8
0
  6
Continuous
 62
     7
370
    25
100
AcDbCircle
 10
-79.7461286067
 20
3.9802522786
 30
0.0
 40
0.0984959214851003
100
AcDbArc
 50
359.117799249
 51
89.0897573998
  0
ARC
  5
FEF
330
1F
100
AcDbEntity
  8
0
  6
Continuous
 62
     7
370
    25
100
AcDbCircle
 10
-79.746128668
 20
2.577219263
 30
0.0
 40
0.0984959214851318
100
AcDbArc
 50
270.9102375914
 51
0.8821957426
  0
ARC
  5
FF0
330
1F
100
AcDbEntity
  8
0
  6
Continuous
 62
     7
370
    25
100
AcDbCircle
 10
-78.1648918365
 20
-5.3250645593
 30
0.0
 40
0.096201054513628
100
AcDbArc
 50
270.2996332991
 51
327.6808915839
  0
ARC
  5
FF1
330
1F
100
AcDbEntity
  8
0
  6
Continuous
 62
     7
370
    25
100
AcDbCircle
 10
-78.164891775
 20
-3.9174640373
 30
0.0
 40
0.0962010545137356
100
AcDbArc
 50
32.3191034072
 51
89.7003616921
  0
ARC
  5
FF2
330
1F
100
AcDbEntity
  8
0
  6
Continuous
 62
     7
370
    25
100
AcDbCircle
 10
-78.1144089724
 20
2.5729491089
 30
0.0
 40
0.0942134116414157
100
AcDbArc
 50
270.0125100559
 51
289.091695174
  0
ARC
  5
FF3
330
1F
100
AcDbEntity
  8
0
  6
Continuous
 62
     7
370
    25
100
AcDbCircle
 10
-78.1144089107
 20
3.9845222901
 30
0.0
 40
0.0942134116421107
100
AcDbArc
 50
70.9082998175
 51
89.9874849353
  0
ARC
  5
FF4
330
1F
100
AcDbEntity
  8
0
  6
Continuous
 62
     7
370
    25
100
AcDbCircle
 10
11.8664139313
 20
-8.1712641467
 30
0.0
 40
0.499999999999551
100
AcDbArc
 50
179.9999974955
 51
269.9999974951
  0
ARC
  5
FF5
330
1F
100
AcDbEntity
  8
0
  6
Continuous
 62
     7
370
    25
100
AcDbCircle
 10
18.866414587
 20
6.8287355474
 30
0.0
 40
0.500000000000004
100
AcDbArc
 50
359.9999974955
 51
89.999997495
  0
ARC
  5
FF6
330
1F
100
AcDbEntity
  8
0
  6
Continuous
 62
     7
370
    25
100
AcDbCircle
 10
18.8664139313
 20
-8.1712644526
 30
0.0
 40
0.5000000000003326
100
AcDbArc
 50
269.9999974951
 51
359.9999974955
  0
ARC
  5
FF7
330
1F
100
AcDbEntity
  8
0
  6
Continuous
 62
     7
370
    25
100
AcDbCircle
 10
11.866414587
 20
6.8287358533
 30
0.0
 40
0.4999999999999916
100
AcDbArc
 50
89.999997495
 51
179.9999974956
  0
ARC
  5
FF8
330
1F
100
AcDbEntity
  8
0
  6
Continuous
 62
     7
370
    25
100
AcDbCircle
 10
13.703878616
 20
-5.3227807348
 30
0.0
 40
0.0984959214890158
100
AcDbArc
 50
270.9102375931
 51
0.8821957404
  0
ARC
  5
FF9
330
1F
100
AcDbEntity
  8
0
  6
Continuous
 62
     7
370
    25
100
AcDbCircle
 10
13.7038786774
 20
-3.9197477192
 30
0.0
 40
0.0984959214891166
100
AcDbArc
 50
359.1177992513
 51
89.0897573992
  0
ARC
  5
FFA
330
1F
100
AcDbEntity
  8
0
  6
Continuous
 62
     7
370
    25
100
AcDbCircle
 10
13.7538789614
 20
2.577219263
 30
0.0
 40
0.09849592148907
100
AcDbArc
 50
270.9102375932
 51
0.8821957403
  0
ARC
  5
FFB
330
1F
100
AcDbEntity
  8
0
  6
Continuous
 62
     7
370
    25
100
AcDbCircle
 10
13.7538790227
 20
3.9802522786
 30
0.0
 40
0.0984959214890675
100
AcDbArc
 50
359.1177992513
 51
89.0897573992
  0
ARC
  5
FFC
330
1F
100
AcDbEntity
  8
0
  6
Continuous
 62
     7
370
    25
100
AcDbCircle
 10
15.3351157929
 20
-5.3250645593
 30
0.0
 40
0.0962010545133026
100
AcDbArc
 50
270.2996332997
 51
327.6808915831
  0
ARC
  5
FFD
330
1F
100
AcDbEntity
  8
0
  6
Continuous
 62
     7
370
    25
100
AcDbCircle
 10
15.3351158544
 20
-3.9174640373
 30
0.0
 40
0.0962010545129972
100
AcDbArc
 50
32.3191034076
 51
89.7003616928
  0
ARC
  5
FFE
330
1F
100
AcDbEntity
  8
0
  6
Continuous
 62
     7
370
    25
100
AcDbCircle
 10
15.385598657
 20
2.5729491089
 30
0.0
 40
0.0942134116420993
100
AcDbArc
 50
270.0125100566
 51
289.091695175
  0
ARC
  5
FFF
330
1F
100
AcDbEntity
  8
0
  6
Continuous
 62
     7
370
    25
100
AcDbCircle
 10
15.3855987187
 20
3.9845222901
 30
0.0
 40
0.0942134116417352
100
AcDbArc
 50
70.9082998212
 51
89.9874849359
  0
ARC
  5
1000
330
1F
100
AcDbEntity
  8
0
  6
Continuous
 62
     7
370
    25
100
AcDbCircle
 10
-15.1335930424
 20
6.8287355474
 30
0.0
 40
0.5000000000000004
100
AcDbArc
 50
359.9999974955
 51
89.9999974962
  0
ARC
  5
1001
330
1F
100
AcDbEntity
  8
0
  6
Continuous
 62
     7
370
    25
100
AcDbCircle
 10
-15.1335936981
 20
-8.1712644526
 30
0.0
 40
0.5000000000003326
100
AcDbArc
 50
269.9999974951
 51
359.9999974955
  0
ARC
  5
1002
330
1F
100
AcDbEntity
  8
0
  6
Continuous
 62
     7
370
    25
100
AcDbCircle
 10
-22.1335936981
 20
-8.1712641467
 30
0.0
 40
0.4999999999995546
100
AcDbArc
 50
179.9999974955
 51
269.9999974957
  0
ARC
  5
1003
330
1F
100
AcDbEntity
  8
0
  6
Continuous
 62
     7
370
    25
100
AcDbCircle
 10
-22.1335930424
 20
6.8287358533
 30
0.0
 40
0.5000000000000111
100
AcDbArc
 50
89.9999974955
 51
179.9999974956
  0
ARC
  5
1004
330
1F
100
AcDbEntity
  8
0
  6
Continuous
 62
     7
370
    25
100
AcDbCircle
 10
-20.2961290134
 20
-5.3227807348
 30
0.0
 40
0.0984959214851248
100
AcDbArc
 50
270.9102375915
 51
0.8821957426
  0
ARC
  5
1005
330
1F
100
AcDbEntity
  8
0
  6
Continuous
 62
     7
370
    25
100
AcDbCircle
 10
-20.296128952
 20
-3.9197477192
 30
0.0
 40
0.0984959214851037
100
AcDbArc
 50
359.117799249
 51
89.0897573997
  0
ARC
  5
1006
330
1F
100
AcDbEntity
  8
0
  6
Continuous
 62
     7
370
    25
100
AcDbCircle
 10
-20.246128668
 20
2.577219263
 30
0.0
 40
0.0984959214851213
100
AcDbArc
 50
270.9102375915
 51
0.8821957426
  0
ARC
  5
1007
330
1F
100
AcDbEntity
  8
0
  6
Continuous
 62
     7
370
    25
100
AcDbCircle
 10
-20.2461286067
 20
3.9802522786
 30
0.0
 40
0.0984959214850922
100
AcDbArc
 50
359.117799249
 51
89.0897573998
  0
ARC
  5
1008
330
1F
100
AcDbEntity
  8
0
  6
Continuous
 62
     7
370
    25
100
AcDbCircle
 10
-18.6648918365
 20
-5.3250645593
 30
0.0
 40
0.0962010545131519
100
AcDbArc
 50
270.2996332939
 51
327.6808915831
  0
ARC
  5
1009
330
1F
100
AcDbEntity
  8
0
  6
Continuous
 62
     7
370
    25
100
AcDbCircle
 10
-18.664891775
 20
-3.9174640373
 30
0.0
 40
0.09620105451315
100
AcDbArc
 50
32.3191034076
 51
89.7003616928
  0
ARC
  5
100A
330
1F
100
AcDbEntity
  8
0
  6
Continuous
 62
     7
370
    25
100
AcDbCircle
 10
-18.6144089724
 20
2.5729491089
 30
0.0
 40
0.0942134116415655
100
AcDbArc
 50
270.0125100507
 51
289.0916951696
  0
ARC
  5
100B
330
1F
100
AcDbEntity
  8
0
  6
Continuous
 62
     7
370
    25
100
AcDbCircle
 10
-18.6144089107
 20
3.9845222901
 30
0.0
 40
0.0942134116417219
100
AcDbArc
 50
70.9082998158
 51
89.9874849359
  0
ARC
  5
100C
330
1F
100
AcDbEntity
  8
0
  6
Continuous
 62
     7
370
    25
100
AcDbCircle
 10
-56.1335930424
 20
6.8287358533
 30
0.0
 40
0.4999999999999933
100
AcDbArc
 50
89.9999974955
 51
179.9999974956
  0
ARC
  5
100D
330
1F
100
AcDbEntity
  8
0
  6
Continuous
 62
     7
370
    25
100
AcDbCircle
 10
-56.1335936981
 20
-8.1712641467
 30
0.0
 40
0.4999999999995599
100
AcDbArc
 50
179.9999974955
 51
269.9999974957
  0
ARC
  5
100E
330
1F
100
AcDbEntity
  8
0
  6
Continuous
 62
     7
370
    25
100
AcDbCircle
 10
-49.1335930424
 20
6.8287355474
 30
0.0
 40
0.5000000000000147
100
AcDbArc
 50
359.9999974955
 51
89.9999974955
  0
ARC
  5
100F
330
1F
100
AcDbEntity
  8
0
  6
Continuous
 62
     7
370
    25
100
AcDbCircle
 10
-49.1335936981
 20
-8.1712644526
 30
0.0
 40
0.5000000000003344
100
AcDbArc
 50
269.9999974956
 51
359.9999974955
  0
ARC
  5
1010
330
1F
100
AcDbEntity
  8
0
  6
Continuous
 62
     7
370
    25
100
AcDbCircle
 10
-54.2961290134
 20
-5.3227807348
 30
0.0
 40
0.0984959214851178
100
AcDbArc
 50
270.9102375915
 51
0.8821957426
  0
ARC
  5
1011
330
1F
100
AcDbEntity
  8
0
  6
Continuous
 62
     7
370
    25
100
AcDbCircle
 10
-54.296128952
 20
-3.9197477192
 30
0.0
 40
0.0984959214850933
100
AcDbArc
 50
359.117799249
 51
89.0897573998
  0
ARC
  5
1012
330
1F
100
AcDbEntity
  8
0
  6
Continuous
 62
     7
370
    25
100
AcDbCircle
 10
-54.246128668
 20
2.577219263
 30
0.0
 40
0.0984959214851247
100
AcDbArc
 50
270.9102375915
 51
0.8821957426
  0
ARC
  5
1013
330
1F
100
AcDbEntity
  8
0
  6
Continuous
 62
     7
370
    25
100
AcDbCircle
 10
-54.2461286067
 20
3.9802522786
 30
0.0
 40
0.0984959214850954
100
AcDbArc
 50
359.117799249
 51
89.0897573998
  0
ARC
  5
1014
330
1F
100
AcDbEntity
  8
0
  6
Continuous
 62
     7
370
    25
100
AcDbCircle
 10
-52.6648918365
 20
-5.3250645593
 30
0.0
 40
0.0962010545136036
100
AcDbArc
 50
270.2996332991
 51
327.6808915839
  0
ARC
  5
1015
330
1F
100
AcDbEntity
  8
0
  6
Continuous
 62
     7
370
    25
100
AcDbCircle
 10
-52.664891775
 20
-3.9174640373
 30
0.0
 40
0.0962010545137639
100
AcDbArc
 50
32.3191034072
 51
89.7003616921
  0
ARC
  5
1016
330
1F
100
AcDbEntity
  8
0
  6
Continuous
 62
     7
370
    25
100
AcDbCircle
 10
-52.6144089724
 20
2.5729491089
 30
0.0
 40
0.0942134116419245
100
AcDbArc
 50
270.0125100559
 51
289.091695174
  0
ARC
  5
1017
330
1F
100
AcDbEntity
  8
0
  6
Continuous
 62
     7
370
    25
100
AcDbCircle
 10
-52.6144089107
 20
3.9845222901
 30
0.0
 40
0.0942134116414281
100
AcDbArc
 50
70.9082998174
 51
89.9874849353
  0
ARC
  5
1018
330
1F
100
AcDbEntity
  8
0
  6
Continuous
 62
     7
370
    25
100
AcDbCircle
 10
-90.1335936981
 20
-8.1712641467
 30
0.0
 40
0.4999999999995883
100
AcDbArc
 50
179.9999974955
 51
269.9999974957
  0
ARC
  5
1019
330
1F
100
AcDbEntity
  8
0
  6
Continuous
 62
     7
370
    25
100
AcDbCircle
 10
-90.1335930424
 20
6.8287358533
 30
0.0
 40
0.5000000000000004
100
AcDbArc
 50
89.9999974955
 51
179.9999974956
  0
ARC
  5
101A
330
1F
100
AcDbEntity
  8
0
  6
Continuous
 62
     7
370
    25
100
AcDbCircle
 10
-83.1335930424
 20
6.8287355474
 30
0.0
 40
0.5000000000000147
100
AcDbArc
 50
359.9999974955
 51
89.9999974955
  0
ARC
  5
101B
330
1F
100
AcDbEntity
  8
0
  6
Continuous
 62
     7
370
    25
100
AcDbCircle
 10
-83.1335936981
 20
-8.1712644526
 30
0.0
 40
0.5000000000003557
100
AcDbArc
 50
269.9999974956
 51
359.9999974955
  0
ARC
  5
101C
330
1F
100
AcDbEntity
  8
0
  6
Continuous
 62
     7
370
    25
100
AcDbCircle
 10
-88.2961290134
 20
-5.3227807348
 30
0.0
 40
0.0984959214851319
100
AcDbArc
 50
270.9102375914
 51
0.8821957426
  0
ARC
  5
101D
330
1F
100
AcDbEntity
  8
0
  6
Continuous
 62
     7
370
    25
100
AcDbCircle
 10
-88.296128952
 20
-3.9197477192
 30
0.0
 40
0.0984959214851128
100
AcDbArc
 50
359.117799249
 51
89.0897573998
  0
ARC
  5
101E
330
1F
100
AcDbEntity
  8
0
  6
Continuous
 62
     7
370
    25
100
AcDbCircle
 10
-88.2461286067
 20
3.9802522786
 30
0.0
 40
0.0984959214850794
100
AcDbArc
 50
359.1177992489
 51
89.0897573998
  0
ARC
  5
101F
330
1F
100
AcDbEntity
  8
0
  6
Continuous
 62
     7
370
    25
100
AcDbCircle
 10
-88.246128668
 20
2.577219263
 30
0.0
 40
0.098495921485146
100
AcDbArc
 50
270.9102375915
 51
0.8821957426
  0
ARC
  5
1020
330
1F
100
AcDbEntity
  8
0
  6
Continuous
 62
     7
370
    25
100
AcDbCircle
 10
-86.6648918365
 20
-5.3250645593
 30
0.0
 40
0.0962010545135942
100
AcDbArc
 50
270.2996332991
 51
327.680891584
  0
ARC
  5
1021
330
1F
100
AcDbEntity
  8
0
  6
Continuous
 62
     7
370
    25
100
AcDbCircle
 10
-86.664891775
 20
-3.9174640373
 30
0.0
 40
0.0962010545137289
100
AcDbArc
 50
32.3191034072
 51
89.7003616921
  0
ARC
  5
1022
330
1F
100
AcDbEntity
  8
0
  6
Continuous
 62
     7
370
    25
100
AcDbCircle
 10
-86.6144089724
 20
2.5729491089
 30
0.0
 40
0.0942134116411891
100
AcDbArc
 50
270.0125100559
 51
289.091695174
  0
ARC
  5
1023
330
1F
100
AcDbEntity
  8
0
  6
Continuous
 62
     7
370
    25
100
AcDbCircle
 10
-86.6144089107
 20
3.9845222901
 30
0.0
 40
0.0942134116420542
100
AcDbArc
 50
70.9082998175
 51
89.9874849353
  0
ARC
  5
1024
330
1F
100
AcDbEntity
  8
0
  6
Continuous
 62
     7
370
    25
100
AcDbCircle
 10
3.3664139313
 20
-8.1712641467
 30
0.0
 40
0.4999999999995546
100
AcDbArc
 50
179.9999974955
 51
269.9999974951
  0
ARC
  5
1025
330
1F
100
AcDbEntity
  8
0
  6
Continuous
 62
     7
370
    25
100
AcDbCircle
 10
10.366414587
 20
6.8287355474
 30
0.0
 40
0.5000000000000022
100
AcDbArc
 50
359.9999974955
 51
89.999997495
  0
ARC
  5
1026
330
1F
100
AcDbEntity
  8
0
  6
Continuous
 62
     7
370
    25
100
AcDbCircle
 10
10.3664139313
 20
-8.1712644526
 30
0.0
 40
0.5000000000003344
100
AcDbArc
 50
269.9999974951
 51
359.9999974955
  0
ARC
  5
1027
330
1F
100
AcDbEntity
  8
0
  6
Continuous
 62
     7
370
    25
100
AcDbCircle
 10
3.366414587
 20
6.8287358533
 30
0.0
 40
0.4999999999999996
100
AcDbArc
 50
89.999997495
 51
179.9999974956
  0
ARC
  5
1028
330
1F
100
AcDbEntity
  8
0
  6
Continuous
 62
     7
370
    25
100
AcDbCircle
 10
5.203878616
 20
-5.3227807348
 30
0.0
 40
0.0984959214890702
100
AcDbArc
 50
270.9102375932
 51
0.8821957403
  0
ARC
  5
1029
330
1F
100
AcDbEntity
  8
0
  6
Continuous
 62
     7
370
    25
100
AcDbCircle
 10
5.2038786774
 20
-3.9197477192
 30
0.0
 40
0.0984959214890912
100
AcDbArc
 50
359.1177992513
 51
89.0897573992
  0
ARC
  5
102A
330
1F
100
AcDbEntity
  8
0
  6
Continuous
 62
     7
370
    25
100
AcDbCircle
 10
5.2538790227
 20
3.9802522786
 30
0.0
 40
0.0984959214891422
100
AcDbArc
 50
359.1177992514
 51
89.0897573992
  0
ARC
  5
102B
330
1F
100
AcDbEntity
  8
0
  6
Continuous
 62
     7
370
    25
100
AcDbCircle
 10
5.2538789614
 20
2.577219263
 30
0.0
 40
0.0984959214890682
100
AcDbArc
 50
270.9102375932
 51
0.8821957403
  0
ARC
  5
102C
330
1F
100
AcDbEntity
  8
0
  6
Continuous
 62
     7
370
    25
100
AcDbCircle
 10
6.8351157929
 20
-5.3250645593
 30
0.0
 40
0.0962010545133824
100
AcDbArc
 50
270.2996332997
 51
327.6808915831
  0
ARC
  5
102D
330
1F
100
AcDbEntity
  8
0
  6
Continuous
 62
     7
370
    25
100
AcDbCircle
 10
6.8351158544
 20
-3.9174640373
 30
0.0
 40
0.0962010545130844
100
AcDbArc
 50
32.3191034076
 51
89.7003616928
  0
ARC
  5
102E
330
1F
100
AcDbEntity
  8
0
  6
Continuous
 62
     7
370
    25
100
AcDbCircle
 10
6.885598657
 20
2.5729491089
 30
0.0
 40
0.094213411642101
100
AcDbArc
 50
270.0125100566
 51
289.091695175
  0
ARC
  5
102F
330
1F
100
AcDbEntity
  8
0
  6
Continuous
 62
     7
370
    25
100
AcDbCircle
 10
6.8855987187
 20
3.9845222901
 30
0.0
 40
0.0942134116421562
100
AcDbArc
 50
70.9082998213
 51
89.9874849359
  0
ARC
  5
1030
330
1F
100
AcDbEntity
  8
0
  6
Continuous
 62
     7
370
    25
100
AcDbCircle
 10
-30.6335930424
 20
6.8287358533
 30
0.0
 40
0.4999999999999942
100
AcDbArc
 50
89.9999974955
 51
179.9999974956
  0
ARC
  5
1031
330
1F
100
AcDbEntity
  8
0
  6
Continuous
 62
     7
370
    25
100
AcDbCircle
 10
-23.6335930424
 20
6.8287355474
 30
0.0
 40
0.500000000000004
100
AcDbArc
 50
359.9999974955
 51
89.9999974955
  0
ARC
  5
1032
330
1F
100
AcDbEntity
  8
0
  6
Continuous
 62
     7
370
    25
100
AcDbCircle
 10
-23.6335936981
 20
-8.1712644526
 30
0.0
 40
0.500000000000338
100
AcDbArc
 50
269.9999974956
 51
359.9999974955
  0
ARC
  5
1033
330
1F
100
AcDbEntity
  8
0
  6
Continuous
 62
     7
370
    25
100
AcDbCircle
 10
-30.6335936981
 20
-8.1712641467
 30
0.0
 40
0.4999999999995546
100
AcDbArc
 50
179.9999974955
 51
269.9999974957
  0
ARC
  5
1034
330
1F
100
AcDbEntity
  8
0
  6
Continuous
 62
     7
370
    25
100
AcDbCircle
 10
-28.7961290134
 20
-5.3227807348
 30
0.0
 40
0.0984959214851564
100
AcDbArc
 50
270.9102375915
 51
0.8821957426
  0
ARC
  5
1035
330
1F
100
AcDbEntity
  8
0
  6
Continuous
 62
     7
370
    25
100
AcDbCircle
 10
-28.796128952
 20
-3.9197477192
 30
0.0
 40
0.0984959214850936
100
AcDbArc
 50
359.117799249
 51
89.0897573998
  0
ARC
  5
1036
330
1F
100
AcDbEntity
  8
0
  6
Continuous
 62
     7
370
    25
100
AcDbCircle
 10
-28.7461286067
 20
3.9802522786
 30
0.0
 40
0.0984959214850981
100
AcDbArc
 50
359.117799249
 51
89.0897573998
  0
ARC
  5
1037
330
1F
100
AcDbEntity
  8
0
  6
Continuous
 62
     7
370
    25
100
AcDbCircle
 10
-28.746128668
 20
2.577219263
 30
0.0
 40
0.0984959214851213
100
AcDbArc
 50
270.9102375915
 51
0.8821957426
  0
ARC
  5
1038
330
1F
100
AcDbEntity
  8
0
  6
Continuous
 62
     7
370
    25
100
AcDbCircle
 10
-27.1648918365
 20
-5.3250645593
 30
0.0
 40
0.0962010545136569
100
AcDbArc
 50
270.2996332991
 51
327.6808915839
  0
ARC
  5
1039
330
1F
100
AcDbEntity
  8
0
  6
Continuous
 62
     7
370
    25
100
AcDbCircle
 10
-27.164891775
 20
-3.9174640373
 30
0.0
 40
0.0962010545137472
100
AcDbArc
 50
32.3191034072
 51
89.7003616921
  0
ARC
  5
103A
330
1F
100
AcDbEntity
  8
0
  6
Continuous
 62
     7
370
    25
100
AcDbCircle
 10
-27.1144089724
 20
2.5729491089
 30
0.0
 40
0.0942134116405278
100
AcDbArc
 50
270.0125100559
 51
289.0916951741
  0
ARC
  5
103B
330
1F
100
AcDbEntity
  8
0
  6
Continuous
 62
     7
370
    25
100
AcDbCircle
 10
-27.1144089107
 20
3.9845222901
 30
0.0
 40
0.0942134116408735
100
AcDbArc
 50
70.9082998173
 51
89.9874849353
  0
ARC
  5
103C
330
1F
100
AcDbEntity
  8
0
  6
Continuous
 62
     7
370
    25
100
AcDbCircle
 10
-64.6335936981
 20
-8.1712641467
 30
0.0
 40
0.499999999999567
100
AcDbArc
 50
179.9999974955
 51
269.9999974957
  0
ARC
  5
103D
330
1F
100
AcDbEntity
  8
0
  6
Continuous
 62
     7
370
    25
100
AcDbCircle
 10
-64.6335930424
 20
6.8287358533
 30
0.0
 40
0.5000000000000013
100
AcDbArc
 50
89.9999974955
 51
179.9999974956
  0
ARC
  5
103E
330
1F
100
AcDbEntity
  8
0
  6
Continuous
 62
     7
370
    25
100
AcDbCircle
 10
-57.6335930424
 20
6.8287355474
 30
0.0
 40
0.5000000000000004
100
AcDbArc
 50
359.9999974955
 51
89.9999974955
  0
ARC
  5
103F
330
1F
100
AcDbEntity
  8
0
  6
Continuous
 62
     7
370
    25
100
AcDbCircle
 10
-57.6335936981
 20
-8.1712644526
 30
0.0
 40
0.5000000000003433
100
AcDbArc
 50
269.9999974956
 51
359.9999974955
  0
ARC
  5
1040
330
1F
100
AcDbEntity
  8
0
  6
Continuous
 62
     7
370
    25
100
AcDbCircle
 10
-62.7961290134
 20
-5.3227807348
 30
0.0
 40
0.0984959214851599
100
AcDbArc
 50
270.9102375915
 51
0.8821957426
  0
ARC
  5
1041
330
1F
100
AcDbEntity
  8
0
  6
Continuous
 62
     7
370
    25
100
AcDbCircle
 10
-62.796128952
 20
-3.9197477192
 30
0.0
 40
0.0984959214850724
100
AcDbArc
 50
359.117799249
 51
89.0897573998
  0
ARC
  5
1042
330
1F
100
AcDbEntity
  8
0
  6
Continuous
 62
     7
370
    25
100
AcDbCircle
 10
-62.7461286067
 20
3.9802522786
 30
0.0
 40
0.0984959214851072
100
AcDbArc
 50
359.117799249
 51
89.0897573997
  0
ARC
  5
1043
330
1F
100
AcDbEntity
  8
0
  6
Continuous
 62
     7
370
    25
100
AcDbCircle
 10
-62.746128668
 20
2.577219263
 30
0.0
 40
0.0984959214850987
100
AcDbArc
 50
270.9102375914
 51
0.8821957426
  0
ARC
  5
1044
330
1F
100
AcDbEntity
  8
0
  6
Continuous
 62
     7
370
    25
100
AcDbCircle
 10
-61.1648918365
 20
-5.3250645593
 30
0.0
 40
0.0962010545136435
100
AcDbArc
 50
270.2996332991
 51
327.6808915839
  0
ARC
  5
1045
330
1F
100
AcDbEntity
  8
0
  6
Continuous
 62
     7
370
    25
100
AcDbCircle
 10
-61.164891775
 20
-3.9174640373
 30
0.0
 40
0.0962010545137639
100
AcDbArc
 50
32.3191034072
 51
89.7003616921
  0
ARC
  5
1046
330
1F
100
AcDbEntity
  8
0
  6
Continuous
 62
     7
370
    25
100
AcDbCircle
 10
-61.1144089724
 20
2.5729491089
 30
0.0
 40
0.0942134116407254
100
AcDbArc
 50
270.0125100559
 51
289.0916951741
  0
ARC
  5
1047
330
1F
100
AcDbEntity
  8
0
  6
Continuous
 62
     7
370
    25
100
AcDbCircle
 10
-61.1144089107
 20
3.9845222901
 30
0.0
 40
0.0942134116414392
100
AcDbArc
 50
70.9082998174
 51
89.9874849353
  0
ARC
  5
1048
330
1F
100
AcDbEntity
  8
0
  6
Continuous
 62
     7
370
    25
100
AcDbCircle
 10
-98.6335930424
 20
6.8287358533
 30
0.0
 40
0.5000000000000004
100
AcDbArc
 50
89.9999974955
 51
179.9999974956
  0
ARC
  5
1049
330
1F
100
AcDbEntity
  8
0
  6
Continuous
 62
     7
370
    25
100
AcDbCircle
 10
-98.6335936981
 20
-8.1712641467
 30
0.0
 40
0.499999999999567
100
AcDbArc
 50
179.9999974955
 51
269.9999974957
  0
ARC
  5
104A
330
1F
100
AcDbEntity
  8
0
  6
Continuous
 62
     7
370
    25
100
AcDbCircle
 10
-91.6335930424
 20
6.8287355474
 30
0.0
 40
0.5000000000000298
100
AcDbArc
 50
359.9999974955
 51
89.9999974955
  0
ARC
  5
104B
330
1F
100
AcDbEntity
  8
0
  6
Continuous
 62
     7
370
    25
100
AcDbCircle
 10
-91.6335936981
 20
-8.1712644526
 30
0.0
 40
0.5000000000003415
100
AcDbArc
 50
269.9999974956
 51
359.9999974955
  0
ARC
  5
104C
330
1F
100
AcDbEntity
  8
0
  6
Continuous
 62
     7
370
    25
100
AcDbCircle
 10
-96.7961290134
 20
-5.3227807348
 30
0.0
 40
0.098495921485132
100
AcDbArc
 50
270.9102375915
 51
0.8821957426
  0
ARC
  5
104D
330
1F
100
AcDbEntity
  8
0
  6
Continuous
 62
     7
370
    25
100
AcDbCircle
 10
-96.796128952
 20
-3.9197477192
 30
0.0
 40
0.0984959214850794
100
AcDbArc
 50
359.117799249
 51
89.0897573998
  0
ARC
  5
104E
330
1F
100
AcDbEntity
  8
0
  6
Continuous
 62
     7
370
    25
100
AcDbCircle
 10
-96.7461286067
 20
3.9802522786
 30
0.0
 40
0.0984959214850961
100
AcDbArc
 50
359.117799249
 51
89.0897573998
  0
ARC
  5
104F
330
1F
100
AcDbEntity
  8
0
  6
Continuous
 62
     7
370
    25
100
AcDbCircle
 10
-96.746128668
 20
2.577219263
 30
0.0
 40
0.0984959214851189
100
AcDbArc
 50
270.9102375915
 51
0.8821957426
  0
ARC
  5
1050
330
1F
100
AcDbEntity
  8
0
  6
Continuous
 62
     7
370
    25
100
AcDbCircle
 10
-95.1648918365
 20
-5.3250645593
 30
0.0
 40
0.0962010545136511
100
AcDbArc
 50
270.2996332991
 51
327.6808915839
  0
ARC
  5
1051
330
1F
100
AcDbEntity
  8
0
  6
Continuous
 62
     7
370
    25
100
AcDbCircle
 10
-95.164891775
 20
-3.9174640373
 30
0.0
 40
0.0962010545137494
100
AcDbArc
 50
32.3191034072
 51
89.7003616921
  0
ARC
  5
1052
330
1F
100
AcDbEntity
  8
0
  6
Continuous
 62
     7
370
    25
100
AcDbCircle
 10
-95.1144089724
 20
2.5729491089
 30
0.0
 40
0.0942134116414027
100
AcDbArc
 50
270.0125100559
 51
289.091695174
  0
ARC
  5
1053
330
1F
100
AcDbEntity
  8
0
  6
Continuous
 62
     7
370
    25
100
AcDbCircle
 10
-95.1144089107
 20
3.9845222901
 30
0.0
 40
0.0942134116420377
100
AcDbArc
 50
70.9082998175
 51
89.9874849353
  0
ARC
  5
1054
330
1F
100
AcDbEntity
  8
0
  6
Continuous
 62
     7
370
    25
100
AcDbCircle
 10
-5.1336006718
 20
6.8287358533
 30
0.0
 40
0.4999999999999987
100
AcDbArc
 50
89.999997495
 51
179.9999974956
  0
ARC
  5
1055
330
1F
100
AcDbEntity
  8
0
  6
Continuous
 62
     7
370
    25
100
AcDbCircle
 10
1.8663993282
 20
6.8287355474
 30
0.0
 40
0.5000000000000027
100
AcDbArc
 50
359.9999974955
 51
89.999997495
  0
ARC
  5
1056
330
1F
100
AcDbEntity
  8
0
  6
Continuous
 62
     7
370
    25
100
AcDbCircle
 10
1.8663986725
 20
-8.1712644526
 30
0.0
 40
0.5000000000003382
100
AcDbArc
 50
269.9999974962
 51
359.9999974955
  0
ARC
  5
1057
330
1F
100
AcDbEntity
  8
0
  6
Continuous
 62
     7
370
    25
100
AcDbCircle
 10
-5.1336013275
 20
-8.1712641467
 30
0.0
 40
0.4999999999995581
100
AcDbArc
 50
179.9999974955
 51
269.9999974962
  0
ARC
  5
1058
330
1F
100
AcDbEntity
  8
0
  6
Continuous
 62
     7
370
    25
100
AcDbCircle
 10
-3.2961366428
 20
-5.3227807348
 30
0.0
 40
0.0984959214890407
100
AcDbArc
 50
270.9102375932
 51
0.8821957403
  0
ARC
  5
1059
330
1F
100
AcDbEntity
  8
0
  6
Continuous
 62
     7
370
    25
100
AcDbCircle
 10
-3.2961365814
 20
-3.9197477192
 30
0.0
 40
0.0984959214887376
100
AcDbArc
 50
359.117799251
 51
89.0897573936
  0
ARC
  5
105A
330
1F
100
AcDbEntity
  8
0
  6
Continuous
 62
     7
370
    25
100
AcDbCircle
 10
-3.2461362361
 20
3.9802522786
 30
0.0
 40
0.0984959214887125
100
AcDbArc
 50
359.117799251
 51
89.0897573936
  0
ARC
  5
105B
330
1F
100
AcDbEntity
  8
0
  6
Continuous
 62
     7
370
    25
100
AcDbCircle
 10
-3.2461362974
 20
2.577219263
 30
0.0
 40
0.0984959214890424
100
AcDbArc
 50
270.9102375932
 51
0.8821957403
  0
ARC
  5
105C
330
1F
100
AcDbEntity
  8
0
  6
Continuous
 62
     7
370
    25
100
AcDbCircle
 10
-1.6648994659
 20
-5.3250645593
 30
0.0
 40
0.0962010545133717
100
AcDbArc
 50
270.2996332997
 51
327.6808915831
  0
ARC
  5
105D
330
1F
100
AcDbEntity
  8
0
  6
Continuous
 62
     7
370
    25
100
AcDbCircle
 10
-1.6648994044
 20
-3.9174640373
 30
0.0
 40
0.0962010545131401
100
AcDbArc
 50
32.3191034076
 51
89.7003616928
  0
ARC
  5
105E
330
1F
100
AcDbEntity
  8
0
  6
Continuous
 62
     7
370
    25
100
AcDbCircle
 10
-1.6144166018
 20
2.5729491089
 30
0.0
 40
0.0942134116437984
100
AcDbArc
 50
270.0125100567
 51
289.0916951748
  0
ARC
  5
105F
330
1F
100
AcDbEntity
  8
0
  6
Continuous
 62
     7
370
    25
100
AcDbCircle
 10
-1.61441654
 20
3.9845222901
 30
0.0
 40
0.0942134116421096
100
AcDbArc
 50
70.9082998212
 51
89.9874849359
  0
ARC
  5
1060
330
1F
100
AcDbEntity
  8
0
  6
Continuous
 62
     7
370
    25
100
AcDbCircle
 10
-32.1335930424
 20
6.8287355474
 30
0.0
 40
0.500000000000004
100
AcDbArc
 50
359.9999974955
 51
89.9999974955
  0
ARC
  5
1061
330
1F
100
AcDbEntity
  8
0
  6
Continuous
 62
     7
370
    25
100
AcDbCircle
 10
-32.1335936981
 20
-8.1712644526
 30
0.0
 40
0.500000000000338
100
AcDbArc
 50
269.9999974956
 51
359.9999974955
  0
ARC
  5
1062
330
1F
100
AcDbEntity
  8
0
  6
Continuous
 62
     7
370
    25
100
AcDbCircle
 10
-39.1335936981
 20
-8.1712641467
 30
0.0
 40
0.4999999999995741
100
AcDbArc
 50
179.9999974955
 51
269.9999974957
  0
ARC
  5
1063
330
1F
100
AcDbEntity
  8
0
  6
Continuous
 62
     7
370
    25
100
AcDbCircle
 10
-39.1335930424
 20
6.8287358533
 30
0.0
 40
0.4999999999999933
100
AcDbArc
 50
89.9999974955
 51
179.9999974956
  0
ARC
  5
1064
330
1F
100
AcDbEntity
  8
0
  6
Continuous
 62
     7
370
    25
100
AcDbCircle
 10
-37.2961290134
 20
-5.3227807348
 30
0.0
 40
0.0984959214851129
100
AcDbArc
 50
270.9102375914
 51
0.8821957426
  0
ARC
  5
1065
330
1F
100
AcDbEntity
  8
0
  6
Continuous
 62
     7
370
    25
100
AcDbCircle
 10
-37.296128952
 20
-3.9197477192
 30
0.0
 40
0.0984959214851013
100
AcDbArc
 50
359.117799249
 51
89.0897573998
  0
ARC
  5
1066
330
1F
100
AcDbEntity
  8
0
  6
Continuous
 62
     7
370
    25
100
AcDbCircle
 10
-37.2461286067
 20
3.9802522786
 30
0.0
 40
0.0984959214850931
100
AcDbArc
 50
359.117799249
 51
89.0897573998
  0
ARC
  5
1067
330
1F
100
AcDbEntity
  8
0
  6
Continuous
 62
     7
370
    25
100
AcDbCircle
 10
-37.246128668
 20
2.577219263
 30
0.0
 40
0.0984959214851248
100
AcDbArc
 50
270.9102375915
 51
0.8821957426
  0
ARC
  5
1068
330
1F
100
AcDbEntity
  8
0
  6
Continuous
 62
     7
370
    25
100
AcDbCircle
 10
-35.6648918365
 20
-5.3250645593
 30
0.0
 40
0.0962010545135835
100
AcDbArc
 50
270.2996332991
 51
327.6808915839
  0
ARC
  5
1069
330
1F
100
AcDbEntity
  8
0
  6
Continuous
 62
     7
370
    25
100
AcDbCircle
 10
-35.664891775
 20
-3.9174640373
 30
0.0
 40
0.0962010545137639
100
AcDbArc
 50
32.3191034072
 51
89.7003616921
  0
ARC
  5
106A
330
1F
100
AcDbEntity
  8
0
  6
Continuous
 62
     7
370
    25
100
AcDbCircle
 10
-35.6144089724
 20
2.5729491089
 30
0.0
 40
0.0942134116428891
100
AcDbArc
 50
270.012510056
 51
289.0916951738
  0
ARC
  5
106B
330
1F
100
AcDbEntity
  8
0
  6
Continuous
 62
     7
370
    25
100
AcDbCircle
 10
-35.6144089107
 20
3.9845222901
 30
0.0
 40
0.0942134116414028
100
AcDbArc
 50
70.9082998174
 51
89.9874849353
  0
ARC
  5
106C
330
1F
100
AcDbEntity
  8
0
  6
Continuous
 62
     7
370
    25
100
AcDbCircle
 10
-73.1335936981
 20
-8.1712641467
 30
0.0
 40
0.4999999999995457
100
AcDbArc
 50
179.9999974955
 51
269.9999974956
  0
ARC
  5
106D
330
1F
100
AcDbEntity
  8
0
  6
Continuous
 62
     7
370
    25
100
AcDbCircle
 10
-73.1335930424
 20
6.8287358533
 30
0.0
 40
0.5000000000000004
100
AcDbArc
 50
89.9999974955
 51
179.9999974956
  0
ARC
  5
106E
330
1F
100
AcDbEntity
  8
0
  6
Continuous
 62
     7
370
    25
100
AcDbCircle
 10
-66.1335930424
 20
6.8287355474
 30
0.0
 40
0.4999999999999916
100
AcDbArc
 50
359.9999974955
 51
89.9999974955
  0
ARC
  5
106F
330
1F
100
AcDbEntity
  8
0
  6
Continuous
 62
     7
370
    25
100
AcDbCircle
 10
-66.1335936981
 20
-8.1712644526
 30
0.0
 40
0.5000000000003433
100
AcDbArc
 50
269.9999974956
 51
359.9999974955
  0
ARC
  5
1070
330
1F
100
AcDbEntity
  8
0
  6
Continuous
 62
     7
370
    25
100
AcDbCircle
 10
-71.2961290134
 20
-5.3227807348
 30
0.0
 40
0.0984959214851319
100
AcDbArc
 50
270.9102375915
 51
0.8821957426
  0
ARC
  5
1071
330
1F
100
AcDbEntity
  8
0
  6
Continuous
 62
     7
370
    25
100
AcDbCircle
 10
-71.296128952
 20
-3.9197477192
 30
0.0
 40
0.0984959214850542
100
AcDbArc
 50
359.1177992489
 51
89.0897573998
  0
ARC
  5
1072
330
1F
100
AcDbEntity
  8
0
  6
Continuous
 62
     7
370
    25
100
AcDbCircle
 10
-71.246128668
 20
2.577219263
 30
0.0
 40
0.0984959214850899
100
AcDbArc
 50
270.9102375914
 51
0.8821957426
  0
ARC
  5
1073
330
1F
100
AcDbEntity
  8
0
  6
Continuous
 62
     7
370
    25
100
AcDbCircle
 10
-71.2461286067
 20
3.9802522786
 30
0.0
 40
0.0984959214851212
100
AcDbArc
 50
359.117799249
 51
89.0897573997
  0
ARC
  5
1074
330
1F
100
AcDbEntity
  8
0
  6
Continuous
 62
     7
370
    25
100
AcDbCircle
 10
-69.6648918365
 20
-5.3250645593
 30
0.0
 40
0.096201054513676
100
AcDbArc
 50
270.2996332991
 51
327.6808915839
  0
ARC
  5
1075
330
1F
100
AcDbEntity
  8
0
  6
Continuous
 62
     7
370
    25
100
AcDbCircle
 10
-69.664891775
 20
-3.9174640373
 30
0.0
 40
0.0962010545137289
100
AcDbArc
 50
32.3191034072
 51
89.7003616921
  0
ARC
  5
1076
330
1F
100
AcDbEntity
  8
0
  6
Continuous
 62
     7
370
    25
100
AcDbCircle
 10
-69.6144089724
 20
2.5729491089
 30
0.0
 40
0.0942134116405349
100
AcDbArc
 50
270.0125100558
 51
289.0916951741
  0
ARC
  5
1077
330
1F
100
AcDbEntity
  8
0
  6
Continuous
 62
     7
370
    25
100
AcDbCircle
 10
-69.6144089107
 20
3.9845222901
 30
0.0
 40
0.0942134116413908
100
AcDbArc
 50
70.9082998174
 51
89.9874849353
  0
ARC
  5
1078
330
1F
100
AcDbEntity
  8
0
  6
Continuous
 62
     7
370
    25
100
AcDbCircle
 10
-107.1335930424
 20
6.8287358533
 30
0.0
 40
0.5000000000000351
100
AcDbArc
 50
89.9999974955
 51
179.9999974956
  0
ARC
  5
1079
330
1F
100
AcDbEntity
  8
0
  6
Continuous
 62
     7
370
    25
100
AcDbCircle
 10
-107.1335936981
 20
-8.1712641467
 30
0.0
 40
0.4999999999995599
100
AcDbArc
 50
179.9999974955
 51
269.9999974957
  0
ARC
  5
107A
330
1F
100
AcDbEntity
  8
0
  6
Continuous
 62
     7
370
    25
100
AcDbCircle
 10
-100.1335930424
 20
6.8287355474
 30
0.0
 40
0.5000000000000147
100
AcDbArc
 50
359.9999974955
 51
89.9999974955
  0
ARC
  5
107B
330
1F
100
AcDbEntity
  8
0
  6
Continuous
 62
     7
370
    25
100
AcDbCircle
 10
-100.1335936981
 20
-8.1712644526
 30
0.0
 40
0.5000000000003699
100
AcDbArc
 50
269.9999974956
 51
359.9999974955
  0
ARC
  5
107C
330
1F
100
AcDbEntity
  8
0
  6
Continuous
 62
     7
370
    25
100
AcDbCircle
 10
-105.2961290134
 20
-5.3227807348
 30
0.0
 40
0.098495921485095
100
AcDbArc
 50
270.9102375914
 51
0.8821957426
  0
ARC
  5
107D
330
1F
100
AcDbEntity
  8
0
  6
Continuous
 62
     7
370
    25
100
AcDbCircle
 10
-105.296128952
 20
-3.9197477192
 30
0.0
 40
0.0984959214850932
100
AcDbArc
 50
359.117799249
 51
89.0897573998
  0
ARC
  5
107E
330
1F
100
AcDbEntity
  8
0
  6
Continuous
 62
     7
370
    25
100
AcDbCircle
 10
-105.246128668
 20
2.577219263
 30
0.0
 40
0.0984959214851382
100
AcDbArc
 50
270.9102375914
 51
0.8821957426
  0
ARC
  5
107F
330
1F
100
AcDbEntity
  8
0
  6
Continuous
 62
     7
370
    25
100
AcDbCircle
 10
-105.2461286067
 20
3.9802522786
 30
0.0
 40
0.0984959214850799
100
AcDbArc
 50
359.117799249
 51
89.0897573998
  0
ARC
  5
1080
330
1F
100
AcDbEntity
  8
0
  6
Continuous
 62
     7
370
    25
100
AcDbCircle
 10
-103.6648918365
 20
-5.3250645593
 30
0.0
 40
0.0962010545136761
100
AcDbArc
 50
270.2996332991
 51
327.6808915839
  0
ARC
  5
1081
330
1F
100
AcDbEntity
  8
0
  6
Continuous
 62
     7
370
    25
100
AcDbCircle
 10
-103.664891775
 20
-3.9174640373
 30
0.0
 40
0.0962010545137406
100
AcDbArc
 50
32.3191034072
 51
89.7003616921
  0
ARC
  5
1082
330
1F
100
AcDbEntity
  8
0
  6
Continuous
 62
     7
370
    25
100
AcDbCircle
 10
-103.6144089724
 20
2.5729491089
 30
0.0
 40
0.0942134116415399
100
AcDbArc
 50
270.0125100559
 51
289.091695174
  0
ARC
  5
1083
330
1F
100
AcDbEntity
  8
0
  6
Continuous
 62
     7
370
    25
100
AcDbCircle
 10
-103.6144089107
 20
3.9845222901
 30
0.0
 40
0.0942134116422536
100
AcDbArc
 50
70.9082998175
 51
89.9874849353
  0
ARC
  5
1084
330
1F
100
AcDbEntity
  8
0
  6
Continuous
 62
     7
370
    25
100
AcDbCircle
 10
38.7664084003
 20
-13.2712633444
 30
0.0
 40
4.00000000000002
100
AcDbArc
 50
270.0
 51
0.0
  0
ARC
  5
1085
330
1F
100
AcDbEntity
  8
0
  6
Continuous
 62
     7
370
    25
100
AcDbCircle
 10
-118.2335915997
 20
-13.2712633444
 30
0.0
 40
4.000000000000028
100
AcDbArc
 50
180.0
 51
270.0
  0
ARC
  5
1086
330
1F
100
AcDbEntity
  8
0
  6
Continuous
 62
     7
370
    25
100
AcDbCircle
 10
-118.2335915997
 20
16.7287366556
 30
0.0
 40
4.000000000000028
100
AcDbArc
 50
90.0
 51
180.0
  0
ARC
  5
1087
330
1F
100
AcDbEntity
  8
0
  6
Continuous
 62
     7
370
    25
100
AcDbCircle
 10
38.7664084003
 20
16.7287366556
 30
0.0
 40
4.000000000000043
100
AcDbArc
 50
0.0
 51
90.0
  0
ARC
  5
1088
330
1F
100
AcDbEntity
  8
0
  6
Continuous
 62
     7
370
    25
100
AcDbCircle
 10
26.7864084005
 20
5.8287366546
 30
0.0
 40
2.000000000000007
100
AcDbArc
 50
0.0
 51
90.0
  0
ARC
  5
1089
330
1F
100
AcDbEntity
  8
0
  6
Continuous
 62
     7
370
    25
100
AcDbCircle
 10
-106.5535915995
 20
5.8287366546
 30
0.0
 40
2.000000000000014
100
AcDbArc
 50
90.0
 51
180.0
  0
ARC
  5
108A
330
1F
100
AcDbEntity
  8
0
  6
Continuous
 62
     7
370
    25
100
AcDbCircle
 10
-106.5535915995
 20
-7.1712633444
 30
0.0
 40
2.000000000000014
100
AcDbArc
 50
180.0
 51
270.0
  0
ARC
  5
108B
330
1F
100
AcDbEntity
  8
0
  6
Continuous
 62
     7
370
    25
100
AcDbCircle
 10
26.7864084005
 20
-7.1712633444
 30
0.0
 40
2.000000000000011
100
AcDbArc
 50
270.0
 51
0.0
  0
ARC
  5
108C
330
1F
100
AcDbEntity
  8
0
  6
Continuous
 62
     7
370
    25
100
AcDbCircle
 10
38.7664084002
 20
-13.571263346
 30
0.0
 40
1.663119515225437
100
AcDbArc
 50
81.2244238009
 51
98.7755761991
  0
ARC
  5
108D
330
1F
100
AcDbEntity
  8
0
  6
Continuous
 62
     7
370
    25
100
AcDbCircle
 10
38.7664084002
 20
-13.571263346
 30
0.0
 40
1.571836210341803
100
AcDbArc
 50
80.8258549295
 51
99.1741450705
  0
ARC
  5
108E
330
1F
100
AcDbEntity
  8
0
  6
Continuous
 62
     7
370
    25
100
AcDbCircle
 10
38.7664084002
 20
-13.571263346
 30
0.0
 40
1.663119515225437
100
AcDbArc
 50
261.2244238009
 51
278.7755761991
  0
ARC
  5
108F
330
1F
100
AcDbEntity
  8
0
  6
Continuous
 62
     7
370
    25
100
AcDbCircle
 10
38.7664084002
 20
-13.571263346
 30
0.0
 40
1.57183621034184
100
AcDbArc
 50
260.8258549295
 51
279.1741450705
  0
ARC
  5
1090
330
1F
100
AcDbEntity
  8
0
  6
Continuous
 62
     7
370
    25
100
AcDbCircle
 10
38.7664084002
 20
-13.571263346
 30
0.0
 40
1.663119515225196
100
AcDbArc
 50
171.2244238009
 51
188.7755761991
  0
ARC
  5
1091
330
1F
100
AcDbEntity
  8
0
  6
Continuous
 62
     7
370
    25
100
AcDbCircle
 10
38.7664084002
 20
-13.571263346
 30
0.0
 40
1.571836210340805
100
AcDbArc
 50
170.8258549295
 51
189.1741450705
  0
ARC
  5
1092
330
1F
100
AcDbEntity
  8
0
  6
Continuous
 62
     7
370
    25
100
AcDbCircle
 10
38.7664084002
 20
-13.571263346
 30
0.0
 40
1.663119515225731
100
AcDbArc
 50
351.2244238009
 51
8.7755761991
  0
ARC
  5
1093
330
1F
100
AcDbEntity
  8
0
  6
Continuous
 62
     7
370
    25
100
AcDbCircle
 10
38.7664084002
 20
-13.571263346
 30
0.0
 40
1.571836210343014
100
AcDbArc
 50
350.8258549295
 51
9.1741450705
  0
ARC
  5
1094
330
1F
100
AcDbEntity
  8
0
  6
Continuous
 62
     7
370
    25
100
AcDbCircle
 10
38.2752431777
 20
-14.0624285685
 30
0.0
 40
0.2146125190135226
100
AcDbArc
 50
1.1322450854
 51
88.8677549146
  0
ARC
  5
1095
330
1F
100
AcDbEntity
  8
0
  6
Continuous
 62
     7
370
    25
100
AcDbCircle
 10
39.2575736227
 20
-14.0624285685
 30
0.0
 40
0.2146125190135349
100
AcDbArc
 50
91.1322450853
 51
178.8677549146
  0
ARC
  5
1096
330
1F
100
AcDbEntity
  8
0
  6
Continuous
 62
     7
370
    25
100
AcDbCircle
 10
39.2575736227
 20
-13.0800981235
 30
0.0
 40
0.2146125190135379
100
AcDbArc
 50
181.1322450854
 51
268.8677549147
  0
ARC
  5
1097
330
1F
100
AcDbEntity
  8
0
  6
Continuous
 62
     7
370
    25
100
AcDbCircle
 10
38.2752431777
 20
-13.0800981235
 30
0.0
 40
0.2146125190134991
100
AcDbArc
 50
271.1322450853
 51
358.8677549147
  0
ARC
  5
1098
330
1F
100
AcDbEntity
  8
0
  6
Continuous
 62
     7
370
    25
100
AcDbCircle
 10
38.7664084002
 20
-13.571263346
 30
0.0
 40
0.7524547993104723
100
AcDbArc
 50
350.6078343062
 51
9.3921656938
  0
ARC
  5
1099
330
1F
100
AcDbEntity
  8
0
  6
Continuous
 62
     7
370
    25
100
AcDbCircle
 10
38.7664084002
 20
-13.571263346
 30
0.0
 40
0.7524547993099868
100
AcDbArc
 50
260.6078343062
 51
279.3921656938
  0
ARC
  5
109A
330
1F
100
AcDbEntity
  8
0
  6
Continuous
 62
     7
370
    25
100
AcDbCircle
 10
38.7664084002
 20
-13.571263346
 30
0.0
 40
0.7524547993102106
100
AcDbArc
 50
80.6078343062
 51
99.3921656938
  0
ARC
  5
109B
330
1F
100
AcDbEntity
  8
0
  6
Continuous
 62
     7
370
    25
100
AcDbCircle
 10
38.7664084002
 20
-13.571263346
 30
0.0
 40
0.752454799310656
100
AcDbArc
 50
170.6078343062
 51
189.3921656938
  0
ARC
  5
109C
330
1F
100
AcDbEntity
  8
0
  6
Continuous
 62
     7
370
    25
100
AcDbCircle
 10
38.7664084005
 20
17.028736654
 30
0.0
 40
1.663119515225302
100
AcDbArc
 50
81.2244238009
 51
98.7755761991
  0
ARC
  5
109D
330
1F
100
AcDbEntity
  8
0
  6
Continuous
 62
     7
370
    25
100
AcDbCircle
 10
38.7664084005
 20
17.028736654
 30
0.0
 40
1.571836210342175
100
AcDbArc
 50
80.8258549295
 51
99.1741450705
  0
ARC
  5
109E
330
1F
100
AcDbEntity
  8
0
  6
Continuous
 62
     7
370
    25
100
AcDbCircle
 10
38.7664084005
 20
17.028736654
 30
0.0
 40
1.663119515225437
100
AcDbArc
 50
261.2244238009
 51
278.7755761991
  0
ARC
  5
109F
330
1F
100
AcDbEntity
  8
0
  6
Continuous
 62
     7
370
    25
100
AcDbCircle
 10
38.7664084005
 20
17.028736654
 30
0.0
 40
1.571836210341933
100
AcDbArc
 50
260.8258549295
 51
279.1741450705
  0
ARC
  5
10A0
330
1F
100
AcDbEntity
  8
0
  6
Continuous
 62
     7
370
    25
100
AcDbCircle
 10
38.7664084005
 20
17.028736654
 30
0.0
 40
1.663119515225182
100
AcDbArc
 50
171.2244238009
 51
188.7755761991
  0
ARC
  5
10A1
330
1F
100
AcDbEntity
  8
0
  6
Continuous
 62
     7
370
    25
100
AcDbCircle
 10
38.7664084005
 20
17.028736654
 30
0.0
 40
1.571836210343024
100
AcDbArc
 50
170.8258549295
 51
189.1741450705
  0
ARC
  5
10A2
330
1F
100
AcDbEntity
  8
0
  6
Continuous
 62
     7
370
    25
100
AcDbCircle
 10
38.275243178
 20
16.5375714315
 30
0.0
 40
0.2146125190135421
100
AcDbArc
 50
1.1322450854
 51
88.8677549146
  0
ARC
  5
10A3
330
1F
100
AcDbEntity
  8
0
  6
Continuous
 62
     7
370
    25
100
AcDbCircle
 10
39.257573623
 20
16.5375714315
 30
0.0
 40
0.214612519013513
100
AcDbArc
 50
91.1322450853
 51
178.8677549147
  0
ARC
  5
10A4
330
1F
100
AcDbEntity
  8
0
  6
Continuous
 62
     7
370
    25
100
AcDbCircle
 10
38.7664084005
 20
17.028736654
 30
0.0
 40
1.663119515225204
100
AcDbArc
 50
351.2244238009
 51
8.7755761991
  0
ARC
  5
10A5
330
1F
100
AcDbEntity
  8
0
  6
Continuous
 62
     7
370
    25
100
AcDbCircle
 10
39.257573623
 20
17.5199018765
 30
0.0
 40
0.2146125190135132
100
AcDbArc
 50
181.1322450853
 51
268.8677549147
  0
ARC
  5
10A6
330
1F
100
AcDbEntity
  8
0
  6
Continuous
 62
     7
370
    25
100
AcDbCircle
 10
38.275243178
 20
17.5199018765
 30
0.0
 40
0.2146125190135277
100
AcDbArc
 50
271.1322450854
 51
358.8677549147
  0
ARC
  5
10A7
330
1F
100
AcDbEntity
  8
0
  6
Continuous
 62
     7
370
    25
100
AcDbCircle
 10
38.7664084005
 20
17.028736654
 30
0.0
 40
1.571836210340159
100
AcDbArc
 50
350.8258549295
 51
9.1741450705
  0
ARC
  5
10A8
330
1F
100
AcDbEntity
  8
0
  6
Continuous
 62
     7
370
    25
100
AcDbCircle
 10
38.7664084005
 20
17.028736654
 30
0.0
 40
0.7524547993099886
100
AcDbArc
 50
350.6078343062
 51
9.3921656938
  0
ARC
  5
10A9
330
1F
100
AcDbEntity
  8
0
  6
Continuous
 62
     7
370
    25
100
AcDbCircle
 10
38.7664084005
 20
17.028736654
 30
0.0
 40
0.7524547993100581
100
AcDbArc
 50
260.6078343062
 51
279.3921656938
  0
ARC
  5
10AA
330
1F
100
AcDbEntity
  8
0
  6
Continuous
 62
     7
370
    25
100
AcDbCircle
 10
38.7664084005
 20
17.028736654
 30
0.0
 40
0.7524547993101889
100
AcDbArc
 50
80.6078343062
 51
99.3921656938
  0
ARC
  5
10AB
330
1F
100
AcDbEntity
  8
0
  6
Continuous
 62
     7
370
    25
100
AcDbCircle
 10
38.7664084005
 20
17.028736654
 30
0.0
 40
0.7524547993099897
100
AcDbArc
 50
170.6078343062
 51
189.3921656938
  0
ARC
  5
10AC
330
1F
100
AcDbEntity
  8
0
  6
Continuous
 62
     7
370
    25
100
AcDbCircle
 10
-118.2335915998
 20
-13.5712633444
 30
0.0
 40
1.66311951522592
100
AcDbArc
 50
171.2244238009
 51
188.7755761991
  0
ARC
  5
10AD
330
1F
100
AcDbEntity
  8
0
  6
Continuous
 62
     7
370
    25
100
AcDbCircle
 10
-118.2335915998
 20
-13.5712633444
 30
0.0
 40
1.571836210341299
100
AcDbArc
 50
170.8258549295
 51
189.1741450705
  0
ARC
  5
10AE
330
1F
100
AcDbEntity
  8
0
  6
Continuous
 62
     7
370
    25
100
AcDbCircle
 10
-118.2335915998
 20
-13.5712633444
 30
0.0
 40
1.663119515225362
100
AcDbArc
 50
81.2244238009
 51
98.7755761991
  0
ARC
  5
10AF
330
1F
100
AcDbEntity
  8
0
  6
Continuous
 62
     7
370
    25
100
AcDbCircle
 10
-118.2335915998
 20
-13.5712633444
 30
0.0
 40
1.571836210341902
100
AcDbArc
 50
80.8258549295
 51
99.1741450705
  0
ARC
  5
10B0
330
1F
100
AcDbEntity
  8
0
  6
Continuous
 62
     7
370
    25
100
AcDbCircle
 10
-118.2335915998
 20
-13.5712633444
 30
0.0
 40
1.663119515224442
100
AcDbArc
 50
351.2244238009
 51
8.7755761991
  0
ARC
  5
10B1
330
1F
100
AcDbEntity
  8
0
  6
Continuous
 62
     7
370
    25
100
AcDbCircle
 10
-118.2335915998
 20
-13.5712633444
 30
0.0
 40
1.571836210342628
100
AcDbArc
 50
350.8258549295
 51
9.1741450705
  0
ARC
  5
10B2
330
1F
100
AcDbEntity
  8
0
  6
Continuous
 62
     7
370
    25
100
AcDbCircle
 10
-118.7247568223
 20
-14.0624285669
 30
0.0
 40
0.214612519013499
100
AcDbArc
 50
1.1322450853
 51
88.8677549147
  0
ARC
  5
10B3
330
1F
100
AcDbEntity
  8
0
  6
Continuous
 62
     7
370
    25
100
AcDbCircle
 10
-118.2335915998
 20
-13.5712633444
 30
0.0
 40
1.663119515225463
100
AcDbArc
 50
261.2244238009
 51
278.7755761991
  0
ARC
  5
10B4
330
1F
100
AcDbEntity
  8
0
  6
Continuous
 62
     7
370
    25
100
AcDbCircle
 10
-117.7424263773
 20
-14.0624285669
 30
0.0
 40
0.214612519013538
100
AcDbArc
 50
91.1322450853
 51
178.8677549146
  0
ARC
  5
10B5
330
1F
100
AcDbEntity
  8
0
  6
Continuous
 62
     7
370
    25
100
AcDbCircle
 10
-117.7424263773
 20
-13.0800981219
 30
0.0
 40
0.2146125190135507
100
AcDbArc
 50
181.1322450854
 51
268.8677549147
  0
ARC
  5
10B6
330
1F
100
AcDbEntity
  8
0
  6
Continuous
 62
     7
370
    25
100
AcDbCircle
 10
-118.7247568223
 20
-13.0800981219
 30
0.0
 40
0.2146125190135025
100
AcDbArc
 50
271.1322450853
 51
358.8677549147
  0
ARC
  5
10B7
330
1F
100
AcDbEntity
  8
0
  6
Continuous
 62
     7
370
    25
100
AcDbCircle
 10
-118.2335915998
 20
-13.5712633444
 30
0.0
 40
1.571836210341987
100
AcDbArc
 50
260.8258549295
 51
279.1741450705
  0
ARC
  5
10B8
330
1F
100
AcDbEntity
  8
0
  6
Continuous
 62
     7
370
    25
100
AcDbCircle
 10
-118.2335915998
 20
-13.5712633444
 30
0.0
 40
0.7524547993118601
100
AcDbArc
 50
350.6078343062
 51
9.3921656938
  0
ARC
  5
10B9
330
1F
100
AcDbEntity
  8
0
  6
Continuous
 62
     7
370
    25
100
AcDbCircle
 10
-118.2335915998
 20
-13.5712633444
 30
0.0
 40
0.7524547993099927
100
AcDbArc
 50
260.6078343062
 51
279.3921656938
  0
ARC
  5
10BA
330
1F
100
AcDbEntity
  8
0
  6
Continuous
 62
     7
370
    25
100
AcDbCircle
 10
-118.2335915998
 20
-13.5712633444
 30
0.0
 40
0.7524547993093244
100
AcDbArc
 50
170.6078343062
 51
189.3921656938
  0
ARC
  5
10BB
330
1F
100
AcDbEntity
  8
0
  6
Continuous
 62
     7
370
    25
100
AcDbCircle
 10
-118.2335915998
 20
-13.5712633444
 30
0.0
 40
0.7524547993101346
100
AcDbArc
 50
80.6078343062
 51
99.3921656938
  0
ARC
  5
10BC
330
1F
100
AcDbEntity
  8
0
  6
Continuous
 62
     7
370
    25
100
AcDbCircle
 10
-118.2335915995
 20
17.0287366556
 30
0.0
 40
1.663119515225191
100
AcDbArc
 50
81.2244238009
 51
98.7755761991
  0
ARC
  5
10BD
330
1F
100
AcDbEntity
  8
0
  6
Continuous
 62
     7
370
    25
100
AcDbCircle
 10
-118.2335915995
 20
17.0287366556
 30
0.0
 40
1.571836210342105
100
AcDbArc
 50
80.8258549295
 51
99.1741450705
  0
ARC
  5
10BE
330
1F
100
AcDbEntity
  8
0
  6
Continuous
 62
     7
370
    25
100
AcDbCircle
 10
-118.2335915995
 20
17.0287366556
 30
0.0
 40
1.66311951522512
100
AcDbArc
 50
171.2244238009
 51
188.7755761991
  0
ARC
  5
10BF
330
1F
100
AcDbEntity
  8
0
  6
Continuous
 62
     7
370
    25
100
AcDbCircle
 10
-118.724756822
 20
16.5375714331
 30
0.0
 40
0.2146125190135531
100
AcDbArc
 50
1.1322450854
 51
88.8677549146
  0
ARC
  5
10C0
330
1F
100
AcDbEntity
  8
0
  6
Continuous
 62
     7
370
    25
100
AcDbCircle
 10
-118.2335915995
 20
17.0287366556
 30
0.0
 40
1.663119515225138
100
AcDbArc
 50
261.2244238009
 51
278.7755761991
  0
ARC
  5
10C1
330
1F
100
AcDbEntity
  8
0
  6
Continuous
 62
     7
370
    25
100
AcDbCircle
 10
-117.742426377
 20
16.5375714331
 30
0.0
 40
0.2146125190135057
100
AcDbArc
 50
91.1322450853
 51
178.8677549147
  0
ARC
  5
10C2
330
1F
100
AcDbEntity
  8
0
  6
Continuous
 62
     7
370
    25
100
AcDbCircle
 10
-118.2335915995
 20
17.0287366556
 30
0.0
 40
1.66311951522593
100
AcDbArc
 50
351.2244238009
 51
8.7755761991
  0
ARC
  5
10C3
330
1F
100
AcDbEntity
  8
0
  6
Continuous
 62
     7
370
    25
100
AcDbCircle
 10
-117.742426377
 20
17.5199018781
 30
0.0
 40
0.2146125190135347
100
AcDbArc
 50
181.1322450854
 51
268.8677549147
  0
ARC
  5
10C4
330
1F
100
AcDbEntity
  8
0
  6
Continuous
 62
     7
370
    25
100
AcDbCircle
 10
-118.724756822
 20
17.5199018781
 30
0.0
 40
0.2146125190135205
100
AcDbArc
 50
271.1322450854
 51
358.8677549147
  0
ARC
  5
10C5
330
1F
100
AcDbEntity
  8
0
  6
Continuous
 62
     7
370
    25
100
AcDbCircle
 10
-118.2335915995
 20
17.0287366556
 30
0.0
 40
1.571836210344035
100
AcDbArc
 50
170.8258549295
 51
189.1741450705
  0
ARC
  5
10C6
330
1F
100
AcDbEntity
  8
0
  6
Continuous
 62
     7
370
    25
100
AcDbCircle
 10
-118.2335915995
 20
17.0287366556
 30
0.0
 40
1.57183621034131
100
AcDbArc
 50
350.8258549295
 51
9.1741450705
  0
ARC
  5
10C7
330
1F
100
AcDbEntity
  8
0
  6
Continuous
 62
     7
370
    25
100
AcDbCircle
 10
-118.2335915995
 20
17.0287366556
 30
0.0
 40
1.571836210342029
100
AcDbArc
 50
260.8258549295
 51
279.1741450705
  0
ARC
  5
10C8
330
1F
100
AcDbEntity
  8
0
  6
Continuous
 62
     7
370
    25
100
AcDbCircle
 10
-118.2335915995
 20
17.0287366556
 30
0.0
 40
0.7524547993102194
100
AcDbArc
 50
350.6078343062
 51
9.3921656938
  0
ARC
  5
10C9
330
1F
100
AcDbEntity
  8
0
  6
Continuous
 62
     7
370
    25
100
AcDbCircle
 10
-118.2335915995
 20
17.0287366556
 30
0.0
 40
0.7524547993100803
100
AcDbArc
 50
260.6078343062
 51
279.3921656938
  0
ARC
  5
10CA
330
1F
100
AcDbEntity
  8
0
  6
Continuous
 62
     7
370
    25
100
AcDbCircle
 10
-118.2335915995
 20
17.0287366556
 30
0.0
 40
0.7524547993100955
100
AcDbArc
 50
80.6078343062
 51
99.3921656938
  0
ARC
  5
10CB
330
1F
100
AcDbEntity
  8
0
  6
Continuous
 62
     7
370
    25
100
AcDbCircle
 10
-118.2335915995
 20
17.0287366556
 30
0.0
 40
0.752454799313152
100
AcDbArc
 50
170.6078343062
 51
189.3921656938
  0
MTEXT
  5
10CD
330
1F
100
AcDbEntity
  8
0
  6
Continuous
 62
     7
100
AcDbMText
 10
-122.2335915997
 20
-18.428429738
 30
0.0
 40
4.83362
 41
0.0
 71
     1
 72
     1
  1
SOLIDWORKS Lehrprodukt - Nur für Lehrzwecke.
  7
SLDTEXTSTYLE0
 73
     1
 44
1.0
  0
ENDSEC
  0
SECTION
  2
OBJECTS
  0
DICTIONARY
  5
C
330
0
100
AcDbDictionary
281
     1
  3
ACAD_GROUP
350
D
  3
ACAD_LAYOUT
350
1A
  3
ACAD_MLINESTYLE
350
17
  3
ACAD_PLOTSETTINGS
350
19
  3
ACAD_PLOTSTYLENAME
350
E
  3
ACAD_SCALELIST
350
47
  3
DWGPROPS
350
10CE
  0
DICTIONARY
  5
D
102
{ACAD_REACTORS
330
C
102
}
330
C
100
AcDbDictionary
281
     1
  0
DICTIONARY
  5
1A
102
{ACAD_REACTORS
330
C
102
}
330
C
100
AcDbDictionary
281
     1
  3
Layout1
350
1E
  3
Layout2
350
26
  3
Model
350
22
  0
DICTIONARY
  5
17
102
{ACAD_REACTORS
330
C
102
}
330
C
100
AcDbDictionary
281
     1
  3
Standard
350
18
  0
DICTIONARY
  5
19
102
{ACAD_REACTORS
330
C
102
}
330
C
100
AcDbDictionary
281
     1
  0
ACDBDICTIONARYWDFLT
  5
E
102
{ACAD_REACTORS
330
C
102
}
330
C
100
AcDbDictionary
281
     1
  3
Normal
350
F
100
AcDbDictionaryWithDefault
340
F
  0
DICTIONARY
  5
47
102
{ACAD_REACTORS
330
C
102
}
330
C
100
AcDbDictionary
281
     1
  3
A0
350
48
  3
A1
350
49
  3
A2
350
4A
  3
A3
350
4B
  3
A4
350
4C
  3
A5
350
4D
  3
A6
350
4E
  3
A7
350
4F
  3
A8
350
50
  3
A9
350
51
  3
B0
350
52
  3
B1
350
53
  3
B2
350
54
  3
B3
350
55
  3
B4
350
56
  3
B5
350
57
  3
B6
350
58
  0
XRECORD
  5
10CE
102
{ACAD_REACTORS
330
C
102
}
330
C
100
AcDbXrecord
280
     1
  1
DWGPROPS COOKIE
  2

  3

  4

  6

  7

  8
micha
  9

300
=
301
=
302
=
303
=
304
=
305
=
306
=
307
=
308
=
309
=
 40
0.0
 41
2460170.45432765
 42
2460170.454446863
  1

 90
        0
  0
LAYOUT
  5
1E
102
{ACAD_REACTORS
330
1A
102
}
330
1A
100
AcDbPlotSettings
  1

  2
none_device
  4

  6

 40
0.0
 41
0.0
 42
0.0
 43
0.0
 44
0.0
 45
0.0
 46
0.0
 47
0.0
 48
0.0
 49
0.0
140
0.0
141
0.0
142
1.0
143
1.0
 70
   688
 72
     1
 73
     0
 74
     5
  7

 75
    16
147
1.0
148
0.0
149
0.0
100
AcDbLayout
  1
Layout1
 70
     1
 71
     1
 10
0.0
 20
0.0
 11
420.0
 21
297.0
 12
0.0
 22
0.0
 32
0.0
 14
1.0000000000E+20
 24
1.0000000000E+20
 34
1.0000000000E+20
 15
-1.0000000000E+20
 25
-1.0000000000E+20
 35
-1.0000000000E+20
146
0.0
 13
0.0
 23
0.0
 33
0.0
 16
1.0
 26
0.0
 36
0.0
 17
0.0
 27
1.0
 37
0.0
 76
     0
330
1B
  0
LAYOUT
  5
26
102
{ACAD_REACTORS
330
1A
102
}
330
1A
100
AcDbPlotSettings
  1

  2
none_device
  4

  6

 40
0.0
 41
0.0
 42
0.0
 43
0.0
 44
0.0
 45
0.0
 46
0.0
 47
0.0
 48
0.0
 49
0.0
140
0.0
141
0.0
142
1.0
143
1.0
 70
   688
 72
     1
 73
     0
 74
     5
  7

 75
    16
147
1.0
148
0.0
149
0.0
100
AcDbLayout
  1
Layout2
 70
     1
 71
     2
 10
0.0
 20
0.0
 11
0.0
 21
0.0
 12
0.0
 22
0.0
 32
0.0
 14
0.0
 24
0.0
 34
0.0
 15
0.0
 25
0.0
 35
0.0
146
0.0
 13
0.0
 23
0.0
 33
0.0
 16
1.0
 26
0.0
 36
0.0
 17
0.0
 27
1.0
 37
0.0
 76
     0
330
23
  0
LAYOUT
  5
22
102
{ACAD_REACTORS
330
1A
102
}
330
1A
100
AcDbPlotSettings
  1

  2
none_device
  4
ANSI_A_(11.00_x_8.50_Inches)
  6

 40
6.35
 41
19.05
 42
6.35000508
 43
19.05000254
 44
279.4
 45
215.9
 46
199.9593904177
 47
86.1172809221
 48
0.0
 49
0.0
140
0.0
141
0.0
142
0.066
143
1.0
 70
  1696
 72
     0
 73
     0
 74
     0
  7

 75
     0
147
0.0179189148
148
-1300.4909072572
149
0.0
100
AcDbLayout
  1
Model
 70
     1
 71
     0
 10
0.0
 20
0.0
 11
420.0
 21
297.0
 12
0.0
 22
0.0
 32
0.0
 14
-122.2335915997
 24
-17.4088633463
 34
0.0
 15
42.7664084003
 25
20.7287366556
 35
0.0
146
0.0
 13
0.0
 23
0.0
 33
0.0
 16
1.0
 26
0.0
 36
0.0
 17
0.0
 27
1.0
 37
0.0
 76
     0
330
1F
331
29
  0
MLINESTYLE
  5
18
102
{ACAD_REACTORS
330
17
102
}
330
17
100
AcDbMlineStyle
  2
Standard
 70
     0
  3

 62
   256
 51
90.0
 52
90.0
 71
     2
 49
0.5
 62
   256
  6
BYLAYER
 49
-0.5
 62
   256
  6
BYLAYER
  0
ACDBPLACEHOLDER
  5
F
102
{ACAD_REACTORS
330
E
102
}
330
E
  0
SCALE
  5
48
102
{ACAD_REACTORS
330
47
102
}
330
47
100
AcDbScale
 70
     0
300
1:1
140
1.0
141
1.0
290
     1
  0
SCALE
  5
49
102
{ACAD_REACTORS
330
47
102
}
330
47
100
AcDbScale
 70
     0
300
1:2
140
1.0
141
2.0
290
     0
  0
SCALE
  5
4A
102
{ACAD_REACTORS
330
47
102
}
330
47
100
AcDbScale
 70
     0
300
1:4
140
1.0
141
4.0
290
     0
  0
SCALE
  5
4B
102
{ACAD_REACTORS
330
47
102
}
330
47
100
AcDbScale
 70
     0
300
1:5
140
1.0
141
5.0
290
     0
  0
SCALE
  5
4C
102
{ACAD_REACTORS
330
47
102
}
330
47
100
AcDbScale
 70
     0
300
1:8
140
1.0
141
8.0
290
     0
  0
SCALE
  5
4D
102
{ACAD_REACTORS
330
47
102
}
330
47
100
AcDbScale
 70
     0
300
1:10
140
1.0
141
10.0
290
     0
  0
SCALE
  5
4E
102
{ACAD_REACTORS
330
47
102
}
330
47
100
AcDbScale
 70
     0
300
1:16
140
1.0
141
16.0
290
     0
  0
SCALE
  5
4F
102
{ACAD_REACTORS
330
47
102
}
330
47
100
AcDbScale
 70
     0
300
1:20
140
1.0
141
20.0
290
     0
  0
SCALE
  5
50
102
{ACAD_REACTORS
330
47
102
}
330
47
100
AcDbScale
 70
     0
300
1:30
140
1.0
141
30.0
290
     0
  0
SCALE
  5
51
102
{ACAD_REACTORS
330
47
102
}
330
47
100
AcDbScale
 70
     0
300
1:40
140
1.0
141
40.0
290
     0
  0
SCALE
  5
52
102
{ACAD_REACTORS
330
47
102
}
330
47
100
AcDbScale
 70
     0
300
1:50
140
1.0
141
50.0
290
     0
  0
SCALE
  5
53
102
{ACAD_REACTORS
330
47
102
}
330
47
100
AcDbScale
 70
     0
300
1:100
140
1.0
141
100.0
290
     0
  0
SCALE
  5
54
102
{ACAD_REACTORS
330
47
102
}
330
47
100
AcDbScale
 70
     0
300
2:1
140
2.0
141
1.0
290
     0
  0
SCALE
  5
55
102
{ACAD_REACTORS
330
47
102
}
330
47
100
AcDbScale
 70
     0
300
4:1
140
4.0
141
1.0
290
     0
  0
SCALE
  5
56
102
{ACAD_REACTORS
330
47
102
}
330
47
100
AcDbScale
 70
     0
300
8:1
140
8.0
141
1.0
290
     0
  0
SCALE
  5
57
102
{ACAD_REACTORS
330
47
102
}
330
47
100
AcDbScale
 70
     0
300
10:1
140
10.0
141
1.0
290
     0
  0
SCALE
  5
58
102
{ACAD_REACTORS
330
47
102
}
330
47
100
AcDbScale
 70
     0
300
100:1
140
100.0
141
1.0
290
     0
  0
ENDSEC
  0
EOF
