ISO-10303-21;
HEADER;
FILE_DESCRIPTION (( 'STEP AP203' ),
    '1' );
FILE_NAME ('CMJ-xxPS.STEP',
    '2023-07-02T09:54:56',
    ( '' ),
    ( '' ),
    'SwSTEP 2.0',
    'SolidWorks 2020',
    '' );
FILE_SCHEMA (( 'CONFIG_CONTROL_DESIGN' ));
ENDSEC;

DATA;
#1 = EDGE_CURVE ( 'NONE', #4012, #1709, #4134, .T. ) ;
#2 = EDGE_LOOP ( 'NONE', ( #8212, #3302 ) ) ;
#3 = EDGE_LOOP ( 'NONE', ( #801, #5507, #9250, #3937 ) ) ;
#4 = ORIENTED_EDGE ( 'NONE', *, *, #4677, .F. ) ;
#5 = CARTESIAN_POINT ( 'NONE',  ( 6.200000000000000178, 6.200000000000000178, 1.350000000000020073 ) ) ;
#6 = EDGE_CURVE ( 'NONE', #7345, #8618, #4929, .T. ) ;
#7 = CYLINDRICAL_SURFACE ( 'NONE', #5515, 0.1000000000000003109 ) ;
#8 = LINE ( 'NONE', #6650, #194 ) ;
#9 = FACE_OUTER_BOUND ( 'NONE', #9108, .T. ) ;
#10 = DIRECTION ( 'NONE',  ( 0.000000000000000000, 0.000000000000000000, 1.000000000000000000 ) ) ;
#11 = CARTESIAN_POINT ( 'NONE',  ( -9.199999999999999289, 4.286263797015740046E-16, -10.00000000000000000 ) ) ;
#12 = ORIENTED_EDGE ( 'NONE', *, *, #1049, .T. ) ;
#13 = ORIENTED_EDGE ( 'NONE', *, *, #2749, .F. ) ;
#14 = DIRECTION ( 'NONE',  ( 0.000000000000000000, -1.000000000000000000, 0.000000000000000000 ) ) ;
#15 = EDGE_CURVE ( 'NONE', #8751, #3029, #7209, .T. ) ;
#16 = CARTESIAN_POINT ( 'NONE',  ( 3.299999999999999822, 3.950000000000000178, -3.649999999999999911 ) ) ;
#17 = DIRECTION ( 'NONE',  ( 0.9691953712182476144, 0.000000000000000000, 0.2462931838462509293 ) ) ;
#18 = ADVANCED_FACE ( 'NONE', ( #4430 ), #9690, .F. ) ;
#19 = CARTESIAN_POINT ( 'NONE',  ( 3.299999999999999822, -3.950000000000000178, -2.600000000000000089 ) ) ;
#20 = FACE_OUTER_BOUND ( 'NONE', #2114, .T. ) ;
#21 = CARTESIAN_POINT ( 'NONE',  ( -2.299999999999999822, 5.134271928232699622, 3.950000000000000178 ) ) ;
#22 = ORIENTED_EDGE ( 'NONE', *, *, #9394, .F. ) ;
#23 = ORIENTED_EDGE ( 'NONE', *, *, #1200, .F. ) ;
#24 = ORIENTED_EDGE ( 'NONE', *, *, #1717, .T. ) ;
#25 = ORIENTED_EDGE ( 'NONE', *, *, #8767, .T. ) ;
#26 = VECTOR ( 'NONE', #3993, 1000.000000000000000 ) ;
#27 = VERTEX_POINT ( 'NONE', #2108 ) ;
#28 = DIRECTION ( 'NONE',  ( 0.000000000000000000, 0.000000000000000000, -1.000000000000000000 ) ) ;
#29 = ADVANCED_FACE ( 'NONE', ( #6562 ), #3624, .F. ) ;
#30 = ADVANCED_FACE ( 'NONE', ( #7361 ), #8160, .F. ) ;
#31 = DIRECTION ( 'NONE',  ( 0.000000000000000000, 0.000000000000000000, 1.000000000000000000 ) ) ;
#32 = CARTESIAN_POINT ( 'NONE',  ( -5.145272052113280203, -3.250000000000000000, -0.03079483887012009896 ) ) ;
#33 = AXIS2_PLACEMENT_3D ( 'NONE', #8663, #8810, #1871 ) ;
#34 = CARTESIAN_POINT ( 'NONE',  ( 3.299999999999999822, 1.716473988439310094, -2.067919075144479812 ) ) ;
#35 = CARTESIAN_POINT ( 'NONE',  ( 0.6278335848528169283, -7.501076215301280214, -4.000000000000000000 ) ) ;
#36 = ORIENTED_EDGE ( 'NONE', *, *, #7008, .T. ) ;
#37 = ORIENTED_EDGE ( 'NONE', *, *, #6238, .F. ) ;
#38 = ORIENTED_EDGE ( 'NONE', *, *, #1666, .T. ) ;
#39 = ORIENTED_EDGE ( 'NONE', *, *, #9053, .F. ) ;
#40 = DIRECTION ( 'NONE',  ( -3.686397980049039737E-17, -0.5780173407803390617, 0.8160244811016550415 ) ) ;
#42 = CIRCLE ( 'NONE', #2577, 6.487680633323429369 ) ;
#41 = CARTESIAN_POINT ( 'NONE',  ( -11.41897125843639849, -4.662956099268639854, -2.500000000000000000 ) ) ;
#43 = DIRECTION ( 'NONE',  ( 0.9670826766655238327, 0.000000000000000000, -0.2544623675387890360 ) ) ;
#44 = DIRECTION ( 'NONE',  ( 0.9691953712182476144, 0.000000000000000000, 0.2462931838462509293 ) ) ;
#45 = LINE ( 'NONE', #7579, #8164 ) ;
#46 = CARTESIAN_POINT ( 'NONE',  ( 4.000000000000000000, -8.000000000000000000, -3.500000000000000000 ) ) ;
#47 = DIRECTION ( 'NONE',  ( -1.000000000000000000, 0.000000000000000000, 3.675261601645779967E-17 ) ) ;
#48 = DIRECTION ( 'NONE',  ( 1.000000000000000000, 0.000000000000000000, -3.675261601645779967E-17 ) ) ;
#49 = ORIENTED_EDGE ( 'NONE', *, *, #739, .T. ) ;
#50 = ORIENTED_EDGE ( 'NONE', *, *, #9171, .T. ) ;
#51 = VERTEX_POINT ( 'NONE', #519 ) ;
#52 = LINE ( 'NONE', #5318, #6474 ) ;
#53 = EDGE_CURVE ( 'NONE', #2935, #578, #2158, .T. ) ;
#54 = DIRECTION ( 'NONE',  ( 1.000000000000000000, -5.551115123125779621E-17, -3.128579780658979875E-16 ) ) ;
#55 = CARTESIAN_POINT ( 'NONE',  ( 0.2999999999999999889, 7.229670691150990258, 4.000000000000000000 ) ) ;
#56 = CARTESIAN_POINT ( 'NONE',  ( 1.600000000000000089, -3.950000000000000178, -2.600000000000000089 ) ) ;
#57 = DIRECTION ( 'NONE',  ( 0.000000000000000000, 0.000000000000000000, -1.000000000000000000 ) ) ;
#58 = VECTOR ( 'NONE', #1851, 1000.000000000000000 ) ;
#59 = CARTESIAN_POINT ( 'NONE',  ( 1.807518844340070041, 1.699999999999999956, 1.350000000000000089 ) ) ;
#60 = AXIS2_PLACEMENT_3D ( 'NONE', #2546, #3510, #6536 ) ;
#61 = EDGE_CURVE ( 'NONE', #7074, #8406, #7407, .T. ) ;
#62 = TOROIDAL_SURFACE ( 'NONE', #5133, 2.000000000000000000, 0.5000000000000000000 ) ;
#63 = VERTEX_POINT ( 'NONE', #2799 ) ;
#64 = VERTEX_POINT ( 'NONE', #2898 ) ;
#65 = DIRECTION ( 'NONE',  ( -1.656580215914899728E-16, 0.000000000000000000, 1.000000000000000000 ) ) ;
#66 = AXIS2_PLACEMENT_3D ( 'NONE', #8222, #3597, #4445 ) ;
#67 = CARTESIAN_POINT ( 'NONE',  ( 11.00000000000000000, 6.200000000000000178, 1.350000000000030065 ) ) ;
#68 = EDGE_CURVE ( 'NONE', #8726, #8920, #5129, .T. ) ;
#69 = AXIS2_PLACEMENT_3D ( 'NONE', #5695, #9462, #8819 ) ;
#70 = CARTESIAN_POINT ( 'NONE',  ( 2.550000000000000266, -7.900000000000000355, 1.350000000000000089 ) ) ;
#71 = CARTESIAN_POINT ( 'NONE',  ( 3.299999999999999822, 3.950000000000000178, 2.850000000000000089 ) ) ;
#72 = DIRECTION ( 'NONE',  ( 0.000000000000000000, 0.000000000000000000, -1.000000000000000000 ) ) ;
#73 = VECTOR ( 'NONE', #9355, 1000.000000000000000 ) ;
#74 = EDGE_CURVE ( 'NONE', #5703, #4839, #5067, .T. ) ;
#75 = AXIS2_PLACEMENT_3D ( 'NONE', #8400, #853, #2985 ) ;
#76 = DIRECTION ( 'NONE',  ( 5.551115123125809819E-17, 1.000000000000000000, 9.970989681626198491E-16 ) ) ;
#78 = VERTEX_POINT ( 'NONE', #1463 ) ;
#77 = VECTOR ( 'NONE', #9800, 999.9999999999998863 ) ;
#79 = ORIENTED_EDGE ( 'NONE', *, *, #4484, .F. ) ;
#80 = ORIENTED_EDGE ( 'NONE', *, *, #3894, .F. ) ;
#81 = ORIENTED_EDGE ( 'NONE', *, *, #5175, .T. ) ;
#82 = EDGE_LOOP ( 'NONE', ( #4807, #8392, #6722, #4747 ) ) ;
#83 = CARTESIAN_POINT ( 'NONE',  ( 2.899999999999999911, -3.550000000000000266, 1.649999999999999911 ) ) ;
#84 = VECTOR ( 'NONE', #806, 1000.000000000000000 ) ;
#85 = B_SPLINE_CURVE_WITH_KNOTS ( 'NONE', 3,
 ( #3604, #5623, #1859, #4879, #5106, #5569, #2779, #4776, #8131, #7902, #7056, #4831 ),
 .UNSPECIFIED., .F., .F.,
 ( 4, 2, 2, 2, 2, 4 ),
 ( -0.08244218537777510403, -0.06474943937832140783, -0.04497664290914700491, -0.02290606797528140642, 0.000000000000000000, 0.0003501958160359586181 ),
 .UNSPECIFIED. ) ;
#86 = DIRECTION ( 'NONE',  ( -1.000000000000000000, 0.000000000000000000, 0.000000000000000000 ) ) ;
#87 = CARTESIAN_POINT ( 'NONE',  ( 3.299999999999999822, 3.950000000000000178, 1.649999999999999911 ) ) ;
#88 = CARTESIAN_POINT ( 'NONE',  ( 0.1999999999999879929, 6.200000000000000178, 1.350000000000020073 ) ) ;
#89 = DIRECTION ( 'NONE',  ( 1.776356839400249824E-16, 0.000000000000000000, -1.000000000000000000 ) ) ;
#90 = ORIENTED_EDGE ( 'NONE', *, *, #5583, .T. ) ;
#91 = ORIENTED_EDGE ( 'NONE', *, *, #5127, .T. ) ;
#92 = EDGE_LOOP ( 'NONE', ( #9051, #6261, #5392, #7810 ) ) ;
#93 = TOROIDAL_SURFACE ( 'NONE', #403, 0.7500000000000000000, 0.1000000000000000056 ) ;
#94 = EDGE_LOOP ( 'NONE', ( #4245, #4746, #8025 ) ) ;
#95 = EDGE_CURVE ( 'NONE', #1097, #8464, #1269, .T. ) ;
#96 = DIRECTION ( 'NONE',  ( -1.741690236924499901E-16, 0.000000000000000000, 1.000000000000000000 ) ) ;
#97 = CARTESIAN_POINT ( 'NONE',  ( 0.2999999999999999889, -6.200000000000000178, -6.505213034913029562E-16 ) ) ;
#98 = FACE_BOUND ( 'NONE', #5104, .T. ) ;
#99 = CARTESIAN_POINT ( 'NONE',  ( 6.078267593286840409, -9.622294280808849880E-16, -6.872739195077607621E-16 ) ) ;
#100 = VECTOR ( 'NONE', #6626, 1000.000000000000000 ) ;
#101 = CARTESIAN_POINT ( 'NONE',  ( 9.500000000000000000, 5.000000000000000000, -1.500000000000000000 ) ) ;
#102 = CARTESIAN_POINT ( 'NONE',  ( 3.700000000000000178, -3.950000000000000178, -3.649999999999999911 ) ) ;
#103 = DIRECTION ( 'NONE',  ( 0.2544623675387880923, 0.000000000000000000, 0.9670826766655241657 ) ) ;
#104 = LINE ( 'NONE', #5359, #5300 ) ;
#105 = ORIENTED_EDGE ( 'NONE', *, *, #8083, .F. ) ;
#106 = VERTEX_POINT ( 'NONE', #9742 ) ;
#107 = VERTEX_POINT ( 'NONE', #2948 ) ;
#108 = EDGE_CURVE ( 'NONE', #9441, #971, #1268, .T. ) ;
#109 = EDGE_CURVE ( 'NONE', #1844, #5298, #2203, .T. ) ;
#110 = CARTESIAN_POINT ( 'NONE',  ( -3.637083961758269979, -3.149999999999999911, -0.1945831303232199994 ) ) ;
#111 = CARTESIAN_POINT ( 'NONE',  ( -0.8000000000000000444, 8.900000000000000355, 1.800000000000000044 ) ) ;
#112 = DIRECTION ( 'NONE',  ( 0.000000000000000000, 0.000000000000000000, 1.000000000000000000 ) ) ;
#113 = DIRECTION ( 'NONE',  ( -1.741690236924499901E-16, 0.000000000000000000, 1.000000000000000000 ) ) ;
#114 = CARTESIAN_POINT ( 'NONE',  ( -4.566620657608420508, -3.250000000000000000, 0.04999999999999740069 ) ) ;
#115 = CARTESIAN_POINT ( 'NONE',  ( 10.69999999999999929, -8.000000000000000000, -3.500000000000000000 ) ) ;
#116 = DIRECTION ( 'NONE',  ( 2.551063935260049934E-16, 1.000000000000000000, 2.294126247091830304E-15 ) ) ;
#117 = VERTEX_POINT ( 'NONE', #9787 ) ;
#118 = VERTEX_POINT ( 'NONE', #2991 ) ;
#119 = CARTESIAN_POINT ( 'NONE',  ( 4.792481155659929826, 1.699999999999999956, 0.5500000000000170308 ) ) ;
#120 = CARTESIAN_POINT ( 'NONE',  ( -2.227381302065170043, 7.502152352692800008, 3.999996525281960036 ) ) ;
#121 = DIRECTION ( 'NONE',  ( -1.000000000000000000, 0.000000000000000000, -1.365923996832129884E-16 ) ) ;
#122 = DIRECTION ( 'NONE',  ( 0.000000000000000000, -1.000000000000000000, 0.000000000000000000 ) ) ;
#123 = DIRECTION ( 'NONE',  ( 0.000000000000000000, -1.000000000000000000, 0.000000000000000000 ) ) ;
#124 = VECTOR ( 'NONE', #4165, 1000.000000000000000 ) ;
#125 = DIRECTION ( 'NONE',  ( -1.000000000000000000, 0.000000000000000000, 3.675261601645779967E-17 ) ) ;
#126 = EDGE_CURVE ( 'NONE', #8751, #2176, #6025, .T. ) ;
#128 = EDGE_CURVE ( 'NONE', #8273, #1067, #5275, .T. ) ;
#127 = ORIENTED_EDGE ( 'NONE', *, *, #4385, .T. ) ;
#129 = VECTOR ( 'NONE', #125, 1000.000000000000000 ) ;
#130 = EDGE_LOOP ( 'NONE', ( #2177, #3632, #5915, #3809, #5217, #9654, #5737, #1155, #8647 ) ) ;
#131 = ORIENTED_EDGE ( 'NONE', *, *, #7061, .T. ) ;
#132 = DIRECTION ( 'NONE',  ( 0.000000000000000000, -1.000000000000000000, -8.725142821606440391E-16 ) ) ;
#133 = EDGE_CURVE ( 'NONE', #2646, #1179, #345, .T. ) ;
#134 = CARTESIAN_POINT ( 'NONE',  ( -6.599999999999999645, 7.470345474798861195E-16, -4.000000000000000000 ) ) ;
#135 = CIRCLE ( 'NONE', #7897, 1.749999999999999778 ) ;
#136 = DIRECTION ( 'NONE',  ( 0.000000000000000000, 0.000000000000000000, -1.000000000000000000 ) ) ;
#137 = CARTESIAN_POINT ( 'NONE',  ( 10.69999999999999929, -6.000000000000000000, -3.500000000000000000 ) ) ;
#138 = CARTESIAN_POINT ( 'NONE',  ( -11.46738209570190037, 4.649999999999999467, -1.976314594173340211 ) ) ;
#139 = ORIENTED_EDGE ( 'NONE', *, *, #6489, .F. ) ;
#140 = ORIENTED_EDGE ( 'NONE', *, *, #5983, .T. ) ;
#141 = ORIENTED_EDGE ( 'NONE', *, *, #7306, .T. ) ;
#142 = ORIENTED_EDGE ( 'NONE', *, *, #2027, .F. ) ;
#143 = AXIS2_PLACEMENT_3D ( 'NONE', #5221, #8987, #3615 ) ;
#144 = DIRECTION ( 'NONE',  ( 0.000000000000000000, -1.000000000000000000, 0.000000000000000000 ) ) ;
#145 = APPROVAL_ROLE ( '' ) ;
#146 = EDGE_CURVE ( 'NONE', #6339, #273, #1616, .T. ) ;
#147 = AXIS2_PLACEMENT_3D ( 'NONE', #9232, #4666, #9184 ) ;
#148 = DIRECTION ( 'NONE',  ( -8.673617379884041783E-15, 1.000000000000000000, 0.000000000000000000 ) ) ;
#149 = CARTESIAN_POINT ( 'NONE',  ( -11.41348968288690102, 4.656842106300859818, -2.449999999999999734 ) ) ;
#150 = ADVANCED_FACE ( 'NONE', ( #567 ), #3582, .T. ) ;
#151 = DIRECTION ( 'NONE',  ( 9.343242246769421254E-16, -2.294126247091830304E-15, 1.000000000000000000 ) ) ;
#152 = CARTESIAN_POINT ( 'NONE',  ( 2.750000000000000000, 6.150000000000000355, 0.5500000000000000444 ) ) ;
#153 = B_SPLINE_CURVE_WITH_KNOTS ( 'NONE', 3,
 ( #4431, #9595, #2254, #3530, #3625, #6709, #6655, #2849, #8204, #7453, #9045, #5080 ),
 .UNSPECIFIED., .F., .F.,
 ( 4, 1, 1, 1, 1, 2, 2, 4 ),
 ( 0.000000000000000000, 0.2500000000000255906, 0.3750000000000333622, 0.4375000000000373035, 0.4687500000000391909, 0.4843750000000401346, 0.5000000000000410783, 1.000000000000000000 ),
 .UNSPECIFIED. ) ;
#154 = LINE ( 'NONE', #9323, #5421 ) ;
#155 = DIRECTION ( 'NONE',  ( 1.000000000000000000, 0.000000000000000000, -1.040834085586084059E-15 ) ) ;
#156 = EDGE_LOOP ( 'NONE', ( #5924, #6473, #6430, #3999 ) ) ;
#157 = VECTOR ( 'NONE', #6149, 1000.000000000000000 ) ;
#158 = ORIENTED_EDGE ( 'NONE', *, *, #1223, .F. ) ;
#159 = CARTESIAN_POINT ( 'NONE',  ( -0.6999999999999999556, 5.599999999999999645, 0.000000000000000000 ) ) ;
#160 = DIRECTION ( 'NONE',  ( 0.000000000000000000, 0.000000000000000000, -1.000000000000000000 ) ) ;
#161 = FACE_OUTER_BOUND ( 'NONE', #4852, .T. ) ;
#162 = EDGE_CURVE ( 'NONE', #6840, #861, #5094, .T. ) ;
#163 = DIRECTION ( 'NONE',  ( 5.551115123125809819E-17, 1.000000000000000000, 9.970989681626198491E-16 ) ) ;
#164 = DIRECTION ( 'NONE',  ( 1.000000000000000000, 0.000000000000000000, 1.741690236924499901E-16 ) ) ;
#165 = ADVANCED_FACE ( 'NONE', ( #7004 ), #2089, .T. ) ;
#166 = CARTESIAN_POINT ( 'NONE',  ( -12.20000000000000107, 6.150000000000000355, 0.05000000000000440203 ) ) ;
#167 = DIRECTION ( 'NONE',  ( 0.000000000000000000, 1.000000000000000000, 0.000000000000000000 ) ) ;
#168 = AXIS2_PLACEMENT_3D ( 'NONE', #6410, #1905, #2742 ) ;
#169 = VERTEX_POINT ( 'NONE', #119 ) ;
#170 = DIRECTION ( 'NONE',  ( 0.000000000000000000, 0.000000000000000000, 1.000000000000000000 ) ) ;
#171 = CARTESIAN_POINT ( 'NONE',  ( -2.299999999999999822, -3.550000000000000266, 3.950000000000000178 ) ) ;
#172 = LINE ( 'NONE', #6357, #3242 ) ;
#173 = LINE ( 'NONE', #3194, #793 ) ;
#174 = CARTESIAN_POINT ( 'NONE',  ( 3.299999999999999378, -5.299999999999999822, 0.5499999999999984901 ) ) ;
#175 = ORIENTED_EDGE ( 'NONE', *, *, #4465, .F. ) ;
#176 = ORIENTED_EDGE ( 'NONE', *, *, #1951, .T. ) ;
#177 = ORIENTED_EDGE ( 'NONE', *, *, #8188, .F. ) ;
#178 = CARTESIAN_POINT ( 'NONE',  ( -11.49697323849351349, 3.226926704459157413, -2.449999999999999734 ) ) ;
#179 = EDGE_CURVE ( 'NONE', #9006, #2957, #1300, .T. ) ;
#180 = EDGE_CURVE ( 'NONE', #3831, #3351, #3822, .T. ) ;
#181 = APPROVAL_PERSON_ORGANIZATION ( #4104, #9775, #145 ) ;
#182 = DIRECTION ( 'NONE',  ( -1.365923996832129884E-16, 0.000000000000000000, 1.000000000000000000 ) ) ;
#183 = DIRECTION ( 'NONE',  ( 0.9691953712182477254, 0.000000000000000000, 0.2462931838462509571 ) ) ;
#184 = CIRCLE ( 'NONE', #4930, 0.6500000000000000222 ) ;
#185 = CARTESIAN_POINT ( 'NONE',  ( -4.635857748931030642, 3.155967451053700135, 0.05000000000000909967 ) ) ;
#186 = DIRECTION ( 'NONE',  ( -6.377659838150020064E-17, 1.000000000000000000, 0.000000000000000000 ) ) ;
#187 = ORIENTED_EDGE ( 'NONE', *, *, #2824, .F. ) ;
#188 = EDGE_LOOP ( 'NONE', ( #1947, #4889 ) ) ;
#189 = AXIS2_PLACEMENT_3D ( 'NONE', #9046, #7603, #1565 ) ;
#190 = EDGE_CURVE ( 'NONE', #483, #2662, #8431, .T. ) ;
#191 = VERTEX_POINT ( 'NONE', #1608 ) ;
#192 = FACE_OUTER_BOUND ( 'NONE', #904, .T. ) ;
#193 = APPLICATION_PROTOCOL_DEFINITION ( 'international standard', 'config_control_design', 1994, #7240 ) ;
#194 = VECTOR ( 'NONE', #4470, 1000.000000000000000 ) ;
#195 = ADVANCED_FACE ( 'NONE', ( #2359 ), #3144, .F. ) ;
#196 = CIRCLE ( 'NONE', #1784, 2.600000000000000089 ) ;
#197 = DIRECTION ( 'NONE',  ( -1.000000000000000000, 0.000000000000000000, 8.673617379884035472E-16 ) ) ;
#198 = CYLINDRICAL_SURFACE ( 'NONE', #1527, 0.02695589875264907398 ) ;
#199 = FACE_OUTER_BOUND ( 'NONE', #8289, .T. ) ;
#200 = DIRECTION ( 'NONE',  ( 0.000000000000000000, 0.000000000000000000, -1.000000000000000000 ) ) ;
#201 = DIRECTION ( 'NONE',  ( -1.000000000000000000, 0.000000000000000000, -1.232047923278979734E-16 ) ) ;
#202 = ORIENTED_EDGE ( 'NONE', *, *, #3448, .T. ) ;
#203 = EDGE_CURVE ( 'NONE', #6720, #1969, #3928, .T. ) ;
#204 = ORIENTED_EDGE ( 'NONE', *, *, #1603, .T. ) ;
#205 = CC_DESIGN_PERSON_AND_ORGANIZATION_ASSIGNMENT ( #3167, #5444, ( #4928 ) ) ;
#206 = DIRECTION ( 'NONE',  ( -0.9931429867320364924, 0.000000000000000000, -0.1169059789102759456 ) ) ;
#207 = CARTESIAN_POINT ( 'NONE',  ( -4.622701564166350252, -4.701482515911149740, 0.04999999999999589495 ) ) ;
#208 = CYLINDRICAL_SURFACE ( 'NONE', #9550, 1.250000000000000000 ) ;
#209 = PLANE ( 'NONE',  #2314 ) ;
#210 = LINE ( 'NONE', #6301, #6929 ) ;
#211 = CARTESIAN_POINT ( 'NONE',  ( -4.898978868267030329, -3.149999999999999911, -0.9999902100883649725 ) ) ;
#212 = AXIS2_PLACEMENT_3D ( 'NONE', #1751, #3968, #805 ) ;
#213 = DIRECTION ( 'NONE',  ( -1.000000000000000000, 0.000000000000000000, 0.000000000000000000 ) ) ;
#214 = ORIENTED_EDGE ( 'NONE', *, *, #2006, .F. ) ;
#215 = EDGE_CURVE ( 'NONE', #1879, #5360, #2308, .T. ) ;
#216 = EDGE_CURVE ( 'NONE', #8649, #4087, #2557, .T. ) ;
#217 = B_SPLINE_CURVE_WITH_KNOTS ( 'NONE', 3,
 ( #869, #8954, #4534, #5330, #766, #1467, #6711, #3882, #2160, #5183, #9745, #2950 ),
 .UNSPECIFIED., .F., .F.,
 ( 4, 2, 2, 2, 2, 4 ),
 ( 0.08234836422188070160, 0.1000276145260410032, 0.1197853286649830096, 0.1418390685646599980, 0.1647276641929039942, 0.1650775928857280139 ),
 .UNSPECIFIED. ) ;
#218 = DIRECTION ( 'NONE',  ( 1.000000000000000000, 0.000000000000000000, 1.776356839400249824E-16 ) ) ;
#219 = CARTESIAN_POINT ( 'NONE',  ( 0.6282856857085710178, 7.500000000000000000, -4.000000000000000000 ) ) ;
#220 = LINE ( 'NONE', #5525, #1873 ) ;
#221 = CARTESIAN_POINT ( 'NONE',  ( -0.6999999999999999556, 3.149999999999999911, -1.853670561864009914 ) ) ;
#222 = CARTESIAN_POINT ( 'NONE',  ( -11.52314109194249880, -4.649999999999999467, -2.500000000000000000 ) ) ;
#223 = CIRCLE ( 'NONE', #9248, 0.3769558987526491212 ) ;
#224 = EDGE_LOOP ( 'NONE', ( #8028, #4637, #8560, #4318, #5285, #9409, #5725, #836, #3303, #6383, #1292, #3337 ) ) ;
#225 = AXIS2_PLACEMENT_3D ( 'NONE', #2185, #5163, #9025 ) ;
#226 = ORIENTED_EDGE ( 'NONE', *, *, #7485, .T. ) ;
#227 = EDGE_CURVE ( 'NONE', #3426, #507, #1699, .T. ) ;
#228 = ORIENTED_EDGE ( 'NONE', *, *, #690, .F. ) ;
#229 = DIRECTION ( 'NONE',  ( -1.656580215914899728E-16, 0.000000000000000000, 1.000000000000000000 ) ) ;
#230 = VECTOR ( 'NONE', #8679, 1000.000000000000000 ) ;
#231 = AXIS2_PLACEMENT_3D ( 'NONE', #857, #6166, #9240 ) ;
#232 = AXIS2_PLACEMENT_3D ( 'NONE', #532, #2616, #4247 ) ;
#233 = CARTESIAN_POINT ( 'NONE',  ( -2.227833584854089999, 7.501076215298229322, -4.000000000000000000 ) ) ;
#234 = DIRECTION ( 'NONE',  ( 1.000000000000000000, 0.000000000000000000, 0.000000000000000000 ) ) ;
#235 = CARTESIAN_POINT ( 'NONE',  ( 0.4422425814236419783, -7.914357045500000076, -3.786772011914799840 ) ) ;
#236 = ORIENTED_EDGE ( 'NONE', *, *, #3423, .F. ) ;
#237 = ORIENTED_EDGE ( 'NONE', *, *, #9003, .T. ) ;
#238 = ORIENTED_EDGE ( 'NONE', *, *, #5722, .F. ) ;
#239 = ORIENTED_EDGE ( 'NONE', *, *, #1291, .T. ) ;
#240 = AXIS2_PLACEMENT_3D ( 'NONE', #1354, #3610, #9772 ) ;
#241 = VERTEX_POINT ( 'NONE', #865 ) ;
#242 = CARTESIAN_POINT ( 'NONE',  ( -2.299999999999999822, 2.765728071767299845, 3.500000000000000000 ) ) ;
#243 = VECTOR ( 'NONE', #7153, 1000.000000000000000 ) ;
#244 = CIRCLE ( 'NONE', #4517, 0.09999999999999996392 ) ;
#245 =( BOUNDED_CURVE ( )  B_SPLINE_CURVE ( 3, ( #3313, #1931, #6338, #7178 ),
 .UNSPECIFIED., .F., .F. ) 
 B_SPLINE_CURVE_WITH_KNOTS ( ( 4, 4 ),
 ( 0.000000000000000000, 1.570796326794896558 ),
 .UNSPECIFIED. ) 
 CURVE ( )  GEOMETRIC_REPRESENTATION_ITEM ( )  RATIONAL_B_SPLINE_CURVE ( ( 1.000000000000000000, 0.8047378541243649375, 0.8047378541243649375, 1.000000000000000000 ) ) 
 REPRESENTATION_ITEM ( '' )  );
#246 = ADVANCED_FACE ( 'NONE', ( #7706 ), #3816, .T. ) ;
#247 = CARTESIAN_POINT ( 'NONE',  ( -11.41162309946109943, -3.250000000000000000, -2.500000000000000000 ) ) ;
#248 = DIRECTION ( 'NONE',  ( -0.9670826766655239437, 0.000000000000000000, 0.2544623675387890360 ) ) ;
#249 = VECTOR ( 'NONE', #7687, 1000.000000000000000 ) ;
#250 = DIRECTION ( 'NONE',  ( 0.000000000000000000, 0.000000000000000000, -1.000000000000000000 ) ) ;
#251 = CARTESIAN_POINT ( 'NONE',  ( 0.2999999999999999889, 1.699999999999999956, 1.350000000000000089 ) ) ;
#252 = EDGE_LOOP ( 'NONE', ( #1571, #8504, #6777, #752 ) ) ;
#253 = ORIENTED_EDGE ( 'NONE', *, *, #5044, .T. ) ;
#254 = ORIENTED_EDGE ( 'NONE', *, *, #4731, .T. ) ;
#255 = DIRECTION ( 'NONE',  ( 0.5780173407803390617, -7.372795960098089334E-17, 0.8160244811016550415 ) ) ;
#256 = VECTOR ( 'NONE', #4656, 1000.000000000000000 ) ;
#257 = DIRECTION ( 'NONE',  ( -1.000000000000000000, 0.000000000000000000, 0.000000000000000000 ) ) ;
#258 = ADVANCED_FACE ( 'NONE', ( #914 ), #7149, .T. ) ;
#259 = CARTESIAN_POINT ( 'NONE',  ( 0.2999999999999998779, 7.523688910650015771, 3.940296123373614456 ) ) ;
#260 = EDGE_CURVE ( 'NONE', #7196, #7222, #3235, .T. ) ;
#261 = FACE_OUTER_BOUND ( 'NONE', #9481, .T. ) ;
#262 = CARTESIAN_POINT ( 'NONE',  ( -6.359745509654959328, 3.250000000000000000, -1.855327628688660191 ) ) ;
#263 = DIRECTION ( 'NONE',  ( 0.000000000000000000, 0.000000000000000000, -1.000000000000000000 ) ) ;
#264 = PLANE ( 'NONE',  #5302 ) ;
#265 = ORIENTED_EDGE ( 'NONE', *, *, #5037, .T. ) ;
#266 = ORIENTED_EDGE ( 'NONE', *, *, #9532, .F. ) ;
#267 = CARTESIAN_POINT ( 'NONE',  ( -2.299999999999999822, -5.134271928232699622, 3.950000000000000178 ) ) ;
#268 = LINE ( 'NONE', #5809, #6545 ) ;
#269 = CARTESIAN_POINT ( 'NONE',  ( -0.6999999999999999556, -3.100000000000000089, -2.500000000000000000 ) ) ;
#270 = EDGE_CURVE ( 'NONE', #7678, #1039, #609, .T. ) ;
#271 = DIRECTION ( 'NONE',  ( 0.1169059789102828151, 0.000000000000000000, -0.9931429867320357152 ) ) ;
#272 = EDGE_CURVE ( 'NONE', #7676, #5261, #6158, .T. ) ;
#273 = VERTEX_POINT ( 'NONE', #1561 ) ;
#274 = VERTEX_POINT ( 'NONE', #7601 ) ;
#275 = EDGE_LOOP ( 'NONE', ( #8616, #5806, #7146, #8972 ) ) ;
#276 = DIRECTION ( 'NONE',  ( 8.730233800241802800E-16, 0.5780173407803371743, 0.8160244811016563737 ) ) ;
#277 = AXIS2_PLACEMENT_3D ( 'NONE', #8834, #7092, #4914 ) ;
#278 = CARTESIAN_POINT ( 'NONE',  ( 3.700000000000000178, 4.349999999999999645, 2.825337829024849867 ) ) ;
#279 = EDGE_CURVE ( 'NONE', #8257, #8365, #6855, .T. ) ;
#280 = LINE ( 'NONE', #6324, #73 ) ;
#281 = EDGE_CURVE ( 'NONE', #5885, #1144, #8692, .T. ) ;
#282 = VECTOR ( 'NONE', #6718, 1000.000000000000000 ) ;
#283 = CARTESIAN_POINT ( 'NONE',  ( 6.200000000000000178, 6.200000000000000178, 0.000000000000000000 ) ) ;
#284 = CARTESIAN_POINT ( 'NONE',  ( -0.6999999999999999556, 2.299999999999999822, -0.8499999999999999778 ) ) ;
#285 = ORIENTED_EDGE ( 'NONE', *, *, #7607, .F. ) ;
#286 = ORIENTED_EDGE ( 'NONE', *, *, #1045, .T. ) ;
#287 = VERTEX_POINT ( 'NONE', #3479 ) ;
#288 = ORIENTED_EDGE ( 'NONE', *, *, #6078, .T. ) ;
#289 = ORIENTED_EDGE ( 'NONE', *, *, #1174, .F. ) ;
#290 = FACE_BOUND ( 'NONE', #8178, .T. ) ;
#291 = DIRECTION ( 'NONE',  ( 1.000000000000000000, 0.000000000000000000, 0.000000000000000000 ) ) ;
#292 = CARTESIAN_POINT ( 'NONE',  ( -12.20000000000000107, 1.750000000000000000, 0.5500000000000000444 ) ) ;
#293 = LINE ( 'NONE', #6482, #9252 ) ;
#294 = CARTESIAN_POINT ( 'NONE',  ( 7.000000000000000000, 1.699999999999999956, 1.350000000000020073 ) ) ;
#295 = DIRECTION ( 'NONE',  ( 1.000000000000000000, 0.000000000000000000, 0.000000000000000000 ) ) ;
#296 = ORIENTED_EDGE ( 'NONE', *, *, #7226, .T. ) ;
#297 = EDGE_LOOP ( 'NONE', ( #8823, #3121, #6113, #4198 ) ) ;
#298 =( BOUNDED_CURVE ( )  B_SPLINE_CURVE ( 3, ( #7997, #1353, #4316, #5862 ),
 .UNSPECIFIED., .F., .F. ) 
 B_SPLINE_CURVE_WITH_KNOTS ( ( 4, 4 ),
 ( 1.894137261088215007, 3.141592653589795336 ),
 .UNSPECIFIED. ) 
 CURVE ( )  GEOMETRIC_REPRESENTATION_ITEM ( )  RATIONAL_B_SPLINE_CURVE ( ( 1.000000000000000000, 0.8744712562549580293, 0.8744712562549580293, 1.000000000000000000 ) ) 
 REPRESENTATION_ITEM ( '' )  );
#299 = CARTESIAN_POINT ( 'NONE',  ( 5.000000000000000000, 3.950000000000000178, -2.600000000000000089 ) ) ;
#300 = CARTESIAN_POINT ( 'NONE',  ( -4.898978868267030329, 4.750000000000000000, 0.05000000000001030009 ) ) ;
#301 = DIRECTION ( 'NONE',  ( 0.000000000000000000, 0.000000000000000000, 1.000000000000000000 ) ) ;
#302 = VECTOR ( 'NONE', #4482, 1000.000000000000000 ) ;
#303 = EDGE_CURVE ( 'NONE', #5471, #5042, #9530, .T. ) ;
#304 = CARTESIAN_POINT ( 'NONE',  ( 10.69999999999999929, -6.000000000000000000, -3.500000000000000000 ) ) ;
#305 = CARTESIAN_POINT ( 'NONE',  ( -4.768600664696140967, 3.250000000000000000, -1.214922013198409978 ) ) ;
#306 = VECTOR ( 'NONE', #8685, 1000.000000000000000 ) ;
#307 = CARTESIAN_POINT ( 'NONE',  ( -4.000000000000000000, 1.463452924981083719E-15, 2.700000000000000178 ) ) ;
#308 = CARTESIAN_POINT ( 'NONE',  ( -11.42331369735220115, -3.149999999999999911, -2.400685701326789712 ) ) ;
#309 = EDGE_CURVE ( 'NONE', #5887, #1194, #9163, .T. ) ;
#310 = ORIENTED_EDGE ( 'NONE', *, *, #7457, .F. ) ;
#311 = ORIENTED_EDGE ( 'NONE', *, *, #5052, .T. ) ;
#312 = ORIENTED_EDGE ( 'NONE', *, *, #2472, .F. ) ;
#313 = CARTESIAN_POINT ( 'NONE',  ( 0.3000000000000000444, -7.589197459830099746, 3.909024695164012630 ) ) ;
#314 = PLANE ( 'NONE',  #9557 ) ;
#315 = CIRCLE ( 'NONE', #3471, 0.1000000000000001027 ) ;
#316 = CARTESIAN_POINT ( 'NONE',  ( 3.700000000000000178, -4.349999999999999645, 1.649999999999999911 ) ) ;
#317 = CARTESIAN_POINT ( 'NONE',  ( 7.000000000000000000, -6.339637028918160055, 1.350000000000000089 ) ) ;
#318 = DIRECTION ( 'NONE',  ( 0.000000000000000000, 0.000000000000000000, -1.000000000000000000 ) ) ;
#319 = AXIS2_PLACEMENT_3D ( 'NONE', #7547, #610, #711 ) ;
#320 = ORIENTED_EDGE ( 'NONE', *, *, #5583, .F. ) ;
#321 = EDGE_CURVE ( 'NONE', #274, #2673, #135, .T. ) ;
#322 = ORIENTED_EDGE ( 'NONE', *, *, #6552, .F. ) ;
#323 = ORIENTED_EDGE ( 'NONE', *, *, #7989, .T. ) ;
#324 = CARTESIAN_POINT ( 'NONE',  ( -12.69999999999999929, 8.000000000000000000, 3.500000000000000000 ) ) ;
#325 = EDGE_CURVE ( 'NONE', #4760, #3233, #5622, .T. ) ;
#326 = DIRECTION ( 'NONE',  ( 1.000000000000000000, 8.673617379884041783E-15, 0.000000000000000000 ) ) ;
#327 = CARTESIAN_POINT ( 'NONE',  ( 2.550000000000000266, -11.90000000000000036, 1.350000000000000089 ) ) ;
#328 = FACE_OUTER_BOUND ( 'NONE', #9686, .T. ) ;
#329 = DIRECTION ( 'NONE',  ( 0.000000000000000000, 0.000000000000000000, -1.000000000000000000 ) ) ;
#330 = EDGE_LOOP ( 'NONE', ( #7317, #8038, #1730, #9527 ) ) ;
#331 = VERTEX_POINT ( 'NONE', #6500 ) ;
#332 = ORIENTED_EDGE ( 'NONE', *, *, #6748, .T. ) ;
#333 = EDGE_LOOP ( 'NONE', ( #7085, #5440, #2887, #2296 ) ) ;
#334 = EDGE_LOOP ( 'NONE', ( #7474, #964, #970, #1559 ) ) ;
#335 = DIRECTION ( 'NONE',  ( 0.000000000000000000, 0.000000000000000000, -1.000000000000000000 ) ) ;
#336 = EDGE_CURVE ( 'NONE', #6750, #2859, #3680, .T. ) ;
#337 = ADVANCED_FACE ( 'NONE', ( #1858 ), #1157, .F. ) ;
#338 = AXIS2_PLACEMENT_3D ( 'NONE', #1893, #7090, #301 ) ;
#339 = CARTESIAN_POINT ( 'NONE',  ( -4.622701564166350252, -4.701482515911149740, 0.04999999999999589495 ) ) ;
#340 = DIRECTION ( 'NONE',  ( -7.355979185155135037E-16, 0.5780173407803408381, -0.8160244811016539312 ) ) ;
#341 = VECTOR ( 'NONE', #1388, 1000.000000000000000 ) ;
#342 = CARTESIAN_POINT ( 'NONE',  ( 4.000000000000000000, -8.000000000000000000, -3.500000000000000000 ) ) ;
#343 = DIRECTION ( 'NONE',  ( 0.9691953712182479475, 0.000000000000000000, 0.2462931838462499856 ) ) ;
#344 = ORIENTED_EDGE ( 'NONE', *, *, #5333, .F. ) ;
#345 = CIRCLE ( 'NONE', #5892, 0.09999999999999997780 ) ;
#346 = VERTEX_POINT ( 'NONE', #4029 ) ;
#347 = ORIENTED_EDGE ( 'NONE', *, *, #8652, .T. ) ;
#348 = CARTESIAN_POINT ( 'NONE',  ( -0.6999999999999999556, -1.699999999999999956, 0.5500000000000000444 ) ) ;
#349 = AXIS2_PLACEMENT_3D ( 'NONE', #5788, #1558, #5083 ) ;
#350 = CARTESIAN_POINT ( 'NONE',  ( 1.807518844340070041, 6.200000000000000178, 1.800000000000000044 ) ) ;
#351 = DIRECTION ( 'NONE',  ( 1.000000000000000000, 0.000000000000000000, 0.000000000000000000 ) ) ;
#352 = CARTESIAN_POINT ( 'NONE',  ( -2.299999999999999822, 5.200000000000000178, 3.500000000000000000 ) ) ;
#353 = FACE_OUTER_BOUND ( 'NONE', #6330, .T. ) ;
#354 = DIRECTION ( 'NONE',  ( -0.5780173407803379515, -1.912554588140335208E-15, 0.8160244811016558186 ) ) ;
#355 = DIRECTION ( 'NONE',  ( -1.000000000000000000, 0.000000000000000000, 0.000000000000000000 ) ) ;
#356 = VECTOR ( 'NONE', #3312, 1000.000000000000000 ) ;
#357 = ORIENTED_EDGE ( 'NONE', *, *, #4137, .F. ) ;
#358 = EDGE_LOOP ( 'NONE', ( #3267, #847, #1040, #3361 ) ) ;
#359 = EDGE_LOOP ( 'NONE', ( #9808, #3219, #527, #6402 ) ) ;
#360 = CARTESIAN_POINT ( 'NONE',  ( 1.066473988439310183, 3.950000000000000178, -2.067919075144479812 ) ) ;
#361 = AXIS2_PLACEMENT_3D ( 'NONE', #294, #6985, #2430 ) ;
#362 = DIRECTION ( 'NONE',  ( -0.9691953712182477254, 0.000000000000000000, -0.2462931838462509571 ) ) ;
#363 = LINE ( 'NONE', #1021, #8006 ) ;
#364 = CARTESIAN_POINT ( 'NONE',  ( 5.785374374473379433, 0.7071067811865480168, -6.505213034913029562E-16 ) ) ;
#365 = EDGE_CURVE ( 'NONE', #5299, #8776, #2433, .T. ) ;
#366 = VECTOR ( 'NONE', #3729, 1000.000000000000000 ) ;
#367 = ORIENTED_EDGE ( 'NONE', *, *, #2435, .F. ) ;
#368 = ORIENTED_EDGE ( 'NONE', *, *, #2332, .F. ) ;
#369 = ORIENTED_EDGE ( 'NONE', *, *, #8866, .F. ) ;
#370 = DIRECTION ( 'NONE',  ( 1.365923996832129884E-16, 0.000000000000000000, -1.000000000000000000 ) ) ;
#371 = EDGE_LOOP ( 'NONE', ( #4088, #2318, #7919, #3094 ) ) ;
#372 = PLANE ( 'NONE',  #9182 ) ;
#373 = LINE ( 'NONE', #7031, #8063 ) ;
#374 = EDGE_CURVE ( 'NONE', #1472, #8521, #4172, .T. ) ;
#375 = LINE ( 'NONE', #1964, #992 ) ;
#376 = CARTESIAN_POINT ( 'NONE',  ( -2.110499752599700241, 7.769467989911649219, -3.926640469244590648 ) ) ;
#377 = VECTOR ( 'NONE', #6052, 1000.000000000000000 ) ;
#378 = CYLINDRICAL_SURFACE ( 'NONE', #6549, 1.350000000000000089 ) ;
#380 = EDGE_LOOP ( 'NONE', ( #1536, #2276, #4077 ) ) ;
#379 = CONICAL_SURFACE ( 'NONE', #7663, 2.600000000000000089, 0.7853981633974490562 ) ;
#381 = ORIENTED_EDGE ( 'NONE', *, *, #852, .T. ) ;
#382 = ORIENTED_EDGE ( 'NONE', *, *, #7331, .T. ) ;
#383 = VERTEX_POINT ( 'NONE', #1015 ) ;
#384 = AXIS2_PLACEMENT_3D ( 'NONE', #5651, #7929, #2670 ) ;
#385 = ORIENTED_EDGE ( 'NONE', *, *, #3364, .F. ) ;
#386 = CARTESIAN_POINT ( 'NONE',  ( -2.700000000000000178, -3.950000000000000178, 4.000000000000000000 ) ) ;
#387 = AXIS2_PLACEMENT_3D ( 'NONE', #911, #3184, #7751 ) ;
#388 = VECTOR ( 'NONE', #9757, 1000.000000000000000 ) ;
#389 = AXIS2_PLACEMENT_3D ( 'NONE', #2361, #121, #5378 ) ;
#390 = CYLINDRICAL_SURFACE ( 'NONE', #6269, 1.700000000000000178 ) ;
#391 = LINE ( 'NONE', #4951, #5604 ) ;
#392 = CARTESIAN_POINT ( 'NONE',  ( -4.652772395954234419, 4.745590091860459658, 0.05000000000001042499 ) ) ;
#393 = CARTESIAN_POINT ( 'NONE',  ( -4.566620657608420508, -2.449999999999999734, 0.04999999999999869132 ) ) ;
#394 = EDGE_CURVE ( 'NONE', #578, #5327, #7856, .T. ) ;
#395 = VERTEX_POINT ( 'NONE', #267 ) ;
#396 = VECTOR ( 'NONE', #3173, 1000.000000000000000 ) ;
#397 = ORIENTED_EDGE ( 'NONE', *, *, #6752, .F. ) ;
#398 = ORIENTED_EDGE ( 'NONE', *, *, #3758, .T. ) ;
#399 = AXIS2_PLACEMENT_3D ( 'NONE', #7124, #434, #335 ) ;
#400 = DIRECTION ( 'NONE',  ( 0.000000000000000000, 8.725142821606440391E-16, -1.000000000000000000 ) ) ;
#401 = DIRECTION ( 'NONE',  ( 0.000000000000000000, -1.000000000000000000, 0.000000000000000000 ) ) ;
#402 = FACE_OUTER_BOUND ( 'NONE', #4290, .T. ) ;
#403 = AXIS2_PLACEMENT_3D ( 'NONE', #6300, #5513, #4818 ) ;
#404 = PLANE ( 'NONE',  #5634 ) ;
#405 = DIRECTION ( 'NONE',  ( -1.228473713028369864E-31, 1.000000000000000000, 9.970989681626198491E-16 ) ) ;
#406 = CARTESIAN_POINT ( 'NONE',  ( -11.46738209570190037, 3.250000000000000000, -1.976314594173340211 ) ) ;
#407 = CARTESIAN_POINT ( 'NONE',  ( -4.644516500728250286, -3.149999999999999911, -0.03290753342284009897 ) ) ;
#408 = EDGE_CURVE ( 'NONE', #3120, #7342, #1758, .T. ) ;
#409 = ADVANCED_FACE ( 'NONE', ( #7804 ), #9485, .T. ) ;
#410 = VECTOR ( 'NONE', #5001, 1000.000000000000000 ) ;
#411 = ORIENTED_EDGE ( 'NONE', *, *, #1769, .T. ) ;
#412 = ORIENTED_EDGE ( 'NONE', *, *, #3309, .F. ) ;
#413 = ORIENTED_EDGE ( 'NONE', *, *, #4949, .F. ) ;
#414 = CARTESIAN_POINT ( 'NONE',  ( 3.983988439306360263, -4.349999999999999645, 2.050924855491329968 ) ) ;
#415 = LINE ( 'NONE', #2739, #1242 ) ;
#416 = CARTESIAN_POINT ( 'NONE',  ( 1.000000000000000000, -8.000000000000000000, -3.500000000000000000 ) ) ;
#417 = DIRECTION ( 'NONE',  ( 0.000000000000000000, -1.000000000000000000, 0.000000000000000000 ) ) ;
#418 = VECTOR ( 'NONE', #9162, 1000.000000000000000 ) ;
#419 = ORIENTED_EDGE ( 'NONE', *, *, #7653, .T. ) ;
#420 = ORIENTED_EDGE ( 'NONE', *, *, #61, .F. ) ;
#421 = DIRECTION ( 'NONE',  ( 0.2544623675387881478, 0.000000000000000000, 0.9670826766655240547 ) ) ;
#422 = PLANE ( 'NONE',  #6952 ) ;
#423 = DIRECTION ( 'NONE',  ( 0.9691953712182477254, 0.000000000000000000, 0.2462931838462509571 ) ) ;
#424 = CYLINDRICAL_SURFACE ( 'NONE', #4942, 1.250000000000000222 ) ;
#425 = EDGE_CURVE ( 'NONE', #2000, #2001, #1165, .T. ) ;
#426 = DIRECTION ( 'NONE',  ( 9.149931283457289096E-17, -1.000000000000000000, -9.970989681626198491E-16 ) ) ;
#427 = CARTESIAN_POINT ( 'NONE',  ( -11.52314109194249880, -3.248415947012090133, -2.500000000000000000 ) ) ;
#428 = ORIENTED_EDGE ( 'NONE', *, *, #6111, .F. ) ;
#429 = ORIENTED_EDGE ( 'NONE', *, *, #7292, .F. ) ;
#430 = ORIENTED_EDGE ( 'NONE', *, *, #3938, .F. ) ;
#431 = ORIENTED_EDGE ( 'NONE', *, *, #4724, .F. ) ;
#432 = ORIENTED_EDGE ( 'NONE', *, *, #4991, .F. ) ;
#433 = EDGE_CURVE ( 'NONE', #1579, #1876, #2672, .T. ) ;
#434 = DIRECTION ( 'NONE',  ( 0.000000000000000000, -1.000000000000000000, 0.000000000000000000 ) ) ;
#435 = ORIENTED_EDGE ( 'NONE', *, *, #6489, .T. ) ;
#436 = VECTOR ( 'NONE', #7370, 1000.000000000000000 ) ;
#437 = FACE_OUTER_BOUND ( 'NONE', #2191, .T. ) ;
#438 = CARTESIAN_POINT ( 'NONE',  ( 1.000000000000000000, -8.000000000000000000, -3.500000000000000000 ) ) ;
#439 = AXIS2_PLACEMENT_3D ( 'NONE', #9289, #5514, #8401 ) ;
#440 = CARTESIAN_POINT ( 'NONE',  ( -4.898978868267030329, 4.750000000000000000, 0.05000000000001030009 ) ) ;
#441 = CARTESIAN_POINT ( 'NONE',  ( -6.599999999999999645, 4.286263797015740046E-16, 4.000000000000000000 ) ) ;
#442 = ORIENTED_EDGE ( 'NONE', *, *, #6748, .F. ) ;
#443 = EDGE_LOOP ( 'NONE', ( #9205, #5265, #3788, #7589, #2251, #6988, #876, #1597, #1276, #5405, #3175, #8000 ) ) ;
#444 = ORIENTED_EDGE ( 'NONE', *, *, #4688, .T. ) ;
#445 = VECTOR ( 'NONE', #3919, 1000.000000000000000 ) ;
#446 = EDGE_CURVE ( 'NONE', #63, #7876, #9099, .T. ) ;
#447 = DIRECTION ( 'NONE',  ( 0.000000000000000000, 0.000000000000000000, 1.000000000000000000 ) ) ;
#448 = EDGE_CURVE ( 'NONE', #3901, #8081, #7947, .T. ) ;
#449 = DIRECTION ( 'NONE',  ( 0.000000000000000000, 0.000000000000000000, 1.000000000000000000 ) ) ;
#450 = DIRECTION ( 'NONE',  ( 1.000000000000000000, 0.000000000000000000, 0.000000000000000000 ) ) ;
#451 = DIRECTION ( 'NONE',  ( -4.713922489067459404E-17, 1.000000000000000000, 9.856383386231849706E-16 ) ) ;
#452 = DIRECTION ( 'NONE',  ( 0.9931429867320367144, 0.000000000000000000, 0.1169059789102749741 ) ) ;
#453 = DIRECTION ( 'NONE',  ( -3.675261601645779967E-17, 0.000000000000000000, -1.000000000000000000 ) ) ;
#454 = DIRECTION ( 'NONE',  ( -1.000000000000000000, 0.000000000000000000, 0.000000000000000000 ) ) ;
#455 = ORIENTED_EDGE ( 'NONE', *, *, #1661, .T. ) ;
#456 = EDGE_LOOP ( 'NONE', ( #8058, #2170, #4395, #4248, #5228, #2093, #8394, #7023 ) ) ;
#457 = ORIENTED_EDGE ( 'NONE', *, *, #190, .F. ) ;
#458 = VERTEX_POINT ( 'NONE', #1408 ) ;
#459 = DIRECTION ( 'NONE',  ( 0.000000000000000000, 1.000000000000000000, 0.000000000000000000 ) ) ;
#460 = VECTOR ( 'NONE', #3664, 1000.000000000000227 ) ;
#461 = AXIS2_PLACEMENT_3D ( 'NONE', #2853, #5834, #4285 ) ;
#462 = ADVANCED_FACE ( 'NONE', ( #3522 ), #8938, .F. ) ;
#463 = ADVANCED_FACE ( 'NONE', ( #2002 ), #2149, .F. ) ;
#464 = DIRECTION ( 'NONE',  ( 1.000000000000000000, 0.000000000000000000, 0.000000000000000000 ) ) ;
#465 = CIRCLE ( 'NONE', #4581, 2.250000000000000000 ) ;
#466 = CARTESIAN_POINT ( 'NONE',  ( 8.199999999999999289, 5.000000000000000000, 0.000000000000000000 ) ) ;
#467 = AXIS2_PLACEMENT_3D ( 'NONE', #3366, #6388, #3317 ) ;
#468 = LINE ( 'NONE', #364, #6647 ) ;
#469 = TOROIDAL_SURFACE ( 'NONE', #4191, 0.7500000000000000000, 0.1000000000000000056 ) ;
#470 = VERTEX_POINT ( 'NONE', #4377 ) ;
#471 = ORIENTED_EDGE ( 'NONE', *, *, #6211, .F. ) ;
#472 = CARTESIAN_POINT ( 'NONE',  ( -4.622701564166340482, -3.198517484088859941, 0.04999999999999759498 ) ) ;
#473 = DIRECTION ( 'NONE',  ( 1.000000000000000000, 0.000000000000000000, 0.000000000000000000 ) ) ;
#474 = LINE ( 'NONE', #4189, #9646 ) ;
#475 = DIRECTION ( 'NONE',  ( 0.000000000000000000, 0.000000000000000000, -1.000000000000000000 ) ) ;
#476 = CARTESIAN_POINT ( 'NONE',  ( -7.900000000000000355, 4.286263797015740046E-16, 2.700000000000000178 ) ) ;
#477 = DIRECTION ( 'NONE',  ( -1.000000000000000000, 0.000000000000000000, 0.000000000000000000 ) ) ;
#478 = ORIENTED_EDGE ( 'NONE', *, *, #4492, .T. ) ;
#479 = VERTEX_POINT ( 'NONE', #2736 ) ;
#480 = ORIENTED_EDGE ( 'NONE', *, *, #2684, .F. ) ;
#481 = ORIENTED_EDGE ( 'NONE', *, *, #3431, .T. ) ;
#482 = CARTESIAN_POINT ( 'NONE',  ( -11.46738209570190037, -4.649999999999999467, -2.026314594173330264 ) ) ;
#483 = VERTEX_POINT ( 'NONE', #6648 ) ;
#484 = EDGE_CURVE ( 'NONE', #9440, #1687, #8052, .T. ) ;
#485 = CARTESIAN_POINT ( 'NONE',  ( -4.768600664696140967, 4.750000000000000000, -1.214922013198409978 ) ) ;
#486 = CARTESIAN_POINT ( 'NONE',  ( 0.9948118285545137773, -7.989681027865749741, -3.616495914416749891 ) ) ;
#487 = EDGE_CURVE ( 'NONE', #1876, #9230, #5684, .T. ) ;
#488 = DIRECTION ( 'NONE',  ( 1.334402673828309888E-16, 0.000000000000000000, -1.000000000000000000 ) ) ;
#489 = LINE ( 'NONE', #8773, #230 ) ;
#490 = ORIENTED_EDGE ( 'NONE', *, *, #7552, .F. ) ;
#491 = VERTEX_POINT ( 'NONE', #7398 ) ;
#492 = CARTESIAN_POINT ( 'NONE',  ( -6.359745509654959328, 3.149999999999999911, -1.855327628688660191 ) ) ;
#493 = EDGE_CURVE ( 'NONE', #555, #8726, #9633, .T. ) ;
#494 = LINE ( 'NONE', #4030, #6083 ) ;
#495 = CARTESIAN_POINT ( 'NONE',  ( -4.566620657608420508, -3.250000000000000000, 0.04999999999999740069 ) ) ;
#496 = DIRECTION ( 'NONE',  ( 0.000000000000000000, -1.000000000000000000, 0.000000000000000000 ) ) ;
#497 = DIRECTION ( 'NONE',  ( -0.004218976193204673764, 0.000000000000000000, -0.9999911000803363148 ) ) ;
#498 = CARTESIAN_POINT ( 'NONE',  ( -12.69999999999999929, 2.299999999999999822, 0.000000000000000000 ) ) ;
#499 = EDGE_CURVE ( 'NONE', #3613, #2712, #1454, .T. ) ;
#500 = DIRECTION ( 'NONE',  ( -3.212450881438530269E-16, -1.000000000000000000, -1.109299444996742597E-15 ) ) ;
#501 = CIRCLE ( 'NONE', #4297, 0.09999999999999997780 ) ;
#502 = LINE ( 'NONE', #2731, #872 ) ;
#503 = CIRCLE ( 'NONE', #5089, 1.000000000000000222 ) ;
#504 = VECTOR ( 'NONE', #2513, 1000.000000000000000 ) ;
#505 = ORIENTED_EDGE ( 'NONE', *, *, #582, .T. ) ;
#506 = ORIENTED_EDGE ( 'NONE', *, *, #1906, .F. ) ;
#507 = VERTEX_POINT ( 'NONE', #7297 ) ;
#508 = CARTESIAN_POINT ( 'NONE',  ( -2.299999999999999822, -4.349999999999999645, 3.950000000000000178 ) ) ;
#509 = CARTESIAN_POINT ( 'NONE',  ( -0.6999999999999999556, -3.100000000000000089, -0.8499999999999999778 ) ) ;
#510 = AXIS2_PLACEMENT_3D ( 'NONE', #9328, #5606, #8536 ) ;
#511 = CARTESIAN_POINT ( 'NONE',  ( -11.51579293296740047, 4.662956099268659393, -2.449999999999999734 ) ) ;
#512 = DIRECTION ( 'NONE',  ( 0.9670826766655243878, 0.000000000000000000, -0.2544623675387871486 ) ) ;
#513 = VECTOR ( 'NONE', #3323, 1000.000000000000000 ) ;
#514 = ORIENTED_EDGE ( 'NONE', *, *, #3431, .F. ) ;
#515 = ADVANCED_FACE ( 'NONE', ( #2937 ), #6550, .T. ) ;
#516 = EDGE_CURVE ( 'NONE', #1709, #51, #5970, .T. ) ;
#517 = ORIENTED_EDGE ( 'NONE', *, *, #74, .T. ) ;
#518 = VECTOR ( 'NONE', #3759, 1000.000000000000000 ) ;
#519 = CARTESIAN_POINT ( 'NONE',  ( -0.6999999999999999556, 4.750000000000000000, -2.449999999999999734 ) ) ;
#520 = DIRECTION ( 'NONE',  ( -0.9670826766655238327, 0.000000000000000000, 0.2544623675387890360 ) ) ;
#521 = DIRECTION ( 'NONE',  ( -6.377659838150020064E-17, 1.000000000000000000, 0.000000000000000000 ) ) ;
#522 = CARTESIAN_POINT ( 'NONE',  ( 4.549999999999999822, -3.950000000000000178, -2.600000000000000977 ) ) ;
#523 = CARTESIAN_POINT ( 'NONE',  ( 5.250000000000000000, -7.349999999999999645, 1.350000000000000089 ) ) ;
#524 = DIRECTION ( 'NONE',  ( -2.659480039017769634E-16, 1.110223024625160090E-15, -1.000000000000000000 ) ) ;
#525 = CARTESIAN_POINT ( 'NONE',  ( -5.153097676478189726, 3.155182082377530062, 0.05000000000000850292 ) ) ;
#527 = ORIENTED_EDGE ( 'NONE', *, *, #3296, .F. ) ;
#526 = ADVANCED_FACE ( 'NONE', ( #5769 ), #6696, .F. ) ;
#528 = ORIENTED_EDGE ( 'NONE', *, *, #4398, .F. ) ;
#529 = EDGE_CURVE ( 'NONE', #2721, #9028, #7744, .T. ) ;
#530 = ORIENTED_EDGE ( 'NONE', *, *, #7350, .T. ) ;
#531 = ORIENTED_EDGE ( 'NONE', *, *, #1800, .T. ) ;
#532 = CARTESIAN_POINT ( 'NONE',  ( -2.700000000000000178, -3.950000000000000178, 4.000000000000000000 ) ) ;
#533 = VECTOR ( 'NONE', #4606, 1000.000000000000000 ) ;
#534 = VECTOR ( 'NONE', #544, 1000.000000000000000 ) ;
#535 = DIRECTION ( 'NONE',  ( 0.000000000000000000, 0.000000000000000000, -1.000000000000000000 ) ) ;
#536 = LINE ( 'NONE', #631, #7352 ) ;
#537 = CARTESIAN_POINT ( 'NONE',  ( -4.745739171570487969, 4.749372805721703727, 0.05000000000001032091 ) ) ;
#538 = FACE_OUTER_BOUND ( 'NONE', #8703, .T. ) ;
#539 = ORIENTED_EDGE ( 'NONE', *, *, #1310, .T. ) ;
#540 = VECTOR ( 'NONE', #5850, 1000.000000000000000 ) ;
#541 = ORIENTED_EDGE ( 'NONE', *, *, #2188, .F. ) ;
#542 = AXIS2_PLACEMENT_3D ( 'NONE', #1681, #2373, #5436 ) ;
#543 = VECTOR ( 'NONE', #6680, 1000.000000000000114 ) ;
#544 = DIRECTION ( 'NONE',  ( 0.000000000000000000, 0.000000000000000000, 1.000000000000000000 ) ) ;
#545 = AXIS2_PLACEMENT_3D ( 'NONE', #2718, #5803, #9561 ) ;
#546 = FACE_OUTER_BOUND ( 'NONE', #2553, .T. ) ;
#547 = CYLINDRICAL_SURFACE ( 'NONE', #6510, 0.5000000000000000000 ) ;
#548 = CARTESIAN_POINT ( 'NONE',  ( -11.41499140248969901, 3.241110373904140030, -2.449999999999999734 ) ) ;
#549 = AXIS2_PLACEMENT_3D ( 'NONE', #6516, #5789, #1378 ) ;
#550 = DIRECTION ( 'NONE',  ( -0.1169059789102828151, 0.000000000000000000, 0.9931429867320357152 ) ) ;
#551 = FACE_OUTER_BOUND ( 'NONE', #5220, .T. ) ;
#552 = CARTESIAN_POINT ( 'NONE',  ( 2.899999999999999911, -3.950000000000000178, -3.649999999999999911 ) ) ;
#553 = ORIENTED_EDGE ( 'NONE', *, *, #4611, .T. ) ;
#554 = EDGE_LOOP ( 'NONE', ( #3963, #2978, #6779, #1428 ) ) ;
#555 = VERTEX_POINT ( 'NONE', #5821 ) ;
#556 = ORIENTED_EDGE ( 'NONE', *, *, #2064, .F. ) ;
#557 = CARTESIAN_POINT ( 'NONE',  ( -0.6999999999999999556, -3.100000000000000089, -2.500000000000000000 ) ) ;
#558 = EDGE_CURVE ( 'NONE', #7065, #4939, #8240, .T. ) ;
#559 = AXIS2_PLACEMENT_3D ( 'NONE', #562, #9588, #7949 ) ;
#560 = CARTESIAN_POINT ( 'NONE',  ( 3.299999999999999822, 3.950000000000000178, 1.350000000000020073 ) ) ;
#561 = CARTESIAN_POINT ( 'NONE',  ( 2.299999999999999822, -4.055919436618319697E-16, 2.600000000000000089 ) ) ;
#562 = CARTESIAN_POINT ( 'NONE',  ( -4.898978868267030329, -4.750000000000000000, -0.9999902100883649725 ) ) ;
#563 = DIRECTION ( 'NONE',  ( -1.000000000000000000, -0.000000000000000000, -0.000000000000000000 ) ) ;
#564 = VERTEX_POINT ( 'NONE', #5072 ) ;
#565 = CIRCLE ( 'NONE', #5952, 1.500000000000000000 ) ;
#566 = EDGE_LOOP ( 'NONE', ( #6806, #5495, #3940, #2886 ) ) ;
#567 = FACE_OUTER_BOUND ( 'NONE', #2048, .T. ) ;
#568 = EDGE_CURVE ( 'NONE', #2214, #6796, #4324, .T. ) ;
#569 = CARTESIAN_POINT ( 'NONE',  ( 9.500000000000000000, 5.000000000000000000, -1.500000000000000000 ) ) ;
#570 = CIRCLE ( 'NONE', #8017, 1.699999999999999956 ) ;
#571 = ADVANCED_FACE ( 'NONE', ( #3718 ), #6601, .T. ) ;
#572 = DIRECTION ( 'NONE',  ( -0.9670826766655238327, 0.000000000000000000, 0.2544623675387890360 ) ) ;
#573 = CARTESIAN_POINT ( 'NONE',  ( 6.200000000000000178, 1.750000000000000000, 0.5500000000000180300 ) ) ;
#574 = LINE ( 'NONE', #3872, #9062 ) ;
#575 = CARTESIAN_POINT ( 'NONE',  ( 3.700000000000000178, -4.349999999999999645, 1.649999999999999911 ) ) ;
#576 = FACE_OUTER_BOUND ( 'NONE', #566, .T. ) ;
#577 = ORIENTED_EDGE ( 'NONE', *, *, #6824, .T. ) ;
#578 = VERTEX_POINT ( 'NONE', #7491 ) ;
#579 = ORIENTED_EDGE ( 'NONE', *, *, #5339, .T. ) ;
#580 = VERTEX_POINT ( 'NONE', #8794 ) ;
#581 = CARTESIAN_POINT ( 'NONE',  ( 2.899999999999999911, -4.349999999999999645, 1.649999999999999911 ) ) ;
#582 = EDGE_CURVE ( 'NONE', #8466, #5793, #4421, .T. ) ;
#583 = EDGE_CURVE ( 'NONE', #1687, #4733, #7258, .T. ) ;
#584 = CARTESIAN_POINT ( 'NONE',  ( -12.69999999999999929, -3.100000000000000089, -2.500000000000000000 ) ) ;
#585 = FACE_OUTER_BOUND ( 'NONE', #2078, .T. ) ;
#586 = CARTESIAN_POINT ( 'NONE',  ( 6.700000000000000178, -2.250000000000000000, 0.000000000000000000 ) ) ;
#587 = CARTESIAN_POINT ( 'NONE',  ( 2.899999999999999911, -3.550000000000000266, 1.649999999999999911 ) ) ;
#588 = ORIENTED_EDGE ( 'NONE', *, *, #7553, .F. ) ;
#589 = ORIENTED_EDGE ( 'NONE', *, *, #730, .F. ) ;
#590 = DIRECTION ( 'NONE',  ( -0.9931429867320367144, 0.000000000000000000, -0.1169059789102749741 ) ) ;
#591 = DIRECTION ( 'NONE',  ( 0.000000000000000000, -2.268484545508132233E-15, 1.000000000000000000 ) ) ;
#592 = FACE_OUTER_BOUND ( 'NONE', #6437, .T. ) ;
#593 = CARTESIAN_POINT ( 'NONE',  ( -4.474903985908540882, 4.729211524732252592, 0.05000000000001054989 ) ) ;
#594 = DIRECTION ( 'NONE',  ( -1.000000000000000000, 0.000000000000000000, 0.000000000000000000 ) ) ;
#595 = CARTESIAN_POINT ( 'NONE',  ( 1.050000000000000044, -11.90000000000000036, 1.350000000000000089 ) ) ;
#596 = CARTESIAN_POINT ( 'NONE',  ( 3.772618697933170395, -7.502152352689989812, -3.999996525281990234 ) ) ;
#597 = CARTESIAN_POINT ( 'NONE',  ( 3.832908392100029982, 7.643242681470389321, -3.984225351805860793 ) ) ;
#598 = CIRCLE ( 'NONE', #758, 1.300000000000000044 ) ;
#599 = VERTEX_POINT ( 'NONE', #9033 ) ;
#600 = ORIENTED_EDGE ( 'NONE', *, *, #448, .F. ) ;
#601 = ORIENTED_EDGE ( 'NONE', *, *, #3561, .F. ) ;
#602 = EDGE_LOOP ( 'NONE', ( #8158, #1533, #8764, #7854 ) ) ;
#603 = DIRECTION ( 'NONE',  ( 1.000000000000000000, 0.000000000000000000, 0.000000000000000000 ) ) ;
#604 = ADVANCED_FACE ( 'NONE', ( #7590 ), #8538, .T. ) ;
#605 = ADVANCED_FACE ( 'NONE', ( #753 ), #1550, .F. ) ;
#606 = LINE ( 'NONE', #3617, #2977 ) ;
#607 = CARTESIAN_POINT ( 'NONE',  ( 3.700000000000000178, 3.950000000000000178, -3.649999999999999911 ) ) ;
#608 = DIRECTION ( 'NONE',  ( 0.7071067811865470176, 0.7071067811865480168, 9.615252311207509956E-16 ) ) ;
#609 = CIRCLE ( 'NONE', #3146, 1.300000000000000711 ) ;
#610 = DIRECTION ( 'NONE',  ( -1.776356839400249824E-16, 0.000000000000000000, 1.000000000000000000 ) ) ;
#611 = VERTEX_POINT ( 'NONE', #3812 ) ;
#612 = EDGE_CURVE ( 'NONE', #9029, #2001, #5218, .T. ) ;
#613 = EDGE_LOOP ( 'NONE', ( #5938, #3601, #9739, #5237 ) ) ;
#614 = CARTESIAN_POINT ( 'NONE',  ( 3.299999999999999822, -3.950000000000000178, 1.350000000000000089 ) ) ;
#615 = LINE ( 'NONE', #7502, #3849 ) ;
#616 = CARTESIAN_POINT ( 'NONE',  ( -2.700000000000000178, 3.950000000000000178, 3.500000000000000000 ) ) ;
#617 = CARTESIAN_POINT ( 'NONE',  ( -11.46738209570190037, 4.750000000000000000, -1.976314594173340211 ) ) ;
#618 = B_SPLINE_CURVE_WITH_KNOTS ( 'NONE', 3,
 ( #472, #9397, #2602, #7956 ),
 .UNSPECIFIED., .F., .F.,
 ( 4, 4 ),
 ( 0.000000000000000000, 0.5003902805510600516 ),
 .UNSPECIFIED. ) ;
#619 = DIRECTION ( 'NONE',  ( 0.000000000000000000, -1.000000000000000000, 0.000000000000000000 ) ) ;
#620 = ADVANCED_FACE ( 'NONE', ( #1700 ), #6202, .F. ) ;
#621 = CIRCLE ( 'NONE', #8543, 2.000000000000000000 ) ;
#622 = CARTESIAN_POINT ( 'NONE',  ( -5.035573425642613898, 3.150350383864687132, 0.05000000000000848210 ) ) ;
#623 = ORIENTED_EDGE ( 'NONE', *, *, #3035, .F. ) ;
#624 = ORIENTED_EDGE ( 'NONE', *, *, #7740, .T. ) ;
#625 = VERTEX_POINT ( 'NONE', #1501 ) ;
#626 = VERTEX_POINT ( 'NONE', #5 ) ;
#627 = ADVANCED_FACE ( 'NONE', ( #8290 ), #9777, .T. ) ;
#628 = ORIENTED_EDGE ( 'NONE', *, *, #3658, .T. ) ;
#629 = DIRECTION ( 'NONE',  ( -1.365923996832129884E-16, 0.000000000000000000, 1.000000000000000000 ) ) ;
#630 = LINE ( 'NONE', #5945, #100 ) ;
#631 = CARTESIAN_POINT ( 'NONE',  ( 3.700000000000000178, -3.266011560693629967, 2.050924855491329968 ) ) ;
#632 = CARTESIAN_POINT ( 'NONE',  ( -4.644516500728250286, 4.750000000000000000, 0.01709246657714990139 ) ) ;
#633 = CARTESIAN_POINT ( 'NONE',  ( 9.500000000000000000, 5.000000000000000000, 38.50000000000000000 ) ) ;
#634 = TOROIDAL_SURFACE ( 'NONE', #8239, 0.7500000000000000000, 0.1000000000000000056 ) ;
#635 = ORIENTED_EDGE ( 'NONE', *, *, #4996, .F. ) ;
#636 = ORIENTED_EDGE ( 'NONE', *, *, #7082, .T. ) ;
#637 = ADVANCED_FACE ( 'NONE', ( #2436 ), #8444, .T. ) ;
#638 = ADVANCED_FACE ( 'NONE', ( #7695 ), #955, .F. ) ;
#639 = DIRECTION ( 'NONE',  ( 1.000000000000000000, 0.000000000000000000, -9.340818716798191895E-16 ) ) ;
#640 = DIRECTION ( 'NONE',  ( 0.000000000000000000, 0.000000000000000000, 1.000000000000000000 ) ) ;
#641 = FACE_OUTER_BOUND ( 'NONE', #6341, .T. ) ;
#642 = CARTESIAN_POINT ( 'NONE',  ( -2.228285685708569552, -7.500000000000000000, -4.000000000000000000 ) ) ;
#643 = CARTESIAN_POINT ( 'NONE',  ( -0.6999999999999999556, 4.799999999999999822, -2.449999999999999734 ) ) ;
#644 = CARTESIAN_POINT ( 'NONE',  ( 3.300000000000000266, -2.600000000000000533, 0.5500000000000015987 ) ) ;
#645 = DIRECTION ( 'NONE',  ( -9.343242246769421254E-16, 2.294126247091830304E-15, -1.000000000000000000 ) ) ;
#646 = LINE ( 'NONE', #2187, #9267 ) ;
#647 = EDGE_LOOP ( 'NONE', ( #7953, #1630, #6429 ) ) ;
#648 = ORIENTED_EDGE ( 'NONE', *, *, #8124, .F. ) ;
#649 = ORIENTED_EDGE ( 'NONE', *, *, #3011, .F. ) ;
#650 = ORIENTED_EDGE ( 'NONE', *, *, #9662, .F. ) ;
#651 = CARTESIAN_POINT ( 'NONE',  ( -11.46738209570190037, -3.250000000000000000, -2.026314594173330264 ) ) ;
#652 = CARTESIAN_POINT ( 'NONE',  ( 0.4000000000000000222, 8.000000000000000000, -3.500000000000000000 ) ) ;
#653 = LINE ( 'NONE', #8100, #1950 ) ;
#654 = VECTOR ( 'NONE', #640, 1000.000000000000000 ) ;
#655 = DIRECTION ( 'NONE',  ( 1.000000000000000000, 0.000000000000000000, -3.675261601645777502E-17 ) ) ;
#656 = PLANE ( 'NONE',  #3592 ) ;
#657 = AXIS2_PLACEMENT_3D ( 'NONE', #4215, #2579, #450 ) ;
#658 = VERTEX_POINT ( 'NONE', #4714 ) ;
#659 = AXIS2_PLACEMENT_3D ( 'NONE', #3253, #8518, #3159 ) ;
#660 = ORIENTED_EDGE ( 'NONE', *, *, #2550, .T. ) ;
#661 = DIRECTION ( 'NONE',  ( -0.9670826766655241657, 0.000000000000000000, 0.2544623675387880923 ) ) ;
#662 = DIRECTION ( 'NONE',  ( 1.000000000000000000, 0.000000000000000000, 0.000000000000000000 ) ) ;
#663 = AXIS2_PLACEMENT_3D ( 'NONE', #2372, #5536, #8515 ) ;
#664 = FACE_OUTER_BOUND ( 'NONE', #9528, .T. ) ;
#665 = EDGE_CURVE ( 'NONE', #2378, #7969, #52, .T. ) ;
#666 = DIRECTION ( 'NONE',  ( 5.400556037744161781E-16, -0.8160244811016563737, 0.5780173407803372854 ) ) ;
#667 = DIRECTION ( 'NONE',  ( 0.000000000000000000, 1.000000000000000000, 0.000000000000000000 ) ) ;
#668 = CARTESIAN_POINT ( 'NONE',  ( -11.46738209570189859, -4.675365379185340231, -2.500000000000000888 ) ) ;
#669 = ADVANCED_FACE ( 'NONE', ( #3917 ), #8345, .F. ) ;
#670 = ORIENTED_EDGE ( 'NONE', *, *, #1279, .T. ) ;
#671 = ORIENTED_EDGE ( 'NONE', *, *, #3594, .T. ) ;
#672 = ORIENTED_EDGE ( 'NONE', *, *, #8389, .F. ) ;
#673 = CIRCLE ( 'NONE', #6215, 2.700000000000000178 ) ;
#674 = ORIENTED_EDGE ( 'NONE', *, *, #425, .T. ) ;
#675 = ORIENTED_EDGE ( 'NONE', *, *, #5529, .F. ) ;
#676 = CARTESIAN_POINT ( 'NONE',  ( -0.6999999999999999556, 4.799999999999999822, -2.449999999999999734 ) ) ;
#677 = EDGE_CURVE ( 'NONE', #6927, #7972, #7267, .T. ) ;
#678 = AXIS2_PLACEMENT_3D ( 'NONE', #8292, #2301, #9682 ) ;
#679 = LINE ( 'NONE', #2172, #4373 ) ;
#680 = DIRECTION ( 'NONE',  ( 1.000000000000000000, 5.551115123125809819E-17, 0.000000000000000000 ) ) ;
#681 = DIRECTION ( 'NONE',  ( 0.000000000000000000, 0.000000000000000000, -1.000000000000000000 ) ) ;
#682 = PLANE ( 'NONE',  #2285 ) ;
#683 = ORIENTED_EDGE ( 'NONE', *, *, #2027, .T. ) ;
#684 = ORIENTED_EDGE ( 'NONE', *, *, #2947, .F. ) ;
#685 = ORIENTED_EDGE ( 'NONE', *, *, #1123, .F. ) ;
#686 = AXIS2_PLACEMENT_3D ( 'NONE', #2545, #3429, #8005 ) ;
#687 = B_SPLINE_CURVE_WITH_KNOTS ( 'NONE', 3,
 ( #3463, #7184, #7284, #4957, #5807, #4307, #2723, #5753, #7332, #2778 ),
 .UNSPECIFIED., .F., .F.,
 ( 4, 2, 2, 2, 4 ),
 ( 1.418229213729523258E-16, 0.004057338325045659402, 0.005129523234453025118, 0.005764321385263130627, 0.006239537281635609660 ),
 .UNSPECIFIED. ) ;
#688 = DIRECTION ( 'NONE',  ( 0.9691953712182476144, 0.000000000000000000, 0.2462931838462509293 ) ) ;
#689 = CARTESIAN_POINT ( 'NONE',  ( -11.41203626710530017, -4.653439470695190927, -2.500000000000000000 ) ) ;
#690 = EDGE_CURVE ( 'NONE', #7144, #5751, #1598, .T. ) ;
#691 = AXIS2_PLACEMENT_3D ( 'NONE', #1514, #6564, #8850 ) ;
#692 = PLANE ( 'NONE',  #7262 ) ;
#693 = DIRECTION ( 'NONE',  ( -1.365923996832130130E-16, 0.000000000000000000, 1.000000000000000000 ) ) ;
#694 = EDGE_CURVE ( 'NONE', #4956, #7739, #5692, .T. ) ;
#695 = CARTESIAN_POINT ( 'NONE',  ( 6.484305967580019647, -7.825875356572151276, -3.885618546494089998 ) ) ;
#696 = CIRCLE ( 'NONE', #7497, 0.02695589875264907398 ) ;
#697 = DIRECTION ( 'NONE',  ( 0.000000000000000000, -1.000000000000000000, 0.000000000000000000 ) ) ;
#698 = FACE_OUTER_BOUND ( 'NONE', #7660, .T. ) ;
#699 = DIRECTION ( 'NONE',  ( -1.656580215914899728E-16, 0.000000000000000000, 1.000000000000000000 ) ) ;
#700 = AXIS2_PLACEMENT_3D ( 'NONE', #4805, #3311, #3356 ) ;
#701 = ORIENTED_EDGE ( 'NONE', *, *, #5947, .T. ) ;
#702 = AXIS2_PLACEMENT_3D ( 'NONE', #3166, #7624, #2381 ) ;
#703 = VERTEX_POINT ( 'NONE', #3864 ) ;
#704 = AXIS2_PLACEMENT_3D ( 'NONE', #846, #6244, #1696 ) ;
#705 = DIRECTION ( 'NONE',  ( -1.000000000000000000, 0.000000000000000000, 8.673617379884035472E-16 ) ) ;
#706 = AXIS2_PLACEMENT_3D ( 'NONE', #3324, #7648, #4021 ) ;
#707 = CARTESIAN_POINT ( 'NONE',  ( 0.4259102589525329829, 7.947719699305889840, -3.731823336511369771 ) ) ;
#708 = DIRECTION ( 'NONE',  ( -6.684682762690816660E-17, -1.000000000000000000, 0.000000000000000000 ) ) ;
#709 = EDGE_CURVE ( 'NONE', #7382, #8375, #6897, .T. ) ;
#710 = CARTESIAN_POINT ( 'NONE',  ( 5.078267593286840409, -9.622294280808849880E-16, -6.505213034913029562E-16 ) ) ;
#711 = DIRECTION ( 'NONE',  ( 1.000000000000000000, 0.000000000000000000, 1.776356839400249577E-16 ) ) ;
#712 = EDGE_CURVE ( 'NONE', #7144, #8726, #6945, .T. ) ;
#713 = ORIENTED_EDGE ( 'NONE', *, *, #9656, .F. ) ;
#714 = CIRCLE ( 'NONE', #5942, 6.487680633323430257 ) ;
#715 = VECTOR ( 'NONE', #4084, 1000.000000000000000 ) ;
#716 = ORIENTED_EDGE ( 'NONE', *, *, #7520, .T. ) ;
#717 = CONICAL_SURFACE ( 'NONE', #6407, 1.300000000000000044, 0.7853981633974490562 ) ;
#718 = CARTESIAN_POINT ( 'NONE',  ( -3.637083961758269979, 4.750000000000000000, -0.1445831303232300025 ) ) ;
#719 = DIRECTION ( 'NONE',  ( 0.000000000000000000, 0.000000000000000000, 1.000000000000000000 ) ) ;
#720 = FACE_OUTER_BOUND ( 'NONE', #8391, .T. ) ;
#721 = DIRECTION ( 'NONE',  ( 0.000000000000000000, 1.000000000000000000, 0.000000000000000000 ) ) ;
#722 = DIRECTION ( 'NONE',  ( -1.000000000000000000, 0.000000000000000000, 0.000000000000000000 ) ) ;
#723 = AXIS2_PLACEMENT_3D ( 'NONE', #5399, #9273, #5549 ) ;
#724 = CARTESIAN_POINT ( 'NONE',  ( -5.430110566984415854, 3.205472902125435564, 0.05000000000000818373 ) ) ;
#725 = ORIENTED_EDGE ( 'NONE', *, *, #9517, .F. ) ;
#726 = ORIENTED_EDGE ( 'NONE', *, *, #5339, .F. ) ;
#727 = ORIENTED_EDGE ( 'NONE', *, *, #3130, .T. ) ;
#728 = ORIENTED_EDGE ( 'NONE', *, *, #448, .T. ) ;
#729 = PLANE ( 'NONE',  #7040 ) ;
#730 = EDGE_CURVE ( 'NONE', #2434, #6461, #1004, .T. ) ;
#731 = ADVANCED_FACE ( 'NONE', ( #7889 ), #4260, .T. ) ;
#732 = CARTESIAN_POINT ( 'NONE',  ( 3.299999999999999822, -3.950000000000000178, 0.000000000000000000 ) ) ;
#733 = DIRECTION ( 'NONE',  ( -1.000000000000000000, 0.000000000000000000, 0.000000000000000000 ) ) ;
#734 = B_SPLINE_CURVE_WITH_KNOTS ( 'NONE', 3,
 ( #5581, #8609, #4842, #1819, #1078, #5232, #6763, #8250, #7362, #1373 ),
 .UNSPECIFIED., .F., .F.,
 ( 4, 2, 2, 2, 4 ),
 ( 0.01247907456327610083, 0.01653641288831864467, 0.01760859779772523670, 0.01824339594853485735, 0.01871861184490699812 ),
 .UNSPECIFIED. ) ;
#735 = DIRECTION ( 'NONE',  ( -0.9691953712182513891, 0.000000000000000000, -0.2462931838462361078 ) ) ;
#736 = DIRECTION ( 'NONE',  ( -0.9670826766655243878, 0.000000000000000000, 0.2544623675387871486 ) ) ;
#737 = ORIENTED_EDGE ( 'NONE', *, *, #1866, .F. ) ;
#738 = ORIENTED_EDGE ( 'NONE', *, *, #762, .F. ) ;
#739 = EDGE_CURVE ( 'NONE', #78, #1720, #9804, .T. ) ;
#740 = ORIENTED_EDGE ( 'NONE', *, *, #852, .F. ) ;
#741 = CARTESIAN_POINT ( 'NONE',  ( -4.000000000000000000, 1.224646799147349904E-15, -2.700000000000000622 ) ) ;
#742 = FACE_OUTER_BOUND ( 'NONE', #1718, .T. ) ;
#743 = DIRECTION ( 'NONE',  ( 1.000000000000000000, -1.336936552538163332E-16, 0.000000000000000000 ) ) ;
#744 = DIRECTION ( 'NONE',  ( 0.000000000000000000, 1.000000000000000000, 0.000000000000000000 ) ) ;
#745 = DIRECTION ( 'NONE',  ( -2.220754565754750177E-16, 1.000000000000000000, 9.970989681626198491E-16 ) ) ;
#746 = CARTESIAN_POINT ( 'NONE',  ( 3.700000000000000178, 3.550000000000000266, 2.825337829024849867 ) ) ;
#747 = CARTESIAN_POINT ( 'NONE',  ( -11.46738209570190037, 4.750000000000000000, -1.976314594173340211 ) ) ;
#748 = CARTESIAN_POINT ( 'NONE',  ( 3.772166415145480123, 7.501076215297219463, -4.000000000000000000 ) ) ;
#749 = ORIENTED_EDGE ( 'NONE', *, *, #4246, .T. ) ;
#750 = EDGE_CURVE ( 'NONE', #3566, #5102, #1794, .T. ) ;
#751 = ORIENTED_EDGE ( 'NONE', *, *, #2277, .F. ) ;
#752 = ORIENTED_EDGE ( 'NONE', *, *, #3538, .T. ) ;
#753 = FACE_OUTER_BOUND ( 'NONE', #4751, .T. ) ;
#754 = VECTOR ( 'NONE', #8043, 1000.000000000000114 ) ;
#755 = DIRECTION ( 'NONE',  ( 3.675261601645779967E-17, 0.000000000000000000, 1.000000000000000000 ) ) ;
#756 = DIRECTION ( 'NONE',  ( 1.000000000000000000, -6.377659838150020064E-17, -9.343242246769421254E-16 ) ) ;
#757 = CARTESIAN_POINT ( 'NONE',  ( -2.700000000000000178, 3.950000000000000178, 3.500000000000000000 ) ) ;
#758 = AXIS2_PLACEMENT_3D ( 'NONE', #1568, #3105, #4537 ) ;
#759 = CARTESIAN_POINT ( 'NONE',  ( 0.2999999999999999889, 12.00000000000000000, 1.800000000000000044 ) ) ;
#760 = VERTEX_POINT ( 'NONE', #7843 ) ;
#761 = EDGE_CURVE ( 'NONE', #2712, #9395, #4764, .T. ) ;
#762 = EDGE_CURVE ( 'NONE', #3520, #2650, #4463, .T. ) ;
#763 = DIRECTION ( 'NONE',  ( -1.776356839400249824E-16, 0.000000000000000000, 1.000000000000000000 ) ) ;
#764 = VECTOR ( 'NONE', #755, 1000.000000000000000 ) ;
#765 = CARTESIAN_POINT ( 'NONE',  ( 9.500000000000000000, 5.000000000000000000, 0.000000000000000000 ) ) ;
#766 = CARTESIAN_POINT ( 'NONE',  ( 3.442242581554070036, 7.914357045230709709, -3.786772012306479862 ) ) ;
#767 = EDGE_CURVE ( 'NONE', #1790, #9213, #9533, .T. ) ;
#768 = DIRECTION ( 'NONE',  ( 1.000000000000000000, 0.000000000000000000, 9.856383386231849706E-16 ) ) ;
#769 = CARTESIAN_POINT ( 'NONE',  ( -11.46738209570190037, 3.149999999999999911, -1.976314594173340211 ) ) ;
#770 = FACE_OUTER_BOUND ( 'NONE', #252, .T. ) ;
#771 = VERTEX_POINT ( 'NONE', #299 ) ;
#772 = EDGE_LOOP ( 'NONE', ( #7219, #288, #9066, #6438 ) ) ;
#773 = EDGE_LOOP ( 'NONE', ( #3984, #5762, #1240, #556 ) ) ;
#774 = EDGE_LOOP ( 'NONE', ( #431, #8027, #1763 ) ) ;
#775 = CARTESIAN_POINT ( 'NONE',  ( 6.200000000000000178, -1.699999999999999956, 1.350000000000000089 ) ) ;
#776 = CIRCLE ( 'NONE', #3616, 0.1269558987526488991 ) ;
#777 = AXIS2_PLACEMENT_3D ( 'NONE', #9766, #3074, #7386 ) ;
#778 = DIRECTION ( 'NONE',  ( 0.000000000000000000, -1.000000000000000000, 0.000000000000000000 ) ) ;
#779 = DIRECTION ( 'NONE',  ( -1.858632295689409725E-16, 0.000000000000000000, 1.000000000000000000 ) ) ;
#780 = CARTESIAN_POINT ( 'NONE',  ( -11.46423078997079870, 4.750000000000000000, -2.003085655970589851 ) ) ;
#781 = VERTEX_POINT ( 'NONE', #6992 ) ;
#782 = VERTEX_POINT ( 'NONE', #9378 ) ;
#783 = VERTEX_POINT ( 'NONE', #2532 ) ;
#784 = B_SPLINE_CURVE_WITH_KNOTS ( 'NONE', 3,
 ( #4681, #2309, #6169, #2453, #6910, #1711, #3187, #6856, #7707, #9149, #8551, #5329, #3929, #4726, #3236, #2360 ),
 .UNSPECIFIED., .F., .F.,
 ( 4, 2, 2, 2, 2, 2, 2, 4 ),
 ( 0.08244218544149291283, 0.08305042547241170414, 0.1007013897184040052, 0.1194200968435659982, 0.1402624053007059945, 0.1525375126718330199, 0.1648534115300940017, 0.1652038746751119946 ),
 .UNSPECIFIED. ) ;
#785 = EDGE_CURVE ( 'NONE', #7397, #1511, #8636, .T. ) ;
#786 = DIRECTION ( 'NONE',  ( -0.1169059789102745300, 0.000000000000000000, 0.9931429867320367144 ) ) ;
#787 = AXIS2_PLACEMENT_3D ( 'NONE', #9693, #4388, #473 ) ;
#788 = DIRECTION ( 'NONE',  ( 0.000000000000000000, -1.000000000000000000, 0.000000000000000000 ) ) ;
#789 = CARTESIAN_POINT ( 'NONE',  ( -11.56022376417530140, -3.250000000000000000, -1.660970681948839900 ) ) ;
#790 = EDGE_CURVE ( 'NONE', #3445, #1646, #3985, .T. ) ;
#791 = CYLINDRICAL_SURFACE ( 'NONE', #7942, 2.250000000000000000 ) ;
#792 = AXIS2_PLACEMENT_3D ( 'NONE', #7500, #6654, #7452 ) ;
#793 = VECTOR ( 'NONE', #512, 999.9999999999998863 ) ;
#794 = FACE_OUTER_BOUND ( 'NONE', #3834, .T. ) ;
#795 = CARTESIAN_POINT ( 'NONE',  ( 12.69999999999999929, -8.673617379884039416E-16, -2.250000000000000000 ) ) ;
#796 = LINE ( 'NONE', #5964, #3054 ) ;
#797 = DIRECTION ( 'NONE',  ( -0.004218976193204673764, 0.000000000000000000, -0.9999911000803363148 ) ) ;
#798 = EDGE_LOOP ( 'NONE', ( #3736, #3662, #3109, #1521 ) ) ;
#799 = ORIENTED_EDGE ( 'NONE', *, *, #1404, .T. ) ;
#800 = ADVANCED_FACE ( 'NONE', ( #1099 ), #7790, .F. ) ;
#801 = ORIENTED_EDGE ( 'NONE', *, *, #8206, .T. ) ;
#802 = DIRECTION ( 'NONE',  ( 0.000000000000000000, 0.000000000000000000, -1.000000000000000000 ) ) ;
#803 = DIRECTION ( 'NONE',  ( -0.7071067811865470176, -0.7071067811865480168, -5.969925923399180247E-16 ) ) ;
#804 = ADVANCED_FACE ( 'NONE', ( #4113, #3222 ), #6249, .F. ) ;
#805 = DIRECTION ( 'NONE',  ( 0.000000000000000000, 0.000000000000000000, -1.000000000000000000 ) ) ;
#806 = DIRECTION ( 'NONE',  ( -1.365923996832129884E-16, 0.000000000000000000, 1.000000000000000000 ) ) ;
#807 = DIRECTION ( 'NONE',  ( 0.000000000000000000, -1.000000000000000000, 0.000000000000000000 ) ) ;
#808 = CARTESIAN_POINT ( 'NONE',  ( 11.00000000000000000, -5.596261355944090354, 1.350000000000020073 ) ) ;
#809 = ORIENTED_EDGE ( 'NONE', *, *, #5025, .F. ) ;
#810 = CARTESIAN_POINT ( 'NONE',  ( -9.199999999999999289, 4.286263797015740046E-16, 4.000000000000000000 ) ) ;
#811 = CARTESIAN_POINT ( 'NONE',  ( -2.228285685708569552, 7.500000000000000000, 4.000000000000000000 ) ) ;
#812 = CYLINDRICAL_SURFACE ( 'NONE', #189, 2.700000000000000178 ) ;
#813 = AXIS2_PLACEMENT_3D ( 'NONE', #5109, #6684, #744 ) ;
#814 = DIRECTION ( 'NONE',  ( -9.856383386231849706E-16, -9.856383386231849706E-16, 1.000000000000000000 ) ) ;
#815 = CARTESIAN_POINT ( 'NONE',  ( 6.200000000000000178, 12.00000000000000000, 1.800000000000000044 ) ) ;
#816 = EDGE_CURVE ( 'NONE', #888, #8406, #8587, .T. ) ;
#817 = AXIS2_PLACEMENT_3D ( 'NONE', #8355, #763, #218 ) ;
#818 = CARTESIAN_POINT ( 'NONE',  ( 6.200000000000000178, -4.250000000000000000, 1.350000000000000089 ) ) ;
#819 = AXIS2_PLACEMENT_3D ( 'NONE', #8976, #7531, #6886 ) ;
#820 = ORIENTED_EDGE ( 'NONE', *, *, #2401, .T. ) ;
#821 = ORIENTED_EDGE ( 'NONE', *, *, #9305, .T. ) ;
#822 = ORIENTED_EDGE ( 'NONE', *, *, #1603, .F. ) ;
#823 = ADVANCED_FACE ( 'NONE', ( #4522 ), #5873, .F. ) ;
#824 = VECTOR ( 'NONE', #3732, 1000.000000000000000 ) ;
#825 = EDGE_LOOP ( 'NONE', ( #6082, #4375, #2331, #1779, #1721, #3199, #3495, #7717, #9701, #5766 ) ) ;
#826 = DIRECTION ( 'NONE',  ( 0.000000000000000000, 1.000000000000000000, 0.000000000000000000 ) ) ;
#827 = CARTESIAN_POINT ( 'NONE',  ( 0.2999999999999999889, -7.880196097281438661, 1.350000000000000089 ) ) ;
#828 = EDGE_CURVE ( 'NONE', #6664, #8211, #3019, .T. ) ;
#829 = DIRECTION ( 'NONE',  ( 1.365923996832129884E-16, 0.000000000000000000, -1.000000000000000000 ) ) ;
#830 = VECTOR ( 'NONE', #1226, 1000.000000000000000 ) ;
#831 = EDGE_CURVE ( 'NONE', #5247, #5703, #6064, .T. ) ;
#832 = FACE_OUTER_BOUND ( 'NONE', #5953, .T. ) ;
#833 = DIRECTION ( 'NONE',  ( -1.365923996832130130E-16, 0.000000000000000000, 1.000000000000000000 ) ) ;
#834 = ORIENTED_EDGE ( 'NONE', *, *, #109, .T. ) ;
#835 = ORIENTED_EDGE ( 'NONE', *, *, #4662, .T. ) ;
#836 = ORIENTED_EDGE ( 'NONE', *, *, #1264, .F. ) ;
#837 = ORIENTED_EDGE ( 'NONE', *, *, #4422, .T. ) ;
#838 = FACE_BOUND ( 'NONE', #5167, .T. ) ;
#840 = CIRCLE ( 'NONE', #7478, 0.4769558987526489324 ) ;
#839 = DIRECTION ( 'NONE',  ( 0.000000000000000000, -1.000000000000000000, 0.000000000000000000 ) ) ;
#841 = CARTESIAN_POINT ( 'NONE',  ( -1.450000000000000178, -3.950000000000000178, 3.950000000000000178 ) ) ;
#842 = CARTESIAN_POINT ( 'NONE',  ( -11.46738209570190037, 4.675365379185380199, -2.449999999999999734 ) ) ;
#843 = CARTESIAN_POINT ( 'NONE',  ( 2.049999999999999822, -3.950000000000005507, -2.599999999999998757 ) ) ;
#844 = CARTESIAN_POINT ( 'NONE',  ( 3.299999999999999822, -3.950000000000000178, -2.600000000000000089 ) ) ;
#845 = PLANE ( 'NONE',  #4319 ) ;
#846 = CARTESIAN_POINT ( 'NONE',  ( -9.199999999999999289, 4.286263797015740046E-16, -2.700000000000000178 ) ) ;
#847 = ORIENTED_EDGE ( 'NONE', *, *, #1528, .F. ) ;
#848 = DIRECTION ( 'NONE',  ( 0.000000000000000000, 0.000000000000000000, 1.000000000000000000 ) ) ;
#849 = CARTESIAN_POINT ( 'NONE',  ( -5.145272052113280203, -3.250000000000000000, -0.03079483887012009896 ) ) ;
#850 = CARTESIAN_POINT ( 'NONE',  ( 0.2999999999999999889, 7.380093002681798353, 3.988800627453518821 ) ) ;
#851 = ADVANCED_FACE ( 'NONE', ( #8890 ), #8196, .T. ) ;
#852 = EDGE_CURVE ( 'NONE', #1098, #4808, #2722, .T. ) ;
#853 = DIRECTION ( 'NONE',  ( -1.000000000000000000, -0.000000000000000000, -0.000000000000000000 ) ) ;
#854 = LINE ( 'NONE', #6120, #1869 ) ;
#855 = CIRCLE ( 'NONE', #7341, 0.1269558987526488991 ) ;
#856 = CARTESIAN_POINT ( 'NONE',  ( 2.899999999999999911, 4.349999999999999645, 1.649999999999999911 ) ) ;
#857 = CARTESIAN_POINT ( 'NONE',  ( -3.751592027150730146, -3.149999999999999911, -0.6297703348226999509 ) ) ;
#858 = VECTOR ( 'NONE', #520, 1000.000000000000114 ) ;
#859 = TOROIDAL_SURFACE ( 'NONE', #8146, 0.3769558987526489546, 0.1000000000000000056 ) ;
#860 = EDGE_CURVE ( 'NONE', #4041, #2157, #8, .T. ) ;
#861 = VERTEX_POINT ( 'NONE', #2241 ) ;
#862 = ORIENTED_EDGE ( 'NONE', *, *, #4703, .F. ) ;
#863 = ORIENTED_EDGE ( 'NONE', *, *, #7778, .F. ) ;
#864 = VECTOR ( 'NONE', #524, 1000.000000000000000 ) ;
#865 = CARTESIAN_POINT ( 'NONE',  ( -11.52314109194260006, 3.250000000000000000, -2.449999999999999734 ) ) ;
#866 = AXIS2_PLACEMENT_3D ( 'NONE', #6627, #8267, #5800 ) ;
#867 = CARTESIAN_POINT ( 'NONE',  ( -2.042242581554059910, 7.914357045230720367, 3.786772012306459878 ) ) ;
#868 = VECTOR ( 'NONE', #8778, 1000.000000000000000 ) ;
#869 = CARTESIAN_POINT ( 'NONE',  ( 3.399999999999999911, 8.000000000000000000, -3.500000000000000000 ) ) ;
#870 = FACE_BOUND ( 'NONE', #9724, .T. ) ;
#871 = CARTESIAN_POINT ( 'NONE',  ( 3.300000000000000266, -2.600000000000000533, 0.04999999999999599903 ) ) ;
#872 = VECTOR ( 'NONE', #5714, 1000.000000000000000 ) ;
#873 = CIRCLE ( 'NONE', #6406, 1.749999999999999778 ) ;
#874 = DIRECTION ( 'NONE',  ( 0.000000000000000000, 0.000000000000000000, 1.000000000000000000 ) ) ;
#875 = AXIS2_PLACEMENT_3D ( 'NONE', #7112, #1221, #5783 ) ;
#876 = ORIENTED_EDGE ( 'NONE', *, *, #2936, .T. ) ;
#877 = EDGE_CURVE ( 'NONE', #1339, #6273, #7797, .T. ) ;
#878 = VERTEX_POINT ( 'NONE', #6755 ) ;
#879 = ORIENTED_EDGE ( 'NONE', *, *, #1584, .F. ) ;
#880 = DIRECTION ( 'NONE',  ( 1.000000000000000000, 6.377659838150020064E-17, 0.000000000000000000 ) ) ;
#881 = EDGE_CURVE ( 'NONE', #6168, #1484, #7493, .T. ) ;
#882 = CIRCLE ( 'NONE', #2150, 0.02695589875264907398 ) ;
#883 = CARTESIAN_POINT ( 'NONE',  ( -0.8000000000000000444, 8.900000000000000355, -46.00000000000000000 ) ) ;
#884 = CARTESIAN_POINT ( 'NONE',  ( 6.484305967714649732, 7.825875356284650586, -3.885618546738410117 ) ) ;
#885 = DIRECTION ( 'NONE',  ( 2.005404828807244998E-16, 1.000000000000000000, 2.272792139314877862E-15 ) ) ;
#886 = PLANE ( 'NONE',  #3853 ) ;
#887 = VERTEX_POINT ( 'NONE', #2940 ) ;
#888 = VERTEX_POINT ( 'NONE', #2984 ) ;
#889 = ORIENTED_EDGE ( 'NONE', *, *, #665, .F. ) ;
#890 = ORIENTED_EDGE ( 'NONE', *, *, #1113, .T. ) ;
#891 = DIRECTION ( 'NONE',  ( -1.000000000000000000, 0.000000000000000000, 0.000000000000000000 ) ) ;
#892 = EDGE_CURVE ( 'NONE', #9795, #985, #3768, .T. ) ;
#893 = DATE_AND_TIME ( #5548, #7787 ) ;
#894 = EDGE_CURVE ( 'NONE', #5430, #2721, #7314, .T. ) ;
#895 = DIRECTION ( 'NONE',  ( 1.734723475976839881E-16, 0.000000000000000000, -1.000000000000000000 ) ) ;
#896 = DIRECTION ( 'NONE',  ( 1.000000000000000000, 0.000000000000000000, 0.000000000000000000 ) ) ;
#897 = AXIS2_PLACEMENT_3D ( 'NONE', #6226, #4694, #6323 ) ;
#898 = DIRECTION ( 'NONE',  ( -0.5780173407803390617, 0.000000000000000000, 0.8160244811016550415 ) ) ;
#899 = CARTESIAN_POINT ( 'NONE',  ( 0.2999999999999999889, 7.229670691150990258, 4.000000000000000000 ) ) ;
#900 = CARTESIAN_POINT ( 'NONE',  ( 3.299999999999999822, 3.950000000000000178, 1.800000000000000044 ) ) ;
#901 = CARTESIAN_POINT ( 'NONE',  ( 3.299999999999999822, -3.950000000000000178, -2.600000000000000089 ) ) ;
#902 = ORIENTED_EDGE ( 'NONE', *, *, #9347, .F. ) ;
#903 = ORIENTED_EDGE ( 'NONE', *, *, #7485, .F. ) ;
#904 = EDGE_LOOP ( 'NONE', ( #9406, #2711, #1026, #2601 ) ) ;
#905 = CARTESIAN_POINT ( 'NONE',  ( -0.6999999999999999556, 1.699999999999999956, 0.000000000000000000 ) ) ;
#906 = CARTESIAN_POINT ( 'NONE',  ( -5.076849655035986508, 4.749221302633786834, 0.05000000000000999478 ) ) ;
#907 = CARTESIAN_POINT ( 'NONE',  ( 5.250000000000000000, -12.05000000000000071, 1.350000000000000089 ) ) ;
#908 = FACE_OUTER_BOUND ( 'NONE', #7725, .T. ) ;
#909 = PLANE ( 'NONE',  #8994 ) ;
#910 = DIRECTION ( 'NONE',  ( -1.000000000000000000, 0.000000000000000000, 0.000000000000000000 ) ) ;
#911 = CARTESIAN_POINT ( 'NONE',  ( -2.700000000000000178, 1.224646799147349904E-15, 4.000000000000000000 ) ) ;
#912 = VERTEX_POINT ( 'NONE', #8990 ) ;
#913 = EDGE_CURVE ( 'NONE', #3545, #7065, #4424, .T. ) ;
#914 = FACE_OUTER_BOUND ( 'NONE', #5170, .T. ) ;
#915 = CARTESIAN_POINT ( 'NONE',  ( -12.20000000000000107, -6.150000000000000355, 0.04999999999999619332 ) ) ;
#916 = FACE_OUTER_BOUND ( 'NONE', #8127, .T. ) ;
#917 = DIRECTION ( 'NONE',  ( 0.000000000000000000, 1.110223024625160090E-15, -1.000000000000000000 ) ) ;
#918 = FACE_OUTER_BOUND ( 'NONE', #5582, .T. ) ;
#919 = VECTOR ( 'NONE', #6951, 999.9999999999998863 ) ;
#920 = EDGE_CURVE ( 'NONE', #2498, #8670, #4004, .T. ) ;
#921 = PLANE ( 'NONE',  #3436 ) ;
#922 = ORIENTED_EDGE ( 'NONE', *, *, #9730, .T. ) ;
#923 = AXIS2_PLACEMENT_3D ( 'NONE', #1160, #1215, #6456 ) ;
#924 = ORIENTED_EDGE ( 'NONE', *, *, #6852, .F. ) ;
#925 = ADVANCED_FACE ( 'NONE', ( #3032 ), #1365, .F. ) ;
#926 = ORIENTED_EDGE ( 'NONE', *, *, #6026, .F. ) ;
#927 = FACE_OUTER_BOUND ( 'NONE', #9541, .T. ) ;
#928 = EDGE_CURVE ( 'NONE', #4587, #3699, #653, .T. ) ;
#929 = DIRECTION ( 'NONE',  ( 0.9999911000803364258, 0.000000000000000000, -0.004218976193204337227 ) ) ;
#930 = DIRECTION ( 'NONE',  ( -1.275531967630029897E-16, -1.000000000000000000, -2.294126247091830304E-15 ) ) ;
#931 = LINE ( 'NONE', #1628, #1615 ) ;
#932 = DIRECTION ( 'NONE',  ( -1.000000000000000000, -6.377659838150020064E-17, 0.000000000000000000 ) ) ;
#933 = VERTEX_POINT ( 'NONE', #2196 ) ;
#934 = EDGE_CURVE ( 'NONE', #4281, #4448, #5223, .T. ) ;
#935 = ORIENTED_EDGE ( 'NONE', *, *, #9797, .T. ) ;
#936 = VERTEX_POINT ( 'NONE', #3666 ) ;
#937 = ORIENTED_EDGE ( 'NONE', *, *, #4028, .T. ) ;
#938 = VECTOR ( 'NONE', #5121, 1000.000000000000000 ) ;
#939 = PLANE ( 'NONE',  #3862 ) ;
#940 = VECTOR ( 'NONE', #2752, 1000.000000000000000 ) ;
#941 = PERSON_AND_ORGANIZATION_ROLE ( 'classification_officer' ) ;
#942 = VECTOR ( 'NONE', #43, 1000.000000000000114 ) ;
#943 =( BOUNDED_CURVE ( )  B_SPLINE_CURVE ( 3, ( #7480, #6591, #593, #2230 ),
 .UNSPECIFIED., .F., .F. ) 
 B_SPLINE_CURVE_WITH_KNOTS ( ( 4, 4 ),
 ( 3.141592653589795336, 4.365178242916009310 ),
 .UNSPECIFIED. ) 
 CURVE ( )  GEOMETRIC_REPRESENTATION_ITEM ( )  RATIONAL_B_SPLINE_CURVE ( ( 1.000000000000000000, 0.8790797783002066712, 0.8790797783002066712, 1.000000000000000000 ) ) 
 REPRESENTATION_ITEM ( '' )  );
#944 = VECTOR ( 'NONE', #4065, 1000.000000000000000 ) ;
#945 = DIRECTION ( 'NONE',  ( 0.000000000000000000, 0.000000000000000000, -1.000000000000000000 ) ) ;
#946 = LINE ( 'NONE', #2428, #4051 ) ;
#947 = CARTESIAN_POINT ( 'NONE',  ( -6.672013369141700309E-16, 0.000000000000000000, 3.950000000000000178 ) ) ;
#948 = DIRECTION ( 'NONE',  ( 1.000000000000000000, 0.000000000000000000, 1.365923996832129884E-16 ) ) ;
#949 = CARTESIAN_POINT ( 'NONE',  ( 4.549999999999999822, 3.950000000000000178, -3.149999999999999911 ) ) ;
#950 = EDGE_CURVE ( 'NONE', #2551, #1918, #4958, .T. ) ;
#951 = ORIENTED_EDGE ( 'NONE', *, *, #8318, .T. ) ;
#952 = ADVANCED_FACE ( 'NONE', ( #9287 ), #208, .F. ) ;
#953 = CIRCLE ( 'NONE', #5063, 5.895623928210660836 ) ;
#954 = ORIENTED_EDGE ( 'NONE', *, *, #1732, .F. ) ;
#955 = PLANE ( 'NONE',  #3941 ) ;
#956 = CARTESIAN_POINT ( 'NONE',  ( -4.894548371762245331, -4.736604447904547044, 0.04999940578955855419 ) ) ;
#957 = CARTESIAN_POINT ( 'NONE',  ( 0.2999999999999999334, 7.871846420387154097, 3.589505537484461328 ) ) ;
#958 = DIRECTION ( 'NONE',  ( 0.000000000000000000, 1.000000000000000000, 9.637352644315590806E-16 ) ) ;
#959 = DIRECTION ( 'NONE',  ( -0.000000000000000000, 1.000000000000000000, 0.000000000000000000 ) ) ;
#960 = DIRECTION ( 'NONE',  ( -1.000000000000000000, -0.000000000000000000, -0.000000000000000000 ) ) ;
#961 = FACE_OUTER_BOUND ( 'NONE', #5532, .T. ) ;
#962 = ADVANCED_FACE ( 'NONE', ( #5410 ), #6118, .F. ) ;
#963 = VERTEX_POINT ( 'NONE', #1702 ) ;
#964 = ORIENTED_EDGE ( 'NONE', *, *, #6270, .T. ) ;
#965 = CARTESIAN_POINT ( 'NONE',  ( -4.616776270830606599, -3.149999999999999023, -1.288757631197275044 ) ) ;
#966 = CARTESIAN_POINT ( 'NONE',  ( -11.46738209570190037, -3.250000000000000000, -2.153270492925979163 ) ) ;
#967 = DIRECTION ( 'NONE',  ( -1.000000000000000000, 0.000000000000000000, 0.000000000000000000 ) ) ;
#968 = LINE ( 'NONE', #8508, #7518 ) ;
#969 = DIRECTION ( 'NONE',  ( 1.000000000000000000, 0.000000000000000000, 0.000000000000000000 ) ) ;
#970 = ORIENTED_EDGE ( 'NONE', *, *, #1831, .T. ) ;
#971 = VERTEX_POINT ( 'NONE', #9187 ) ;
#972 = ORIENTED_EDGE ( 'NONE', *, *, #2133, .T. ) ;
#973 = ADVANCED_FACE ( 'NONE', ( #161 ), #6298, .F. ) ;
#974 = CARTESIAN_POINT ( 'NONE',  ( -12.69999999999999929, -7.500000000000000000, 4.000000000000000000 ) ) ;
#975 = CIRCLE ( 'NONE', #1770, 0.7500000000000000000 ) ;
#976 = CARTESIAN_POINT ( 'NONE',  ( -12.69999999999999929, 7.500000000000000000, -4.000000000000000000 ) ) ;
#977 = DIRECTION ( 'NONE',  ( -1.000000000000000000, 0.000000000000000000, -1.365923996832129884E-16 ) ) ;
#978 = VECTOR ( 'NONE', #2086, 1000.000000000000000 ) ;
#979 = PLANE ( 'NONE',  #9377 ) ;
#980 = DIRECTION ( 'NONE',  ( -1.000000000000000000, 0.000000000000000000, -1.776356839400249577E-16 ) ) ;
#981 = ORIENTED_EDGE ( 'NONE', *, *, #1725, .F. ) ;
#982 = VERTEX_POINT ( 'NONE', #5464 ) ;
#983 = ORIENTED_EDGE ( 'NONE', *, *, #2811, .T. ) ;
#984 = CIRCLE ( 'NONE', #6048, 0.1000000000000003109 ) ;
#985 = VERTEX_POINT ( 'NONE', #4017 ) ;
#986 = ORIENTED_EDGE ( 'NONE', *, *, #7891, .F. ) ;
#987 = EDGE_CURVE ( 'NONE', #8466, #887, #3137, .T. ) ;
#988 = CARTESIAN_POINT ( 'NONE',  ( 4.792481155659929826, 6.200000000000000178, 0.5500000000000210276 ) ) ;
#989 = EDGE_CURVE ( 'NONE', #273, #2509, #7779, .T. ) ;
#990 =( NAMED_UNIT ( * ) SI_UNIT ( $, .STERADIAN. ) SOLID_ANGLE_UNIT ( ) );
#991 = VECTOR ( 'NONE', #5558, 1000.000000000000000 ) ;
#992 = VECTOR ( 'NONE', #6515, 1000.000000000000000 ) ;
#993 = CARTESIAN_POINT ( 'NONE',  ( -5.083698756151719955, 3.149999999999999911, -0.2230936816746900142 ) ) ;
#994 = CARTESIAN_POINT ( 'NONE',  ( -11.46738209570190037, -3.149999999999999911, -2.026314594173330264 ) ) ;
#995 = DIRECTION ( 'NONE',  ( 0.000000000000000000, 0.000000000000000000, 1.000000000000000000 ) ) ;
#996 = PLANE ( 'NONE',  #361 ) ;
#997 = CARTESIAN_POINT ( 'NONE',  ( 6.200000000000000178, -1.699999999999999956, 1.350000000000000089 ) ) ;
#998 = VERTEX_POINT ( 'NONE', #7698 ) ;
#999 = ORIENTED_EDGE ( 'NONE', *, *, #2426, .T. ) ;
#1000 = ORIENTED_EDGE ( 'NONE', *, *, #3071, .T. ) ;
#1001 = VECTOR ( 'NONE', #6938, 1000.000000000000000 ) ;
#1002 = EDGE_CURVE ( 'NONE', #6750, #7824, #3273, .T. ) ;
#1003 = EDGE_LOOP ( 'NONE', ( #8706, #4895, #8599, #4090 ) ) ;
#1004 = LINE ( 'NONE', #350, #6013 ) ;
#1005 = EDGE_CURVE ( 'NONE', #7271, #9371, #6948, .T. ) ;
#1006 = LINE ( 'NONE', #3967, #4239 ) ;
#1007 = CARTESIAN_POINT ( 'NONE',  ( 0.3000000000000000444, 7.593002781495425069, 3.906843293511909287 ) ) ;
#1008 = DIRECTION ( 'NONE',  ( -0.2462931838462509293, 0.000000000000000000, 0.9691953712182476144 ) ) ;
#1009 = CARTESIAN_POINT ( 'NONE',  ( -5.059069437767100830, -4.649999999999999467, -0.3700132187965000097 ) ) ;
#1010 = DIRECTION ( 'NONE',  ( 0.000000000000000000, -1.000000000000000000, 0.000000000000000000 ) ) ;
#1011 = FACE_OUTER_BOUND ( 'NONE', #7246, .T. ) ;
#1012 = ORIENTED_EDGE ( 'NONE', *, *, #3721, .F. ) ;
#1013 = ORIENTED_EDGE ( 'NONE', *, *, #4507, .T. ) ;
#1014 = ORIENTED_EDGE ( 'NONE', *, *, #3285, .F. ) ;
#1015 = CARTESIAN_POINT ( 'NONE',  ( -4.644516500728250286, 4.750000000000000000, 0.01709246657714990139 ) ) ;
#1016 = CARTESIAN_POINT ( 'NONE',  ( -6.359745509654959328, -4.750000000000000000, -1.804637193035420140 ) ) ;
#1017 = EDGE_CURVE ( 'NONE', #6653, #8960, #1161, .T. ) ;
#1018 = EDGE_CURVE ( 'NONE', #3588, #5691, #3815, .T. ) ;
#1019 = DIRECTION ( 'NONE',  ( -1.000000000000000000, 0.000000000000000000, 0.000000000000000000 ) ) ;
#1020 = CIRCLE ( 'NONE', #4965, 1.300000000000000044 ) ;
#1021 = CARTESIAN_POINT ( 'NONE',  ( 2.899999999999999911, 4.349999999999999645, 1.649999999999999911 ) ) ;
#1022 = DIRECTION ( 'NONE',  ( -3.675261601645779967E-17, 0.000000000000000000, -1.000000000000000000 ) ) ;
#1023 = AXIS2_PLACEMENT_3D ( 'NONE', #5493, #932, #186 ) ;
#1024 = ORIENTED_EDGE ( 'NONE', *, *, #7356, .T. ) ;
#1025 = AXIS2_PLACEMENT_3D ( 'NONE', #7735, #1641, #2525 ) ;
#1026 = ORIENTED_EDGE ( 'NONE', *, *, #6663, .F. ) ;
#1027 = VECTOR ( 'NONE', #9268, 1000.000000000000000 ) ;
#1028 = ORIENTED_EDGE ( 'NONE', *, *, #7306, .F. ) ;
#1029 = CARTESIAN_POINT ( 'NONE',  ( -11.52314109194260006, 3.250000000000000000, -2.449999999999999734 ) ) ;
#1030 = ORIENTED_EDGE ( 'NONE', *, *, #8288, .T. ) ;
#1031 = AXIS2_PLACEMENT_3D ( 'NONE', #1193, #2031, #4156 ) ;
#1032 = CIRCLE ( 'NONE', #2299, 6.500000000000000000 ) ;
#1033 = VECTOR ( 'NONE', #3689, 1000.000000000000000 ) ;
#1034 = DIRECTION ( 'NONE',  ( 0.000000000000000000, 2.294126247091830304E-15, -1.000000000000000000 ) ) ;
#1035 = CARTESIAN_POINT ( 'NONE',  ( -2.000000000000000000, 8.000000000000000000, -3.500000000000000000 ) ) ;
#1036 = DIRECTION ( 'NONE',  ( 0.000000000000000000, -1.000000000000000000, -8.725142821606440391E-16 ) ) ;
#1037 = CARTESIAN_POINT ( 'NONE',  ( -3.662530198512150115, -3.149999999999999911, -0.2912913979897699956 ) ) ;
#1038 = ORIENTED_EDGE ( 'NONE', *, *, #6276, .T. ) ;
#1039 = VERTEX_POINT ( 'NONE', #6846 ) ;
#1040 = ORIENTED_EDGE ( 'NONE', *, *, #9484, .F. ) ;
#1041 = EDGE_LOOP ( 'NONE', ( #8342, #6045, #4500, #4230 ) ) ;
#1042 = EDGE_LOOP ( 'NONE', ( #8512, #6351, #12, #81 ) ) ;
#1043 = LINE ( 'NONE', #6188, #8152 ) ;
#1044 = AXIS2_PLACEMENT_3D ( 'NONE', #3525, #3620, #5020 ) ;
#1045 = EDGE_CURVE ( 'NONE', #9109, #783, #2349, .T. ) ;
#1046 = EDGE_CURVE ( 'NONE', #2963, #8839, #3867, .T. ) ;
#1047 = CARTESIAN_POINT ( 'NONE',  ( -4.000000000000000000, 1.383850883036505715E-15, -10.00000000000000000 ) ) ;
#1048 = CARTESIAN_POINT ( 'NONE',  ( -11.47402114982909893, -4.649999999999999467, -2.000189061875230045 ) ) ;
#1049 = EDGE_CURVE ( 'NONE', #6195, #6032, #4669, .T. ) ;
#1050 = AXIS2_PLACEMENT_3D ( 'NONE', #7138, #2441, #7045 ) ;
#1051 = PLANE ( 'NONE',  #4628 ) ;
#1052 = DIRECTION ( 'NONE',  ( -1.656580215914899728E-16, 0.000000000000000000, 1.000000000000000000 ) ) ;
#1053 = ORIENTED_EDGE ( 'NONE', *, *, #6069, .F. ) ;
#1054 = VERTEX_POINT ( 'NONE', #1245 ) ;
#1055 = VERTEX_POINT ( 'NONE', #7188 ) ;
#1056 = DIRECTION ( 'NONE',  ( 0.000000000000000000, 1.000000000000000000, 0.000000000000000000 ) ) ;
#1057 = AXIS2_PLACEMENT_3D ( 'NONE', #2714, #6529, #4298 ) ;
#1058 = DIRECTION ( 'NONE',  ( -1.365923996832129884E-16, 0.000000000000000000, 1.000000000000000000 ) ) ;
#1059 = DIRECTION ( 'NONE',  ( 1.000000000000000000, 0.000000000000000000, -9.540979117872437047E-16 ) ) ;
#1060 = FACE_OUTER_BOUND ( 'NONE', #7003, .T. ) ;
#1061 = CARTESIAN_POINT ( 'NONE',  ( -3.751592027150730146, 4.649999999999999467, -0.5797703348227100095 ) ) ;
#1062 = ADVANCED_FACE ( 'NONE', ( #6344 ), #5756, .T. ) ;
#1063 = DIRECTION ( 'NONE',  ( 1.734723475976839881E-16, 0.000000000000000000, -1.000000000000000000 ) ) ;
#1064 = CARTESIAN_POINT ( 'NONE',  ( 3.597333865338049996, -7.573611609617840301, -3.999535118193090266 ) ) ;
#1065 = EDGE_CURVE ( 'NONE', #1186, #9651, #2680, .T. ) ;
#1066 = ORIENTED_EDGE ( 'NONE', *, *, #6009, .T. ) ;
#1067 = VERTEX_POINT ( 'NONE', #9476 ) ;
#1068 = DIRECTION ( 'NONE',  ( 0.000000000000000000, 1.000000000000000000, 0.000000000000000000 ) ) ;
#1069 = DIRECTION ( 'NONE',  ( 0.000000000000000000, 0.000000000000000000, -1.000000000000000000 ) ) ;
#1070 = DIRECTION ( 'NONE',  ( 0.000000000000000000, -1.000000000000000000, 0.000000000000000000 ) ) ;
#1071 = LINE ( 'NONE', #7058, #3395 ) ;
#1072 = DIRECTION ( 'NONE',  ( -1.365923996832129884E-16, 0.000000000000000000, 1.000000000000000000 ) ) ;
#1074 = EDGE_LOOP ( 'NONE', ( #3614, #6262 ) ) ;
#1073 = ADVANCED_FACE ( 'NONE', ( #8783 ), #8589, .F. ) ;
#1075 = ADVANCED_FACE ( 'NONE', ( #402 ), #8639, .T. ) ;
#1076 = ORIENTED_EDGE ( 'NONE', *, *, #3035, .T. ) ;
#1077 = ORIENTED_EDGE ( 'NONE', *, *, #9198, .F. ) ;
#1078 = CARTESIAN_POINT ( 'NONE',  ( -11.51579293296729922, -4.662956099268639854, -2.500000000000000000 ) ) ;
#1079 = ORIENTED_EDGE ( 'NONE', *, *, #3808, .T. ) ;
#1080 = TOROIDAL_SURFACE ( 'NONE', #8199, 1.000000000000000000, 0.1000000000000000056 ) ;
#1081 = FACE_BOUND ( 'NONE', #1332, .T. ) ;
#1082 = LINE ( 'NONE', #523, #3348 ) ;
#1083 = DIRECTION ( 'NONE',  ( 1.000000000000000000, 0.000000000000000000, 3.336006684570782608E-16 ) ) ;
#1084 = VECTOR ( 'NONE', #76, 1000.000000000000000 ) ;
#1085 = DIRECTION ( 'NONE',  ( 0.000000000000000000, 0.000000000000000000, -1.000000000000000000 ) ) ;
#1086 = ORIENTED_EDGE ( 'NONE', *, *, #279, .T. ) ;
#1087 = ORIENTED_EDGE ( 'NONE', *, *, #5008, .F. ) ;
#1088 = ORIENTED_EDGE ( 'NONE', *, *, #8950, .T. ) ;
#1089 = ORIENTED_EDGE ( 'NONE', *, *, #6069, .T. ) ;
#1090 = CARTESIAN_POINT ( 'NONE',  ( -1.515728071767300067, -3.550000000000000266, 3.500000000000000000 ) ) ;
#1091 = MECHANICAL_CONTEXT ( 'NONE', #2815, 'mechanical' ) ;
#1092 = LINE ( 'NONE', #4106, #4851 ) ;
#1093 = CARTESIAN_POINT ( 'NONE',  ( 0.8895002475480220383, -7.769467990233830612, -3.926640469039599957 ) ) ;
#1094 = CYLINDRICAL_SURFACE ( 'NONE', #4159, 1.500000000000000000 ) ;
#1095 = DIRECTION ( 'NONE',  ( 0.000000000000000000, 8.725142821606440391E-16, -1.000000000000000000 ) ) ;
#1096 = ORIENTED_EDGE ( 'NONE', *, *, #8978, .T. ) ;
#1097 = VERTEX_POINT ( 'NONE', #9380 ) ;
#1098 = VERTEX_POINT ( 'NONE', #2727 ) ;
#1099 = FACE_OUTER_BOUND ( 'NONE', #4110, .T. ) ;
#1100 = EDGE_CURVE ( 'NONE', #9351, #3027, #4455, .T. ) ;
#1101 = SPHERICAL_SURFACE ( 'NONE', #3778, 6.500000000000000000 ) ;
#1102 = DIRECTION ( 'NONE',  ( 1.000000000000000000, 0.000000000000000000, 0.000000000000000000 ) ) ;
#1103 = CARTESIAN_POINT ( 'NONE',  ( 10.69999999999999929, 8.000000000000000000, 0.000000000000000000 ) ) ;
#1104 = DIRECTION ( 'NONE',  ( 0.2544623675387880923, 0.000000000000000000, 0.9670826766655241657 ) ) ;
#1105 = AXIS2_PLACEMENT_3D ( 'NONE', #1991, #8782, #3466 ) ;
#1106 = DIRECTION ( 'NONE',  ( 0.000000000000000000, 0.000000000000000000, 1.000000000000000000 ) ) ;
#1107 = EDGE_CURVE ( 'NONE', #5454, #3245, #6199, .T. ) ;
#1108 = DIRECTION ( 'NONE',  ( 0.7071067811865480168, 8.659560562354939021E-17, -0.7071067811865470176 ) ) ;
#1109 = ORIENTED_EDGE ( 'NONE', *, *, #6061, .F. ) ;
#1110 = ORIENTED_EDGE ( 'NONE', *, *, #7151, .T. ) ;
#1111 = ORIENTED_EDGE ( 'NONE', *, *, #6914, .F. ) ;
#1112 = CARTESIAN_POINT ( 'NONE',  ( 0.3000000000000000444, -7.715598286061775113, 3.822491755215665421 ) ) ;
#1113 = EDGE_CURVE ( 'NONE', #4041, #6750, #9052, .T. ) ;
#1114 = DIRECTION ( 'NONE',  ( -1.000000000000000000, 0.000000000000000000, 0.000000000000000000 ) ) ;
#1115 = CARTESIAN_POINT ( 'NONE',  ( -12.69999999999999929, -5.200000000000000178, 4.392893407799020269E-17 ) ) ;
#1116 = DIRECTION ( 'NONE',  ( 0.000000000000000000, 1.000000000000000000, 0.000000000000000000 ) ) ;
#1117 = CARTESIAN_POINT ( 'NONE',  ( -4.896236533741446628, 3.250000000000000000, -0.2999959950361565930 ) ) ;
#1118 = AXIS2_PLACEMENT_3D ( 'NONE', #9589, #2796, #7252 ) ;
#1119 = ORIENTED_EDGE ( 'NONE', *, *, #3886, .F. ) ;
#1120 = ORIENTED_EDGE ( 'NONE', *, *, #1113, .F. ) ;
#1121 = CARTESIAN_POINT ( 'NONE',  ( -4.894759892073825114, -4.649999999999999467, 8.899919709624143360E-07 ) ) ;
#1122 = DIRECTION ( 'NONE',  ( -1.741690236924499901E-16, 0.000000000000000000, 1.000000000000000000 ) ) ;
#1123 = EDGE_CURVE ( 'NONE', #64, #5652, #4135, .T. ) ;
#1124 = DIRECTION ( 'NONE',  ( 1.000000000000000000, 0.000000000000000000, 0.000000000000000000 ) ) ;
#1125 = CARTESIAN_POINT ( 'NONE',  ( -12.69999999999999929, -5.200000000000000178, -0.8499999999999999778 ) ) ;
#1126 = CARTESIAN_POINT ( 'NONE',  ( -2.197333865399050179, 7.573611609484670382, -3.999535118193980221 ) ) ;
#1127 = ADVANCED_FACE ( 'NONE', ( #7286 ), #6443, .T. ) ;
#1128 = CARTESIAN_POINT ( 'NONE',  ( -4.898978868267030329, -3.149999999999999911, -0.9999902100883649725 ) ) ;
#1129 = EDGE_LOOP ( 'NONE', ( #3383, #38, #6326, #8259, #8632, #6525, #7486 ) ) ;
#1130 = EDGE_LOOP ( 'NONE', ( #2761, #8741, #49, #6401, #4853, #4828, #9359, #4101, #7762, #2710 ) ) ;
#1131 = EDGE_LOOP ( 'NONE', ( #7167, #1066, #1548, #9590, #8145, #9349, #8681, #5741 ) ) ;
#1132 = ORIENTED_EDGE ( 'NONE', *, *, #8155, .T. ) ;
#1133 = DIRECTION ( 'NONE',  ( -1.000000000000000000, -9.149931283457318678E-17, 3.128579780658979875E-16 ) ) ;
#1134 = B_SPLINE_CURVE_WITH_KNOTS ( 'NONE', 3,
 ( #9164, #8421, #6227, #2471, #8516, #884, #6039, #3896, #5344, #1724, #4743, #7769 ),
 .UNSPECIFIED., .F., .F.,
 ( 4, 2, 2, 2, 2, 4 ),
 ( 0.08234836425293839968, 0.1000276145757899998, 0.1197853287241249925, 0.1418390686340270102, 0.1647276642588530182, 0.1650775929516319906 ),
 .UNSPECIFIED. ) ;
#1135 = EDGE_CURVE ( 'NONE', #6450, #8792, #7137, .T. ) ;
#1136 = ADVANCED_FACE ( 'NONE', ( #8041 ), #6539, .T. ) ;
#1137 = VECTOR ( 'NONE', #7533, 1000.000000000000000 ) ;
#1138 = CARTESIAN_POINT ( 'NONE',  ( -11.49865046821370207, 4.750000000000000000, -1.853269524753419883 ) ) ;
#1139 = CARTESIAN_POINT ( 'NONE',  ( 0.7726186979326249427, -7.502152352689080317, -3.999996525281999560 ) ) ;
#1140 = AXIS2_PLACEMENT_3D ( 'NONE', #5979, #8252, #6028 ) ;
#1141 = DIRECTION ( 'NONE',  ( 1.000000000000000000, 0.000000000000000000, 0.000000000000000000 ) ) ;
#1142 = DIRECTION ( 'NONE',  ( -0.9691953712182476144, 0.000000000000000000, -0.2462931838462509293 ) ) ;
#1143 = ORIENTED_EDGE ( 'NONE', *, *, #1218, .F. ) ;
#1144 = VERTEX_POINT ( 'NONE', #5560 ) ;
#1145 = CARTESIAN_POINT ( 'NONE',  ( -5.233354133029915367, -4.669788613497186880, 0.04999999999999597128 ) ) ;
#1146 = AXIS2_PLACEMENT_3D ( 'NONE', #6616, #5272, #6804 ) ;
#1147 = DIRECTION ( 'NONE',  ( 1.334402673828309888E-16, 0.000000000000000000, -1.000000000000000000 ) ) ;
#1148 = DIRECTION ( 'NONE',  ( 0.000000000000000000, 8.725142821606440391E-16, -1.000000000000000000 ) ) ;
#1149 = FACE_OUTER_BOUND ( 'NONE', #5937, .T. ) ;
#1150 = DIRECTION ( 'NONE',  ( 0.000000000000000000, 0.000000000000000000, 1.000000000000000000 ) ) ;
#1151 = DIRECTION ( 'NONE',  ( -0.2462931838462421585, 0.000000000000000000, 0.9691953712182498348 ) ) ;
#1152 = DIRECTION ( 'NONE',  ( 0.000000000000000000, 0.000000000000000000, -1.000000000000000000 ) ) ;
#1153 = AXIS2_PLACEMENT_3D ( 'NONE', #8628, #2482, #200 ) ;
#1154 = ORIENTED_EDGE ( 'NONE', *, *, #3944, .T. ) ;
#1155 = ORIENTED_EDGE ( 'NONE', *, *, #4978, .F. ) ;
#1156 = ORIENTED_EDGE ( 'NONE', *, *, #9185, .T. ) ;
#1157 = PLANE ( 'NONE',  #686 ) ;
#1158 = EDGE_CURVE ( 'NONE', #8521, #5261, #8422, .T. ) ;
#1159 = VECTOR ( 'NONE', #5004, 1000.000000000000000 ) ;
#1160 = CARTESIAN_POINT ( 'NONE',  ( 9.500000000000000000, -5.000000000000000000, 38.50000000000000000 ) ) ;
#1161 = CIRCLE ( 'NONE', #8287, 5.895623928210663500 ) ;
#1162 = CARTESIAN_POINT ( 'NONE',  ( 0.2999999999999999889, -7.900000000000000355, 1.350000000000000089 ) ) ;
#1163 = CARTESIAN_POINT ( 'NONE',  ( -1.400000000000000133, 1.383850883036505715E-15, -2.699999999999999734 ) ) ;
#1164 = EDGE_CURVE ( 'NONE', #1055, #4372, #3320, .T. ) ;
#1165 = CIRCLE ( 'NONE', #6697, 1.499999999999999556 ) ;
#1166 = VERTEX_POINT ( 'NONE', #2631 ) ;
#1167 = ORIENTED_EDGE ( 'NONE', *, *, #8677, .F. ) ;
#1168 = DIRECTION ( 'NONE',  ( 0.000000000000000000, 1.000000000000000000, 0.000000000000000000 ) ) ;
#1169 = DIRECTION ( 'NONE',  ( 0.000000000000000000, 0.000000000000000000, -1.000000000000000000 ) ) ;
#1170 = AXIS2_PLACEMENT_3D ( 'NONE', #9709, #1532, #1389 ) ;
#1171 = CARTESIAN_POINT ( 'NONE',  ( 7.750000000000000000, -5.000000000000000000, -4.000000000000000000 ) ) ;
#1172 = CARTESIAN_POINT ( 'NONE',  ( -0.6999999999999999556, 5.599999999999999645, 0.000000000000000000 ) ) ;
#1173 = DIRECTION ( 'NONE',  ( 1.224646799147353207E-16, -1.000000000000000000, 8.366960451980876139E-33 ) ) ;
#1174 = EDGE_CURVE ( 'NONE', #564, #3588, #4163, .T. ) ;
#1175 = AXIS2_PLACEMENT_3D ( 'NONE', #3215, #5357, #3078 ) ;
#1176 = CARTESIAN_POINT ( 'NONE',  ( 6.200000000000000178, 6.200000000000000178, 0.5500000000000220268 ) ) ;
#1178 = ORIENTED_EDGE ( 'NONE', *, *, #8389, .T. ) ;
#1177 = AXIS2_PLACEMENT_3D ( 'NONE', #9542, #9498, #3487 ) ;
#1179 = VERTEX_POINT ( 'NONE', #3368 ) ;
#1180 = ORIENTED_EDGE ( 'NONE', *, *, #260, .F. ) ;
#1181 = ORIENTED_EDGE ( 'NONE', *, *, #4070, .F. ) ;
#1182 = ADVANCED_FACE ( 'NONE', ( #9430 ), #5659, .F. ) ;
#1183 = CONICAL_SURFACE ( 'NONE', #704, 1.299999999999999156, 0.7853981633974490562 ) ;
#1184 = ORIENTED_EDGE ( 'NONE', *, *, #8677, .T. ) ;
#1185 = CARTESIAN_POINT ( 'NONE',  ( -6.359745509654959328, -3.149999999999999911, -1.905327628688650021 ) ) ;
#1186 = VERTEX_POINT ( 'NONE', #8231 ) ;
#1187 = AXIS2_PLACEMENT_3D ( 'NONE', #9648, #1425, #6660 ) ;
#1188 = VECTOR ( 'NONE', #9611, 1000.000000000000000 ) ;
#1189 = AXIS2_PLACEMENT_3D ( 'NONE', #4360, #4908, #3365 ) ;
#1190 = CARTESIAN_POINT ( 'NONE',  ( -11.46738209570190037, -3.149999999999999911, -2.403270492925979607 ) ) ;
#1191 = DIRECTION ( 'NONE',  ( 0.000000000000000000, -1.000000000000000000, 0.000000000000000000 ) ) ;
#1192 = CARTESIAN_POINT ( 'NONE',  ( -4.723373834082018163, 4.748871732410269608, 0.05000000000001035561 ) ) ;
#1193 = CARTESIAN_POINT ( 'NONE',  ( 3.299999999999999822, 3.950000000000000178, -3.649999999999999911 ) ) ;
#1194 = VERTEX_POINT ( 'NONE', #8832 ) ;
#1195 = VECTOR ( 'NONE', #2687, 1000.000000000000000 ) ;
#1196 = AXIS2_PLACEMENT_3D ( 'NONE', #7710, #6961, #917 ) ;
#1197 = ORIENTED_EDGE ( 'NONE', *, *, #5482, .T. ) ;
#1198 = VERTEX_POINT ( 'NONE', #2830 ) ;
#1199 = AXIS2_PLACEMENT_3D ( 'NONE', #1834, #4854, #7878 ) ;
#1200 = EDGE_CURVE ( 'NONE', #2885, #4690, #3651, .T. ) ;
#1201 = ADVANCED_FACE ( 'NONE', ( #2971 ), #8737, .T. ) ;
#1202 = CARTESIAN_POINT ( 'NONE',  ( 3.299999999999999822, 3.950000000000000178, 0.5500000000000160316 ) ) ;
#1203 = FACE_OUTER_BOUND ( 'NONE', #2345, .T. ) ;
#1204 = CARTESIAN_POINT ( 'NONE',  ( -2.700000000000000178, 1.224646799147349904E-15, -10.00000000000000000 ) ) ;
#1205 = AXIS2_PLACEMENT_3D ( 'NONE', #1894, #8732, #497 ) ;
#1206 = CARTESIAN_POINT ( 'NONE',  ( -2.000000000000000000, 8.000000000000000000, 3.500000000000000000 ) ) ;
#1207 = CARTESIAN_POINT ( 'NONE',  ( -4.898978868267030329, 4.649999999999999467, -0.9499902100883750311 ) ) ;
#1208 = LINE ( 'NONE', #8090, #3205 ) ;
#1209 = CARTESIAN_POINT ( 'NONE',  ( -0.6999999999999999556, 6.200000000000000178, 0.000000000000000000 ) ) ;
#1210 = AXIS2_PLACEMENT_3D ( 'NONE', #4353, #6821, #31 ) ;
#1211 = ORIENTED_EDGE ( 'NONE', *, *, #6822, .T. ) ;
#1212 = VERTEX_POINT ( 'NONE', #5859 ) ;
#1213 = ORIENTED_EDGE ( 'NONE', *, *, #394, .T. ) ;
#1214 = DIRECTION ( 'NONE',  ( 0.000000000000000000, 0.000000000000000000, -1.000000000000000000 ) ) ;
#1215 = DIRECTION ( 'NONE',  ( 1.741690236924499901E-16, 0.000000000000000000, -1.000000000000000000 ) ) ;
#1216 = CARTESIAN_POINT ( 'NONE',  ( -11.42331369735220115, -4.649999999999999467, -2.400685701326789712 ) ) ;
#1217 = CARTESIAN_POINT ( 'NONE',  ( 6.078267593286840409, -9.622294280808849880E-16, -6.872739195077607621E-16 ) ) ;
#1218 = EDGE_CURVE ( 'NONE', #6361, #491, #3755, .T. ) ;
#1219 = ORIENTED_EDGE ( 'NONE', *, *, #8020, .F. ) ;
#1220 = ORIENTED_EDGE ( 'NONE', *, *, #4003, .T. ) ;
#1221 = DIRECTION ( 'NONE',  ( 1.734723475976839881E-16, 0.000000000000000000, -1.000000000000000000 ) ) ;
#1222 = ORIENTED_EDGE ( 'NONE', *, *, #7034, .T. ) ;
#1223 = EDGE_CURVE ( 'NONE', #4540, #7824, #184, .T. ) ;
#1224 = LINE ( 'NONE', #9543, #4266 ) ;
#1225 = DIRECTION ( 'NONE',  ( 0.2544623675387890915, 0.000000000000000000, 0.9670826766655239437 ) ) ;
#1226 = DIRECTION ( 'NONE',  ( -3.675261601645779967E-17, 0.000000000000000000, -1.000000000000000000 ) ) ;
#1227 = CARTESIAN_POINT ( 'NONE',  ( 6.200000000000000178, 1.750000000000000000, 0.5500000000000180300 ) ) ;
#1228 = DIRECTION ( 'NONE',  ( -3.675261601645779967E-17, 0.000000000000000000, -1.000000000000000000 ) ) ;
#1229 = ORIENTED_EDGE ( 'NONE', *, *, #3636, .F. ) ;
#1230 = VERTEX_POINT ( 'NONE', #642 ) ;
#1231 = ORIENTED_EDGE ( 'NONE', *, *, #5342, .T. ) ;
#1232 = ORIENTED_EDGE ( 'NONE', *, *, #7468, .F. ) ;
#1233 = ORIENTED_EDGE ( 'NONE', *, *, #6940, .T. ) ;
#1234 = CARTESIAN_POINT ( 'NONE',  ( -2.700000000000000178, 3.950000000000000178, 3.500000000000000000 ) ) ;
#1235 = EDGE_CURVE ( 'NONE', #7372, #9676, #943, .T. ) ;
#1236 = LINE ( 'NONE', #4249, #5801 ) ;
#1237 = DIRECTION ( 'NONE',  ( -1.000000000000000000, 0.000000000000000000, 0.000000000000000000 ) ) ;
#1238 = DIRECTION ( 'NONE',  ( 0.9670826766655241657, 0.000000000000000000, -0.2544623675387880923 ) ) ;
#1239 = FACE_OUTER_BOUND ( 'NONE', #1130, .T. ) ;
#1240 = ORIENTED_EDGE ( 'NONE', *, *, #3913, .T. ) ;
#1241 = VERTEX_POINT ( 'NONE', #3607 ) ;
#1242 = VECTOR ( 'NONE', #2794, 1000.000000000000000 ) ;
#1243 = FACE_OUTER_BOUND ( 'NONE', #2671, .T. ) ;
#1244 = CARTESIAN_POINT ( 'NONE',  ( -0.6999999999999999556, -3.149999999999999911, -0.4999951050441829303 ) ) ;
#1245 = CARTESIAN_POINT ( 'NONE',  ( -3.726145790396850010, -3.149999999999999911, -0.5330620671561500101 ) ) ;
#1246 = UNCERTAINTY_MEASURE_WITH_UNIT (LENGTH_MEASURE( 1.000000000000000082E-05 ), #9173, 'distance_accuracy_value', 'NONE');
#1247 = EDGE_CURVE ( 'NONE', #479, #8960, #6638, .T. ) ;
#1248 = CARTESIAN_POINT ( 'NONE',  ( -0.6999999999999999556, -4.799999999999999822, -0.8499999999999999778 ) ) ;
#1249 = LINE ( 'NONE', #6541, #5196 ) ;
#1250 = EDGE_CURVE ( 'NONE', #703, #7072, #9526, .T. ) ;
#1251 = DIRECTION ( 'NONE',  ( 2.659480039017769634E-16, -1.110223024625160090E-15, 1.000000000000000000 ) ) ;
#1252 = CARTESIAN_POINT ( 'NONE',  ( -11.41162309946109943, 3.250000000000000000, -2.449999999999999734 ) ) ;
#1253 = ADVANCED_FACE ( 'NONE', ( #5813 ), #6989, .T. ) ;
#1254 = ORIENTED_EDGE ( 'NONE', *, *, #1017, .F. ) ;
#1255 = ORIENTED_EDGE ( 'NONE', *, *, #6483, .F. ) ;
#1256 = ORIENTED_EDGE ( 'NONE', *, *, #9279, .T. ) ;
#1257 = CARTESIAN_POINT ( 'NONE',  ( -11.49865046821370207, 3.250000000000000000, -1.853269524753419883 ) ) ;
#1258 = CIRCLE ( 'NONE', #7107, 2.000000000000000000 ) ;
#1259 = DIRECTION ( 'NONE',  ( 0.000000000000000000, 0.000000000000000000, -1.000000000000000000 ) ) ;
#1260 = AXIS2_PLACEMENT_3D ( 'NONE', #2085, #5108, #4934 ) ;
#1261 = ADVANCED_FACE ( 'NONE', ( #2781 ), #7435, .F. ) ;
#1262 = DIRECTION ( 'NONE',  ( 0.000000000000000000, 0.000000000000000000, -1.000000000000000000 ) ) ;
#1263 = FACE_OUTER_BOUND ( 'NONE', #6403, .T. ) ;
#1264 = EDGE_CURVE ( 'NONE', #273, #2420, #9622, .T. ) ;
#1265 = EDGE_LOOP ( 'NONE', ( #3765, #6167, #2391, #7062 ) ) ;
#1266 = VECTOR ( 'NONE', #9000, 1000.000000000000000 ) ;
#1267 = ORIENTED_EDGE ( 'NONE', *, *, #2521, .T. ) ;
#1268 = LINE ( 'NONE', #5977, #7597 ) ;
#1269 = CIRCLE ( 'NONE', #792, 0.02695589875264907398 ) ;
#1270 = CIRCLE ( 'NONE', #8719, 2.499999999999999556 ) ;
#1271 = DIRECTION ( 'NONE',  ( -1.000000000000000000, 0.000000000000000000, -9.387283644590649326E-16 ) ) ;
#1272 = CARTESIAN_POINT ( 'NONE',  ( 3.700000000000000178, 3.550000000000000266, 1.649999999999999911 ) ) ;
#1273 = DIRECTION ( 'NONE',  ( 9.343242246769421254E-16, -2.294126247091830304E-15, 1.000000000000000000 ) ) ;
#1274 = DIRECTION ( 'NONE',  ( -3.675261601645779967E-17, 0.000000000000000000, -1.000000000000000000 ) ) ;
#1275 = CARTESIAN_POINT ( 'NONE',  ( 3.299999999999999822, -3.950000000000000178, 1.350000000000000089 ) ) ;
#1276 = ORIENTED_EDGE ( 'NONE', *, *, #8951, .T. ) ;
#1277 = EDGE_LOOP ( 'NONE', ( #4467, #3728, #999, #2400 ) ) ;
#1278 = ORIENTED_EDGE ( 'NONE', *, *, #8098, .F. ) ;
#1279 = EDGE_CURVE ( 'NONE', #4420, #8960, #3980, .T. ) ;
#1280 = ORIENTED_EDGE ( 'NONE', *, *, #1235, .T. ) ;
#1281 = ORIENTED_EDGE ( 'NONE', *, *, #4740, .T. ) ;
#1282 = FACE_OUTER_BOUND ( 'NONE', #380, .T. ) ;
#1283 = CALENDAR_DATE ( 2023, 2, 7 ) ;
#1284 = EDGE_CURVE ( 'NONE', #7197, #703, #5058, .T. ) ;
#1285 = ADVANCED_FACE ( 'NONE', ( #8087 ), #547, .T. ) ;
#1286 = DIRECTION ( 'NONE',  ( 1.000000000000000000, 0.000000000000000000, 1.741690236924499901E-16 ) ) ;
#1287 = DIRECTION ( 'NONE',  ( 0.000000000000000000, 0.000000000000000000, -1.000000000000000000 ) ) ;
#1288 = DIRECTION ( 'NONE',  ( 0.000000000000000000, 9.856383386231849706E-16, -1.000000000000000000 ) ) ;
#1289 = DIRECTION ( 'NONE',  ( 1.000000000000000000, -1.913297951445009840E-16, 1.734723475976839881E-16 ) ) ;
#1290 = ORIENTED_EDGE ( 'NONE', *, *, #2677, .T. ) ;
#1291 = EDGE_CURVE ( 'NONE', #2776, #1328, #8878, .T. ) ;
#1292 = ORIENTED_EDGE ( 'NONE', *, *, #446, .T. ) ;
#1293 = EDGE_CURVE ( 'NONE', #2421, #8791, #3706, .T. ) ;
#1294 = DIRECTION ( 'NONE',  ( 1.000000000000000000, 0.000000000000000000, 0.000000000000000000 ) ) ;
#1295 = LINE ( 'NONE', #4126, #5286 ) ;
#1296 = DIRECTION ( 'NONE',  ( 3.675261601645779967E-17, 0.000000000000000000, 1.000000000000000000 ) ) ;
#1297 = DIRECTION ( 'NONE',  ( -1.000000000000000000, 0.000000000000000000, 0.000000000000000000 ) ) ;
#1298 = CARTESIAN_POINT ( 'NONE',  ( -1.450000000000000178, 3.950000000000000178, 3.500000000000000000 ) ) ;
#1299 = LINE ( 'NONE', #498, #7557 ) ;
#1300 = CIRCLE ( 'NONE', #2879, 6.487680633323429369 ) ;
#1301 = DIRECTION ( 'NONE',  ( 0.000000000000000000, 0.000000000000000000, -1.000000000000000000 ) ) ;
#1302 = DIRECTION ( 'NONE',  ( 1.000000000000000000, 0.000000000000000000, -1.040834085586084059E-15 ) ) ;
#1303 = ORIENTED_EDGE ( 'NONE', *, *, #892, .F. ) ;
#1304 = EDGE_CURVE ( 'NONE', #51, #4864, #4363, .T. ) ;
#1305 = EDGE_LOOP ( 'NONE', ( #8620, #4212, #5866, #1154 ) ) ;
#1306 = AXIS2_PLACEMENT_3D ( 'NONE', #3948, #6974, #885 ) ;
#1307 = ORIENTED_EDGE ( 'NONE', *, *, #8978, .F. ) ;
#1308 = ORIENTED_EDGE ( 'NONE', *, *, #4672, .F. ) ;
#1309 = ORIENTED_EDGE ( 'NONE', *, *, #5297, .F. ) ;
#1310 = EDGE_CURVE ( 'NONE', #5969, #9028, #4556, .T. ) ;
#1311 = CARTESIAN_POINT ( 'NONE',  ( 3.700000000000000178, 4.633988439306360618, 2.050924855491349952 ) ) ;
#1312 = FACE_OUTER_BOUND ( 'NONE', #7636, .T. ) ;
#1313 = CARTESIAN_POINT ( 'NONE',  ( 12.69999999999999929, -8.673617379884039416E-16, 0.000000000000000000 ) ) ;
#1314 = FACE_OUTER_BOUND ( 'NONE', #8648, .T. ) ;
#1315 = CARTESIAN_POINT ( 'NONE',  ( 12.69999999999999929, -2.250000000000000000, 0.000000000000000000 ) ) ;
#1316 = AXIS2_PLACEMENT_3D ( 'NONE', #11, #6068, #7366 ) ;
#1317 = VERTEX_POINT ( 'NONE', #1542 ) ;
#1318 = EDGE_CURVE ( 'NONE', #9615, #3570, #503, .T. ) ;
#1319 = VECTOR ( 'NONE', #8283, 1000.000000000000000 ) ;
#1320 = EDGE_CURVE ( 'NONE', #1166, #8935, #1588, .T. ) ;
#1321 = DIRECTION ( 'NONE',  ( -1.000000000000000000, 0.000000000000000000, 0.000000000000000000 ) ) ;
#1322 = FACE_OUTER_BOUND ( 'NONE', #8478, .T. ) ;
#1323 = CARTESIAN_POINT ( 'NONE',  ( 3.299999999999999822, -3.950000000000000178, -6.505213034913029562E-16 ) ) ;
#1324 = DIRECTION ( 'NONE',  ( -9.856383386231849706E-16, -9.856383386231849706E-16, 1.000000000000000000 ) ) ;
#1325 = DIRECTION ( 'NONE',  ( 0.000000000000000000, 0.000000000000000000, -1.000000000000000000 ) ) ;
#1326 = CARTESIAN_POINT ( 'NONE',  ( 4.792481155659919168, -1.699999999999999956, 1.800000000000000044 ) ) ;
#1327 = LINE ( 'NONE', #8959, #3915 ) ;
#1328 = VERTEX_POINT ( 'NONE', #8487 ) ;
#1329 = ORIENTED_EDGE ( 'NONE', *, *, #8407, .F. ) ;
#1330 = ORIENTED_EDGE ( 'NONE', *, *, #2698, .T. ) ;
#1331 = ORIENTED_EDGE ( 'NONE', *, *, #6061, .T. ) ;
#1332 = EDGE_LOOP ( 'NONE', ( #6451, #1307, #9504, #9664, #8963, #8534, #289, #3996, #1255, #2413, #2380, #7649 ) ) ;
#1333 = CARTESIAN_POINT ( 'NONE',  ( -12.69999999999999929, 5.599999999999999645, -0.8499999999999999778 ) ) ;
#1334 = VECTOR ( 'NONE', #2649, 1000.000000000000000 ) ;
#1335 = CARTESIAN_POINT ( 'NONE',  ( -2.299999999999999822, 5.134271928232699622, 3.500000000000000000 ) ) ;
#1336 = DIRECTION ( 'NONE',  ( 0.000000000000000000, 1.000000000000000000, 0.000000000000000000 ) ) ;
#1337 = CARTESIAN_POINT ( 'NONE',  ( -4.783028660907694629, 4.749913765679343314, 0.05000000000001029316 ) ) ;
#1338 = CARTESIAN_POINT ( 'NONE',  ( -6.359745509654959328, 3.149999999999999911, -2.449999999999999734 ) ) ;
#1339 = VERTEX_POINT ( 'NONE', #2383 ) ;
#1340 = AXIS2_PLACEMENT_3D ( 'NONE', #2962, #2126, #2175 ) ;
#1341 = ORIENTED_EDGE ( 'NONE', *, *, #2133, .F. ) ;
#1342 = ADVANCED_FACE ( 'NONE', ( #9175 ), #3075, .F. ) ;
#1343 = VECTOR ( 'NONE', #829, 1000.000000000000000 ) ;
#1344 = CARTESIAN_POINT ( 'NONE',  ( -11.46423078997079870, 3.250000000000000000, -2.003085655970589851 ) ) ;
#1345 = DIRECTION ( 'NONE',  ( -1.000000000000000000, 0.000000000000000000, 0.000000000000000000 ) ) ;
#1346 = LINE ( 'NONE', #7434, #8390 ) ;
#1347 = ADVANCED_FACE ( 'NONE', ( #7733 ), #791, .F. ) ;
#1348 = CARTESIAN_POINT ( 'NONE',  ( 0.1999999999999889921, 6.200000000000000178, 0.5500000000000160316 ) ) ;
#1349 = CARTESIAN_POINT ( 'NONE',  ( 9.500000000000000000, -5.000000000000000000, 38.50000000000000000 ) ) ;
#1350 = CIRCLE ( 'NONE', #8469, 0.6500000000000000222 ) ;
#1351 = CYLINDRICAL_SURFACE ( 'NONE', #6708, 0.5000000000000000000 ) ;
#1352 = AXIS2_PLACEMENT_3D ( 'NONE', #1811, #4128, #4836 ) ;
#1353 = CARTESIAN_POINT ( 'NONE',  ( -5.324518039490498289, 4.730670049760918872, 0.05000000000000980049 ) ) ;
#1354 = CARTESIAN_POINT ( 'NONE',  ( 9.500000000000000000, -5.000000000000000000, -1.500000000000000000 ) ) ;
#1355 = AXIS2_PLACEMENT_3D ( 'NONE', #5340, #7813, #6086 ) ;
#1356 = ORIENTED_EDGE ( 'NONE', *, *, #5811, .F. ) ;
#1357 = ORIENTED_EDGE ( 'NONE', *, *, #4275, .T. ) ;
#1358 = VERTEX_POINT ( 'NONE', #7780 ) ;
#1359 = EDGE_LOOP ( 'NONE', ( #6758, #368, #8597, #8608 ) ) ;
#1360 = ORIENTED_EDGE ( 'NONE', *, *, #8704, .T. ) ;
#1361 = CARTESIAN_POINT ( 'NONE',  ( -0.6999999999999999556, -1.699999999999999956, -1.084202172485499997E-16 ) ) ;
#1362 = VECTOR ( 'NONE', #9718, 1000.000000000000000 ) ;
#1363 = PLANE ( 'NONE',  #3923 ) ;
#1364 = EDGE_CURVE ( 'NONE', #1876, #5887, #3957, .T. ) ;
#1365 = PLANE ( 'NONE',  #678 ) ;
#1366 = DIRECTION ( 'NONE',  ( 0.000000000000000000, 0.000000000000000000, 1.000000000000000000 ) ) ;
#1367 = CARTESIAN_POINT ( 'NONE',  ( 2.899999999999999911, 3.550000000000000266, 1.649999999999999911 ) ) ;
#1368 = EDGE_CURVE ( 'NONE', #5247, #8933, #2740, .T. ) ;
#1369 = ORIENTED_EDGE ( 'NONE', *, *, #7034, .F. ) ;
#1370 = CIRCLE ( 'NONE', #1205, 0.1000000000000000056 ) ;
#1371 = ORIENTED_EDGE ( 'NONE', *, *, #7552, .T. ) ;
#1372 = DIRECTION ( 'NONE',  ( 0.000000000000000000, 1.000000000000000000, 0.000000000000000000 ) ) ;
#1373 = CARTESIAN_POINT ( 'NONE',  ( -11.52314109194249880, -4.649999999999999467, -2.500000000000000000 ) ) ;
#1374 = AXIS2_PLACEMENT_3D ( 'NONE', #3355, #5648, #5747 ) ;
#1375 = DIRECTION ( 'NONE',  ( -1.913297951445009840E-16, -1.000000000000000000, -2.553109902238449893E-32 ) ) ;
#1376 = PLANE ( 'NONE',  #2696 ) ;
#1377 = EDGE_CURVE ( 'NONE', #1922, #5554, #3213, .T. ) ;
#1378 = DIRECTION ( 'NONE',  ( 0.000000000000000000, 0.000000000000000000, -1.000000000000000000 ) ) ;
#1379 = ADVANCED_FACE ( 'NONE', ( #6239 ), #1573, .F. ) ;
#1380 = CARTESIAN_POINT ( 'NONE',  ( -6.359745509654959328, 4.750000000000000000, -1.754637193035429865 ) ) ;
#1381 = ORIENTED_EDGE ( 'NONE', *, *, #374, .T. ) ;
#1382 = ORIENTED_EDGE ( 'NONE', *, *, #928, .T. ) ;
#1383 = ORIENTED_EDGE ( 'NONE', *, *, #7006, .T. ) ;
#1384 = VERTEX_POINT ( 'NONE', #3125 ) ;
#1385 = LINE ( 'NONE', #676, #3548 ) ;
#1386 = CARTESIAN_POINT ( 'NONE',  ( 2.133605534024969774, -4.349999999999999645, 2.731968657847110293 ) ) ;
#1387 = DIRECTION ( 'NONE',  ( 0.000000000000000000, -1.000000000000000000, 0.000000000000000000 ) ) ;
#1388 = DIRECTION ( 'NONE',  ( -1.000000000000000000, 1.913297951445009840E-16, -1.734723475976839881E-16 ) ) ;
#1389 = DIRECTION ( 'NONE',  ( 0.000000000000000000, -1.000000000000000000, -1.110223024625160090E-15 ) ) ;
#1390 = ORIENTED_EDGE ( 'NONE', *, *, #1377, .F. ) ;
#1391 = ORIENTED_EDGE ( 'NONE', *, *, #5159, .T. ) ;
#1392 = CARTESIAN_POINT ( 'NONE',  ( 3.771714314291430004, 7.500000000000000000, -4.000000000000000000 ) ) ;
#1393 = LINE ( 'NONE', #4409, #8735 ) ;
#1394 = CARTESIAN_POINT ( 'NONE',  ( -12.20000000000000107, 6.150000000000000355, 0.5500000000000000444 ) ) ;
#1395 = AXIS2_PLACEMENT_3D ( 'NONE', #9684, #8893, #7403 ) ;
#1396 = DIRECTION ( 'NONE',  ( 1.000000000000000000, 0.000000000000000000, 0.000000000000000000 ) ) ;
#1397 = CARTESIAN_POINT ( 'NONE',  ( -12.69999999999999929, 3.100000000000000089, -0.8499999999999999778 ) ) ;
#1398 = DIRECTION ( 'NONE',  ( 0.000000000000000000, 0.000000000000000000, -1.000000000000000000 ) ) ;
#1399 = LINE ( 'NONE', #9720, #2732 ) ;
#1400 = DIRECTION ( 'NONE',  ( 0.004218976193204164622, 0.000000000000000000, 0.9999911000803363148 ) ) ;
#1401 = VECTOR ( 'NONE', #3150, 1000.000000000000000 ) ;
#1402 = ORIENTED_EDGE ( 'NONE', *, *, #7457, .T. ) ;
#1403 = ORIENTED_EDGE ( 'NONE', *, *, #7543, .T. ) ;
#1404 = EDGE_CURVE ( 'NONE', #9615, #625, #2202, .T. ) ;
#1405 = ORIENTED_EDGE ( 'NONE', *, *, #2738, .F. ) ;
#1406 = VERTEX_POINT ( 'NONE', #3906 ) ;
#1407 = VERTEX_POINT ( 'NONE', #6785 ) ;
#1408 = CARTESIAN_POINT ( 'NONE',  ( 6.200000000000000178, -1.750000000000000000, 0.5500000000000000444 ) ) ;
#1409 = CYLINDRICAL_SURFACE ( 'NONE', #2190, 1.300000000000000711 ) ;
#1410 = DIRECTION ( 'NONE',  ( 0.9670826766655238327, 0.000000000000000000, -0.2544623675387890360 ) ) ;
#1411 = EDGE_CURVE ( 'NONE', #7739, #6168, #1637, .T. ) ;
#1412 = LINE ( 'NONE', #8293, #7682 ) ;
#1413 = FACE_BOUND ( 'NONE', #9711, .T. ) ;
#1414 = ORIENTED_EDGE ( 'NONE', *, *, #4003, .F. ) ;
#1415 = VECTOR ( 'NONE', #5173, 1000.000000000000000 ) ;
#1416 = EDGE_CURVE ( 'NONE', #7414, #1820, #2841, .T. ) ;
#1417 = EDGE_LOOP ( 'NONE', ( #8863, #6721, #7173, #5087 ) ) ;
#1418 = DIRECTION ( 'NONE',  ( -1.105919394014709887E-16, 0.5780173407803390617, -0.8160244811016550415 ) ) ;
#1419 = LINE ( 'NONE', #3673, #858 ) ;
#1420 = VECTOR ( 'NONE', #3124, 1000.000000000000000 ) ;
#1421 = AXIS2_PLACEMENT_3D ( 'NONE', #9428, #1056, #1748 ) ;
#1422 = CARTESIAN_POINT ( 'NONE',  ( 3.299999999999999822, -3.550000000000000266, 1.649999999999999911 ) ) ;
#1423 = DIRECTION ( 'NONE',  ( -0.000000000000000000, 1.000000000000000000, 0.000000000000000000 ) ) ;
#1424 = FACE_OUTER_BOUND ( 'NONE', #2449, .T. ) ;
#1425 = DIRECTION ( 'NONE',  ( 8.673617379884041783E-15, -1.000000000000000000, -2.294126247091840165E-15 ) ) ;
#1426 = VECTOR ( 'NONE', #8086, 1000.000000000000000 ) ;
#1427 = CARTESIAN_POINT ( 'NONE',  ( -4.825520160104019851, -3.149999999999999911, -1.624038710486189974 ) ) ;
#1428 = ORIENTED_EDGE ( 'NONE', *, *, #9058, .F. ) ;
#1429 = ORIENTED_EDGE ( 'NONE', *, *, #4131, .T. ) ;
#1430 = ORIENTED_EDGE ( 'NONE', *, *, #8047, .F. ) ;
#1431 = ORIENTED_EDGE ( 'NONE', *, *, #8251, .T. ) ;
#1432 = ORIENTED_EDGE ( 'NONE', *, *, #9040, .T. ) ;
#1433 = CARTESIAN_POINT ( 'NONE',  ( -4.644516500728250286, -3.149999999999999911, -0.03290753342284009897 ) ) ;
#1434 = ADVANCED_FACE ( 'NONE', ( #9223 ), #5355, .T. ) ;
#1435 = DIRECTION ( 'NONE',  ( -1.000000000000000000, 0.000000000000000000, 0.000000000000000000 ) ) ;
#1436 = CARTESIAN_POINT ( 'NONE',  ( -11.46423078997079870, 4.649999999999999467, -2.003085655970589851 ) ) ;
#1437 = DIRECTION ( 'NONE',  ( 0.9878995680665040302, 0.000000000000000000, -0.1550949496728210031 ) ) ;
#1438 = FACE_BOUND ( 'NONE', #1729, .T. ) ;
#1439 = VECTOR ( 'NONE', #6714, 1000.000000000000000 ) ;
#1440 = EDGE_LOOP ( 'NONE', ( #6670, #9398, #455, #204 ) ) ;
#1441 = ORIENTED_EDGE ( 'NONE', *, *, #4603, .T. ) ;
#1442 = CYLINDRICAL_SURFACE ( 'NONE', #5139, 0.09999999999999997780 ) ;
#1443 = EDGE_CURVE ( 'NONE', #3786, #7966, #4604, .T. ) ;
#1444 = CARTESIAN_POINT ( 'NONE',  ( -11.56022376417530140, 4.750000000000000000, -1.610970681948850070 ) ) ;
#1445 = EDGE_CURVE ( 'NONE', #2712, #7053, #6514, .T. ) ;
#1446 = CARTESIAN_POINT ( 'NONE',  ( 10.69999999999999929, 6.000000000000000000, -3.500000000000000000 ) ) ;
#1447 = DIRECTION ( 'NONE',  ( 1.000000000000000000, -1.336936552538163332E-16, -9.358555867767143324E-16 ) ) ;
#1448 = CARTESIAN_POINT ( 'NONE',  ( 3.299999999999999822, -3.950000000000000178, 1.350000000000000089 ) ) ;
#1449 = DIRECTION ( 'NONE',  ( 0.000000000000000000, -1.000000000000000000, 0.000000000000000000 ) ) ;
#1450 = CARTESIAN_POINT ( 'NONE',  ( 6.200000000000000178, -1.699999999999999956, 1.350000000000000089 ) ) ;
#1451 = DIRECTION ( 'NONE',  ( 0.000000000000000000, -1.000000000000000000, 0.000000000000000000 ) ) ;
#1452 = EDGE_LOOP ( 'NONE', ( #4291, #2376 ) ) ;
#1453 = VERTEX_POINT ( 'NONE', #8110 ) ;
#1454 = LINE ( 'NONE', #1311, #1415 ) ;
#1455 = DIRECTION ( 'NONE',  ( 1.741690236924499901E-16, 0.000000000000000000, -1.000000000000000000 ) ) ;
#1456 = CARTESIAN_POINT ( 'NONE',  ( -4.566620657608402745, -4.668250006113099815, 0.04999999999999588107 ) ) ;
#1457 = APPROVAL_PERSON_ORGANIZATION ( #2424, #1540, #6932 ) ;
#1458 = DIRECTION ( 'NONE',  ( 0.000000000000000000, 0.000000000000000000, 1.000000000000000000 ) ) ;
#1459 = CARTESIAN_POINT ( 'NONE',  ( 3.299999999999999822, 3.950000000000000178, -3.149999999999999911 ) ) ;
#1460 = AXIS2_PLACEMENT_3D ( 'NONE', #8183, #5959, #7336 ) ;
#1461 = CIRCLE ( 'NONE', #5888, 0.09999999999999997780 ) ;
#1462 = ORIENTED_EDGE ( 'NONE', *, *, #2188, .T. ) ;
#1463 = CARTESIAN_POINT ( 'NONE',  ( 2.133605534024969774, 4.349999999999999645, 2.731968657847129833 ) ) ;
#1464 = AXIS2_PLACEMENT_3D ( 'NONE', #7447, #5920, #7545 ) ;
#1465 = CARTESIAN_POINT ( 'NONE',  ( -9.199999999999999289, 4.286263797015740046E-16, 4.000000000000000000 ) ) ;
#1466 = CIRCLE ( 'NONE', #1935, 1.250000000000000222 ) ;
#1467 = CARTESIAN_POINT ( 'NONE',  ( 3.484305967669569792, 7.825875356380930903, -3.885618546656590233 ) ) ;
#1468 = CARTESIAN_POINT ( 'NONE',  ( 3.299999999999999822, 3.950000000000000178, 1.350000000000020073 ) ) ;
#1469 = EDGE_CURVE ( 'NONE', #4530, #9627, #373, .T. ) ;
#1470 = CARTESIAN_POINT ( 'NONE',  ( 5.785374374473379433, 0.7071067811865480168, 1.800000000000000044 ) ) ;
#1471 = ORIENTED_EDGE ( 'NONE', *, *, #2460, .F. ) ;
#1472 = VERTEX_POINT ( 'NONE', #1963 ) ;
#1473 = CIRCLE ( 'NONE', #7007, 0.1000000000000000056 ) ;
#1474 = EDGE_LOOP ( 'NONE', ( #1757, #2587, #9726, #2707 ) ) ;
#1475 = ORIENTED_EDGE ( 'NONE', *, *, #9277, .F. ) ;
#1476 = PLANE ( 'NONE',  #5625 ) ;
#1477 = ADVANCED_FACE ( 'NONE', ( #5683 ), #8809, .F. ) ;
#1478 = VECTOR ( 'NONE', #7845, 1000.000000000000000 ) ;
#1479 = DIRECTION ( 'NONE',  ( 0.000000000000000000, 1.000000000000000000, 0.000000000000000000 ) ) ;
#1480 = CARTESIAN_POINT ( 'NONE',  ( 12.69999999999999929, 6.000000000000000000, -4.000000000000000000 ) ) ;
#1481 = DIRECTION ( 'NONE',  ( 0.1169059789102749741, 0.000000000000000000, -0.9931429867320367144 ) ) ;
#1482 = DIRECTION ( 'NONE',  ( -1.000000000000000000, 0.000000000000000000, -1.365923996832129884E-16 ) ) ;
#1483 = ADVANCED_FACE ( 'NONE', ( #8019 ), #5786, .F. ) ;
#1484 = VERTEX_POINT ( 'NONE', #4005 ) ;
#1485 = ORIENTED_EDGE ( 'NONE', *, *, #5341, .F. ) ;
#1486 = FACE_OUTER_BOUND ( 'NONE', #6272, .T. ) ;
#1487 = EDGE_CURVE ( 'NONE', #8533, #5215, #9487, .T. ) ;
#1488 = CARTESIAN_POINT ( 'NONE',  ( -4.733578329366819659, -3.149999999999999911, -0.3713864702557699848 ) ) ;
#1489 = DIRECTION ( 'NONE',  ( -1.000000000000000000, 0.000000000000000000, 9.343242246769421254E-16 ) ) ;
#1490 = VECTOR ( 'NONE', #7570, 1000.000000000000000 ) ;
#1491 = CARTESIAN_POINT ( 'NONE',  ( 0.2999999999999999889, 7.880196097281438661, 1.800000000000000044 ) ) ;
#1492 = CARTESIAN_POINT ( 'NONE',  ( -5.430110566984449605, 3.250000000000000000, 0.05000000000000820455 ) ) ;
#1493 = CARTESIAN_POINT ( 'NONE',  ( -0.6999999999999999556, 3.149999999999999911, -0.4749951050441880152 ) ) ;
#1494 = EDGE_CURVE ( 'NONE', #5693, #2434, #3490, .T. ) ;
#1495 = EDGE_CURVE ( 'NONE', #611, #4773, #2520, .T. ) ;
#1496 = VECTOR ( 'NONE', #5210, 1000.000000000000000 ) ;
#1497 = ORIENTED_EDGE ( 'NONE', *, *, #3308, .F. ) ;
#1498 = AXIS2_PLACEMENT_3D ( 'NONE', #5655, #4160, #400 ) ;
#1499 = VERTEX_POINT ( 'NONE', #7257 ) ;
#1500 = AXIS2_PLACEMENT_3D ( 'NONE', #2572, #7883, #4208 ) ;
#1501 = CARTESIAN_POINT ( 'NONE',  ( -4.894549081312812078, -3.163395424712505122, 0.04999940599232582938 ) ) ;
#1502 = VECTOR ( 'NONE', #8811, 1000.000000000000000 ) ;
#1503 = CARTESIAN_POINT ( 'NONE',  ( 0.4000000000000000222, -7.500000000000000000, -4.000000000000000000 ) ) ;
#1504 = AXIS2_PLACEMENT_3D ( 'NONE', #7066, #4739, #8514 ) ;
#1505 = LINE ( 'NONE', #56, #2306 ) ;
#1506 = FACE_OUTER_BOUND ( 'NONE', #9581, .T. ) ;
#1507 = LINE ( 'NONE', #4527, #8909 ) ;
#1508 = AXIS2_PLACEMENT_3D ( 'NONE', #4560, #7439, #797 ) ;
#1509 = AXIS2_PLACEMENT_3D ( 'NONE', #1216, #8944, #4327 ) ;
#1510 = ORIENTED_EDGE ( 'NONE', *, *, #1411, .F. ) ;
#1511 = VERTEX_POINT ( 'NONE', #1171 ) ;
#1512 = AXIS2_PLACEMENT_3D ( 'NONE', #4232, #3338, #4136 ) ;
#1513 = DIRECTION ( 'NONE',  ( 1.365923996832129884E-16, 0.000000000000000000, -1.000000000000000000 ) ) ;
#1514 = CARTESIAN_POINT ( 'NONE',  ( -3.726145790396850010, 3.250000000000000000, -0.4830620671561600132 ) ) ;
#1515 = CARTESIAN_POINT ( 'NONE',  ( 6.200000000000000178, -1.699999999999999956, 0.5500000000000000444 ) ) ;
#1516 = LINE ( 'NONE', #5423, #4838 ) ;
#1517 = DIRECTION ( 'NONE',  ( 0.000000000000000000, 0.000000000000000000, -1.000000000000000000 ) ) ;
#1518 = AXIS2_PLACEMENT_3D ( 'NONE', #2537, #8590, #5611 ) ;
#1519 = EDGE_CURVE ( 'NONE', #4372, #6307, #1258, .T. ) ;
#1520 = DIRECTION ( 'NONE',  ( 1.656580215914899728E-16, 0.000000000000000000, -1.000000000000000000 ) ) ;
#1521 = ORIENTED_EDGE ( 'NONE', *, *, #9320, .T. ) ;
#1522 = ORIENTED_EDGE ( 'NONE', *, *, #6036, .F. ) ;
#1523 = VERTEX_POINT ( 'NONE', #6615 ) ;
#1524 = ORIENTED_EDGE ( 'NONE', *, *, #6037, .T. ) ;
#1525 = EDGE_CURVE ( 'NONE', #5885, #3555, #1912, .T. ) ;
#1526 = DIRECTION ( 'NONE',  ( -3.745912497629240764E-15, 1.000000000000000000, 9.856383386231810263E-16 ) ) ;
#1527 = AXIS2_PLACEMENT_3D ( 'NONE', #994, #6287, #8436 ) ;
#1528 = EDGE_CURVE ( 'NONE', #1230, #5485, #3440, .T. ) ;
#1529 = DIRECTION ( 'NONE',  ( -1.000000000000000000, 0.000000000000000000, -1.365923996832129884E-16 ) ) ;
#1530 = CARTESIAN_POINT ( 'NONE',  ( -11.45254019207970053, -3.250000000000000000, -2.152399954643779978 ) ) ;
#1531 = DIRECTION ( 'NONE',  ( 0.000000000000000000, 0.000000000000000000, 1.000000000000000000 ) ) ;
#1532 = DIRECTION ( 'NONE',  ( 2.659480039017769634E-16, -1.110223024625160090E-15, 1.000000000000000000 ) ) ;
#1533 = ORIENTED_EDGE ( 'NONE', *, *, #3527, .F. ) ;
#1534 = ORIENTED_EDGE ( 'NONE', *, *, #7028, .F. ) ;
#1535 = ORIENTED_EDGE ( 'NONE', *, *, #4131, .F. ) ;
#1536 = ORIENTED_EDGE ( 'NONE', *, *, #3524, .F. ) ;
#1537 = EDGE_CURVE ( 'NONE', #3611, #1607, #474, .T. ) ;
#1538 = CARTESIAN_POINT ( 'NONE',  ( -3.637083961758269979, -4.750000000000000000, -0.1945831303232199994 ) ) ;
#1539 = CARTESIAN_POINT ( 'NONE',  ( 3.299999999999999822, 3.950000000000000178, 1.350000000000020073 ) ) ;
#1540 = APPROVAL ( #7684, 'UNSPECIFIED' ) ;
#1541 = CARTESIAN_POINT ( 'NONE',  ( -3.100000000000000089, -4.349999999999999645, 3.950000000000000178 ) ) ;
#1542 = CARTESIAN_POINT ( 'NONE',  ( 6.628285685708569908, -7.500000000000000000, -4.000000000000000000 ) ) ;
#1543 = CARTESIAN_POINT ( 'NONE',  ( 0.2999999999999999889, 6.200000000000000178, 1.800000000000000044 ) ) ;
#1544 = DIRECTION ( 'NONE',  ( 0.000000000000000000, 0.000000000000000000, -1.000000000000000000 ) ) ;
#1545 = LINE ( 'NONE', #4559, #518 ) ;
#1546 = CYLINDRICAL_SURFACE ( 'NONE', #240, 1.749999999999999778 ) ;
#1547 = ORIENTED_EDGE ( 'NONE', *, *, #8368, .T. ) ;
#1548 = ORIENTED_EDGE ( 'NONE', *, *, #3507, .F. ) ;
#1549 = ORIENTED_EDGE ( 'NONE', *, *, #9362, .T. ) ;
#1550 = PLANE ( 'NONE',  #9801 ) ;
#1551 = CIRCLE ( 'NONE', #2813, 0.09999999999999982514 ) ;
#1552 = EDGE_CURVE ( 'NONE', #783, #8311, #3394, .T. ) ;
#1553 = DIRECTION ( 'NONE',  ( -0.1169059789102828151, 0.000000000000000000, 0.9931429867320357152 ) ) ;
#1554 = CARTESIAN_POINT ( 'NONE',  ( 2.899999999999999911, 4.349999999999999645, 1.649999999999999911 ) ) ;
#1555 = CARTESIAN_POINT ( 'NONE',  ( 3.299999999999999822, 3.550000000000000266, -3.649999999999999911 ) ) ;
#1556 = CARTESIAN_POINT ( 'NONE',  ( -4.898978868267030329, 3.250000000000000000, -0.9499902100883750311 ) ) ;
#1557 = VECTOR ( 'NONE', #1019, 1000.000000000000000 ) ;
#1558 = DIRECTION ( 'NONE',  ( 0.000000000000000000, 0.000000000000000000, -1.000000000000000000 ) ) ;
#1559 = ORIENTED_EDGE ( 'NONE', *, *, #9161, .F. ) ;
#1560 = ORIENTED_EDGE ( 'NONE', *, *, #5846, .F. ) ;
#1561 = CARTESIAN_POINT ( 'NONE',  ( 0.2999999999999999889, 7.880196097281438661, 3.500000000000000000 ) ) ;
#1562 = CARTESIAN_POINT ( 'NONE',  ( 0.2999999999999999889, 9.099999999999999645, 1.350000000000020073 ) ) ;
#1563 = ADVANCED_FACE ( 'NONE', ( #6420 ), #8062, .T. ) ;
#1564 = ADVANCED_FACE ( 'NONE', ( #8163 ), #9644, .T. ) ;
#1565 = DIRECTION ( 'NONE',  ( 1.000000000000000000, 0.000000000000000000, -3.675261601645778735E-17 ) ) ;
#1566 = CARTESIAN_POINT ( 'NONE',  ( 0.3000000000000079825, -7.880196097281438661, -46.00000000000000000 ) ) ;
#1567 = CARTESIAN_POINT ( 'NONE',  ( 3.299999999999999822, 3.950000000000000178, 1.350000000000020073 ) ) ;
#1568 = CARTESIAN_POINT ( 'NONE',  ( -2.700000000000000178, 1.224646799147349904E-15, -2.700000000000000178 ) ) ;
#1569 = VERTEX_POINT ( 'NONE', #5880 ) ;
#1570 = EDGE_LOOP ( 'NONE', ( #541, #214, #9505, #236 ) ) ;
#1571 = ORIENTED_EDGE ( 'NONE', *, *, #5556, .F. ) ;
#1572 = PLANE ( 'NONE',  #8159 ) ;
#1573 = CONICAL_SURFACE ( 'NONE', #4732, 2.600000000000000089, 0.7853981633974476129 ) ;
#1574 = AXIS2_PLACEMENT_3D ( 'NONE', #4162, #1147, #401 ) ;
#1575 = LINE ( 'NONE', #6972, #9446 ) ;
#1576 = LINE ( 'NONE', #4593, #1343 ) ;
#1577 = DIRECTION ( 'NONE',  ( -1.000000000000000000, 0.000000000000000000, 0.000000000000000000 ) ) ;
#1578 = CARTESIAN_POINT ( 'NONE',  ( 0.5670916077442450520, -7.643242681827890017, -3.984225351723140296 ) ) ;
#1579 = VERTEX_POINT ( 'NONE', #7311 ) ;
#1580 = ORIENTED_EDGE ( 'NONE', *, *, #6979, .F. ) ;
#1581 = EDGE_LOOP ( 'NONE', ( #7946, #1886, #4222, #4 ) ) ;
#1582 = VERTEX_POINT ( 'NONE', #522 ) ;
#1583 = PLANE ( 'NONE',  #7030 ) ;
#1584 = EDGE_CURVE ( 'NONE', #6930, #5430, #9010, .T. ) ;
#1585 = EDGE_CURVE ( 'NONE', #9515, #6930, #776, .T. ) ;
#1586 = DIRECTION ( 'NONE',  ( 0.000000000000000000, 0.000000000000000000, -1.000000000000000000 ) ) ;
#1587 = CARTESIAN_POINT ( 'NONE',  ( 7.000000000000000000, 1.699999999999999956, 1.350000000000020073 ) ) ;
#1588 = LINE ( 'NONE', #1638, #5406 ) ;
#1589 = VECTOR ( 'NONE', #4177, 999.9999999999998863 ) ;
#1590 = LINE ( 'NONE', #6051, #8012 ) ;
#1591 = DIRECTION ( 'NONE',  ( -1.000000000000000000, 0.000000000000000000, 0.000000000000000000 ) ) ;
#1592 = ADVANCED_FACE ( 'NONE', ( #3628 ), #3828, .F. ) ;
#1593 = DIRECTION ( 'NONE',  ( -1.000000000000000000, -2.876785723922740257E-16, 3.675261601645779967E-17 ) ) ;
#1594 = CARTESIAN_POINT ( 'NONE',  ( 4.792481155659909398, -1.699999999999999956, 1.350000000000000089 ) ) ;
#1595 = ORIENTED_EDGE ( 'NONE', *, *, #3059, .F. ) ;
#1596 = VERTEX_POINT ( 'NONE', #5235 ) ;
#1597 = ORIENTED_EDGE ( 'NONE', *, *, #2816, .T. ) ;
#1598 = LINE ( 'NONE', #4614, #7752 ) ;
#1599 = DIRECTION ( 'NONE',  ( 1.000000000000000000, 0.000000000000000000, 9.387283644590649326E-16 ) ) ;
#1600 = DIRECTION ( 'NONE',  ( 0.000000000000000000, -1.000000000000000000, 0.000000000000000000 ) ) ;
#1601 = LINE ( 'NONE', #4619, #2928 ) ;
#1602 = FACE_OUTER_BOUND ( 'NONE', #7245, .T. ) ;
#1603 = EDGE_CURVE ( 'NONE', #4774, #4371, #7411, .T. ) ;
#1604 = FACE_OUTER_BOUND ( 'NONE', #7840, .T. ) ;
#1605 = DIRECTION ( 'NONE',  ( 3.675261601645779967E-17, 0.000000000000000000, 1.000000000000000000 ) ) ;
#1606 = ADVANCED_FACE ( 'NONE', ( #20 ), #7605, .F. ) ;
#1607 = VERTEX_POINT ( 'NONE', #8307 ) ;
#1608 = CARTESIAN_POINT ( 'NONE',  ( 4.792481155659919168, -1.699999999999999956, -6.505213034913029562E-16 ) ) ;
#1609 = DIRECTION ( 'NONE',  ( -1.365923996832129884E-16, 0.000000000000000000, 1.000000000000000000 ) ) ;
#1610 = LOCAL_TIME ( 11, 54, 56.00000000000000000, #4803 ) ;
#1611 = CARTESIAN_POINT ( 'NONE',  ( -11.41162309946119890, -3.125000000000000000, -2.500000000000000000 ) ) ;
#1612 = AXIS2_PLACEMENT_3D ( 'NONE', #1937, #8686, #1849 ) ;
#1613 = DIRECTION ( 'NONE',  ( -1.365923996832129884E-16, 0.000000000000000000, 1.000000000000000000 ) ) ;
#1614 = DIRECTION ( 'NONE',  ( 3.675261601645779967E-17, 0.000000000000000000, 1.000000000000000000 ) ) ;
#1615 = VECTOR ( 'NONE', #1726, 1000.000000000000000 ) ;
#1616 = CIRCLE ( 'NONE', #4296, 1.500000000000000000 ) ;
#1617 = DIRECTION ( 'NONE',  ( -1.000000000000000000, 0.000000000000000000, 0.000000000000000000 ) ) ;
#1619 = ORIENTED_EDGE ( 'NONE', *, *, #9198, .T. ) ;
#1618 = EDGE_CURVE ( 'NONE', #1484, #3877, #5981, .T. ) ;
#1620 = EDGE_CURVE ( 'NONE', #8790, #1499, #8854, .T. ) ;
#1621 = ORIENTED_EDGE ( 'NONE', *, *, #4677, .T. ) ;
#1622 = VECTOR ( 'NONE', #86, 1000.000000000000000 ) ;
#1623 = EDGE_LOOP ( 'NONE', ( #740, #3737, #8804 ) ) ;
#1624 = DIRECTION ( 'NONE',  ( -3.675261601645779967E-17, 0.000000000000000000, -1.000000000000000000 ) ) ;
#1625 = LINE ( 'NONE', #6873, #1622 ) ;
#1626 = FACE_OUTER_BOUND ( 'NONE', #7134, .T. ) ;
#1627 = AXIS2_PLACEMENT_3D ( 'NONE', #9771, #2974, #6005 ) ;
#1628 = CARTESIAN_POINT ( 'NONE',  ( 6.200000000000000178, -1.750000000000000000, 0.04999999999999619332 ) ) ;
#1629 = CARTESIAN_POINT ( 'NONE',  ( 3.299999999999999822, -4.349999999999999645, 1.649999999999999911 ) ) ;
#1630 = ORIENTED_EDGE ( 'NONE', *, *, #5890, .F. ) ;
#1631 = ORIENTED_EDGE ( 'NONE', *, *, #5556, .T. ) ;
#1632 = ORIENTED_EDGE ( 'NONE', *, *, #6813, .F. ) ;
#1633 = EDGE_LOOP ( 'NONE', ( #9253, #7198, #8378, #1675, #3821 ) ) ;
#1634 = CARTESIAN_POINT ( 'NONE',  ( -4.733578329366819659, 4.649999999999999467, -0.3213864702557799879 ) ) ;
#1635 = PERSON_AND_ORGANIZATION ( #7298, #2091 ) ;
#1636 = DIRECTION ( 'NONE',  ( 1.334402673828309888E-16, 0.000000000000000000, -1.000000000000000000 ) ) ;
#1637 = B_SPLINE_CURVE_WITH_KNOTS ( 'NONE', 3,
 ( #842, #8528, #9814, #3021, #9074, #6935, #149, #2338, #3851, #3168 ),
 .UNSPECIFIED., .F., .F.,
 ( 4, 2, 2, 2, 4 ),
 ( -2.779786524447896751E-16, 0.004057338325051332815, 0.005129523234460512185, 0.005764321385271728784, 0.006239537281644849664 ),
 .UNSPECIFIED. ) ;
#1638 = CARTESIAN_POINT ( 'NONE',  ( -5.059069437767100830, 4.750000000000000000, -0.3200132187965100128 ) ) ;
#1639 = AXIS2_PLACEMENT_3D ( 'NONE', #5231, #661, #1372 ) ;
#1640 = FACE_OUTER_BOUND ( 'NONE', #7875, .T. ) ;
#1641 = DIRECTION ( 'NONE',  ( 0.000000000000000000, 0.000000000000000000, -1.000000000000000000 ) ) ;
#1642 = CARTESIAN_POINT ( 'NONE',  ( -11.46738209570190037, 3.149999999999999911, -1.976314594173340211 ) ) ;
#1643 = LINE ( 'NONE', #4659, #8626 ) ;
#1644 = EDGE_CURVE ( 'NONE', #7611, #3861, #3306, .T. ) ;
#1645 = VERTEX_POINT ( 'NONE', #8208 ) ;
#1646 = VERTEX_POINT ( 'NONE', #3050 ) ;
#1647 = CARTESIAN_POINT ( 'NONE',  ( -4.898978868267030329, 3.250000000000000000, -0.9499902100883750311 ) ) ;
#1648 = ADVANCED_FACE ( 'NONE', ( #1424 ), #8254, .T. ) ;
#1649 = CARTESIAN_POINT ( 'NONE',  ( 10.69999999999999929, 8.000000000000000000, 0.000000000000000000 ) ) ;
#1650 = CARTESIAN_POINT ( 'NONE',  ( 0.3000000000000000444, 7.850972228151428034, 3.641432479438061698 ) ) ;
#1651 = FACE_OUTER_BOUND ( 'NONE', #9809, .T. ) ;
#1652 = CARTESIAN_POINT ( 'NONE',  ( 0.2999999999999999889, 12.00000000000000000, 4.000000000000000000 ) ) ;
#1653 = VECTOR ( 'NONE', #8688, 1000.000000000000000 ) ;
#1654 = FACE_OUTER_BOUND ( 'NONE', #4927, .T. ) ;
#1655 = PLANE ( 'NONE',  #231 ) ;
#1656 = AXIS2_PLACEMENT_3D ( 'NONE', #9097, #5420, #5374 ) ;
#1657 = AXIS2_PLACEMENT_3D ( 'NONE', #1128, #1967, #6424 ) ;
#1658 = EDGE_LOOP ( 'NONE', ( #9663, #3133, #8562, #1970, #935 ) ) ;
#1659 = CIRCLE ( 'NONE', #2765, 1.300000000000000711 ) ;
#1660 = CARTESIAN_POINT ( 'NONE',  ( -4.768600664696140967, -3.250000000000000000, -1.264922013198400252 ) ) ;
#1661 = EDGE_CURVE ( 'NONE', #3699, #4774, #2996, .T. ) ;
#1662 = AXIS2_PLACEMENT_3D ( 'NONE', #2173, #7523, #5244 ) ;
#1663 = CARTESIAN_POINT ( 'NONE',  ( -2.000000000000000000, 8.000000000000000000, 3.500000000000000000 ) ) ;
#1664 = VECTOR ( 'NONE', #2921, 1000.000000000000114 ) ;
#1665 = DIRECTION ( 'NONE',  ( 0.1169059789102749741, 0.000000000000000000, -0.9931429867320367144 ) ) ;
#1666 = EDGE_CURVE ( 'NONE', #8862, #5102, #5214, .T. ) ;
#1667 = DIRECTION ( 'NONE',  ( 0.004218976193204164622, 0.000000000000000000, 0.9999911000803363148 ) ) ;
#1668 = CARTESIAN_POINT ( 'NONE',  ( 3.299999999999999822, 3.950000000000000178, 2.850000000000000089 ) ) ;
#1669 = VECTOR ( 'NONE', #1451, 1000.000000000000000 ) ;
#1670 = CIRCLE ( 'NONE', #7200, 6.487680633323430257 ) ;
#1671 = DIRECTION ( 'NONE',  ( 0.000000000000000000, 0.000000000000000000, -1.000000000000000000 ) ) ;
#1672 = AXIS2_PLACEMENT_3D ( 'NONE', #775, #2171, #8214 ) ;
#1673 = ORIENTED_EDGE ( 'NONE', *, *, #9783, .T. ) ;
#1674 = ORIENTED_EDGE ( 'NONE', *, *, #8001, .T. ) ;
#1675 = ORIENTED_EDGE ( 'NONE', *, *, #1960, .T. ) ;
#1676 = LINE ( 'NONE', #83, #6561 ) ;
#1677 = CIRCLE ( 'NONE', #1518, 0.1269558987526488991 ) ;
#1678 = ADVANCED_FACE ( 'NONE', ( #9694 ), #7507, .F. ) ;
#1679 = EDGE_CURVE ( 'NONE', #1645, #4997, #6008, .T. ) ;
#1680 = CARTESIAN_POINT ( 'NONE',  ( -11.46738209570190037, -4.750000000000000000, -2.153270492925979163 ) ) ;
#1681 = CARTESIAN_POINT ( 'NONE',  ( 0.2999999999999999889, 12.00000000000000000, 1.800000000000000044 ) ) ;
#1682 = LINE ( 'NONE', #7722, #5407 ) ;
#1683 = EDGE_CURVE ( 'NONE', #1569, #8464, #7259, .T. ) ;
#1684 = CARTESIAN_POINT ( 'NONE',  ( -11.46738209570190037, -4.649999999999999467, -2.026314594173330264 ) ) ;
#1685 = EDGE_LOOP ( 'NONE', ( #4345, #312, #4144, #105, #4037 ) ) ;
#1686 = ORIENTED_EDGE ( 'NONE', *, *, #9417, .T. ) ;
#1687 = VERTEX_POINT ( 'NONE', #2313 ) ;
#1688 = TOROIDAL_SURFACE ( 'NONE', #9285, 0.1269558987526489824, 0.1000000000000000056 ) ;
#1689 = VERTEX_POINT ( 'NONE', #7556 ) ;
#1690 = LINE ( 'NONE', #4702, #4823 ) ;
#1691 = EDGE_CURVE ( 'NONE', #9157, #6012, #3626, .T. ) ;
#1692 = DIRECTION ( 'NONE',  ( -1.000000000000000000, 6.377659838150020064E-17, 9.343242246769421254E-16 ) ) ;
#1693 = CARTESIAN_POINT ( 'NONE',  ( -1.450000000000000178, -3.950000000000000178, 4.000000000000000000 ) ) ;
#1694 = CARTESIAN_POINT ( 'NONE',  ( 3.299999999999999822, 3.950000000000000178, 2.350000000000000089 ) ) ;
#1695 = PLANE ( 'NONE',  #6690 ) ;
#1696 = DIRECTION ( 'NONE',  ( -1.000000000000000000, 0.000000000000000000, 0.000000000000000000 ) ) ;
#1697 = VERTEX_POINT ( 'NONE', #7456 ) ;
#1698 = ORIENTED_EDGE ( 'NONE', *, *, #3823, .F. ) ;
#1699 =( BOUNDED_CURVE ( )  B_SPLINE_CURVE ( 3, ( #6213, #965, #3977, #1660 ),
 .UNSPECIFIED., .F., .F. ) 
 B_SPLINE_CURVE_WITH_KNOTS ( ( 4, 4 ),
 ( 1.570796326794896558, 3.141592653589793116 ),
 .UNSPECIFIED. ) 
 CURVE ( )  GEOMETRIC_REPRESENTATION_ITEM ( )  RATIONAL_B_SPLINE_CURVE ( ( 1.000000000000000000, 0.8047378541243649375, 0.8047378541243649375, 1.000000000000000000 ) ) 
 REPRESENTATION_ITEM ( '' )  );
#1700 = FACE_OUTER_BOUND ( 'NONE', #330, .T. ) ;
#1701 = CARTESIAN_POINT ( 'NONE',  ( -5.020960680835092838, 4.749823812453801253, 0.05000000000001007805 ) ) ;
#1702 = CARTESIAN_POINT ( 'NONE',  ( 7.000000000000000000, -6.339637028918160055, 1.350000000000000089 ) ) ;
#1703 = FACE_OUTER_BOUND ( 'NONE', #2812, .T. ) ;
#1704 = DIRECTION ( 'NONE',  ( 3.675261601645779967E-17, 0.000000000000000000, 1.000000000000000000 ) ) ;
#1705 = CARTESIAN_POINT ( 'NONE',  ( 4.792481155659929826, 1.699999999999999956, 1.350000000000020073 ) ) ;
#1706 = DIRECTION ( 'NONE',  ( 1.000000000000000000, 0.000000000000000000, -9.540979117872437047E-16 ) ) ;
#1707 = EDGE_CURVE ( 'NONE', #191, #9677, #6128, .T. ) ;
#1708 = ORIENTED_EDGE ( 'NONE', *, *, #4343, .T. ) ;
#1709 = VERTEX_POINT ( 'NONE', #2363 ) ;
#1710 = DIRECTION ( 'NONE',  ( 1.000000000000000000, 0.000000000000000000, 1.734723475976839881E-16 ) ) ;
#1711 = CARTESIAN_POINT ( 'NONE',  ( -2.026602337812720034, -7.946300236931779892, -3.733600805165699921 ) ) ;
#1712 = ADVANCED_FACE ( 'NONE', ( #5380 ), #1376, .F. ) ;
#1713 = CARTESIAN_POINT ( 'NONE',  ( 6.200000000000000178, 7.781966011250100124, 1.800000000000000044 ) ) ;
#1714 = AXIS2_PLACEMENT_3D ( 'NONE', #6170, #3287, #5572 ) ;
#1715 = DIRECTION ( 'NONE',  ( -2.659480039017769634E-16, 1.110223024625160090E-15, -1.000000000000000000 ) ) ;
#1716 = CARTESIAN_POINT ( 'NONE',  ( -4.768600664696136526, 3.191421356237309492, -1.214922013198416195 ) ) ;
#1717 = EDGE_CURVE ( 'NONE', #3566, #2095, #1270, .T. ) ;
#1718 = EDGE_LOOP ( 'NONE', ( #490, #6285, #8513, #9652 ) ) ;
#1719 = TOROIDAL_SURFACE ( 'NONE', #8997, 0.1269558987526489824, 0.1000000000000000056 ) ;
#1720 = VERTEX_POINT ( 'NONE', #8605 ) ;
#1721 = ORIENTED_EDGE ( 'NONE', *, *, #5941, .T. ) ;
#1722 = CARTESIAN_POINT ( 'NONE',  ( -11.51977278891399870, 3.241110373904140030, -2.449999999999999734 ) ) ;
#1723 = FACE_OUTER_BOUND ( 'NONE', #5899, .T. ) ;
#1724 = CARTESIAN_POINT ( 'NONE',  ( 6.627381302064620172, 7.502152352693720161, -3.999996525281960036 ) ) ;
#1725 = EDGE_CURVE ( 'NONE', #771, #7038, #4034, .T. ) ;
#1726 = DIRECTION ( 'NONE',  ( -1.000000000000000000, 1.277972526117299718E-16, 2.659480039017769634E-16 ) ) ;
#1727 = DIRECTION ( 'NONE',  ( 0.000000000000000000, -1.000000000000000000, 0.000000000000000000 ) ) ;
#1728 = ORIENTED_EDGE ( 'NONE', *, *, #4933, .F. ) ;
#1729 = EDGE_LOOP ( 'NONE', ( #8709, #7773 ) ) ;
#1730 = ORIENTED_EDGE ( 'NONE', *, *, #7609, .T. ) ;
#1731 = ORIENTED_EDGE ( 'NONE', *, *, #7778, .T. ) ;
#1732 = EDGE_CURVE ( 'NONE', #2330, #658, #6805, .T. ) ;
#1733 = VECTOR ( 'NONE', #7445, 1000.000000000000000 ) ;
#1734 = CARTESIAN_POINT ( 'NONE',  ( -0.6999999999999999556, 5.599999999999999645, 0.000000000000000000 ) ) ;
#1735 = AXIS2_PLACEMENT_3D ( 'NONE', #5280, #4584, #6766 ) ;
#1736 = APPROVAL_DATE_TIME ( #7125, #9775 ) ;
#1737 = CIRCLE ( 'NONE', #5531, 0.4769558987526489324 ) ;
#1738 = CARTESIAN_POINT ( 'NONE',  ( 3.299999999999999822, -3.950000000000000178, 0.04999999999999450023 ) ) ;
#1739 = CARTESIAN_POINT ( 'NONE',  ( -5.083698756151719955, -4.649999999999999467, -0.2730936816746800111 ) ) ;
#1740 = PLANE ( 'NONE',  #9565 ) ;
#1741 = CARTESIAN_POINT ( 'NONE',  ( -11.42331369735220115, 4.750000000000000000, -2.350685701326800547 ) ) ;
#1742 = FACE_OUTER_BOUND ( 'NONE', #5701, .T. ) ;
#1743 = ORIENTED_EDGE ( 'NONE', *, *, #1525, .T. ) ;
#1744 = VERTEX_POINT ( 'NONE', #6358 ) ;
#1745 = EDGE_CURVE ( 'NONE', #9507, #2034, #5479, .T. ) ;
#1746 = EDGE_CURVE ( 'NONE', #8257, #8522, #4631, .T. ) ;
#1747 = ORIENTED_EDGE ( 'NONE', *, *, #8217, .F. ) ;
#1748 = DIRECTION ( 'NONE',  ( 0.000000000000000000, 0.000000000000000000, -1.000000000000000000 ) ) ;
#1749 = CIRCLE ( 'NONE', #2060, 0.09999999999999982514 ) ;
#1750 = CARTESIAN_POINT ( 'NONE',  ( 1.050000000000000044, -7.900000000000000355, 1.350000000000000089 ) ) ;
#1751 = CARTESIAN_POINT ( 'NONE',  ( -0.6999999999999999556, -4.799999999999999822, -2.500000000000000000 ) ) ;
#1752 = PLANE ( 'NONE',  #1050 ) ;
#1753 = DIRECTION ( 'NONE',  ( 0.000000000000000000, -1.000000000000000000, 0.000000000000000000 ) ) ;
#1754 = FACE_OUTER_BOUND ( 'NONE', #7884, .T. ) ;
#1755 = LINE ( 'NONE', #7097, #8939 ) ;
#1756 = ORIENTED_EDGE ( 'NONE', *, *, #9251, .F. ) ;
#1757 = ORIENTED_EDGE ( 'NONE', *, *, #1785, .T. ) ;
#1758 = LINE ( 'NONE', #9442, #1954 ) ;
#1759 = DIRECTION ( 'NONE',  ( 0.000000000000000000, 1.000000000000000000, 0.000000000000000000 ) ) ;
#1760 = DIRECTION ( 'NONE',  ( 0.8160244811016550415, 2.875390424438230349E-15, 0.5780173407803390617 ) ) ;
#1761 = CARTESIAN_POINT ( 'NONE',  ( -12.69999999999999929, -1.699999999999999956, -1.084202172485499997E-16 ) ) ;
#1762 = FACE_OUTER_BOUND ( 'NONE', #6621, .T. ) ;
#1764 = EDGE_CURVE ( 'NONE', #7714, #1198, #6268, .T. ) ;
#1763 = ORIENTED_EDGE ( 'NONE', *, *, #8767, .F. ) ;
#1765 = ORIENTED_EDGE ( 'NONE', *, *, #3720, .F. ) ;
#1766 = ORIENTED_EDGE ( 'NONE', *, *, #1284, .F. ) ;
#1767 = CARTESIAN_POINT ( 'NONE',  ( -4.708132092612940411, -3.149999999999999911, -0.2746782025892200441 ) ) ;
#1768 = VERTEX_POINT ( 'NONE', #7011 ) ;
#1769 = EDGE_CURVE ( 'NONE', #5040, #2367, #5045, .T. ) ;
#1770 = AXIS2_PLACEMENT_3D ( 'NONE', #8380, #3018, #2967 ) ;
#1771 = LINE ( 'NONE', #4789, #6209 ) ;
#1772 = CARTESIAN_POINT ( 'NONE',  ( -4.644516500728250286, 4.649999999999999467, 0.01709246657714990139 ) ) ;
#1773 = CARTESIAN_POINT ( 'NONE',  ( 4.792481155659929826, 6.200000000000000178, -6.505213034913029562E-16 ) ) ;
#1774 = CARTESIAN_POINT ( 'NONE',  ( 0.2999999999999999889, -6.200000000000000178, -1.765207018105700111E-16 ) ) ;
#1775 = ORIENTED_EDGE ( 'NONE', *, *, #180, .T. ) ;
#1776 = VERTEX_POINT ( 'NONE', #222 ) ;
#1777 = ORIENTED_EDGE ( 'NONE', *, *, #4343, .F. ) ;
#1778 = VECTOR ( 'NONE', #2374, 1000.000000000000000 ) ;
#1779 = ORIENTED_EDGE ( 'NONE', *, *, #3688, .T. ) ;
#1780 = ORIENTED_EDGE ( 'NONE', *, *, #9695, .F. ) ;
#1781 = CARTESIAN_POINT ( 'NONE',  ( 5.799999999999999822, -3.950000000000000178, 2.849999999999997868 ) ) ;
#1782 = PERSON_AND_ORGANIZATION ( #7298, #2091 ) ;
#1783 = ADVANCED_FACE ( 'NONE', ( #1762 ), #8413, .T. ) ;
#1784 = AXIS2_PLACEMENT_3D ( 'NONE', #3838, #182, #8472 ) ;
#1785 = EDGE_CURVE ( 'NONE', #1472, #2000, #3791, .T. ) ;
#1786 = DIRECTION ( 'NONE',  ( 0.000000000000000000, 1.000000000000000000, 0.000000000000000000 ) ) ;
#1787 = CARTESIAN_POINT ( 'NONE',  ( 3.299999999999999822, -1.716473988439290110, -2.067919075144489582 ) ) ;
#1788 = DIRECTION ( 'NONE',  ( 3.675261601645779967E-17, 0.000000000000000000, 1.000000000000000000 ) ) ;
#1789 = FACE_OUTER_BOUND ( 'NONE', #3375, .T. ) ;
#1790 = VERTEX_POINT ( 'NONE', #9345 ) ;
#1791 = ORIENTED_EDGE ( 'NONE', *, *, #1046, .F. ) ;
#1792 = ORIENTED_EDGE ( 'NONE', *, *, #828, .F. ) ;
#1793 = AXIS2_PLACEMENT_3D ( 'NONE', #7582, #5259, #47 ) ;
#1794 = LINE ( 'NONE', #6342, #944 ) ;
#1795 = DIRECTION ( 'NONE',  ( -2.927845397290890110E-16, -1.000000000000000000, -1.110223024625160090E-15 ) ) ;
#1796 = DIRECTION ( 'NONE',  ( 0.000000000000000000, 0.000000000000000000, -1.000000000000000000 ) ) ;
#1797 = EDGE_CURVE ( 'NONE', #8573, #4589, #2459, .T. ) ;
#1798 = DIRECTION ( 'NONE',  ( 0.000000000000000000, -1.000000000000000000, 0.000000000000000000 ) ) ;
#1799 = CARTESIAN_POINT ( 'NONE',  ( -4.898978868267030329, -3.250000000000000000, -0.9999902100883649725 ) ) ;
#1800 = EDGE_CURVE ( 'NONE', #9158, #7512, #3149, .T. ) ;
#1801 = DIRECTION ( 'NONE',  ( -1.000000000000000000, 0.000000000000000000, 0.000000000000000000 ) ) ;
#1802 = CARTESIAN_POINT ( 'NONE',  ( 3.405188171452290469, -7.989681027852279627, -3.616495914491239638 ) ) ;
#1803 = ORIENTED_EDGE ( 'NONE', *, *, #2239, .T. ) ;
#1804 = ORIENTED_EDGE ( 'NONE', *, *, #433, .T. ) ;
#1805 = ORIENTED_EDGE ( 'NONE', *, *, #1164, .T. ) ;
#1806 = DIRECTION ( 'NONE',  ( 0.000000000000000000, 0.000000000000000000, -1.000000000000000000 ) ) ;
#1807 = PLANE ( 'NONE',  #4334 ) ;
#1808 = PLANE ( 'NONE',  #2354 ) ;
#1809 = TOROIDAL_SURFACE ( 'NONE', #3228, 2.000000000000000000, 0.5000000000000000000 ) ;
#1810 = VECTOR ( 'NONE', #1114, 1000.000000000000000 ) ;
#1811 = CARTESIAN_POINT ( 'NONE',  ( -12.69999999999999929, -8.000000000000000000, -4.000000000000000000 ) ) ;
#1812 = PLANE ( 'NONE',  #5386 ) ;
#1813 = VECTOR ( 'NONE', #8224, 1000.000000000000000 ) ;
#1814 = ORIENTED_EDGE ( 'NONE', *, *, #1018, .T. ) ;
#1815 = AXIS2_PLACEMENT_3D ( 'NONE', #8474, #930, #5388 ) ;
#1816 = ORIENTED_EDGE ( 'NONE', *, *, #7763, .F. ) ;
#1817 = AXIS2_PLACEMENT_3D ( 'NONE', #6376, #9510, #4201 ) ;
#1818 = VERTEX_POINT ( 'NONE', #6172 ) ;
#1819 = CARTESIAN_POINT ( 'NONE',  ( -11.51220671097340009, -4.665308183342410153, -2.500000000000000000 ) ) ;
#1820 = VERTEX_POINT ( 'NONE', #871 ) ;
#1821 = CIRCLE ( 'NONE', #6096, 0.1000000000000000472 ) ;
#1822 = EDGE_CURVE ( 'NONE', #2478, #27, #3333, .T. ) ;
#1823 = CARTESIAN_POINT ( 'NONE',  ( 0.1999999999999879929, 6.200000000000000178, 1.350000000000020073 ) ) ;
#1824 = AXIS2_PLACEMENT_3D ( 'NONE', #1772, #2608, #5637 ) ;
#1825 = CIRCLE ( 'NONE', #232, 1.250000000000000222 ) ;
#1826 = CARTESIAN_POINT ( 'NONE',  ( -2.299999999999999822, -2.765728071767299845, 3.500000000000000000 ) ) ;
#1827 = DIRECTION ( 'NONE',  ( 1.365923996832129884E-16, 0.000000000000000000, -1.000000000000000000 ) ) ;
#1828 = CARTESIAN_POINT ( 'NONE',  ( 5.785374374473379433, 0.7071067811865480168, -6.505213034913029562E-16 ) ) ;
#1829 = ORIENTED_EDGE ( 'NONE', *, *, #8894, .F. ) ;
#1830 = ORIENTED_EDGE ( 'NONE', *, *, #8475, .F. ) ;
#1831 = EDGE_CURVE ( 'NONE', #9798, #6645, #4780, .T. ) ;
#1832 = ORIENTED_EDGE ( 'NONE', *, *, #1679, .F. ) ;
#1833 = EDGE_LOOP ( 'NONE', ( #4242, #8607 ) ) ;
#1834 = CARTESIAN_POINT ( 'NONE',  ( 2.899999999999999911, -5.200000000000000178, 1.649999999999999911 ) ) ;
#1835 = AXIS2_PLACEMENT_3D ( 'NONE', #6458, #9490, #2694 ) ;
#1836 = ADVANCED_FACE ( 'NONE', ( #2549 ), #3884, .T. ) ;
#1837 = CARTESIAN_POINT ( 'NONE',  ( -11.46423078997079870, -4.649999999999999467, -2.053085655970579904 ) ) ;
#1838 = CARTESIAN_POINT ( 'NONE',  ( -2.000000000000000000, -7.500000000000000000, 4.000000000000000000 ) ) ;
#1839 = VECTOR ( 'NONE', #5060, 1000.000000000000000 ) ;
#1840 = CARTESIAN_POINT ( 'NONE',  ( -11.46738209570190037, -3.149999999999999911, -2.026314594173330264 ) ) ;
#1841 = DIRECTION ( 'NONE',  ( 1.365923996832130130E-16, 0.000000000000000000, -1.000000000000000000 ) ) ;
#1842 = ORIENTED_EDGE ( 'NONE', *, *, #1857, .T. ) ;
#1843 = ADVANCED_FACE ( 'NONE', ( #918 ), #1812, .T. ) ;
#1844 = VERTEX_POINT ( 'NONE', #2408 ) ;
#1845 = VERTEX_POINT ( 'NONE', #3932 ) ;
#1846 = CC_DESIGN_DATE_AND_TIME_ASSIGNMENT ( #4055, #3353, ( #7104 ) ) ;
#1847 = DIRECTION ( 'NONE',  ( -0.1169059789102828151, 0.000000000000000000, 0.9931429867320357152 ) ) ;
#1848 = CIRCLE ( 'NONE', #9596, 1.499999999999999556 ) ;
#1849 = DIRECTION ( 'NONE',  ( 0.2462931838462504575, 0.000000000000000000, -0.9691953712182478364 ) ) ;
#1850 = DIRECTION ( 'NONE',  ( 3.675261601645779967E-17, 0.000000000000000000, 1.000000000000000000 ) ) ;
#1851 = DIRECTION ( 'NONE',  ( -0.5780173407803379515, -6.885564433231499082E-15, 0.8160244811016558186 ) ) ;
#1852 = CARTESIAN_POINT ( 'NONE',  ( -11.46738209570190037, 3.250000000000000000, -2.103270492925989110 ) ) ;
#1853 = CARTESIAN_POINT ( 'NONE',  ( -12.69999999999999929, 6.200000000000000178, 0.5500000000000000444 ) ) ;
#1854 = ORIENTED_EDGE ( 'NONE', *, *, #5120, .F. ) ;
#1855 = ORIENTED_EDGE ( 'NONE', *, *, #2168, .T. ) ;
#1856 = ORIENTED_EDGE ( 'NONE', *, *, #582, .F. ) ;
#1857 = EDGE_CURVE ( 'NONE', #3497, #2646, #173, .T. ) ;
#1858 = FACE_OUTER_BOUND ( 'NONE', #7295, .T. ) ;
#1859 = CARTESIAN_POINT ( 'NONE',  ( 0.9948118285339500044, 7.989681027825030313, -3.616495914642009701 ) ) ;
#1860 = DIRECTION ( 'NONE',  ( -0.9670826766655243878, 0.000000000000000000, 0.2544623675387871486 ) ) ;
#1861 = LINE ( 'NONE', #3332, #715 ) ;
#1862 = DIRECTION ( 'NONE',  ( -0.1550949496728210031, 0.000000000000000000, -0.9878995680665040302 ) ) ;
#1863 = ORIENTED_EDGE ( 'NONE', *, *, #1797, .F. ) ;
#1864 = EDGE_LOOP ( 'NONE', ( #4519, #4994 ) ) ;
#1865 = EDGE_CURVE ( 'NONE', #3611, #7774, #6329, .T. ) ;
#1866 = EDGE_CURVE ( 'NONE', #7877, #2562, #5870, .T. ) ;
#1867 = VERTEX_POINT ( 'NONE', #4976 ) ;
#1868 = DIRECTION ( 'NONE',  ( -0.9691953712182479475, 0.000000000000000000, -0.2462931838462499856 ) ) ;
#1869 = VECTOR ( 'NONE', #4768, 1000.000000000000000 ) ;
#1870 = DIRECTION ( 'NONE',  ( -1.000000000000000000, 0.000000000000000000, 0.000000000000000000 ) ) ;
#1871 = DIRECTION ( 'NONE',  ( 2.659480039017769634E-16, 0.000000000000000000, 1.000000000000000000 ) ) ;
#1872 = CARTESIAN_POINT ( 'NONE',  ( -5.145272052113280203, 4.750000000000000000, 0.01920516112986990140 ) ) ;
#1873 = VECTOR ( 'NONE', #9390, 1000.000000000000000 ) ;
#1874 = CARTESIAN_POINT ( 'NONE',  ( -11.48090655678529792, -3.224634620814659680, -2.500000000000000000 ) ) ;
#1875 = VERTEX_POINT ( 'NONE', #1117 ) ;
#1876 = VERTEX_POINT ( 'NONE', #5775 ) ;
#1877 = ORIENTED_EDGE ( 'NONE', *, *, #9783, .F. ) ;
#1878 = ORIENTED_EDGE ( 'NONE', *, *, #5963, .F. ) ;
#1879 = VERTEX_POINT ( 'NONE', #2054 ) ;
#1880 = FACE_OUTER_BOUND ( 'NONE', #9214, .T. ) ;
#1881 = AXIS2_PLACEMENT_3D ( 'NONE', #3879, #1513, #4532 ) ;
#1882 = DIRECTION ( 'NONE',  ( -3.128579780658979875E-16, 9.970989681626198491E-16, -1.000000000000000000 ) ) ;
#1883 = CARTESIAN_POINT ( 'NONE',  ( 3.700000000000000178, 4.349999999999999645, 1.649999999999999911 ) ) ;
#1884 = CARTESIAN_POINT ( 'NONE',  ( -4.826265497497914225, 4.749999999520791327, 0.05000000000001025846 ) ) ;
#1885 = DIRECTION ( 'NONE',  ( 0.2544623675387880923, 0.000000000000000000, 0.9670826766655241657 ) ) ;
#1886 = ORIENTED_EDGE ( 'NONE', *, *, #146, .F. ) ;
#1887 = ORIENTED_EDGE ( 'NONE', *, *, #4759, .F. ) ;
#1888 = ORIENTED_EDGE ( 'NONE', *, *, #2166, .F. ) ;
#1889 = ADVANCED_FACE ( 'NONE', ( #5824 ), #634, .T. ) ;
#1890 = LINE ( 'NONE', #8875, #4494 ) ;
#1891 = FACE_OUTER_BOUND ( 'NONE', #774, .T. ) ;
#1892 = ADVANCED_FACE ( 'NONE', ( #4279 ), #8010, .F. ) ;
#1893 = CARTESIAN_POINT ( 'NONE',  ( 12.20000000000000107, 6.000000000000000000, -3.500000000000000000 ) ) ;
#1894 = CARTESIAN_POINT ( 'NONE',  ( -4.895814636122127084, 4.649999999999999467, -0.1999968850281230726 ) ) ;
#1895 = CARTESIAN_POINT ( 'NONE',  ( 2.049999999999999822, 3.950000000000000178, -2.600000000000000089 ) ) ;
#1896 = AXIS2_PLACEMENT_3D ( 'NONE', #6297, #1058, #3866 ) ;
#1897 = CARTESIAN_POINT ( 'NONE',  ( -4.898978868267030329, 4.750000000000000000, -0.9499902100883750311 ) ) ;
#1898 = DIRECTION ( 'NONE',  ( 0.000000000000000000, 0.000000000000000000, -1.000000000000000000 ) ) ;
#1899 = ORIENTED_EDGE ( 'NONE', *, *, #8503, .F. ) ;
#1900 = ORIENTED_EDGE ( 'NONE', *, *, #8130, .F. ) ;
#1901 = DIRECTION ( 'NONE',  ( -1.000000000000000000, -5.551115123125729701E-17, -9.387283644590649326E-16 ) ) ;
#1902 = FACE_OUTER_BOUND ( 'NONE', #6132, .T. ) ;
#1903 = EDGE_CURVE ( 'NONE', #1407, #7359, #8747, .T. ) ;
#1904 = FACE_BOUND ( 'NONE', #9215, .T. ) ;
#1905 = DIRECTION ( 'NONE',  ( 0.9691953712182477254, 0.000000000000000000, 0.2462931838462509571 ) ) ;
#1906 = EDGE_CURVE ( 'NONE', #6678, #1689, #1749, .T. ) ;
#1907 = ORIENTED_EDGE ( 'NONE', *, *, #3605, .T. ) ;
#1908 = ORIENTED_EDGE ( 'NONE', *, *, #8460, .T. ) ;
#1909 = VERTEX_POINT ( 'NONE', #5076 ) ;
#1910 = CARTESIAN_POINT ( 'NONE',  ( 3.299999999999999822, 3.950000000000000178, 0.000000000000000000 ) ) ;
#1911 = DIRECTION ( 'NONE',  ( 0.000000000000000000, 0.000000000000000000, -1.000000000000000000 ) ) ;
#1912 = LINE ( 'NONE', #2014, #940 ) ;
#1913 = CARTESIAN_POINT ( 'NONE',  ( 0.2999999999999999889, 12.00000000000000000, 1.800000000000000044 ) ) ;
#1914 = ADVANCED_FACE ( 'NONE', ( #4228 ), #2005, .F. ) ;
#1915 = DIRECTION ( 'NONE',  ( 0.9691953712182476144, 0.000000000000000000, 0.2462931838462509293 ) ) ;
#1916 = EDGE_CURVE ( 'NONE', #8814, #4281, #468, .T. ) ;
#1917 = FACE_OUTER_BOUND ( 'NONE', #3567, .T. ) ;
#1918 = VERTEX_POINT ( 'NONE', #1315 ) ;
#1919 = ORIENTED_EDGE ( 'NONE', *, *, #6967, .T. ) ;
#1920 = ORIENTED_EDGE ( 'NONE', *, *, #7206, .T. ) ;
#1921 = ORIENTED_EDGE ( 'NONE', *, *, #4971, .F. ) ;
#1922 = VERTEX_POINT ( 'NONE', #1217 ) ;
#1923 = CARTESIAN_POINT ( 'NONE',  ( -12.69999999999999929, 4.799999999999999822, -2.449999999999999734 ) ) ;
#1924 = ORIENTED_EDGE ( 'NONE', *, *, #2698, .F. ) ;
#1925 = VECTOR ( 'NONE', #839, 1000.000000000000000 ) ;
#1926 = AXIS2_PLACEMENT_3D ( 'NONE', #3419, #496, #1796 ) ;
#1927 = DIRECTION ( 'NONE',  ( -1.741690236924499901E-16, 0.000000000000000000, 1.000000000000000000 ) ) ;
#1928 = CARTESIAN_POINT ( 'NONE',  ( -12.69999999999999929, -8.000000000000000000, -4.000000000000000000 ) ) ;
#1929 = CIRCLE ( 'NONE', #3039, 0.02695589875264907398 ) ;
#1930 = CARTESIAN_POINT ( 'NONE',  ( -11.52314109194260006, 4.750000000000000000, -2.449999999999999734 ) ) ;
#1931 = CARTESIAN_POINT ( 'NONE',  ( -4.768600664696136526, -4.708578643762690419, -1.264922013198405804 ) ) ;
#1932 = ORIENTED_EDGE ( 'NONE', *, *, #408, .T. ) ;
#1933 = ORIENTED_EDGE ( 'NONE', *, *, #6868, .T. ) ;
#1934 = CARTESIAN_POINT ( 'NONE',  ( -3.751592027150730146, -3.250000000000000000, -0.6297703348226999509 ) ) ;
#1935 = AXIS2_PLACEMENT_3D ( 'NONE', #9039, #9647, #910 ) ;
#1936 = LINE ( 'NONE', #4262, #5696 ) ;
#1937 = CARTESIAN_POINT ( 'NONE',  ( -5.083698756151719955, 3.250000000000000000, -0.2230936816746900142 ) ) ;
#1938 = ADVANCED_FACE ( 'NONE', ( #3578 ), #8701, .F. ) ;
#1939 = DIRECTION ( 'NONE',  ( 1.365923996832129884E-16, 0.000000000000000000, -1.000000000000000000 ) ) ;
#1940 = DIRECTION ( 'NONE',  ( 0.7071067811865470176, 0.7071067811865480168, 4.838314440631900573E-16 ) ) ;
#1941 = DIRECTION ( 'NONE',  ( 0.000000000000000000, -1.000000000000000000, 0.000000000000000000 ) ) ;
#1942 = DIRECTION ( 'NONE',  ( 0.000000000000000000, -1.000000000000000000, 0.000000000000000000 ) ) ;
#1943 = VECTOR ( 'NONE', #8982, 1000.000000000000000 ) ;
#1944 = ADVANCED_FACE ( 'NONE', ( #2645 ), #5674, .T. ) ;
#1945 = ORIENTED_EDGE ( 'NONE', *, *, #7609, .F. ) ;
#1946 = ORIENTED_EDGE ( 'NONE', *, *, #203, .F. ) ;
#1947 = ORIENTED_EDGE ( 'NONE', *, *, #677, .F. ) ;
#1948 = CARTESIAN_POINT ( 'NONE',  ( -4.898978868267030329, 3.149999999999999911, -0.9499902100883750311 ) ) ;
#1949 = DIRECTION ( 'NONE',  ( 0.000000000000000000, -1.000000000000000000, 0.000000000000000000 ) ) ;
#1950 = VECTOR ( 'NONE', #4380, 1000.000000000000000 ) ;
#1951 = EDGE_CURVE ( 'NONE', #5050, #5667, #1953, .T. ) ;
#1952 = CARTESIAN_POINT ( 'NONE',  ( -11.48090655678539918, 4.675365379185379311, -2.449999999999999734 ) ) ;
#1953 = LINE ( 'NONE', #9637, #7598 ) ;
#1954 = VECTOR ( 'NONE', #1901, 1000.000000000000000 ) ;
#1955 = EDGE_CURVE ( 'NONE', #4448, #5554, #2384, .T. ) ;
#1956 = ORIENTED_EDGE ( 'NONE', *, *, #1318, .T. ) ;
#1957 = ORIENTED_EDGE ( 'NONE', *, *, #7891, .T. ) ;
#1958 = CARTESIAN_POINT ( 'NONE',  ( 3.299999999999999822, 3.550000000000000266, -3.649999999999999911 ) ) ;
#1959 = TOROIDAL_SURFACE ( 'NONE', #8141, 2.000000000000000000, 0.5000000000000000000 ) ;
#1960 = EDGE_CURVE ( 'NONE', #9774, #4024, #3007, .T. ) ;
#1961 = CARTESIAN_POINT ( 'NONE',  ( -12.69999999999999929, -7.500000000000000000, -4.000000000000000000 ) ) ;
#1962 = AXIS2_PLACEMENT_3D ( 'NONE', #3493, #6518, #1085 ) ;
#1963 = CARTESIAN_POINT ( 'NONE',  ( 12.69999999999999929, -6.000000000000000000, -3.500000000000000000 ) ) ;
#1964 = CARTESIAN_POINT ( 'NONE',  ( 6.200000000000000178, 12.00000000000000000, 1.800000000000000044 ) ) ;
#1965 = DIRECTION ( 'NONE',  ( 3.336006684570780143E-16, 0.000000000000000000, -1.000000000000000000 ) ) ;
#1966 = CIRCLE ( 'NONE', #6554, 1.500000000000000000 ) ;
#1967 = DIRECTION ( 'NONE',  ( 0.000000000000000000, -1.000000000000000000, 0.000000000000000000 ) ) ;
#1968 = AXIS2_PLACEMENT_3D ( 'NONE', #7681, #7027, #891 ) ;
#1969 = VERTEX_POINT ( 'NONE', #8056 ) ;
#1970 = ORIENTED_EDGE ( 'NONE', *, *, #8936, .F. ) ;
#1971 = ORIENTED_EDGE ( 'NONE', *, *, #1865, .T. ) ;
#1972 = AXIS2_PLACEMENT_3D ( 'NONE', #9132, #1052, #295 ) ;
#1973 = ORIENTED_EDGE ( 'NONE', *, *, #8914, .T. ) ;
#1974 = FACE_OUTER_BOUND ( 'NONE', #2266, .T. ) ;
#1975 = EDGE_CURVE ( 'NONE', #3015, #9351, #7950, .T. ) ;
#1976 = AXIS2_PLACEMENT_3D ( 'NONE', #9480, #2787, #1302 ) ;
#1977 = COORDINATED_UNIVERSAL_TIME_OFFSET ( 1, 0, .AHEAD. ) ;
#1978 = ADVANCED_FACE ( 'NONE', ( #1263 ), #7204, .F. ) ;
#1979 = CIRCLE ( 'NONE', #3237, 0.09999999999999996392 ) ;
#1980 = CARTESIAN_POINT ( 'NONE',  ( -0.6999999999999999556, 5.599999999999999645, 0.000000000000000000 ) ) ;
#1981 = CARTESIAN_POINT ( 'NONE',  ( 12.20000000000000107, -8.000000000000000000, -4.000000000000000000 ) ) ;
#1982 = DIRECTION ( 'NONE',  ( 1.224646799147359863E-16, -1.000000000000000000, -9.856383386231849706E-16 ) ) ;
#1983 = LINE ( 'NONE', #8035, #7506 ) ;
#1984 = ORIENTED_EDGE ( 'NONE', *, *, #2805, .F. ) ;
#1985 = CIRCLE ( 'NONE', #8793, 0.1269558987526488991 ) ;
#1986 = AXIS2_PLACEMENT_3D ( 'NONE', #7859, #3193, #271 ) ;
#1987 = ORIENTED_EDGE ( 'NONE', *, *, #9744, .F. ) ;
#1988 = AXIS2_PLACEMENT_3D ( 'NONE', #2701, #5633, #1168 ) ;
#1989 = CARTESIAN_POINT ( 'NONE',  ( -3.100000000000000089, -5.134271928232699622, 3.500000000000000000 ) ) ;
#1990 = ADVANCED_FACE ( 'NONE', ( #4382 ), #4591, .T. ) ;
#1991 = CARTESIAN_POINT ( 'NONE',  ( -3.100000000000000089, -4.349999999999999645, 3.950000000000000178 ) ) ;
#1992 = DIRECTION ( 'NONE',  ( 1.000000000000000000, 0.000000000000000000, 0.000000000000000000 ) ) ;
#1993 = CIRCLE ( 'NONE', #8173, 1.000000000000000000 ) ;
#1994 = DIRECTION ( 'NONE',  ( -3.675261601645779967E-17, 0.000000000000000000, -1.000000000000000000 ) ) ;
#1995 = CARTESIAN_POINT ( 'NONE',  ( 2.550000000000000266, -7.900000000000000355, 0.5499999999999910516 ) ) ;
#1996 = LINE ( 'NONE', #2044, #3708 ) ;
#1997 = ORIENTED_EDGE ( 'NONE', *, *, #8702, .T. ) ;
#1998 = VECTOR ( 'NONE', #5199, 1000.000000000000114 ) ;
#1999 = ORIENTED_EDGE ( 'NONE', *, *, #3484, .T. ) ;
#2000 = VERTEX_POINT ( 'NONE', #9087 ) ;
#2001 = VERTEX_POINT ( 'NONE', #2198 ) ;
#2002 = FACE_OUTER_BOUND ( 'NONE', #2531, .T. ) ;
#2003 = DIRECTION ( 'NONE',  ( 0.000000000000000000, -1.000000000000000000, 0.000000000000000000 ) ) ;
#2004 = CARTESIAN_POINT ( 'NONE',  ( -12.69999999999999929, 3.100000000000000089, -2.449999999999999734 ) ) ;
#2005 = PLANE ( 'NONE',  #5544 ) ;
#2006 = EDGE_CURVE ( 'NONE', #3861, #5090, #7495, .T. ) ;
#2007 = ORIENTED_EDGE ( 'NONE', *, *, #2767, .T. ) ;
#2008 = VERTEX_POINT ( 'NONE', #3725 ) ;
#2009 = EDGE_CURVE ( 'NONE', #5273, #2448, #6652, .T. ) ;
#2010 = ADVANCED_FACE ( 'NONE', ( #1506 ), #8245, .T. ) ;
#2011 = ORIENTED_EDGE ( 'NONE', *, *, #4577, .F. ) ;
#2012 = CARTESIAN_POINT ( 'NONE',  ( -3.726145790396850010, -4.649999999999999467, -0.5330620671561500101 ) ) ;
#2013 = FACE_OUTER_BOUND ( 'NONE', #6081, .T. ) ;
#2014 = CARTESIAN_POINT ( 'NONE',  ( 8.199999999999999289, 5.000000000000000000, 38.50000000000000000 ) ) ;
#2015 = ADVANCED_FACE ( 'NONE', ( #8945 ), #2304, .F. ) ;
#2016 = EDGE_CURVE ( 'NONE', #3258, #3003, #3037, .T. ) ;
#2017 = CARTESIAN_POINT ( 'NONE',  ( 1.050000000000000044, -7.900000000000000355, 0.5499999999999920508 ) ) ;
#2018 = LINE ( 'NONE', #9547, #1502 ) ;
#2019 = CARTESIAN_POINT ( 'NONE',  ( 3.700000000000000178, -3.550000000000000266, 2.825337829024829883 ) ) ;
#2020 = VERTEX_POINT ( 'NONE', #5323 ) ;
#2021 = VERTEX_POINT ( 'NONE', #8350 ) ;
#2022 = EDGE_LOOP ( 'NONE', ( #6504, #2744, #4112, #4876 ) ) ;
#2023 = VERTEX_POINT ( 'NONE', #9781 ) ;
#2024 = VECTOR ( 'NONE', #8198, 1000.000000000000000 ) ;
#2025 = CARTESIAN_POINT ( 'NONE',  ( -12.69999999999999929, -4.799999999999999822, -0.8499999999999999778 ) ) ;
#2026 = AXIS2_PLACEMENT_3D ( 'NONE', #7009, #1860, #5476 ) ;
#2027 = EDGE_CURVE ( 'NONE', #9470, #4049, #4472, .T. ) ;
#2028 = CARTESIAN_POINT ( 'NONE',  ( 3.299999999999999822, -3.950000000000000178, -3.649999999999999911 ) ) ;
#2029 = CARTESIAN_POINT ( 'NONE',  ( 5.150000000000000355, 1.699999999999999956, 1.350000000000020073 ) ) ;
#2030 = FACE_OUTER_BOUND ( 'NONE', #1265, .T. ) ;
#2031 = DIRECTION ( 'NONE',  ( 0.000000000000000000, -1.000000000000000000, 0.000000000000000000 ) ) ;
#2032 = ADVANCED_FACE ( 'NONE', ( #3621 ), #656, .F. ) ;
#2033 = ORIENTED_EDGE ( 'NONE', *, *, #5596, .T. ) ;
#2034 = VERTEX_POINT ( 'NONE', #6021 ) ;
#2035 = AXIS2_PLACEMENT_3D ( 'NONE', #6754, #3767, #3814 ) ;
#2036 = LINE ( 'NONE', #2827, #5617 ) ;
#2037 = DIRECTION ( 'NONE',  ( 1.734723475976839881E-16, 0.000000000000000000, -1.000000000000000000 ) ) ;
#2038 = B_SPLINE_CURVE_WITH_KNOTS ( 'NONE', 3,
 ( #3943, #6274, #178, #3835, #2467, #1722, #9304, #2510, #7766, #1029 ),
 .UNSPECIFIED., .F., .F.,
 ( 4, 2, 2, 2, 4 ),
 ( 0.01247907456329479074, 0.01653641288834304529, 0.01760859779775128878, 0.01824339594856198149, 0.01871861184493469818 ),
 .UNSPECIFIED. ) ;
#2039 = LINE ( 'NONE', #5057, #1426 ) ;
#2040 = CARTESIAN_POINT ( 'NONE',  ( -4.898978868267030329, -4.649999999999999467, -0.9999902100883649725 ) ) ;
#2041 = CARTESIAN_POINT ( 'NONE',  ( -6.359745509654959328, -3.125000000000000000, -2.500000000000000000 ) ) ;
#2042 = LINE ( 'NONE', #8089, #58 ) ;
#2043 = DIRECTION ( 'NONE',  ( -9.387283644590649326E-16, 0.000000000000000000, 1.000000000000000000 ) ) ;
#2044 = CARTESIAN_POINT ( 'NONE',  ( 6.615470882962399874E-17, 8.000000000000000000, 1.800000000000000044 ) ) ;
#2045 = EDGE_CURVE ( 'NONE', #578, #3174, #5270, .T. ) ;
#2046 = EDGE_CURVE ( 'NONE', #4589, #169, #2893, .T. ) ;
#2047 = ORIENTED_EDGE ( 'NONE', *, *, #7568, .F. ) ;
#2048 = EDGE_LOOP ( 'NONE', ( #7776, #9582, #6533, #4043 ) ) ;
#2049 = ORIENTED_EDGE ( 'NONE', *, *, #4526, .F. ) ;
#2050 = DIRECTION ( 'NONE',  ( -2.181414771040840345E-16, -1.000000000000000000, -9.970989681626198491E-16 ) ) ;
#2051 = CARTESIAN_POINT ( 'NONE',  ( -6.359745509654959328, -3.250000000000000000, -1.905327628688650021 ) ) ;
#2052 = CIRCLE ( 'NONE', #3307, 6.487680633323430257 ) ;
#2053 = CARTESIAN_POINT ( 'NONE',  ( -2.299999999999999822, -5.200000000000000178, 3.500000000000000000 ) ) ;
#2054 = CARTESIAN_POINT ( 'NONE',  ( 0.2999999999999999889, -7.880196097281438661, 0.5499999999999880540 ) ) ;
#2055 = ORIENTED_EDGE ( 'NONE', *, *, #4450, .T. ) ;
#2056 = AXIS2_PLACEMENT_3D ( 'NONE', #5132, #2162, #6566 ) ;
#2057 = ORIENTED_EDGE ( 'NONE', *, *, #2353, .T. ) ;
#2058 = DIRECTION ( 'NONE',  ( 0.2544623675387880923, 0.000000000000000000, 0.9670826766655241657 ) ) ;
#2059 = DIRECTION ( 'NONE',  ( 1.000000000000000000, 0.000000000000000000, 0.000000000000000000 ) ) ;
#2060 = AXIS2_PLACEMENT_3D ( 'NONE', #3526, #563, #5628 ) ;
#2061 = CARTESIAN_POINT ( 'NONE',  ( -4.708132092612940411, 4.750000000000000000, -0.2246782025892299917 ) ) ;
#2062 = CARTESIAN_POINT ( 'NONE',  ( 1.807518844340070041, 6.200000000000000178, -6.505213034913029562E-16 ) ) ;
#2063 = DIRECTION ( 'NONE',  ( 0.000000000000000000, 0.000000000000000000, -1.000000000000000000 ) ) ;
#2064 = EDGE_CURVE ( 'NONE', #1875, #8935, #4075, .T. ) ;
#2065 = DIRECTION ( 'NONE',  ( -1.000000000000000000, 0.000000000000000000, 0.000000000000000000 ) ) ;
#2066 = LINE ( 'NONE', #2165, #7561 ) ;
#2067 = EDGE_LOOP ( 'NONE', ( #5805, #3842, #2144, #1330 ) ) ;
#2068 = ORIENTED_EDGE ( 'NONE', *, *, #5810, .T. ) ;
#2069 = ORIENTED_EDGE ( 'NONE', *, *, #2965, .T. ) ;
#2070 = EDGE_LOOP ( 'NONE', ( #4200, #1156, #2148, #3697, #1086, #3335, #5639, #1803, #8272, #4875, #1233, #1829 ) ) ;
#2071 = EDGE_CURVE ( 'NONE', #2214, #9447, #4572, .T. ) ;
#2072 = DIRECTION ( 'NONE',  ( 0.000000000000000000, -1.000000000000000000, 0.000000000000000000 ) ) ;
#2073 = CARTESIAN_POINT ( 'NONE',  ( -12.69999999999999929, 7.500000000000000000, -4.000000000000000000 ) ) ;
#2074 = DIRECTION ( 'NONE',  ( 1.334402673828309888E-16, 0.000000000000000000, -1.000000000000000000 ) ) ;
#2075 = FACE_OUTER_BOUND ( 'NONE', #7868, .T. ) ;
#2076 = CARTESIAN_POINT ( 'NONE',  ( -3.950000000000000178, -3.950000000000000178, 3.950000000000000178 ) ) ;
#2077 = ORIENTED_EDGE ( 'NONE', *, *, #5613, .T. ) ;
#2078 = EDGE_LOOP ( 'NONE', ( #8633, #411, #2344, #3117, #2377, #2515 ) ) ;
#2079 = ORIENTED_EDGE ( 'NONE', *, *, #1955, .T. ) ;
#2080 = ADVANCED_FACE ( 'NONE', ( #6066, #2154, #3818, #1413, #6849 ), #5875, .F. ) ;
#2081 = CARTESIAN_POINT ( 'NONE',  ( 2.550000000000000266, -7.900000000000000355, 1.350000000000000089 ) ) ;
#2082 = DIRECTION ( 'NONE',  ( 0.000000000000000000, 0.5780173407803409491, -0.8160244811016537092 ) ) ;
#2083 = AXIS2_PLACEMENT_3D ( 'NONE', #4411, #9717, #2925 ) ;
#2084 = VECTOR ( 'NONE', #9708, 1000.000000000000000 ) ;
#2085 = CARTESIAN_POINT ( 'NONE',  ( -0.8000000000000000444, -8.900000000000000355, -3.500000000000000000 ) ) ;
#2086 = DIRECTION ( 'NONE',  ( 1.000000000000000000, -2.927845397290890110E-16, -2.659480039017769634E-16 ) ) ;
#2087 = CARTESIAN_POINT ( 'NONE',  ( 2.200000000000000178, 8.900000000000000355, -3.500000000000000000 ) ) ;
#2088 = LINE ( 'NONE', #8233, #3072 ) ;
#2089 = TOROIDAL_SURFACE ( 'NONE', #7625, 0.3769558987526489546, 0.1000000000000000056 ) ;
#2090 = CARTESIAN_POINT ( 'NONE',  ( 3.974089741099720019, -7.947719699412400196, -3.731823336303779826 ) ) ;
#2091 = ORGANIZATION ( 'UNSPECIFIED', 'UNSPECIFIED', '' ) ;
#2092 = CARTESIAN_POINT ( 'NONE',  ( -5.109000205898613700, -3.173651724492141835, 0.04999999999999761580 ) ) ;
#2093 = ORIENTED_EDGE ( 'NONE', *, *, #3512, .F. ) ;
#2094 = VECTOR ( 'NONE', #1437, 1000.000000000000000 ) ;
#2095 = VERTEX_POINT ( 'NONE', #5974 ) ;
#2096 = EDGE_LOOP ( 'NONE', ( #4660, #4197, #4132, #1119 ) ) ;
#2097 = ORIENTED_EDGE ( 'NONE', *, *, #7095, .F. ) ;
#2098 = DIRECTION ( 'NONE',  ( 0.000000000000000000, -1.000000000000000000, 9.566489757225041165E-15 ) ) ;
#2099 = ADVANCED_FACE ( 'NONE', ( #2846, #3139 ), #909, .F. ) ;
#2100 = EDGE_CURVE ( 'NONE', #1582, #5652, #2493, .T. ) ;
#2101 = FACE_OUTER_BOUND ( 'NONE', #5985, .T. ) ;
#2102 = CARTESIAN_POINT ( 'NONE',  ( -3.726145790396850010, -4.750000000000000000, -0.5330620671561500101 ) ) ;
#2103 = CARTESIAN_POINT ( 'NONE',  ( -11.46738209570190037, 4.675365379185380199, -2.449999999999999734 ) ) ;
#2104 = DIRECTION ( 'NONE',  ( 0.9931429867320367144, 0.000000000000000000, 0.1169059789102749741 ) ) ;
#2105 = VECTOR ( 'NONE', #4892, 1000.000000000000000 ) ;
#2106 = ORIENTED_EDGE ( 'NONE', *, *, #7656, .T. ) ;
#2107 = ORIENTED_EDGE ( 'NONE', *, *, #3760, .T. ) ;
#2108 = CARTESIAN_POINT ( 'NONE',  ( 1.807518844340050057, -1.699999999999999956, 1.350000000000000089 ) ) ;
#2109 = LINE ( 'NONE', #6027, #6387 ) ;
#2110 = LINE ( 'NONE', #2901, #7757 ) ;
#2111 = DIRECTION ( 'NONE',  ( 0.2462931838462505130, 0.000000000000000000, -0.9691953712182477254 ) ) ;
#2112 = CARTESIAN_POINT ( 'NONE',  ( 3.399999999999999911, -8.000000000000000000, -3.500000000000000000 ) ) ;
#2113 = CARTESIAN_POINT ( 'NONE',  ( 0.2999999999999999889, 5.150000000000000355, 0.5500000000000000444 ) ) ;
#2114 = EDGE_LOOP ( 'NONE', ( #1110, #3670, #1053, #4223, #4063, #6573 ) ) ;
#2115 = ORIENTED_EDGE ( 'NONE', *, *, #8014, .T. ) ;
#2116 = EDGE_LOOP ( 'NONE', ( #1878, #2291, #2745 ) ) ;
#2117 = ORIENTED_EDGE ( 'NONE', *, *, #5709, .T. ) ;
#2118 = ORIENTED_EDGE ( 'NONE', *, *, #5986, .F. ) ;
#2119 = CARTESIAN_POINT ( 'NONE',  ( 5.200000000000000178, -8.900000000000000355, -46.00000000000000000 ) ) ;
#2120 = EDGE_CURVE ( 'NONE', #6796, #2963, #210, .T. ) ;
#2121 = CIRCLE ( 'NONE', #866, 1.700000000000000178 ) ;
#2122 = LINE ( 'NONE', #5148, #2944 ) ;
#2123 = CARTESIAN_POINT ( 'NONE',  ( -4.898978868267030329, -4.750000000000000000, -0.9999902100883649725 ) ) ;
#2124 = ADVANCED_FACE ( 'NONE', ( #7748 ), #4072, .T. ) ;
#2125 = DIRECTION ( 'NONE',  ( 1.000000000000000000, 0.000000000000000000, 0.000000000000000000 ) ) ;
#2126 = DIRECTION ( 'NONE',  ( 0.000000000000000000, 0.000000000000000000, -1.000000000000000000 ) ) ;
#2127 = EDGE_LOOP ( 'NONE', ( #4538, #924, #8425, #2835, #1971 ) ) ;
#2128 = ORIENTED_EDGE ( 'NONE', *, *, #1519, .F. ) ;
#2129 = EDGE_LOOP ( 'NONE', ( #5804, #36, #8353, #2990 ) ) ;
#2130 = AXIS2_PLACEMENT_3D ( 'NONE', #3142, #4770, #1706 ) ;
#2131 = VECTOR ( 'NONE', #977, 1000.000000000000000 ) ;
#2132 = CARTESIAN_POINT ( 'NONE',  ( 3.299999999999999822, 3.950000000000000178, -6.505213034913029562E-16 ) ) ;
#2133 = EDGE_CURVE ( 'NONE', #9552, #9147, #8676, .T. ) ;
#2134 = ADVANCED_FACE ( 'NONE', ( #1602 ), #8542, .F. ) ;
#2135 = AXIS2_PLACEMENT_3D ( 'NONE', #348, #5054, #1294 ) ;
#2136 = CARTESIAN_POINT ( 'NONE',  ( -11.42255748043029939, -4.665308183342410153, -2.500000000000000000 ) ) ;
#2137 = CARTESIAN_POINT ( 'NONE',  ( 11.00000000000000000, 6.200000000000000178, 1.350000000000030065 ) ) ;
#2138 = AXIS2_PLACEMENT_3D ( 'NONE', #7998, #2234, #48 ) ;
#2139 = LINE ( 'NONE', #3023, #9088 ) ;
#2140 = ADVANCED_FACE ( 'NONE', ( #3182 ), #6901, .T. ) ;
#2141 = DIRECTION ( 'NONE',  ( -1.000000000000000000, 0.000000000000000000, -1.776356839400249577E-16 ) ) ;
#2142 = CARTESIAN_POINT ( 'NONE',  ( -11.52314109194260006, 4.649999999999999467, -2.449999999999999734 ) ) ;
#2143 = CIRCLE ( 'NONE', #875, 1.250000000000000222 ) ;
#2144 = ORIENTED_EDGE ( 'NONE', *, *, #5610, .T. ) ;
#2145 = ORIENTED_EDGE ( 'NONE', *, *, #7274, .T. ) ;
#2146 = VERTEX_POINT ( 'NONE', #6206 ) ;
#2147 = ORIENTED_EDGE ( 'NONE', *, *, #8743, .T. ) ;
#2148 = ORIENTED_EDGE ( 'NONE', *, *, #6306, .T. ) ;
#2149 = PLANE ( 'NONE',  #143 ) ;
#2150 = AXIS2_PLACEMENT_3D ( 'NONE', #3262, #1786, #4057 ) ;
#2151 = LINE ( 'NONE', #2982, #7565 ) ;
#2152 = DIRECTION ( 'NONE',  ( 0.9931429867320367144, 0.000000000000000000, 0.1169059789102749741 ) ) ;
#2153 = DIRECTION ( 'NONE',  ( 0.000000000000000000, -1.000000000000000000, 0.000000000000000000 ) ) ;
#2154 = FACE_BOUND ( 'NONE', #2213, .T. ) ;
#2155 = VECTOR ( 'NONE', #1479, 1000.000000000000000 ) ;
#2156 = EDGE_CURVE ( 'NONE', #4243, #8791, #854, .T. ) ;
#2157 = VERTEX_POINT ( 'NONE', #1009 ) ;
#2158 = LINE ( 'NONE', #3529, #3005 ) ;
#2159 = CARTESIAN_POINT ( 'NONE',  ( -0.09999999999999766020, 1.543054966925661920E-15, -4.000000000000000000 ) ) ;
#2160 = CARTESIAN_POINT ( 'NONE',  ( 3.597333865429589661, 7.573611609418030355, -3.999535118194410099 ) ) ;
#2161 = AXIS2_PLACEMENT_3D ( 'NONE', #2469, #3251, #7815 ) ;
#2162 = DIRECTION ( 'NONE',  ( 0.000000000000000000, -1.000000000000000000, 0.000000000000000000 ) ) ;
#2163 = DIRECTION ( 'NONE',  ( 0.000000000000000000, -1.000000000000000000, 0.000000000000000000 ) ) ;
#2164 = CARTESIAN_POINT ( 'NONE',  ( -4.854746654831579633, 4.750000000000000000, -1.325752963803189965 ) ) ;
#2165 = CARTESIAN_POINT ( 'NONE',  ( -3.637083961758269979, 3.149999999999999911, -0.1445831303232300025 ) ) ;
#2167 = ORIENTED_EDGE ( 'NONE', *, *, #7667, .F. ) ;
#2166 = EDGE_CURVE ( 'NONE', #933, #7119, #4019, .T. ) ;
#2168 = EDGE_CURVE ( 'NONE', #8211, #8375, #9236, .T. ) ;
#2169 = VERTEX_POINT ( 'NONE', #3971 ) ;
#2170 = ORIENTED_EDGE ( 'NONE', *, *, #8950, .F. ) ;
#2171 = DIRECTION ( 'NONE',  ( 3.128579780658979875E-16, -9.970989681626198491E-16, 1.000000000000000000 ) ) ;
#2172 = CARTESIAN_POINT ( 'NONE',  ( -11.41162309946109943, 4.774999999999999467, -2.449999999999999734 ) ) ;
#2173 = CARTESIAN_POINT ( 'NONE',  ( 3.299999999999999822, -3.950000000000000178, 1.350000000000000089 ) ) ;
#2174 = CARTESIAN_POINT ( 'NONE',  ( -4.768600664696140967, -4.750000000000000000, -1.264922013198400252 ) ) ;
#2175 = DIRECTION ( 'NONE',  ( -1.000000000000000000, 0.000000000000000000, 0.000000000000000000 ) ) ;
#2176 = VERTEX_POINT ( 'NONE', #1061 ) ;
#2177 = ORIENTED_EDGE ( 'NONE', *, *, #7653, .F. ) ;
#2178 = CARTESIAN_POINT ( 'NONE',  ( 3.299999999999999822, 3.950000000000000178, 0.05000000000001750267 ) ) ;
#2179 = FACE_OUTER_BOUND ( 'NONE', #2763, .T. ) ;
#2180 = AXIS2_PLACEMENT_3D ( 'NONE', #2693, #9531, #7948 ) ;
#2181 = CARTESIAN_POINT ( 'NONE',  ( -12.20000000000000107, 6.150000000000000355, 0.5500000000000000444 ) ) ;
#2182 = VECTOR ( 'NONE', #8500, 1000.000000000000000 ) ;
#2183 = CARTESIAN_POINT ( 'NONE',  ( 1.807518844340070041, 1.699999999999999956, -6.505213034913029562E-16 ) ) ;
#2184 = CARTESIAN_POINT ( 'NONE',  ( 6.627381302066260638, -7.502152352690960591, -3.999996525281980020 ) ) ;
#2185 = CARTESIAN_POINT ( 'NONE',  ( 9.500000000000000000, 5.000000000000000000, -1.500000000000000000 ) ) ;
#2186 = DIRECTION ( 'NONE',  ( -2.005404828807245491E-16, 1.000000000000000000, 0.000000000000000000 ) ) ;
#2187 = CARTESIAN_POINT ( 'NONE',  ( 2.550000000000000266, -11.90000000000000036, 0.5499999999999870548 ) ) ;
#2188 = EDGE_CURVE ( 'NONE', #5090, #3877, #3974, .T. ) ;
#2189 = ORIENTED_EDGE ( 'NONE', *, *, #2402, .T. ) ;
#2190 = AXIS2_PLACEMENT_3D ( 'NONE', #6698, #1455, #9681 ) ;
#2191 = EDGE_LOOP ( 'NONE', ( #4502, #9312, #9018, #6472 ) ) ;
#2192 = EDGE_LOOP ( 'NONE', ( #7957, #3600 ) ) ;
#2193 = DIRECTION ( 'NONE',  ( 0.000000000000000000, -1.000000000000000000, 0.000000000000000000 ) ) ;
#2194 = ADVANCED_FACE ( 'NONE', ( #3275 ), #1080, .T. ) ;
#2195 = CARTESIAN_POINT ( 'NONE',  ( 7.000000000000000000, -6.339637028918160055, 1.350000000000000089 ) ) ;
#2196 = CARTESIAN_POINT ( 'NONE',  ( -3.662530198512150115, -4.750000000000000000, -0.2912913979897699956 ) ) ;
#2197 = CARTESIAN_POINT ( 'NONE',  ( -5.210180821087122105, -3.211263709049422488, 0.04999999999999762273 ) ) ;
#2198 = CARTESIAN_POINT ( 'NONE',  ( 10.69999999999999929, -7.500000000000000000, -4.000000000000000000 ) ) ;
#2199 = ORIENTED_EDGE ( 'NONE', *, *, #8097, .F. ) ;
#2200 = AXIS2_PLACEMENT_3D ( 'NONE', #5916, #8147, #4468 ) ;
#2201 = EDGE_LOOP ( 'NONE', ( #9614, #3952, #835, #442, #79, #9539, #2411, #2358 ) ) ;
#2202 = CIRCLE ( 'NONE', #8540, 0.1000000000000000056 ) ;
#2203 = LINE ( 'NONE', #5830, #2216 ) ;
#2204 = EDGE_CURVE ( 'NONE', #5166, #2661, #6692, .T. ) ;
#2205 = CYLINDRICAL_SURFACE ( 'NONE', #691, 0.09999999999999996392 ) ;
#2206 = CIRCLE ( 'NONE', #787, 1.500000000000000000 ) ;
#2207 = LINE ( 'NONE', #5233, #3231 ) ;
#2208 = EDGE_CURVE ( 'NONE', #9441, #8814, #7404, .T. ) ;
#2209 = PLANE ( 'NONE',  #8228 ) ;
#2210 = DIRECTION ( 'NONE',  ( 1.000000000000000000, 0.000000000000000000, 0.000000000000000000 ) ) ;
#2211 = AXIS2_PLACEMENT_3D ( 'NONE', #1323, #2750, #2801 ) ;
#2212 = CARTESIAN_POINT ( 'NONE',  ( 10.69999999999999929, -8.000000000000000000, 0.000000000000000000 ) ) ;
#2213 = EDGE_LOOP ( 'NONE', ( #9449, #4405 ) ) ;
#2214 = VERTEX_POINT ( 'NONE', #4674 ) ;
#2215 = ORIENTED_EDGE ( 'NONE', *, *, #6580, .T. ) ;
#2216 = VECTOR ( 'NONE', #6762, 1000.000000000000000 ) ;
#2217 = CARTESIAN_POINT ( 'NONE',  ( 2.133605534024969774, -3.550000000000000266, 2.731968657847110293 ) ) ;
#2218 = EDGE_CURVE ( 'NONE', #2509, #63, #8449, .T. ) ;
#2219 = ADVANCED_FACE ( 'NONE', ( #6493 ), #7938, .F. ) ;
#2220 = FACE_OUTER_BOUND ( 'NONE', #6768, .T. ) ;
#2221 = CARTESIAN_POINT ( 'NONE',  ( -11.47402114982909893, -3.149999999999999911, -2.000189061875230045 ) ) ;
#2222 = CARTESIAN_POINT ( 'NONE',  ( 5.200000000000000178, 8.900000000000000355, 0.000000000000000000 ) ) ;
#2223 = CARTESIAN_POINT ( 'NONE',  ( -5.059069437767100830, -3.250000000000000000, -0.3700132187965000097 ) ) ;
#2224 = ORIENTED_EDGE ( 'NONE', *, *, #6455, .T. ) ;
#2225 = EDGE_LOOP ( 'NONE', ( #8493, #5119 ) ) ;
#2226 = ORIENTED_EDGE ( 'NONE', *, *, #215, .T. ) ;
#2227 = LINE ( 'NONE', #1538, #1664 ) ;
#2228 = LINE ( 'NONE', #2923, #8419 ) ;
#2229 = CARTESIAN_POINT ( 'NONE',  ( 6.200000000000000178, -1.699999999999999956, 1.350000000000000089 ) ) ;
#2230 = CARTESIAN_POINT ( 'NONE',  ( -4.635857748931030642, 4.744032548946300665, 0.05000000000001050826 ) ) ;
#2231 = CARTESIAN_POINT ( 'NONE',  ( -6.359745509654959328, -3.149999999999999911, -1.804637193035420140 ) ) ;
#2232 = DIRECTION ( 'NONE',  ( 0.000000000000000000, 0.000000000000000000, -1.000000000000000000 ) ) ;
#2233 = LINE ( 'NONE', #6154, #2264 ) ;
#2234 = DIRECTION ( 'NONE',  ( 3.675261601645779967E-17, 0.000000000000000000, 1.000000000000000000 ) ) ;
#2235 = EDGE_LOOP ( 'NONE', ( #7886, #2733, #6110, #3541 ) ) ;
#2236 = ORIENTED_EDGE ( 'NONE', *, *, #1304, .T. ) ;
#2237 = EDGE_LOOP ( 'NONE', ( #8658, #5694, #6734, #3291 ) ) ;
#2238 = CARTESIAN_POINT ( 'NONE',  ( 10.69999999999999929, -7.500000000000000000, -3.500000000000000000 ) ) ;
#2239 = EDGE_CURVE ( 'NONE', #4371, #8874, #6608, .T. ) ;
#2240 = DIRECTION ( 'NONE',  ( -1.000000000000000000, 0.000000000000000000, 0.000000000000000000 ) ) ;
#2241 = CARTESIAN_POINT ( 'NONE',  ( -11.79999999999999893, 7.470345474798859223E-16, 4.000000000000000000 ) ) ;
#2242 = CC_DESIGN_APPROVAL ( #6084, ( #5724 ) ) ;
#2243 = CARTESIAN_POINT ( 'NONE',  ( -5.233354133029929578, -3.250000000000000000, 0.04999999999999759498 ) ) ;
#2244 = DIRECTION ( 'NONE',  ( 1.000000000000000000, 0.000000000000000000, 0.000000000000000000 ) ) ;
#2245 = VECTOR ( 'NONE', #8435, 1000.000000000000000 ) ;
#2246 = FACE_OUTER_BOUND ( 'NONE', #1474, .T. ) ;
#2247 = CIRCLE ( 'NONE', #3502, 5.895623928210659948 ) ;
#2248 = EDGE_CURVE ( 'NONE', #8375, #933, #8831, .T. ) ;
#2249 = VECTOR ( 'NONE', #2252, 1000.000000000000114 ) ;
#2250 = ORIENTED_EDGE ( 'NONE', *, *, #5489, .T. ) ;
#2251 = ORIENTED_EDGE ( 'NONE', *, *, #5377, .T. ) ;
#2252 = DIRECTION ( 'NONE',  ( 0.9670826766655238327, 0.000000000000000000, -0.2544623675387890360 ) ) ;
#2253 = AXIS2_PLACEMENT_3D ( 'NONE', #561, #5972, #6800 ) ;
#2254 = CARTESIAN_POINT ( 'NONE',  ( -4.819563936321587860, 3.150032338169752588, 0.05000000000000868333 ) ) ;
#2255 = EDGE_CURVE ( 'NONE', #3997, #1328, #9523, .T. ) ;
#2256 = AXIS2_PLACEMENT_3D ( 'NONE', #7647, #2355, #8111 ) ;
#2257 = CARTESIAN_POINT ( 'NONE',  ( -9.199999999999999289, 4.286263797015740046E-16, -10.00000000000000000 ) ) ;
#2258 = DIRECTION ( 'NONE',  ( -1.000000000000000000, 0.000000000000000000, 0.000000000000000000 ) ) ;
#2259 = DIRECTION ( 'NONE',  ( 1.000000000000000000, 0.000000000000000000, 0.000000000000000000 ) ) ;
#2260 = EDGE_CURVE ( 'NONE', #4280, #564, #1299, .T. ) ;
#2261 = CARTESIAN_POINT ( 'NONE',  ( -0.6999999999999999556, -2.700000000000000178, -0.8499999999999999778 ) ) ;
#2262 = ORIENTED_EDGE ( 'NONE', *, *, #9496, .T. ) ;
#2263 = ORIENTED_EDGE ( 'NONE', *, *, #126, .F. ) ;
#2264 = VECTOR ( 'NONE', #9178, 1000.000000000000000 ) ;
#2265 = ORIENTED_EDGE ( 'NONE', *, *, #9394, .T. ) ;
#2266 = EDGE_LOOP ( 'NONE', ( #5643, #5472, #9350, #429 ) ) ;
#2267 = CARTESIAN_POINT ( 'NONE',  ( -5.059069437767100830, 3.250000000000000000, -0.3200132187965100128 ) ) ;
#2268 =( BOUNDED_CURVE ( )  B_SPLINE_CURVE ( 3, ( #8113, #5036, #8068, #1380 ),
 .UNSPECIFIED., .F., .F. ) 
 B_SPLINE_CURVE_WITH_KNOTS ( ( 4, 4 ),
 ( 0.000000000000000000, 1.570796326794896558 ),
 .UNSPECIFIED. ) 
 CURVE ( )  GEOMETRIC_REPRESENTATION_ITEM ( )  RATIONAL_B_SPLINE_CURVE ( ( 1.000000000000000000, 0.8047378541243649375, 0.8047378541243649375, 1.000000000000000000 ) ) 
 REPRESENTATION_ITEM ( '' )  );
#2269 = LINE ( 'NONE', #9657, #5481 ) ;
#2270 = FACE_OUTER_BOUND ( 'NONE', #92, .T. ) ;
#2271 = FACE_OUTER_BOUND ( 'NONE', #297, .T. ) ;
#2272 = LINE ( 'NONE', #3599, #4490 ) ;
#2273 = ORIENTED_EDGE ( 'NONE', *, *, #6523, .T. ) ;
#2274 = ORIENTED_EDGE ( 'NONE', *, *, #7126, .T. ) ;
#2275 = ORIENTED_EDGE ( 'NONE', *, *, #790, .F. ) ;
#2276 = ORIENTED_EDGE ( 'NONE', *, *, #2009, .T. ) ;
#2277 = EDGE_CURVE ( 'NONE', #7013, #2478, #1249, .T. ) ;
#2278 = EDGE_CURVE ( 'NONE', #4561, #9515, #6394, .T. ) ;
#2279 = LINE ( 'NONE', #8923, #9416 ) ;
#2280 = CARTESIAN_POINT ( 'NONE',  ( 9.500000000000000000, -5.000000000000000000, -1.500000000000000000 ) ) ;
#2281 = AXIS2_PLACEMENT_3D ( 'NONE', #9388, #2828, #8085 ) ;
#2282 = CARTESIAN_POINT ( 'NONE',  ( -3.100000000000000089, 2.700000000000000178, 3.950000000000000178 ) ) ;
#2283 = DIRECTION ( 'NONE',  ( -3.212450881438530269E-16, -1.000000000000000000, -1.109299444996742597E-15 ) ) ;
#2284 = CARTESIAN_POINT ( 'NONE',  ( -2.299999999999999822, 5.134271928232699622, 3.500000000000000000 ) ) ;
#2285 = AXIS2_PLACEMENT_3D ( 'NONE', #8325, #9613, #736 ) ;
#2286 = LINE ( 'NONE', #7437, #3539 ) ;
#2287 = CYLINDRICAL_SURFACE ( 'NONE', #3363, 2.500000000000000000 ) ;
#2288 = DIRECTION ( 'NONE',  ( 0.000000000000000000, -1.000000000000000000, 0.000000000000000000 ) ) ;
#2289 = ORIENTED_EDGE ( 'NONE', *, *, #5052, .F. ) ;
#2290 = VECTOR ( 'NONE', #6434, 1000.000000000000000 ) ;
#2291 = ORIENTED_EDGE ( 'NONE', *, *, #4870, .T. ) ;
#2292 = CIRCLE ( 'NONE', #1189, 2.600000000000000089 ) ;
#2293 = EDGE_CURVE ( 'NONE', #2518, #9651, #3422, .T. ) ;
#2294 = EDGE_CURVE ( 'NONE', #4024, #3281, #7139, .T. ) ;
#2295 = ORIENTED_EDGE ( 'NONE', *, *, #4672, .T. ) ;
#2296 = ORIENTED_EDGE ( 'NONE', *, *, #8318, .F. ) ;
#2297 = CIRCLE ( 'NONE', #1500, 0.6999999999999999556 ) ;
#2298 = CARTESIAN_POINT ( 'NONE',  ( -5.145272052113280203, 3.250000000000000000, 0.01920516112986990140 ) ) ;
#2299 = AXIS2_PLACEMENT_3D ( 'NONE', #2656, #1173, #3442 ) ;
#2300 = DIRECTION ( 'NONE',  ( -0.9931429867320367144, 0.000000000000000000, -0.1169059789102749741 ) ) ;
#2301 = DIRECTION ( 'NONE',  ( 0.000000000000000000, -1.000000000000000000, 0.000000000000000000 ) ) ;
#2302 = AXIS2_PLACEMENT_3D ( 'NONE', #7516, #2072, #3790 ) ;
#2303 = DIRECTION ( 'NONE',  ( -1.000000000000000000, 0.000000000000000000, 0.000000000000000000 ) ) ;
#2304 = PLANE ( 'NONE',  #1395 ) ;
#2305 = DIRECTION ( 'NONE',  ( 0.000000000000000000, -1.000000000000000000, 0.000000000000000000 ) ) ;
#2306 = VECTOR ( 'NONE', #6756, 1000.000000000000000 ) ;
#2307 = EDGE_LOOP ( 'NONE', ( #8013, #6534, #7329 ) ) ;
#2308 = LINE ( 'NONE', #8455, #4618 ) ;
#2309 = CARTESIAN_POINT ( 'NONE',  ( -2.000000000000000000, -8.000000000000000000, -3.502017692030449769 ) ) ;
#2310 = CYLINDRICAL_SURFACE ( 'NONE', #389, 0.5000000000000000000 ) ;
#2311 = ADVANCED_FACE ( 'NONE', ( #353 ), #3747, .T. ) ;
#2312 = CARTESIAN_POINT ( 'NONE',  ( -12.69999999999999929, 6.200000000000000178, 0.5500000000000000444 ) ) ;
#2313 = CARTESIAN_POINT ( 'NONE',  ( -11.58485308255990098, -3.250000000000000000, -1.564051144827020012 ) ) ;
#2314 = AXIS2_PLACEMENT_3D ( 'NONE', #7091, #163, #4018 ) ;
#2315 = DIRECTION ( 'NONE',  ( -1.000000000000000000, 0.000000000000000000, 0.000000000000000000 ) ) ;
#2317 = ADVANCED_FACE ( 'NONE', ( #3322 ), #6346, .T. ) ;
#2316 = ORIENTED_EDGE ( 'NONE', *, *, #8704, .F. ) ;
#2318 = ORIENTED_EDGE ( 'NONE', *, *, #2642, .T. ) ;
#2319 = ORIENTED_EDGE ( 'NONE', *, *, #216, .F. ) ;
#2320 = ORIENTED_EDGE ( 'NONE', *, *, #1661, .F. ) ;
#2321 = CARTESIAN_POINT ( 'NONE',  ( 1.600000000000000089, -3.950000000000000178, 0.000000000000000000 ) ) ;
#2322 = CIRCLE ( 'NONE', #9128, 5.895623928210659948 ) ;
#2323 = EDGE_CURVE ( 'NONE', #8417, #331, #7288, .T. ) ;
#2324 = CARTESIAN_POINT ( 'NONE',  ( 1.000000000000000000, 8.000000000000000000, -3.500000000000000000 ) ) ;
#2325 = FACE_OUTER_BOUND ( 'NONE', #7442, .T. ) ;
#2326 = CARTESIAN_POINT ( 'NONE',  ( 6.700000000000000178, -2.250000000000000000, 0.000000000000000000 ) ) ;
#2327 = DIRECTION ( 'NONE',  ( -3.675261601645779967E-17, 0.000000000000000000, -1.000000000000000000 ) ) ;
#2328 = ORIENTED_EDGE ( 'NONE', *, *, #3308, .T. ) ;
#2329 = ORIENTED_EDGE ( 'NONE', *, *, #7369, .T. ) ;
#2330 = VERTEX_POINT ( 'NONE', #2581 ) ;
#2331 = ORIENTED_EDGE ( 'NONE', *, *, #9237, .T. ) ;
#2332 = EDGE_CURVE ( 'NONE', #8464, #5040, #2683, .T. ) ;
#2333 = CARTESIAN_POINT ( 'NONE',  ( -3.637083961758269979, -3.250000000000000000, -0.1945831303232199994 ) ) ;
#2334 = CARTESIAN_POINT ( 'NONE',  ( -11.46738209570189859, -4.675365379185340231, -2.500000000000000888 ) ) ;
#2335 = EDGE_CURVE ( 'NONE', #8330, #7611, #1551, .T. ) ;
#2336 =( BOUNDED_CURVE ( )  B_SPLINE_CURVE ( 3, ( #185, #8423, #8476, #3206 ),
 .UNSPECIFIED., .F., .F. ) 
 B_SPLINE_CURVE_WITH_KNOTS ( ( 4, 4 ),
 ( 5.059599717853370038, 6.283185307179586232 ),
 .UNSPECIFIED. ) 
 CURVE ( )  GEOMETRIC_REPRESENTATION_ITEM ( )  RATIONAL_B_SPLINE_CURVE ( ( 1.000000000000000000, 0.8790797783002061161, 0.8790797783002061161, 1.000000000000000000 ) ) 
 REPRESENTATION_ITEM ( '' )  );
#2337 = CARTESIAN_POINT ( 'NONE',  ( 0.1999999999999879929, 6.200000000000000178, 1.350000000000020073 ) ) ;
#2338 = CARTESIAN_POINT ( 'NONE',  ( -11.41203626710519892, 4.653439470695190927, -2.449999999999999734 ) ) ;
#2339 = EDGE_CURVE ( 'NONE', #8037, #6362, #2784, .T. ) ;
#2340 = DIRECTION ( 'NONE',  ( -1.858632295689409725E-16, 0.000000000000000000, 1.000000000000000000 ) ) ;
#2341 = LINE ( 'NONE', #152, #7986 ) ;
#2342 = LINE ( 'NONE', #4607, #1319 ) ;
#2343 = CARTESIAN_POINT ( 'NONE',  ( 0.6282856857085710178, -7.500000000000000000, -4.000000000000000000 ) ) ;
#2344 = ORIENTED_EDGE ( 'NONE', *, *, #2918, .T. ) ;
#2345 = EDGE_LOOP ( 'NONE', ( #7302, #8226, #5091, #266, #3326, #9032, #2823, #2623, #2106, #1256 ) ) ;
#2346 = DIRECTION ( 'NONE',  ( 0.000000000000000000, 0.000000000000000000, 1.000000000000000000 ) ) ;
#2347 = AXIS2_PLACEMENT_3D ( 'NONE', #4265, #7238, #1104 ) ;
#2348 = LINE ( 'NONE', #8397, #5839 ) ;
#2349 = LINE ( 'NONE', #5366, #7965 ) ;
#2350 = ADVANCED_FACE ( 'NONE', ( #5612 ), #4973, .F. ) ;
#2351 = DIRECTION ( 'NONE',  ( -2.551063935260029719E-16, -1.000000000000000000, 0.000000000000000000 ) ) ;
#2352 = CARTESIAN_POINT ( 'NONE',  ( -6.359745509654959328, 3.149999999999999023, -1.813620284639837488 ) ) ;
#2353 = EDGE_CURVE ( 'NONE', #2448, #6793, #2042, .T. ) ;
#2354 = AXIS2_PLACEMENT_3D ( 'NONE', #171, #7709, #4835 ) ;
#2355 = DIRECTION ( 'NONE',  ( 0.000000000000000000, 1.000000000000000000, 0.000000000000000000 ) ) ;
#2356 = DIRECTION ( 'NONE',  ( 1.365923996832129884E-16, 0.000000000000000000, -1.000000000000000000 ) ) ;
#2357 = ORIENTED_EDGE ( 'NONE', *, *, #2850, .F. ) ;
#2358 = ORIENTED_EDGE ( 'NONE', *, *, #5771, .T. ) ;
#2359 = FACE_OUTER_BOUND ( 'NONE', #7984, .T. ) ;
#2360 = CARTESIAN_POINT ( 'NONE',  ( -2.228285685708569552, -7.500000000000000000, -4.000000000000000000 ) ) ;
#2361 = CARTESIAN_POINT ( 'NONE',  ( 4.780733988912470000E-16, -7.500000000000000000, -3.500000000000000000 ) ) ;
#2362 = CARTESIAN_POINT ( 'NONE',  ( 1.000000000000000000, 8.000000000000000000, -46.00000000000000000 ) ) ;
#2363 = CARTESIAN_POINT ( 'NONE',  ( -6.359745509654959328, 4.750000000000000000, -2.449999999999999734 ) ) ;
#2364 = DIRECTION ( 'NONE',  ( 0.000000000000000000, -1.000000000000000000, 0.000000000000000000 ) ) ;
#2365 = ORIENTED_EDGE ( 'NONE', *, *, #2857, .T. ) ;
#2366 = ORIENTED_EDGE ( 'NONE', *, *, #7952, .F. ) ;
#2367 = VERTEX_POINT ( 'NONE', #4869 ) ;
#2368 = DIRECTION ( 'NONE',  ( 0.000000000000000000, -1.000000000000000000, 0.000000000000000000 ) ) ;
#2369 = VECTOR ( 'NONE', #4536, 1000.000000000000000 ) ;
#2370 = EDGE_CURVE ( 'NONE', #479, #4420, #9434, .T. ) ;
#2371 = AXIS2_PLACEMENT_3D ( 'NONE', #2282, #6637, #6740 ) ;
#2372 = CARTESIAN_POINT ( 'NONE',  ( -11.46738209570190037, -3.149999999999999911, -2.026314594173330264 ) ) ;
#2373 = DIRECTION ( 'NONE',  ( -3.675261601645779967E-17, 0.000000000000000000, -1.000000000000000000 ) ) ;
#2374 = DIRECTION ( 'NONE',  ( 2.025682080082079925E-16, -1.000000000000000000, -8.725142821606440391E-16 ) ) ;
#2375 = DIRECTION ( 'NONE',  ( 0.000000000000000000, 0.000000000000000000, -1.000000000000000000 ) ) ;
#2376 = ORIENTED_EDGE ( 'NONE', *, *, #6074, .F. ) ;
#2377 = ORIENTED_EDGE ( 'NONE', *, *, #5429, .F. ) ;
#2378 = VERTEX_POINT ( 'NONE', #1895 ) ;
#2379 = EDGE_CURVE ( 'NONE', #4864, #5752, #2139, .T. ) ;
#2380 = ORIENTED_EDGE ( 'NONE', *, *, #2607, .F. ) ;
#2381 = DIRECTION ( 'NONE',  ( 0.004218976193206252362, 0.000000000000000000, 0.9999911000803363148 ) ) ;
#2382 = CARTESIAN_POINT ( 'NONE',  ( 1.600000000000000089, 3.950000000000000178, -2.600000000000000089 ) ) ;
#2383 = CARTESIAN_POINT ( 'NONE',  ( 4.389724735885209839, -1.699999999999999956, 1.350000000000000089 ) ) ;
#2384 = CIRCLE ( 'NONE', #4433, 1.000000000000000000 ) ;
#2385 = DIRECTION ( 'NONE',  ( -1.741690236924499901E-16, 0.000000000000000000, 1.000000000000000000 ) ) ;
#2386 = CARTESIAN_POINT ( 'NONE',  ( -4.708132092612940411, -3.250000000000000000, -0.2746782025892200441 ) ) ;
#2387 = CARTESIAN_POINT ( 'NONE',  ( 6.615470882962399874E-17, 8.000000000000000000, 1.800000000000000044 ) ) ;
#2388 = DIRECTION ( 'NONE',  ( 2.927845397290890110E-16, 1.000000000000000000, 1.110223024625160090E-15 ) ) ;
#2389 = ORIENTED_EDGE ( 'NONE', *, *, #7521, .F. ) ;
#2390 = ADVANCED_FACE ( 'NONE', ( #9624 ), #8881, .F. ) ;
#2391 = ORIENTED_EDGE ( 'NONE', *, *, #7599, .T. ) ;
#2392 = EDGE_CURVE ( 'NONE', #9213, #3520, #8185, .T. ) ;
#2393 = DIRECTION ( 'NONE',  ( 0.000000000000000000, -1.000000000000000000, 0.000000000000000000 ) ) ;
#2394 = FACE_OUTER_BOUND ( 'NONE', #7692, .T. ) ;
#2395 = CARTESIAN_POINT ( 'NONE',  ( -2.700000000000000178, -3.950000000000000178, 3.500000000000000000 ) ) ;
#2396 = DIRECTION ( 'NONE',  ( 0.000000000000000000, 0.000000000000000000, -1.000000000000000000 ) ) ;
#2397 = CARTESIAN_POINT ( 'NONE',  ( -4.622701564166340482, -3.198517484088859941, 0.04999999999999759498 ) ) ;
#2398 = CARTESIAN_POINT ( 'NONE',  ( -4.000000000000000000, 1.224646799147349904E-15, -2.700000000000000622 ) ) ;
#2399 = ORIENTED_EDGE ( 'NONE', *, *, #425, .F. ) ;
#2400 = ORIENTED_EDGE ( 'NONE', *, *, #1416, .F. ) ;
#2401 = EDGE_CURVE ( 'NONE', #8479, #1054, #2755, .T. ) ;
#2402 = EDGE_CURVE ( 'NONE', #3566, #9603, #2088, .T. ) ;
#2403 = CARTESIAN_POINT ( 'NONE',  ( -0.6999999999999999556, -3.149999999999999911, -2.500000000000000000 ) ) ;
#2404 = CC_DESIGN_SECURITY_CLASSIFICATION ( #5724, ( #4928 ) ) ;
#2405 = CARTESIAN_POINT ( 'NONE',  ( -12.69999999999999929, 7.500000000000000000, -4.000000000000000000 ) ) ;
#2406 = AXIS2_PLACEMENT_3D ( 'NONE', #3513, #4069, #5012 ) ;
#2407 = CARTESIAN_POINT ( 'NONE',  ( -2.000000000000000000, -8.000000000000000000, 3.500000000000000000 ) ) ;
#2408 = CARTESIAN_POINT ( 'NONE',  ( -2.000000000000000000, -8.000000000000000000, -3.500000000000000000 ) ) ;
#2409 = CARTESIAN_POINT ( 'NONE',  ( 0.000000000000000000, -8.000000000000000000, 0.000000000000000000 ) ) ;
#2410 = ORIENTED_EDGE ( 'NONE', *, *, #7274, .F. ) ;
#2411 = ORIENTED_EDGE ( 'NONE', *, *, #3758, .F. ) ;
#2412 = AXIS2_PLACEMENT_3D ( 'NONE', #9354, #6422, #5731 ) ;
#2413 = ORIENTED_EDGE ( 'NONE', *, *, #8408, .F. ) ;
#2414 = CARTESIAN_POINT ( 'NONE',  ( -4.854746654831579633, -3.250000000000000000, -1.375752963803180018 ) ) ;
#2415 = DIRECTION ( 'NONE',  ( 5.464591506921780946E-31, -1.000000000000000000, -9.856383386231849706E-16 ) ) ;
#2416 = CARTESIAN_POINT ( 'NONE',  ( 3.299999999999999822, 3.950000000000000178, 1.350000000000020073 ) ) ;
#2417 = AXIS2_PLACEMENT_3D ( 'NONE', #2786, #453, #3516 ) ;
#2418 = FACE_OUTER_BOUND ( 'NONE', #4648, .T. ) ;
#2419 = CARTESIAN_POINT ( 'NONE',  ( -11.46738209570190037, -4.750000000000000000, -2.026314594173330264 ) ) ;
#2420 = VERTEX_POINT ( 'NONE', #1491 ) ;
#2421 = VERTEX_POINT ( 'NONE', #9719 ) ;
#2422 = ORIENTED_EDGE ( 'NONE', *, *, #2255, .F. ) ;
#2423 = CARTESIAN_POINT ( 'NONE',  ( 6.700000000000000178, 2.250000000000000000, 0.000000000000000000 ) ) ;
#2425 = CIRCLE ( 'NONE', #7963, 0.3769558987526491212 ) ;
#2424 = PERSON_AND_ORGANIZATION ( #7298, #2091 ) ;
#2426 = EDGE_CURVE ( 'NONE', #8961, #1820, #3563, .T. ) ;
#2427 = DIRECTION ( 'NONE',  ( 0.000000000000000000, 0.000000000000000000, 1.000000000000000000 ) ) ;
#2428 = CARTESIAN_POINT ( 'NONE',  ( -12.69999999999999929, -1.699999999999999956, -1.397680857941120327E-16 ) ) ;
#2429 = CARTESIAN_POINT ( 'NONE',  ( -11.46738209570190037, 3.149999999999999911, -1.976314594173340211 ) ) ;
#2430 = DIRECTION ( 'NONE',  ( 0.000000000000000000, 8.725142821606440391E-16, -1.000000000000000000 ) ) ;
#2431 = DIRECTION ( 'NONE',  ( -1.232047923278979734E-16, 0.000000000000000000, 1.000000000000000000 ) ) ;
#2432 = ORIENTED_EDGE ( 'NONE', *, *, #877, .T. ) ;
#2433 = CIRCLE ( 'NONE', #9712, 5.895623928210659948 ) ;
#2434 = VERTEX_POINT ( 'NONE', #6593 ) ;
#2435 = EDGE_CURVE ( 'NONE', #1384, #1097, #4460, .T. ) ;
#2436 = FACE_OUTER_BOUND ( 'NONE', #2127, .T. ) ;
#2437 = AXIS2_PLACEMENT_3D ( 'NONE', #4861, #1095, #7131 ) ;
#2438 = LINE ( 'NONE', #4016, #7732 ) ;
#2439 = EDGE_CURVE ( 'NONE', #781, #3611, #5926, .T. ) ;
#2440 = DIRECTION ( 'NONE',  ( 0.000000000000000000, 1.000000000000000000, 0.000000000000000000 ) ) ;
#2441 = DIRECTION ( 'NONE',  ( 1.334402673828309888E-16, 0.000000000000000000, -1.000000000000000000 ) ) ;
#2442 = DIRECTION ( 'NONE',  ( -3.675261601645779967E-17, 0.000000000000000000, -1.000000000000000000 ) ) ;
#2443 = AXIS2_PLACEMENT_3D ( 'NONE', #102, #4657, #8437 ) ;
#2444 = LINE ( 'NONE', #2634, #8117 ) ;
#2445 = CARTESIAN_POINT ( 'NONE',  ( 3.399999999999999911, -8.000000000000000000, -3.558691488175710127 ) ) ;
#2446 = AXIS2_PLACEMENT_3D ( 'NONE', #2949, #5978, #5832 ) ;
#2447 = AXIS2_PLACEMENT_3D ( 'NONE', #5505, #8439, #3856 ) ;
#2448 = VERTEX_POINT ( 'NONE', #7389 ) ;
#2449 = EDGE_LOOP ( 'NONE', ( #1747, #2883, #9606 ) ) ;
#2450 = TOROIDAL_SURFACE ( 'NONE', #6715, 0.7500000000000000000, 0.1000000000000000056 ) ;
#2451 = DIRECTION ( 'NONE',  ( -1.365923996832129884E-16, 0.000000000000000000, 1.000000000000000000 ) ) ;
#2452 = VECTOR ( 'NONE', #733, 1000.000000000000000 ) ;
#2453 = CARTESIAN_POINT ( 'NONE',  ( -2.000373313810699827, -7.999253361248629624, -3.564666960564249809 ) ) ;
#2454 = VECTOR ( 'NONE', #6099, 1000.000000000000000 ) ;
#2455 = FACE_OUTER_BOUND ( 'NONE', #1440, .T. ) ;
#2456 = ADVANCED_FACE ( 'NONE', ( #4413 ), #2927, .F. ) ;
#2457 = PRODUCT_DEFINITION_SHAPE ( 'NONE', 'NONE',  #7104 ) ;
#2458 = LINE ( 'NONE', #4882, #6254 ) ;
#2459 = LINE ( 'NONE', #7106, #8404 ) ;
#2460 = EDGE_CURVE ( 'NONE', #5976, #4939, #5309, .T. ) ;
#2461 = AXIS2_PLACEMENT_3D ( 'NONE', #2975, #7484, #6054 ) ;
#2462 = AXIS2_PLACEMENT_3D ( 'NONE', #6065, #8244, #6119 ) ;
#2463 = AXIS2_PLACEMENT_3D ( 'NONE', #3390, #7159, #6511 ) ;
#2464 = VERTEX_POINT ( 'NONE', #3709 ) ;
#2465 = ORIENTED_EDGE ( 'NONE', *, *, #190, .T. ) ;
#2466 = ORIENTED_EDGE ( 'NONE', *, *, #2708, .T. ) ;
#2467 = CARTESIAN_POINT ( 'NONE',  ( -11.51579293296740047, 3.237043900731340074, -2.449999999999999734 ) ) ;
#2468 = VECTOR ( 'NONE', #9522, 1000.000000000000000 ) ;
#2469 = CARTESIAN_POINT ( 'NONE',  ( -2.700000000000000178, -3.950000000000000178, 3.950000000000000178 ) ) ;
#2470 = EDGE_CURVE ( 'NONE', #4499, #5393, #2286, .T. ) ;
#2471 = CARTESIAN_POINT ( 'NONE',  ( 6.425910259004610658, 7.947719699199740084, -3.731823336718259831 ) ) ;
#2472 = EDGE_CURVE ( 'NONE', #3107, #7372, #6744, .T. ) ;
#2473 = CARTESIAN_POINT ( 'NONE',  ( -0.6999999999999999556, -5.200000000000000178, 0.000000000000000000 ) ) ;
#2474 = LINE ( 'NONE', #1629, #1490 ) ;
#2475 = ORIENTED_EDGE ( 'NONE', *, *, #1469, .F. ) ;
#2476 = ORIENTED_EDGE ( 'NONE', *, *, #5461, .T. ) ;
#2477 = CIRCLE ( 'NONE', #6742, 2.600000000000000089 ) ;
#2478 = VERTEX_POINT ( 'NONE', #5962 ) ;
#2479 = DIRECTION ( 'NONE',  ( 0.9999911000803364258, 0.000000000000000000, -0.004218976193205941846 ) ) ;
#2480 = DIRECTION ( 'NONE',  ( -0.7071067811865480168, 8.659560562354939021E-17, 0.7071067811865470176 ) ) ;
#2481 = LINE ( 'NONE', #4756, #533 ) ;
#2482 = DIRECTION ( 'NONE',  ( -1.000000000000000000, 0.000000000000000000, 0.000000000000000000 ) ) ;
#2483 = DIRECTION ( 'NONE',  ( 1.464973975462420099E-15, 1.000000000000000000, 9.970989681626198491E-16 ) ) ;
#2484 = EDGE_LOOP ( 'NONE', ( #1792, #9134, #1888, #3347, #5194 ) ) ;
#2485 = ORIENTED_EDGE ( 'NONE', *, *, #1495, .F. ) ;
#2486 = ORIENTED_EDGE ( 'NONE', *, *, #2523, .T. ) ;
#2487 = CARTESIAN_POINT ( 'NONE',  ( 7.750000000000000000, -5.000000000000000000, -1.500000000000000222 ) ) ;
#2488 = DIRECTION ( 'NONE',  ( 0.2462931838462505130, 0.000000000000000000, -0.9691953712182477254 ) ) ;
#2489 = CARTESIAN_POINT ( 'NONE',  ( 0.2999999999999999889, 7.880196097281438661, 3.500000000000000000 ) ) ;
#2490 = ADVANCED_FACE ( 'NONE', ( #4366 ), #8927, .T. ) ;
#2491 = ADVANCED_FACE ( 'NONE', ( #2973 ), #1351, .T. ) ;
#2492 = CARTESIAN_POINT ( 'NONE',  ( -11.46738209570190037, 4.649999999999999467, -1.976314594173340211 ) ) ;
#2493 = LINE ( 'NONE', #6257, #2182 ) ;
#2494 = LINE ( 'NONE', #5516, #3669 ) ;
#2495 = CARTESIAN_POINT ( 'NONE',  ( 9.500000000000000000, 5.000000000000000000, -1.500000000000000000 ) ) ;
#2496 = ADVANCED_FACE ( 'NONE', ( #7536 ), #5258, .F. ) ;
#2497 = ORIENTED_EDGE ( 'NONE', *, *, #3350, .F. ) ;
#2498 = VERTEX_POINT ( 'NONE', #746 ) ;
#2499 = DIRECTION ( 'NONE',  ( 0.000000000000000000, 0.000000000000000000, -1.000000000000000000 ) ) ;
#2500 = CARTESIAN_POINT ( 'NONE',  ( -2.227833584854510107, 7.501076215297249661, 4.000000000000000000 ) ) ;
#2501 = LINE ( 'NONE', #6265, #6769 ) ;
#2502 = VECTOR ( 'NONE', #6963, 1000.000000000000000 ) ;
#2503 = CARTESIAN_POINT ( 'NONE',  ( -0.6999999999999999556, 2.299999999999999822, 0.000000000000000000 ) ) ;
#2504 = CARTESIAN_POINT ( 'NONE',  ( 6.750000000000000000, -8.050000000000000711, 1.350000000000000089 ) ) ;
#2505 = ORIENTED_EDGE ( 'NONE', *, *, #4398, .T. ) ;
#2506 = VECTOR ( 'NONE', #7089, 1000.000000000000000 ) ;
#2507 = ADVANCED_FACE ( 'NONE', ( #2878 ), #5908, .F. ) ;
#2508 = ORIENTED_EDGE ( 'NONE', *, *, #7976, .F. ) ;
#2509 = VERTEX_POINT ( 'NONE', #899 ) ;
#2510 = CARTESIAN_POINT ( 'NONE',  ( -11.52272792429850057, 3.246560529304809872, -2.449999999999999734 ) ) ;
#2511 = DIRECTION ( 'NONE',  ( -2.118254638499499992E-30, -1.000000000000000000, -2.294126247091830304E-15 ) ) ;
#2512 = DIRECTION ( 'NONE',  ( 1.000000000000000000, 0.000000000000000000, -9.340818716798191895E-16 ) ) ;
#2513 = DIRECTION ( 'NONE',  ( 1.000000000000000000, 5.551115123125729701E-17, 9.387283644590649326E-16 ) ) ;
#2514 = CARTESIAN_POINT ( 'NONE',  ( 0.5973338653081150529, -7.573611609683130297, -3.999535118192659944 ) ) ;
#2515 = ORIENTED_EDGE ( 'NONE', *, *, #8866, .T. ) ;
#2516 = EDGE_LOOP ( 'NONE', ( #6364, #7108, #9632, #1329, #3483, #6827 ) ) ;
#2517 = VERTEX_POINT ( 'NONE', #9177 ) ;
#2518 = VERTEX_POINT ( 'NONE', #9225 ) ;
#2519 = CARTESIAN_POINT ( 'NONE',  ( -12.69999999999999929, 5.599999999999999645, 0.000000000000000000 ) ) ;
#2520 = CIRCLE ( 'NONE', #4256, 1.350000000000000089 ) ;
#2521 = EDGE_CURVE ( 'NONE', #8860, #1596, #6153, .T. ) ;
#2522 = PERSON_AND_ORGANIZATION_ROLE ( 'creator' ) ;
#2523 = EDGE_CURVE ( 'NONE', #1569, #1579, #855, .T. ) ;
#2524 = VECTOR ( 'NONE', #7959, 1000.000000000000000 ) ;
#2525 = DIRECTION ( 'NONE',  ( 1.000000000000000000, 0.000000000000000000, 0.000000000000000000 ) ) ;
#2526 = DIRECTION ( 'NONE',  ( 4.891920202254599951E-16, -1.000000000000000000, -8.725142821606440391E-16 ) ) ;
#2527 = CARTESIAN_POINT ( 'NONE',  ( -2.299999999999999822, -5.200000000000000178, 3.950000000000000178 ) ) ;
#2528 = ORIENTED_EDGE ( 'NONE', *, *, #6006, .T. ) ;
#2529 = AXIS2_PLACEMENT_3D ( 'NONE', #3883, #666, #9791 ) ;
#2530 = EDGE_LOOP ( 'NONE', ( #5791, #3254, #3002, #4244 ) ) ;
#2531 = EDGE_LOOP ( 'NONE', ( #3876, #9031, #23, #5676 ) ) ;
#2532 = CARTESIAN_POINT ( 'NONE',  ( 6.200000000000000178, 1.750000000000000000, 0.5500000000000180300 ) ) ;
#2533 = AXIS2_PLACEMENT_3D ( 'NONE', #1668, #3290, #4837 ) ;
#2534 = CARTESIAN_POINT ( 'NONE',  ( -4.898978868267030329, -4.750000000000000000, -0.9999902100883649725 ) ) ;
#2535 = DIRECTION ( 'NONE',  ( 0.000000000000000000, 0.000000000000000000, -1.000000000000000000 ) ) ;
#2536 = DESIGN_CONTEXT ( 'detailed design', #7240, 'design' ) ;
#2537 = CARTESIAN_POINT ( 'NONE',  ( -11.46738209570190037, 4.750000000000000000, -1.976314594173340211 ) ) ;
#2538 = DIRECTION ( 'NONE',  ( 0.000000000000000000, -1.000000000000000000, 0.000000000000000000 ) ) ;
#2539 = CARTESIAN_POINT ( 'NONE',  ( -0.8000000000000000444, -8.900000000000000355, 3.500000000000000000 ) ) ;
#2540 = CYLINDRICAL_SURFACE ( 'NONE', #706, 0.1000000000000000333 ) ;
#2541 = VERTEX_POINT ( 'NONE', #5503 ) ;
#2542 = ORIENTED_EDGE ( 'NONE', *, *, #3881, .T. ) ;
#2543 = VERTEX_POINT ( 'NONE', #4558 ) ;
#2544 = EDGE_CURVE ( 'NONE', #7374, #4420, #8300, .T. ) ;
#2545 = CARTESIAN_POINT ( 'NONE',  ( -1.449999999999999956, -3.550000000000000266, 3.950000000000000178 ) ) ;
#2546 = CARTESIAN_POINT ( 'NONE',  ( 3.299999999999999822, -3.950000000000000178, 0.5500000000000000444 ) ) ;
#2547 = DIRECTION ( 'NONE',  ( 3.675261601645779967E-17, 0.000000000000000000, 1.000000000000000000 ) ) ;
#2548 = CARTESIAN_POINT ( 'NONE',  ( -2.197333865338340075, -7.573611609617230123, 3.999535118193079608 ) ) ;
#2549 = FACE_OUTER_BOUND ( 'NONE', #1570, .T. ) ;
#2550 = EDGE_CURVE ( 'NONE', #2378, #7664, #8463, .T. ) ;
#2551 = VERTEX_POINT ( 'NONE', #795 ) ;
#2552 = ORIENTED_EDGE ( 'NONE', *, *, #2045, .F. ) ;
#2553 = EDGE_LOOP ( 'NONE', ( #3634, #7970, #7039, #530 ) ) ;
#2554 = DIRECTION ( 'NONE',  ( -1.000000000000000000, -2.551063935260009998E-16, -1.734723475976839881E-16 ) ) ;
#2555 = CARTESIAN_POINT ( 'NONE',  ( -2.700000000000000178, -3.950000000000000178, 3.500000000000000000 ) ) ;
#2556 = EDGE_CURVE ( 'NONE', #5483, #5317, #2341, .T. ) ;
#2557 = CIRCLE ( 'NONE', #8104, 2.000000000000000000 ) ;
#2558 = CARTESIAN_POINT ( 'NONE',  ( -4.898978868267030329, -3.149999999999999911, -0.9999902100883649725 ) ) ;
#2559 = CARTESIAN_POINT ( 'NONE',  ( -0.6999999999999999556, 3.149999999999999911, -2.449999999999999734 ) ) ;
#2560 = DIRECTION ( 'NONE',  ( 1.000000000000000000, 0.000000000000000000, 0.000000000000000000 ) ) ;
#2561 = ORIENTED_EDGE ( 'NONE', *, *, #7273, .T. ) ;
#2562 = VERTEX_POINT ( 'NONE', #6105 ) ;
#2563 = VECTOR ( 'NONE', #8078, 1000.000000000000000 ) ;
#2564 = ORIENTED_EDGE ( 'NONE', *, *, #3448, .F. ) ;
#2565 = EDGE_LOOP ( 'NONE', ( #7812, #3542 ) ) ;
#2566 = CYLINDRICAL_SURFACE ( 'NONE', #7195, 1.350000000000000089 ) ;
#2567 = DATE_AND_TIME ( #3955, #1610 ) ;
#2568 = VECTOR ( 'NONE', #6347, 1000.000000000000000 ) ;
#2569 = DIRECTION ( 'NONE',  ( 3.675261601645779967E-17, 0.000000000000000000, 1.000000000000000000 ) ) ;
#2570 = CARTESIAN_POINT ( 'NONE',  ( 7.750000000000000000, 5.000000000000000000, -4.000000000000000000 ) ) ;
#2571 = FACE_OUTER_BOUND ( 'NONE', #6878, .T. ) ;
#2572 = CARTESIAN_POINT ( 'NONE',  ( 2.299999999999999822, -4.055919436618319697E-16, 1.800000000000000044 ) ) ;
#2573 = EDGE_CURVE ( 'NONE', #2001, #1317, #3805, .T. ) ;
#2574 = ORIENTED_EDGE ( 'NONE', *, *, #1785, .F. ) ;
#2575 = ORIENTED_EDGE ( 'NONE', *, *, #3998, .F. ) ;
#2576 = VERTEX_POINT ( 'NONE', #46 ) ;
#2577 = AXIS2_PLACEMENT_3D ( 'NONE', #4515, #3806, #2186 ) ;
#2578 = CARTESIAN_POINT ( 'NONE',  ( -12.20000000000000107, -1.750000000000000000, 0.05000000000000109912 ) ) ;
#2579 = DIRECTION ( 'NONE',  ( -1.365923996832129884E-16, 0.000000000000000000, 1.000000000000000000 ) ) ;
#2580 = DIRECTION ( 'NONE',  ( 0.000000000000000000, 0.000000000000000000, 1.000000000000000000 ) ) ;
#2581 = CARTESIAN_POINT ( 'NONE',  ( 3.628285685708569908, -7.500000000000000000, -4.000000000000000000 ) ) ;
#2582 = CARTESIAN_POINT ( 'NONE',  ( 3.700000000000000178, -2.783605534024959915, 2.731968657847110293 ) ) ;
#2583 = DIRECTION ( 'NONE',  ( -1.858632295689409725E-16, 0.000000000000000000, 1.000000000000000000 ) ) ;
#2584 = ADVANCED_FACE ( 'NONE', ( #8530 ), #4708, .T. ) ;
#2585 = ADVANCED_FACE ( 'NONE', ( #3960 ), #1740, .F. ) ;
#2586 = ORIENTED_EDGE ( 'NONE', *, *, #6062, .F. ) ;
#2587 = ORIENTED_EDGE ( 'NONE', *, *, #2767, .F. ) ;
#2588 = ORIENTED_EDGE ( 'NONE', *, *, #7207, .T. ) ;
#2589 = CARTESIAN_POINT ( 'NONE',  ( -4.898978868267030329, -3.250000000000000000, -0.9999902100883649725 ) ) ;
#2590 = CARTESIAN_POINT ( 'NONE',  ( -4.894759892073825114, -3.149999999999999911, 8.899919711792547705E-07 ) ) ;
#2591 = DIRECTION ( 'NONE',  ( 0.000000000000000000, 0.5780173407803388397, -0.8160244811016550415 ) ) ;
#2592 = VECTOR ( 'NONE', #4314, 1000.000000000000000 ) ;
#2593 = AXIS2_PLACEMENT_3D ( 'NONE', #16, #6073, #3145 ) ;
#2594 = DIRECTION ( 'NONE',  ( 0.2462931838462505130, 0.000000000000000000, -0.9691953712182477254 ) ) ;
#2595 = DIRECTION ( 'NONE',  ( 0.000000000000000000, 1.000000000000000000, 0.000000000000000000 ) ) ;
#2596 = AXIS2_PLACEMENT_3D ( 'NONE', #6585, #9166, #9212 ) ;
#2597 = ORIENTED_EDGE ( 'NONE', *, *, #53, .T. ) ;
#2598 = AXIS2_PLACEMENT_3D ( 'NONE', #9308, #8022, #2512 ) ;
#2599 = CIRCLE ( 'NONE', #3086, 1.499999999999999556 ) ;
#2600 = ORIENTED_EDGE ( 'NONE', *, *, #493, .T. ) ;
#2601 = ORIENTED_EDGE ( 'NONE', *, *, #712, .T. ) ;
#2602 = CARTESIAN_POINT ( 'NONE',  ( -4.770322390532855117, -3.163594932306839969, 0.04999999999999753253 ) ) ;
#2603 = CARTESIAN_POINT ( 'NONE',  ( -12.20000000000000107, -3.975000000000000089, 0.5500000000000000444 ) ) ;
#2604 = VECTOR ( 'NONE', #3230, 1000.000000000000114 ) ;
#2605 = CIRCLE ( 'NONE', #4987, 1.500000000000000000 ) ;
#2606 = DIRECTION ( 'NONE',  ( -1.000000000000000000, 0.000000000000000000, 3.675261601645779967E-17 ) ) ;
#2607 = EDGE_CURVE ( 'NONE', #5876, #6460, #3171, .T. ) ;
#2608 = DIRECTION ( 'NONE',  ( 0.9670826766655241657, 0.000000000000000000, -0.2544623675387880923 ) ) ;
#2609 = DIRECTION ( 'NONE',  ( -1.741690236924499901E-16, 0.000000000000000000, 1.000000000000000000 ) ) ;
#2610 = ORIENTED_EDGE ( 'NONE', *, *, #9617, .F. ) ;
#2611 = EDGE_LOOP ( 'NONE', ( #2432, #5391, #8480, #9280, #7514, #7145 ) ) ;
#2612 = VERTEX_POINT ( 'NONE', #6984 ) ;
#2613 = ORIENTED_EDGE ( 'NONE', *, *, #6494, .T. ) ;
#2614 = ORIENTED_EDGE ( 'NONE', *, *, #6602, .T. ) ;
#2615 = ADVANCED_FACE ( 'NONE', ( #199 ), #6192, .F. ) ;
#2616 = DIRECTION ( 'NONE',  ( 1.334402673828309888E-16, 0.000000000000000000, -1.000000000000000000 ) ) ;
#2617 = AXIS2_PLACEMENT_3D ( 'NONE', #1248, #3421, #3562 ) ;
#2618 = FACE_BOUND ( 'NONE', #1074, .T. ) ;
#2619 = CARTESIAN_POINT ( 'NONE',  ( 11.00000000000000000, -5.596261355944090354, 1.350000000000020073 ) ) ;
#2620 = VECTOR ( 'NONE', #1529, 1000.000000000000000 ) ;
#2621 = DIRECTION ( 'NONE',  ( 0.000000000000000000, 0.000000000000000000, 1.000000000000000000 ) ) ;
#2622 = LINE ( 'NONE', #5750, #7833 ) ;
#2623 = ORIENTED_EDGE ( 'NONE', *, *, #4705, .F. ) ;
#2624 = ORIENTED_EDGE ( 'NONE', *, *, #3244, .T. ) ;
#2625 = EDGE_CURVE ( 'NONE', #4474, #7877, #8489, .T. ) ;
#2626 = CARTESIAN_POINT ( 'NONE',  ( -5.210180821087130099, -4.688736290950577867, 0.04999999999999594352 ) ) ;
#2627 = CARTESIAN_POINT ( 'NONE',  ( 3.700000000000000178, 4.349999999999999645, 1.649999999999999911 ) ) ;
#2628 = CONICAL_SURFACE ( 'NONE', #4206, 1.300000000000000044, 0.7853981633974490562 ) ;
#2629 = EDGE_CURVE ( 'NONE', #6854, #7967, #4332, .T. ) ;
#2630 = DIRECTION ( 'NONE',  ( 2.551063935260029719E-16, 1.000000000000000000, 0.000000000000000000 ) ) ;
#2631 = CARTESIAN_POINT ( 'NONE',  ( -5.059069437767100830, 4.649999999999999467, -0.3200132187965100128 ) ) ;
#2632 = CARTESIAN_POINT ( 'NONE',  ( 2.200000000000000178, -8.900000000000000355, -46.00000000000000000 ) ) ;
#2633 = CARTESIAN_POINT ( 'NONE',  ( -11.58485308255990098, 4.750000000000000000, -1.514051144827030182 ) ) ;
#2634 = CARTESIAN_POINT ( 'NONE',  ( 12.69999999999999929, 7.500000000000000000, 4.000000000000000000 ) ) ;
#2635 = CARTESIAN_POINT ( 'NONE',  ( -7.900000000000000355, 5.878304635907299142E-16, -2.700000000000000178 ) ) ;
#2636 = ORIENTED_EDGE ( 'NONE', *, *, #133, .T. ) ;
#2637 = EDGE_LOOP ( 'NONE', ( #1863, #3065, #4687, #91 ) ) ;
#2638 = ORIENTED_EDGE ( 'NONE', *, *, #325, .F. ) ;
#2639 = ORIENTED_EDGE ( 'NONE', *, *, #3944, .F. ) ;
#2640 = CARTESIAN_POINT ( 'NONE',  ( 0.3000000000000000444, -7.857930292229999836, 3.643793682590749317 ) ) ;
#2641 = EDGE_CURVE ( 'NONE', #2367, #1569, #2481, .T. ) ;
#2642 = EDGE_CURVE ( 'NONE', #6509, #64, #7782, .T. ) ;
#2643 = DIRECTION ( 'NONE',  ( 0.000000000000000000, 1.000000000000000000, 0.000000000000000000 ) ) ;
#2644 = DIRECTION ( 'NONE',  ( 9.387283644590649326E-16, 8.725142821606440391E-16, -1.000000000000000000 ) ) ;
#2645 = FACE_OUTER_BOUND ( 'NONE', #8225, .T. ) ;
#2646 = VERTEX_POINT ( 'NONE', #3263 ) ;
#2647 = ORIENTED_EDGE ( 'NONE', *, *, #2239, .F. ) ;
#2648 = DIRECTION ( 'NONE',  ( 0.000000000000000000, 1.000000000000000000, 0.000000000000000000 ) ) ;
#2649 = DIRECTION ( 'NONE',  ( 0.000000000000000000, 0.000000000000000000, 1.000000000000000000 ) ) ;
#2650 = VERTEX_POINT ( 'NONE', #6891 ) ;
#2651 = AXIS2_PLACEMENT_3D ( 'NONE', #1556, #5178, #5922 ) ;
#2652 = B_SPLINE_CURVE_WITH_KNOTS ( 'NONE', 3,
 ( #5616, #2445, #1802, #4822, #6208, #5517, #7850, #9191, #1064, #4074, #5414, #8545 ),
 .UNSPECIFIED., .F., .F.,
 ( 4, 2, 2, 2, 2, 4 ),
 ( -0.08244218544221990075, -0.06474943945112289490, -0.04497664296851680565, -0.02290606801914760182, 0.000000000000000000, 0.0003501958167045626791 ),
 .UNSPECIFIED. ) ;
#2653 = PLANE ( 'NONE',  #2676 ) ;
#2654 = CARTESIAN_POINT ( 'NONE',  ( -2.700000000000000178, 1.224646799147349904E-15, -10.00000000000000000 ) ) ;
#2655 = CARTESIAN_POINT ( 'NONE',  ( 6.200000000000000178, -1.750000000000000000, 0.5500000000000000444 ) ) ;
#2656 = CARTESIAN_POINT ( 'NONE',  ( 3.299999999999999822, 3.950000000000000178, -3.649999999999999911 ) ) ;
#2657 = CIRCLE ( 'NONE', #3595, 1.250000000000000222 ) ;
#2658 = FACE_OUTER_BOUND ( 'NONE', #1277, .T. ) ;
#2659 = EDGE_LOOP ( 'NONE', ( #322, #9688, #4100, #7898 ) ) ;
#2660 = ORIENTED_EDGE ( 'NONE', *, *, #8399, .T. ) ;
#2661 = VERTEX_POINT ( 'NONE', #3127 ) ;
#2662 = VERTEX_POINT ( 'NONE', #6288 ) ;
#2663 = ORIENTED_EDGE ( 'NONE', *, *, #4346, .F. ) ;
#2664 = CARTESIAN_POINT ( 'NONE',  ( -11.47402114982909893, -3.250000000000000000, -2.000189061875230045 ) ) ;
#2665 = EDGE_CURVE ( 'NONE', #1709, #4944, #293, .T. ) ;
#2666 = DIRECTION ( 'NONE',  ( 1.000000000000000000, 0.000000000000000000, 0.000000000000000000 ) ) ;
#2667 = CARTESIAN_POINT ( 'NONE',  ( 0.8026661346920810347, -7.573611609683529977, -3.999535118192669270 ) ) ;
#2668 = ADVANCED_FACE ( 'NONE', ( #3409 ), #5598, .F. ) ;
#2669 = CYLINDRICAL_SURFACE ( 'NONE', #5728, 0.5000000000000000000 ) ;
#2670 = DIRECTION ( 'NONE',  ( 1.000000000000000000, 0.000000000000000000, 0.000000000000000000 ) ) ;
#2671 = EDGE_LOOP ( 'NONE', ( #5509, #5204, #6294, #7303, #2810, #3863, #5984 ) ) ;
#2672 = CIRCLE ( 'NONE', #6004, 0.1269558987526488991 ) ;
#2673 = VERTEX_POINT ( 'NONE', #2570 ) ;
#2674 = AXIS2_PLACEMENT_3D ( 'NONE', #815, #722, #6658 ) ;
#2675 = CARTESIAN_POINT ( 'NONE',  ( -3.100000000000000089, -3.550000000000000266, 3.500000000000000000 ) ) ;
#2676 = AXIS2_PLACEMENT_3D ( 'NONE', #9126, #148, #326 ) ;
#2677 = EDGE_CURVE ( 'NONE', #9147, #6384, #9559, .T. ) ;
#2678 = VECTOR ( 'NONE', #3177, 1000.000000000000000 ) ;
#2679 = LINE ( 'NONE', #4311, #5687 ) ;
#2680 = LINE ( 'NONE', #7992, #1478 ) ;
#2681 = B_SPLINE_CURVE_WITH_KNOTS ( 'NONE', 3,
 ( #1663, #3978, #8456, #7654, #867, #9244, #8356, #3880, #4580, #120, #2500, #811 ),
 .UNSPECIFIED., .F., .F.,
 ( 4, 2, 2, 2, 2, 4 ),
 ( 0.08234836422201859130, 0.1000276145262120053, 0.1197853286651940075, 0.1418390685649119909, 0.1647276641931990082, 0.1650775928860230002 ),
 .UNSPECIFIED. ) ;
#2682 = DIRECTION ( 'NONE',  ( -1.365923996832129884E-16, 0.000000000000000000, 1.000000000000000000 ) ) ;
#2683 = LINE ( 'NONE', #305, #5827 ) ;
#2684 = EDGE_CURVE ( 'NONE', #3716, #2839, #391, .T. ) ;
#2685 = AXIS2_PLACEMENT_3D ( 'NONE', #6857, #6029, #8412 ) ;
#2686 = CARTESIAN_POINT ( 'NONE',  ( 3.889500247499039887, -7.769467990127010282, -3.926640469107560261 ) ) ;
#2687 = DIRECTION ( 'NONE',  ( 0.000000000000000000, -1.000000000000000000, 0.000000000000000000 ) ) ;
#2688 = EDGE_LOOP ( 'NONE', ( #7775, #6818, #131, #2068 ) ) ;
#2689 = EDGE_LOOP ( 'NONE', ( #2956, #4980, #6691, #8143 ) ) ;
#2690 = ORIENTED_EDGE ( 'NONE', *, *, #2677, .F. ) ;
#2691 = ORIENTED_EDGE ( 'NONE', *, *, #5975, .T. ) ;
#2692 = CARTESIAN_POINT ( 'NONE',  ( 2.899999999999999911, 3.550000000000000266, 1.649999999999999911 ) ) ;
#2693 = CARTESIAN_POINT ( 'NONE',  ( -11.45254019207970053, 4.649999999999999467, -2.102399954643790370 ) ) ;
#2694 = DIRECTION ( 'NONE',  ( 0.000000000000000000, 0.000000000000000000, -1.000000000000000000 ) ) ;
#2695 = DIRECTION ( 'NONE',  ( -1.000000000000000000, 1.100971166086609954E-15, 0.000000000000000000 ) ) ;
#2696 = AXIS2_PLACEMENT_3D ( 'NONE', #4389, #9747, #2952 ) ;
#2697 = ADVANCED_FACE ( 'NONE', ( #2770 ), #1809, .T. ) ;
#2698 = EDGE_CURVE ( 'NONE', #912, #3293, #1966, .T. ) ;
#2699 = VERTEX_POINT ( 'NONE', #8577 ) ;
#2700 = ORIENTED_EDGE ( 'NONE', *, *, #8247, .T. ) ;
#2701 = CARTESIAN_POINT ( 'NONE',  ( 3.299999999999999822, -3.950000000000000178, -2.600000000000000089 ) ) ;
#2702 = DIRECTION ( 'NONE',  ( 0.000000000000000000, -1.000000000000000000, 0.000000000000000000 ) ) ;
#2703 = CARTESIAN_POINT ( 'NONE',  ( -11.46738209570190037, -4.750000000000000000, -2.026314594173330264 ) ) ;
#2704 = LINE ( 'NONE', #4936, #830 ) ;
#2705 = DIRECTION ( 'NONE',  ( 1.000000000000000000, 0.000000000000000000, 0.000000000000000000 ) ) ;
#2706 = CARTESIAN_POINT ( 'NONE',  ( -6.359745509654959328, -3.149999999999999911, -2.500000000000000000 ) ) ;
#2707 = ORIENTED_EDGE ( 'NONE', *, *, #374, .F. ) ;
#2709 = ORIENTED_EDGE ( 'NONE', *, *, #987, .T. ) ;
#2708 = EDGE_CURVE ( 'NONE', #1697, #8057, #8675, .T. ) ;
#2710 = ORIENTED_EDGE ( 'NONE', *, *, #2629, .F. ) ;
#2711 = ORIENTED_EDGE ( 'NONE', *, *, #4632, .F. ) ;
#2712 = VERTEX_POINT ( 'NONE', #1883 ) ;
#2713 = AXIS2_PLACEMENT_3D ( 'NONE', #1204, #3468, #1992 ) ;
#2714 = CARTESIAN_POINT ( 'NONE',  ( -11.46738209570190037, -4.649999999999999467, -2.403270492925979607 ) ) ;
#2715 = CARTESIAN_POINT ( 'NONE',  ( 0.8329083922560189812, -7.643242681828489538, -3.984225351723000852 ) ) ;
#2716 = CIRCLE ( 'NONE', #9055, 0.1000000000000001027 ) ;
#2717 = CARTESIAN_POINT ( 'NONE',  ( 5.250000000000000000, -12.05000000000000071, 0.5500000000000000444 ) ) ;
#2718 = CARTESIAN_POINT ( 'NONE',  ( 3.299999999999999822, -3.950000000000000178, 2.350000000000000089 ) ) ;
#2719 = VERTEX_POINT ( 'NONE', #9512 ) ;
#2720 = ORIENTED_EDGE ( 'NONE', *, *, #2120, .F. ) ;
#2721 = VERTEX_POINT ( 'NONE', #1048 ) ;
#2722 = CIRCLE ( 'NONE', #3045, 6.487680633323429369 ) ;
#2723 = CARTESIAN_POINT ( 'NONE',  ( -11.41348968288699872, -3.243157893699149863, -2.500000000000000000 ) ) ;
#2724 = AXIS2_PLACEMENT_3D ( 'NONE', #9238, #6303, #7939 ) ;
#2725 = EDGE_CURVE ( 'NONE', #2034, #9630, #8033, .T. ) ;
#2726 = DIRECTION ( 'NONE',  ( -1.000000000000000000, 0.000000000000000000, 0.000000000000000000 ) ) ;
#2727 = CARTESIAN_POINT ( 'NONE',  ( 3.700000000000000178, -4.349999999999999645, 2.825337829024829883 ) ) ;
#2728 = FACE_OUTER_BOUND ( 'NONE', #3, .T. ) ;
#2729 = DIRECTION ( 'NONE',  ( 0.000000000000000000, 1.000000000000000000, 0.000000000000000000 ) ) ;
#2730 = DIRECTION ( 'NONE',  ( 3.675261601645779967E-17, 0.000000000000000000, 1.000000000000000000 ) ) ;
#2731 = CARTESIAN_POINT ( 'NONE',  ( -3.100000000000000089, 5.134271928232699622, 3.500000000000000000 ) ) ;
#2732 = VECTOR ( 'NONE', #9131, 1000.000000000000000 ) ;
#2733 = ORIENTED_EDGE ( 'NONE', *, *, #6062, .T. ) ;
#2734 = ORIENTED_EDGE ( 'NONE', *, *, #5180, .F. ) ;
#2735 = ORIENTED_EDGE ( 'NONE', *, *, #1443, .T. ) ;
#2736 = CARTESIAN_POINT ( 'NONE',  ( 3.700000000000000178, -3.550000000000000266, 1.649999999999999911 ) ) ;
#2737 = EDGE_CURVE ( 'NONE', #2712, #7271, #5649, .T. ) ;
#2738 = EDGE_CURVE ( 'NONE', #9411, #658, #7623, .T. ) ;
#2739 = CARTESIAN_POINT ( 'NONE',  ( 4.792481155659919168, -1.699999999999999956, -6.505213034913029562E-16 ) ) ;
#2740 = CIRCLE ( 'NONE', #3462, 2.500000000000000000 ) ;
#2741 = PLANE ( 'NONE',  #9269 ) ;
#2742 = DIRECTION ( 'NONE',  ( 0.2462931838462584788, 0.000000000000000000, -0.9691953712182458380 ) ) ;
#2743 = ORIENTED_EDGE ( 'NONE', *, *, #5529, .T. ) ;
#2744 = ORIENTED_EDGE ( 'NONE', *, *, #7281, .T. ) ;
#2745 = ORIENTED_EDGE ( 'NONE', *, *, #9291, .T. ) ;
#2746 = EDGE_CURVE ( 'NONE', #4243, #9301, #4154, .T. ) ;
#2747 = LINE ( 'NONE', #7912, #1334 ) ;
#2748 = CIRCLE ( 'NONE', #3221, 6.487680633323429369 ) ;
#2749 = EDGE_CURVE ( 'NONE', #5485, #2650, #5748, .T. ) ;
#2750 = DIRECTION ( 'NONE',  ( 3.675261601645779967E-17, 0.000000000000000000, 1.000000000000000000 ) ) ;
#2751 = CIRCLE ( 'NONE', #384, 2.600000000000000089 ) ;
#2752 = DIRECTION ( 'NONE',  ( 1.741690236924499901E-16, 0.000000000000000000, -1.000000000000000000 ) ) ;
#2753 = FACE_OUTER_BOUND ( 'NONE', #8765, .T. ) ;
#2754 = LINE ( 'NONE', #3492, #864 ) ;
#2755 = CIRCLE ( 'NONE', #8931, 0.09999999999999996392 ) ;
#2756 = CARTESIAN_POINT ( 'NONE',  ( 12.69999999999999929, 12.00000000000000000, 0.000000000000000000 ) ) ;
#2758 = ORIENTED_EDGE ( 'NONE', *, *, #5797, .T. ) ;
#2757 = AXIS2_PLACEMENT_3D ( 'NONE', #2132, #2966, #5998 ) ;
#2759 = ORIENTED_EDGE ( 'NONE', *, *, #6970, .F. ) ;
#2760 = ORIENTED_EDGE ( 'NONE', *, *, #260, .T. ) ;
#2761 = ORIENTED_EDGE ( 'NONE', *, *, #3040, .F. ) ;
#2762 = CIRCLE ( 'NONE', #9102, 1.250000000000000222 ) ;
#2763 = EDGE_LOOP ( 'NONE', ( #9506, #1908, #7866, #8739 ) ) ;
#2764 = DIRECTION ( 'NONE',  ( 0.000000000000000000, -1.000000000000000000, 0.000000000000000000 ) ) ;
#2765 = AXIS2_PLACEMENT_3D ( 'NONE', #2495, #2583, #3873 ) ;
#2766 = VECTOR ( 'NONE', #3058, 1000.000000000000000 ) ;
#2767 = EDGE_CURVE ( 'NONE', #5261, #2000, #4107, .T. ) ;
#2768 = EDGE_CURVE ( 'NONE', #8814, #7072, #6530, .T. ) ;
#2769 = DIRECTION ( 'NONE',  ( 0.000000000000000000, 0.000000000000000000, -1.000000000000000000 ) ) ;
#2770 = FACE_OUTER_BOUND ( 'NONE', #3314, .T. ) ;
#2771 = CARTESIAN_POINT ( 'NONE',  ( 0.2999999999999999889, -7.880196097281438661, 3.500000000000000000 ) ) ;
#2772 = DIRECTION ( 'NONE',  ( 0.000000000000000000, 0.000000000000000000, 1.000000000000000000 ) ) ;
#2773 = ORIENTED_EDGE ( 'NONE', *, *, #7433, .F. ) ;
#2774 = ORIENTED_EDGE ( 'NONE', *, *, #1800, .F. ) ;
#2775 = VECTOR ( 'NONE', #4176, 1000.000000000000000 ) ;
#2776 = VERTEX_POINT ( 'NONE', #4250 ) ;
#2777 = AXIS2_PLACEMENT_3D ( 'NONE', #4186, #370, #6415 ) ;
#2778 = CARTESIAN_POINT ( 'NONE',  ( -11.41162309946109943, -3.250000000000000000, -2.500000000000000000 ) ) ;
#2779 = CARTESIAN_POINT ( 'NONE',  ( 0.8895002474002959847, 7.769467989911640338, -3.926640469244590648 ) ) ;
#2780 = CARTESIAN_POINT ( 'NONE',  ( 6.200000000000000178, -4.250000000000000000, 1.350000000000000089 ) ) ;
#2781 = FACE_OUTER_BOUND ( 'NONE', #7619, .T. ) ;
#2782 = AXIS2_PLACEMENT_3D ( 'NONE', #6592, #1994, #5013 ) ;
#2783 = CARTESIAN_POINT ( 'NONE',  ( 12.69999999999999929, -6.000000000000000000, 0.000000000000000000 ) ) ;
#2784 = LINE ( 'NONE', #5712, #8360 ) ;
#2785 = EDGE_CURVE ( 'NONE', #5273, #4808, #3848, .T. ) ;
#2786 = CARTESIAN_POINT ( 'NONE',  ( 5.078267593286840409, -9.622294280808849880E-16, -6.505213034913029562E-16 ) ) ;
#2787 = DIRECTION ( 'NONE',  ( -9.343242246769421254E-16, -2.262157680088885032E-47, -1.000000000000000000 ) ) ;
#2788 = AXIS2_PLACEMENT_3D ( 'NONE', #2028, #6481, #5046 ) ;
#2789 = ORIENTED_EDGE ( 'NONE', *, *, #5342, .F. ) ;
#2790 = ORIENTED_EDGE ( 'NONE', *, *, #4731, .F. ) ;
#2791 = ORIENTED_EDGE ( 'NONE', *, *, #4886, .F. ) ;
#2792 = DIRECTION ( 'NONE',  ( 0.000000000000000000, 0.000000000000000000, -1.000000000000000000 ) ) ;
#2793 = EDGE_CURVE ( 'NONE', #3831, #5050, #5946, .T. ) ;
#2794 = DIRECTION ( 'NONE',  ( -0.7071067811865500152, -0.7071067811865450192, 2.598802401158269806E-17 ) ) ;
#2795 = LINE ( 'NONE', #8844, #5465 ) ;
#2796 = DIRECTION ( 'NONE',  ( 0.000000000000000000, -1.000000000000000000, 0.000000000000000000 ) ) ;
#2797 = EDGE_CURVE ( 'NONE', #771, #5383, #2121, .T. ) ;
#2798 = EDGE_LOOP ( 'NONE', ( #9426, #4599, #6283, #140, #311, #1222, #8103, #1441, #8897, #2007, #674, #8024, #2542, #9482, #7443, #5016, #8864, #4862 ) ) ;
#2799 = CARTESIAN_POINT ( 'NONE',  ( 0.2999999999999999889, -7.229670691150990258, 4.000000000000000000 ) ) ;
#2800 = CARTESIAN_POINT ( 'NONE',  ( -3.100000000000000089, 5.134271928232699622, 3.950000000000000178 ) ) ;
#2801 = DIRECTION ( 'NONE',  ( 1.000000000000000000, 0.000000000000000000, -3.675261601645778735E-17 ) ) ;
#2802 = CARTESIAN_POINT ( 'NONE',  ( 10.69999999999999929, -6.000000000000000000, 0.000000000000000000 ) ) ;
#2803 = DIRECTION ( 'NONE',  ( 0.000000000000000000, -1.000000000000000000, 0.000000000000000000 ) ) ;
#2804 = CARTESIAN_POINT ( 'NONE',  ( -4.898978868267030329, -4.649999999999999467, -0.9999902100883649725 ) ) ;
#2805 = EDGE_CURVE ( 'NONE', #1499, #8790, #6582, .T. ) ;
#2806 = CARTESIAN_POINT ( 'NONE',  ( -5.324518039490499177, 3.169329950239080596, 0.05000000000000823230 ) ) ;
#2807 = ORIENTED_EDGE ( 'NONE', *, *, #2665, .T. ) ;
#2808 = ORIENTED_EDGE ( 'NONE', *, *, #6908, .F. ) ;
#2809 = EDGE_LOOP ( 'NONE', ( #8072, #8427, #238, #2907 ) ) ;
#2810 = ORIENTED_EDGE ( 'NONE', *, *, #5865, .F. ) ;
#2811 = EDGE_CURVE ( 'NONE', #8521, #7853, #9658, .T. ) ;
#2812 = EDGE_LOOP ( 'NONE', ( #8583, #3143, #6123, #7328 ) ) ;
#2813 = AXIS2_PLACEMENT_3D ( 'NONE', #9382, #3470, #5815 ) ;
#2814 = CARTESIAN_POINT ( 'NONE',  ( 4.792481155659919168, 1.699999999999999956, -6.505213034913029562E-16 ) ) ;
#2815 = APPLICATION_CONTEXT ( 'configuration controlled 3d designs of mechanical parts and assemblies' ) ;
#2816 = EDGE_CURVE ( 'NONE', #1845, #395, #2865, .T. ) ;
#2817 = CIRCLE ( 'NONE', #7888, 2.499999999999999556 ) ;
#2818 = CARTESIAN_POINT ( 'NONE',  ( -4.896236533741447516, -3.250000000000000000, -0.3499959950361465344 ) ) ;
#2819 = CARTESIAN_POINT ( 'NONE',  ( -11.45254019207970053, 4.750000000000000000, -2.102399954643790370 ) ) ;
#2820 = CARTESIAN_POINT ( 'NONE',  ( -0.6999999999999999556, -6.200000000000000178, -1.397680857941120327E-16 ) ) ;
#2821 = CARTESIAN_POINT ( 'NONE',  ( 10.69999999999999929, -8.000000000000000000, 0.000000000000000000 ) ) ;
#2822 = ORIENTED_EDGE ( 'NONE', *, *, #2156, .T. ) ;
#2823 = ORIENTED_EDGE ( 'NONE', *, *, #920, .T. ) ;
#2824 = EDGE_CURVE ( 'NONE', #7715, #4956, #8151, .T. ) ;
#2825 = ADVANCED_FACE ( 'NONE', ( #585 ), #8821, .F. ) ;
#2826 = VECTOR ( 'NONE', #7492, 1000.000000000000000 ) ;
#2827 = CARTESIAN_POINT ( 'NONE',  ( 10.80000000000000071, 5.000000000000000000, 38.50000000000000000 ) ) ;
#2828 = DIRECTION ( 'NONE',  ( -0.9691953712182477254, 0.000000000000000000, -0.2462931838462509571 ) ) ;
#2829 = DIRECTION ( 'NONE',  ( -0.9691953712182477254, 0.000000000000000000, -0.2462931838462509571 ) ) ;
#2830 = CARTESIAN_POINT ( 'NONE',  ( 6.750000000000000000, -8.050000000000000711, 0.5500000000000100364 ) ) ;
#2831 = CARTESIAN_POINT ( 'NONE',  ( -11.45385763461833761, 3.224634620814614827, -2.449999999999999734 ) ) ;
#2832 = DIRECTION ( 'NONE',  ( 0.7071067811865470176, 0.000000000000000000, 0.7071067811865480168 ) ) ;
#2833 = CARTESIAN_POINT ( 'NONE',  ( -4.895814636122127084, -3.250000000000000000, -0.2499968850281130139 ) ) ;
#2834 = FACE_OUTER_BOUND ( 'NONE', #371, .T. ) ;
#2835 = ORIENTED_EDGE ( 'NONE', *, *, #1537, .F. ) ;
#2836 = ORIENTED_EDGE ( 'NONE', *, *, #2339, .F. ) ;
#2837 = ORIENTED_EDGE ( 'NONE', *, *, #4833, .T. ) ;
#2838 = EDGE_LOOP ( 'NONE', ( #2586, #7064, #8082, #285 ) ) ;
#2839 = VERTEX_POINT ( 'NONE', #1436 ) ;
#2840 = DIRECTION ( 'NONE',  ( 0.8160244811016550415, -5.529596970073569478E-15, -0.5780173407803390617 ) ) ;
#2841 = CIRCLE ( 'NONE', #2989, 1.350000000000000533 ) ;
#2842 = CARTESIAN_POINT ( 'NONE',  ( -5.083698756151719955, 4.649999999999999467, -0.2230936816746900142 ) ) ;
#2843 = DIRECTION ( 'NONE',  ( 1.000000000000000000, -6.377659838150020064E-17, 0.000000000000000000 ) ) ;
#2844 = AXIS2_PLACEMENT_3D ( 'NONE', #789, #8877, #3802 ) ;
#2845 = CARTESIAN_POINT ( 'NONE',  ( -0.6999999999999999556, 1.699999999999999956, 0.5500000000000000444 ) ) ;
#2846 = FACE_BOUND ( 'NONE', #4224, .T. ) ;
#2847 = ORIENTED_EDGE ( 'NONE', *, *, #4378, .T. ) ;
#2848 = DIRECTION ( 'NONE',  ( 0.000000000000000000, -1.000000000000000000, 0.000000000000000000 ) ) ;
#2849 = CARTESIAN_POINT ( 'NONE',  ( -4.770186910971772498, 3.150248006986105853, 0.05000000000000874578 ) ) ;
#2850 = EDGE_CURVE ( 'NONE', #7119, #2662, #9735, .T. ) ;
#2851 = AXIS2_PLACEMENT_3D ( 'NONE', #6812, #8359, #3101 ) ;
#2852 = FACE_OUTER_BOUND ( 'NONE', #7316, .T. ) ;
#2853 = CARTESIAN_POINT ( 'NONE',  ( 0.000000000000000000, -8.000000000000000000, 0.000000000000000000 ) ) ;
#2854 = FACE_OUTER_BOUND ( 'NONE', #602, .T. ) ;
#2855 = FACE_OUTER_BOUND ( 'NONE', #7417, .T. ) ;
#2856 = CARTESIAN_POINT ( 'NONE',  ( -3.950000000000000178, -3.950000000000000178, 4.000000000000000000 ) ) ;
#2857 = EDGE_CURVE ( 'NONE', #8801, #2721, #8967, .T. ) ;
#2858 = ORIENTED_EDGE ( 'NONE', *, *, #1065, .T. ) ;
#2859 = VERTEX_POINT ( 'NONE', #5894 ) ;
#2860 = ORIENTED_EDGE ( 'NONE', *, *, #612, .F. ) ;
#2861 = ORIENTED_EDGE ( 'NONE', *, *, #3165, .F. ) ;
#2862 = DIRECTION ( 'NONE',  ( -8.673617379884041783E-15, 1.000000000000000000, 2.294126247091840165E-15 ) ) ;
#2863 = ADVANCED_FACE ( 'NONE', ( #8917 ), #8077, .T. ) ;
#2864 = CARTESIAN_POINT ( 'NONE',  ( -12.20000000000000107, 3.924999999999999822, 0.5500000000000000444 ) ) ;
#2865 = LINE ( 'NONE', #3741, #3386 ) ;
#2866 = LINE ( 'NONE', #6825, #2873 ) ;
#2867 = DIRECTION ( 'NONE',  ( 1.741690236924499901E-16, 0.000000000000000000, -1.000000000000000000 ) ) ;
#2868 = ORIENTED_EDGE ( 'NONE', *, *, #6552, .T. ) ;
#2869 = VERTEX_POINT ( 'NONE', #5200 ) ;
#2870 = CARTESIAN_POINT ( 'NONE',  ( -5.145272052113280203, 4.750000000000000000, 0.01920516112986990140 ) ) ;
#2871 = LINE ( 'NONE', #7805, #1810 ) ;
#2872 = VECTOR ( 'NONE', #6741, 1000.000000000000000 ) ;
#2873 = VECTOR ( 'NONE', #5345, 1000.000000000000000 ) ;
#2874 = CARTESIAN_POINT ( 'NONE',  ( 2.899999999999999911, -5.116394465975020012, 2.731968657847110293 ) ) ;
#2875 = CARTESIAN_POINT ( 'NONE',  ( 3.299999999999999822, -3.550000000000000266, -3.649999999999999911 ) ) ;
#2876 = ADVANCED_FACE ( 'NONE', ( #5098 ), #8942, .T. ) ;
#2877 = CARTESIAN_POINT ( 'NONE',  ( 6.627833584853659588, -7.501076215299280037, -4.000000000000000000 ) ) ;
#2878 = FACE_OUTER_BOUND ( 'NONE', #9385, .T. ) ;
#2879 = AXIS2_PLACEMENT_3D ( 'NONE', #6124, #4680, #3186 ) ;
#2880 = DIRECTION ( 'NONE',  ( 0.004218976193204164622, 0.000000000000000000, 0.9999911000803363148 ) ) ;
#2881 = CARTESIAN_POINT ( 'NONE',  ( 3.974089741021539446, 7.947719699253030790, -3.731823336614390030 ) ) ;
#2882 = ORIENTED_EDGE ( 'NONE', *, *, #3277, .F. ) ;
#2883 = ORIENTED_EDGE ( 'NONE', *, *, #6505, .F. ) ;
#2884 = AXIS2_PLACEMENT_3D ( 'NONE', #8855, #4573, #7596 ) ;
#2885 = VERTEX_POINT ( 'NONE', #3694 ) ;
#2886 = ORIENTED_EDGE ( 'NONE', *, *, #5251, .T. ) ;
#2887 = ORIENTED_EDGE ( 'NONE', *, *, #9133, .F. ) ;
#2888 = CARTESIAN_POINT ( 'NONE',  ( -2.799489434133520138, 4.750000000000000000, -2.449999999999999734 ) ) ;
#2889 = CARTESIAN_POINT ( 'NONE',  ( -4.708132092612940411, 4.750000000000000000, -0.2246782025892299917 ) ) ;
#2890 = CARTESIAN_POINT ( 'NONE',  ( -4.566620657608410738, -4.649999999999999467, 0.04999999999999579781 ) ) ;
#2891 = EDGE_CURVE ( 'NONE', #7374, #479, #536, .T. ) ;
#2892 = FACE_OUTER_BOUND ( 'NONE', #4763, .T. ) ;
#2893 = LINE ( 'NONE', #8294, #3135 ) ;
#2894 = AXIS2_PLACEMENT_3D ( 'NONE', #211, #1010, #9436 ) ;
#2895 = EDGE_CURVE ( 'NONE', #2176, #1067, #6717, .T. ) ;
#2896 = ORIENTED_EDGE ( 'NONE', *, *, #3902, .T. ) ;
#2897 = VECTOR ( 'NONE', #948, 1000.000000000000000 ) ;
#2898 = CARTESIAN_POINT ( 'NONE',  ( 2.049999999999999822, -3.950000000000005507, 0.5499999999999952704 ) ) ;
#2899 = FACE_OUTER_BOUND ( 'NONE', #772, .T. ) ;
#2900 = AXIS2_PLACEMENT_3D ( 'NONE', #6611, #8201, #4476 ) ;
#2901 = CARTESIAN_POINT ( 'NONE',  ( 4.000000000000000000, 8.000000000000000000, -46.00000000000000000 ) ) ;
#2902 = DIRECTION ( 'NONE',  ( -0.9931429867320364924, 0.000000000000000000, -0.1169059789102759456 ) ) ;
#2903 = PLANE ( 'NONE',  #8631 ) ;
#2904 = CARTESIAN_POINT ( 'NONE',  ( -4.970259680368992683, 3.150000000479208584, 0.05000000000000852374 ) ) ;
#2905 = ORIENTED_EDGE ( 'NONE', *, *, #5864, .F. ) ;
#2906 = EDGE_LOOP ( 'NONE', ( #7852, #4171, #9679, #3434 ) ) ;
#2907 = ORIENTED_EDGE ( 'NONE', *, *, #1644, .F. ) ;
#2908 = FACE_OUTER_BOUND ( 'NONE', #5154, .T. ) ;
#2909 = ADVANCED_FACE ( 'NONE', ( #9015 ), #2913, .T. ) ;
#2910 = AXIS2_PLACEMENT_3D ( 'NONE', #9769, #6787, #550 ) ;
#2911 = AXIS2_PLACEMENT_3D ( 'NONE', #9296, #1759, #7551 ) ;
#2912 = LINE ( 'NONE', #2864, #9438 ) ;
#2913 = PLANE ( 'NONE',  #66 ) ;
#2914 = DIRECTION ( 'NONE',  ( -9.387283644590649326E-16, 0.000000000000000000, 1.000000000000000000 ) ) ;
#2915 = CARTESIAN_POINT ( 'NONE',  ( 6.750000000000000000, -12.05000000000000071, 1.350000000000000089 ) ) ;
#2916 = ORIENTED_EDGE ( 'NONE', *, *, #7656, .F. ) ;
#2917 = CIRCLE ( 'NONE', #4969, 0.1000000000000000333 ) ;
#2918 = EDGE_CURVE ( 'NONE', #2367, #5752, #6731, .T. ) ;
#2919 = ORIENTED_EDGE ( 'NONE', *, *, #3773, .T. ) ;
#2920 = AXIS2_PLACEMENT_3D ( 'NONE', #9209, #779, #5293 ) ;
#2921 = DIRECTION ( 'NONE',  ( -0.2544623675387880923, 0.000000000000000000, -0.9670826766655240547 ) ) ;
#2922 = VECTOR ( 'NONE', #3305, 1000.000000000000000 ) ;
#2923 = CARTESIAN_POINT ( 'NONE',  ( 4.792481155659929826, 6.200000000000000178, -6.505213034913029562E-16 ) ) ;
#2924 = LINE ( 'NONE', #1541, #7430 ) ;
#2925 = DIRECTION ( 'NONE',  ( 0.000000000000000000, 0.000000000000000000, -1.000000000000000000 ) ) ;
#2926 = CARTESIAN_POINT ( 'NONE',  ( -12.69999999999999929, 2.299999999999999822, -0.8499999999999999778 ) ) ;
#2927 = PLANE ( 'NONE',  #7661 ) ;
#2928 = VECTOR ( 'NONE', #7644, 1000.000000000000000 ) ;
#2929 = PLANE ( 'NONE',  #1793 ) ;
#2930 = DIRECTION ( 'NONE',  ( -1.365923996832129884E-16, 0.000000000000000000, 1.000000000000000000 ) ) ;
#2931 = AXIS2_PLACEMENT_3D ( 'NONE', #8418, #1624, #4638 ) ;
#2932 = EDGE_CURVE ( 'NONE', #8749, #8848, #2960, .T. ) ;
#2933 = ORIENTED_EDGE ( 'NONE', *, *, #8596, .T. ) ;
#2934 = VERTEX_POINT ( 'NONE', #2819 ) ;
#2935 = VERTEX_POINT ( 'NONE', #5848 ) ;
#2936 = EDGE_CURVE ( 'NONE', #5667, #1845, #4340, .T. ) ;
#2937 = FACE_OUTER_BOUND ( 'NONE', #2516, .T. ) ;
#2938 = VECTOR ( 'NONE', #5961, 1000.000000000000000 ) ;
#2939 = LINE ( 'NONE', #7591, #9318 ) ;
#2940 = CARTESIAN_POINT ( 'NONE',  ( 1.807518844340060049, -1.699999999999999956, 0.5500000000000000444 ) ) ;
#2941 = CARTESIAN_POINT ( 'NONE',  ( 3.299999999999999822, 3.950000000000000178, 0.05000000000001750267 ) ) ;
#2942 = DIRECTION ( 'NONE',  ( 0.000000000000000000, 0.000000000000000000, -1.000000000000000000 ) ) ;
#2943 = ORIENTED_EDGE ( 'NONE', *, *, #2323, .T. ) ;
#2944 = VECTOR ( 'NONE', #9706, 1000.000000000000000 ) ;
#2945 = ORIENTED_EDGE ( 'NONE', *, *, #4178, .T. ) ;
#2946 = EDGE_CURVE ( 'NONE', #5298, #9552, #9116, .T. ) ;
#2947 = EDGE_CURVE ( 'NONE', #1499, #8862, #3859, .T. ) ;
#2948 = CARTESIAN_POINT ( 'NONE',  ( -12.20000000000000107, -1.750000000000000000, 0.5500000000000000444 ) ) ;
#2949 = CARTESIAN_POINT ( 'NONE',  ( -4.644516500728250286, 4.649999999999999467, 0.01709246657714990139 ) ) ;
#2950 = CARTESIAN_POINT ( 'NONE',  ( 3.628285685708569908, 7.500000000000000000, -4.000000000000000000 ) ) ;
#2951 = CARTESIAN_POINT ( 'NONE',  ( -2.084305967536099757, -7.825875356665959792, 3.885618546414359997 ) ) ;
#2952 = DIRECTION ( 'NONE',  ( -1.232047923278979734E-16, 0.000000000000000000, 1.000000000000000000 ) ) ;
#2953 = DIRECTION ( 'NONE',  ( -5.551115123125809819E-17, 1.000000000000000000, 8.725142821606440391E-16 ) ) ;
#2954 = LINE ( 'NONE', #1427, #436 ) ;
#2955 = ORIENTED_EDGE ( 'NONE', *, *, #8241, .F. ) ;
#2956 = ORIENTED_EDGE ( 'NONE', *, *, #3701, .T. ) ;
#2957 = VERTEX_POINT ( 'NONE', #5491 ) ;
#2958 = FACE_OUTER_BOUND ( 'NONE', #6219, .T. ) ;
#2959 = DIRECTION ( 'NONE',  ( -4.250237838716940347E-31, -1.000000000000000000, 0.000000000000000000 ) ) ;
#2960 = LINE ( 'NONE', #5993, #2452 ) ;
#2961 = CARTESIAN_POINT ( 'NONE',  ( -12.20000000000000107, -6.150000000000000355, 0.5500000000000000444 ) ) ;
#2962 = CARTESIAN_POINT ( 'NONE',  ( 3.299999999999999822, 3.950000000000000178, 2.350000000000000089 ) ) ;
#2963 = VERTEX_POINT ( 'NONE', #9260 ) ;
#2964 = ORIENTED_EDGE ( 'NONE', *, *, #6505, .T. ) ;
#2965 = EDGE_CURVE ( 'NONE', #9181, #3555, #4663, .T. ) ;
#2966 = DIRECTION ( 'NONE',  ( 3.675261601645779967E-17, 0.000000000000000000, 1.000000000000000000 ) ) ;
#2967 = DIRECTION ( 'NONE',  ( 0.000000000000000000, 0.000000000000000000, -1.000000000000000000 ) ) ;
#2968 = VECTOR ( 'NONE', #6571, 1000.000000000000000 ) ;
#2969 = DIRECTION ( 'NONE',  ( 1.000000000000000000, 0.000000000000000000, 2.168404344971008868E-16 ) ) ;
#2970 = ADVANCED_FACE ( 'NONE', ( #7017 ), #3061, .F. ) ;
#2971 = FACE_OUTER_BOUND ( 'NONE', #8761, .T. ) ;
#2972 = CARTESIAN_POINT ( 'NONE',  ( -1.515728071767300067, -4.349999999999999645, 3.500000000000000000 ) ) ;
#2973 = FACE_OUTER_BOUND ( 'NONE', #358, .T. ) ;
#2974 = DIRECTION ( 'NONE',  ( 0.9931429867320367144, 0.000000000000000000, 0.1169059789102749741 ) ) ;
#2975 = CARTESIAN_POINT ( 'NONE',  ( 3.299999999999999822, -3.950000000000000178, 1.649999999999999911 ) ) ;
#2976 = ORIENTED_EDGE ( 'NONE', *, *, #7047, .T. ) ;
#2977 = VECTOR ( 'NONE', #6649, 1000.000000000000000 ) ;
#2978 = ORIENTED_EDGE ( 'NONE', *, *, #2435, .T. ) ;
#2979 = ADVANCED_FACE ( 'NONE', ( #2270 ), #3158, .F. ) ;
#2980 = ORIENTED_EDGE ( 'NONE', *, *, #1746, .T. ) ;
#2981 = DIRECTION ( 'NONE',  ( 0.000000000000000000, 0.000000000000000000, -1.000000000000000000 ) ) ;
#2982 = CARTESIAN_POINT ( 'NONE',  ( 5.000000000000000000, -5.450000000000000178, 0.5499999999999920508 ) ) ;
#2983 = ADVANCED_FACE ( 'NONE', ( #8323 ), #7614, .T. ) ;
#2984 = CARTESIAN_POINT ( 'NONE',  ( -3.100000000000000089, -5.134271928232699622, 3.950000000000000178 ) ) ;
#2985 = DIRECTION ( 'NONE',  ( 0.000000000000000000, 0.000000000000000000, 1.000000000000000000 ) ) ;
#2986 = DIRECTION ( 'NONE',  ( 1.000000000000000000, -2.927845397290890110E-16, -2.659480039017769634E-16 ) ) ;
#2987 = AXIS2_PLACEMENT_3D ( 'NONE', #651, #5266, #802 ) ;
#2988 = ORIENTED_EDGE ( 'NONE', *, *, #126, .T. ) ;
#2989 = AXIS2_PLACEMENT_3D ( 'NONE', #1738, #6190, #2283 ) ;
#2990 = ORIENTED_EDGE ( 'NONE', *, *, #7595, .T. ) ;
#2991 = CARTESIAN_POINT ( 'NONE',  ( 6.200000000000000178, -4.250000000000000000, 0.5499999999999940492 ) ) ;
#2992 = CARTESIAN_POINT ( 'NONE',  ( 4.466394465975040085, 4.349999999999999645, 2.731968657847129833 ) ) ;
#2993 = VECTOR ( 'NONE', #3606, 1000.000000000000000 ) ;
#2994 = CYLINDRICAL_SURFACE ( 'NONE', #7353, 1.299999999999999156 ) ;
#2995 = CARTESIAN_POINT ( 'NONE',  ( -1.515728071767300067, -4.349999999999999645, 3.500000000000000000 ) ) ;
#2996 = LINE ( 'NONE', #5332, #302 ) ;
#2997 = ADVANCED_FACE ( 'NONE', ( #6874 ), #7720, .F. ) ;
#2998 = ADVANCED_FACE ( 'NONE', ( #2325 ), #7673, .T. ) ;
#2999 = CIRCLE ( 'NONE', #6480, 2.250000000000000000 ) ;
#3000 = CARTESIAN_POINT ( 'NONE',  ( -4.898978868267030329, -4.649999999999999467, -0.9999902100883649725 ) ) ;
#3001 = ORIENTED_EDGE ( 'NONE', *, *, #6441, .F. ) ;
#3002 = ORIENTED_EDGE ( 'NONE', *, *, #8556, .F. ) ;
#3003 = VERTEX_POINT ( 'NONE', #6973 ) ;
#3004 = ORIENTED_EDGE ( 'NONE', *, *, #4886, .T. ) ;
#3005 = VECTOR ( 'NONE', #1418, 1000.000000000000000 ) ;
#3006 = DIRECTION ( 'NONE',  ( 0.2544623675387880923, 0.000000000000000000, 0.9670826766655241657 ) ) ;
#3007 = CIRCLE ( 'NONE', #168, 0.1000000000000003109 ) ;
#3008 = FACE_OUTER_BOUND ( 'NONE', #3387, .T. ) ;
#3009 = ADVANCED_FACE ( 'NONE', ( #1626 ), #4642, .F. ) ;
#3010 = CARTESIAN_POINT ( 'NONE',  ( -0.6999999999999999556, 5.599999999999999645, -0.8499999999999999778 ) ) ;
#3011 = EDGE_CURVE ( 'NONE', #8057, #4087, #1134, .T. ) ;
#3012 = CARTESIAN_POINT ( 'NONE',  ( -11.49865046821370207, 4.649999999999999467, -1.853269524753419883 ) ) ;
#3013 = CARTESIAN_POINT ( 'NONE',  ( -0.6999999999999999556, 1.699999999999999956, 0.000000000000000000 ) ) ;
#3014 = ORIENTED_EDGE ( 'NONE', *, *, #9185, .F. ) ;
#3015 = VERTEX_POINT ( 'NONE', #3992 ) ;
#3016 = ORIENTED_EDGE ( 'NONE', *, *, #7350, .F. ) ;
#3017 = DIRECTION ( 'NONE',  ( -0.9670826766655243878, 0.000000000000000000, 0.2544623675387871486 ) ) ;
#3018 = DIRECTION ( 'NONE',  ( 0.000000000000000000, -1.000000000000000000, 0.000000000000000000 ) ) ;
#3019 =( BOUNDED_CURVE ( )  B_SPLINE_CURVE ( 3, ( #7351, #6018, #1456, #2890 ),
 .UNSPECIFIED., .F., .T. ) 
 B_SPLINE_CURVE_WITH_KNOTS ( ( 4, 4 ),
 ( 5.742381615211550105, 6.283185307179586232 ),
 .UNSPECIFIED. ) 
 CURVE ( )  GEOMETRIC_REPRESENTATION_ITEM ( )  RATIONAL_B_SPLINE_CURVE ( ( 1.000000000000000000, 0.9757757557314503671, 0.9757757557314503671, 1.000000000000000000 ) ) 
 REPRESENTATION_ITEM ( '' )  );
#3020 = PLANE ( 'NONE',  #2371 ) ;
#3021 = CARTESIAN_POINT ( 'NONE',  ( -11.42255748043019814, 4.665308183342429693, -2.449999999999999734 ) ) ;
#3022 = CARTESIAN_POINT ( 'NONE',  ( 4.792481155659929826, 6.200000000000000178, -6.505213034913029562E-16 ) ) ;
#3023 = CARTESIAN_POINT ( 'NONE',  ( -0.6999999999999999556, 2.375000000000000000, -1.853670561864019906 ) ) ;
#3024 = CARTESIAN_POINT ( 'NONE',  ( -3.662530198512150115, -4.649999999999999467, -0.2912913979897699956 ) ) ;
#3025 = FACE_OUTER_BOUND ( 'NONE', #6134, .T. ) ;
#3026 = EDGE_LOOP ( 'NONE', ( #4609, #2115, #398 ) ) ;
#3027 = VERTEX_POINT ( 'NONE', #9061 ) ;
#3028 = EDGE_CURVE ( 'NONE', #5263, #3494, #5614, .T. ) ;
#3029 = VERTEX_POINT ( 'NONE', #8371 ) ;
#3030 = CARTESIAN_POINT ( 'NONE',  ( -4.708132092612940411, 4.649999999999999467, -0.2246782025892299917 ) ) ;
#3031 = DIRECTION ( 'NONE',  ( -0.5780173407803390617, 1.474559192019629946E-16, -0.8160244811016550415 ) ) ;
#3032 = FACE_OUTER_BOUND ( 'NONE', #9653, .T. ) ;
#3033 = AXIS2_PLACEMENT_3D ( 'NONE', #7576, #3123, #788 ) ;
#3034 = EDGE_CURVE ( 'NONE', #4689, #2869, #1576, .T. ) ;
#3035 = EDGE_CURVE ( 'NONE', #2576, #1453, #2599, .T. ) ;
#3036 = DIRECTION ( 'NONE',  ( 1.000000000000000000, 0.000000000000000000, 1.365923996832129884E-16 ) ) ;
#3037 = LINE ( 'NONE', #3668, #4396 ) ;
#3038 = DIRECTION ( 'NONE',  ( 0.2544623675387880923, 0.000000000000000000, 0.9670826766655241657 ) ) ;
#3039 = AXIS2_PLACEMENT_3D ( 'NONE', #9513, #4302, #3411 ) ;
#3040 = EDGE_CURVE ( 'NONE', #6928, #6854, #1032, .T. ) ;
#3041 = ORIENTED_EDGE ( 'NONE', *, *, #6784, .T. ) ;
#3042 = ADVANCED_FACE ( 'NONE', ( #328 ), #9502, .F. ) ;
#3043 = ORIENTED_EDGE ( 'NONE', *, *, #3118, .F. ) ;
#3044 = DIRECTION ( 'NONE',  ( 0.000000000000000000, 1.000000000000000000, 0.000000000000000000 ) ) ;
#3045 = AXIS2_PLACEMENT_3D ( 'NONE', #5176, #756, #9635 ) ;
#3046 = FACE_OUTER_BOUND ( 'NONE', #2689, .T. ) ;
#3047 = VECTOR ( 'NONE', #3991, 1000.000000000000000 ) ;
#3048 = CARTESIAN_POINT ( 'NONE',  ( 6.200000000000000178, 1.750000000000000000, 0.05000000000001820349 ) ) ;
#3049 = DIRECTION ( 'NONE',  ( -1.365923996832129884E-16, 0.000000000000000000, 1.000000000000000000 ) ) ;
#3050 = CARTESIAN_POINT ( 'NONE',  ( -11.41162309946109943, -3.250000000000000000, -2.500000000000000000 ) ) ;
#3051 = CARTESIAN_POINT ( 'NONE',  ( -1.400000000000000133, 1.224646799147349904E-15, 2.700000000000000178 ) ) ;
#3052 = ORIENTED_EDGE ( 'NONE', *, *, #5062, .F. ) ;
#3053 = ORIENTED_EDGE ( 'NONE', *, *, #9305, .F. ) ;
#3054 = VECTOR ( 'NONE', #1593, 1000.000000000000000 ) ;
#3055 = EDGE_CURVE ( 'NONE', #783, #5483, #6277, .T. ) ;
#3056 = VERTEX_POINT ( 'NONE', #8758 ) ;
#3057 = ORIENTED_EDGE ( 'NONE', *, *, #484, .F. ) ;
#3058 = DIRECTION ( 'NONE',  ( 0.000000000000000000, -1.000000000000000000, 0.000000000000000000 ) ) ;
#3059 = EDGE_CURVE ( 'NONE', #8559, #3015, #9413, .T. ) ;
#3060 = CARTESIAN_POINT ( 'NONE',  ( -9.199999999999999289, 4.286263797015740046E-16, -4.000000000000000000 ) ) ;
#3061 = PLANE ( 'NONE',  #542 ) ;
#3062 = CARTESIAN_POINT ( 'NONE',  ( -3.100000000000000089, -3.550000000000000266, 3.950000000000000178 ) ) ;
#3063 = FACE_OUTER_BOUND ( 'NONE', #1581, .T. ) ;
#3064 = ORIENTED_EDGE ( 'NONE', *, *, #8797, .F. ) ;
#3065 = ORIENTED_EDGE ( 'NONE', *, *, #5810, .F. ) ;
#3066 = ORIENTED_EDGE ( 'NONE', *, *, #9517, .T. ) ;
#3067 = ORIENTED_EDGE ( 'NONE', *, *, #767, .T. ) ;
#3068 = CARTESIAN_POINT ( 'NONE',  ( -5.083698756151719955, 4.750000000000000000, -0.2230936816746900142 ) ) ;
#3069 = ADVANCED_FACE ( 'NONE', ( #6469 ), #4791, .F. ) ;
#3070 = DIRECTION ( 'NONE',  ( 0.000000000000000000, -1.000000000000000000, 0.000000000000000000 ) ) ;
#3071 = EDGE_CURVE ( 'NONE', #287, #580, #9179, .T. ) ;
#3072 = VECTOR ( 'NONE', #6687, 1000.000000000000000 ) ;
#3073 = CIRCLE ( 'NONE', #60, 1.350000000000000533 ) ;
#3074 = DIRECTION ( 'NONE',  ( 1.000000000000000000, 0.000000000000000000, 1.365923996832129884E-16 ) ) ;
#3075 = CYLINDRICAL_SURFACE ( 'NONE', #8895, 0.6499999999999996891 ) ;
#3076 = CARTESIAN_POINT ( 'NONE',  ( 6.510499752549970154, -7.769467990020110015, -3.926640469175570303 ) ) ;
#3077 = VECTOR ( 'NONE', #8714, 1000.000000000000000 ) ;
#3078 = DIRECTION ( 'NONE',  ( 0.000000000000000000, 1.000000000000000000, 0.000000000000000000 ) ) ;
#3079 = CARTESIAN_POINT ( 'NONE',  ( 3.299999999999999822, -3.950000000000000178, 2.850000000000000089 ) ) ;
#3080 = CARTESIAN_POINT ( 'NONE',  ( -4.894549081312812078, -3.163395424712505122, 0.04999940599232582938 ) ) ;
#3081 = EDGE_LOOP ( 'NONE', ( #6412, #2614, #821, #981 ) ) ;
#3082 = ORIENTED_EDGE ( 'NONE', *, *, #1411, .T. ) ;
#3083 = AXIS2_PLACEMENT_3D ( 'NONE', #9364, #6882, #7730 ) ;
#3084 = ORIENTED_EDGE ( 'NONE', *, *, #4295, .T. ) ;
#3085 = CARTESIAN_POINT ( 'NONE',  ( -11.46738209570190037, 4.750000000000000000, -1.976314594173340211 ) ) ;
#3086 = AXIS2_PLACEMENT_3D ( 'NONE', #4937, #1827, #7068 ) ;
#3087 = LINE ( 'NONE', #6063, #7249 ) ;
#3088 = CARTESIAN_POINT ( 'NONE',  ( 1.807518844340070041, -1.699999999999999956, -6.505213034913029562E-16 ) ) ;
#3089 = CIRCLE ( 'NONE', #2931, 0.6999999999999999556 ) ;
#3090 = DIRECTION ( 'NONE',  ( 0.000000000000000000, 0.000000000000000000, 1.000000000000000000 ) ) ;
#3091 = DIRECTION ( 'NONE',  ( 0.004218976193206252362, 0.000000000000000000, 0.9999911000803363148 ) ) ;
#3092 = DIRECTION ( 'NONE',  ( 0.9691953712182476144, 0.000000000000000000, 0.2462931838462509293 ) ) ;
#3093 = VECTOR ( 'NONE', #3432, 1000.000000000000000 ) ;
#3094 = ORIENTED_EDGE ( 'NONE', *, *, #2100, .F. ) ;
#3095 = ORIENTED_EDGE ( 'NONE', *, *, #8561, .T. ) ;
#3096 = ADVANCED_FACE ( 'NONE', ( #5733 ), #3343, .F. ) ;
#3097 = DIRECTION ( 'NONE',  ( 0.000000000000000000, 0.000000000000000000, 1.000000000000000000 ) ) ;
#3098 = CARTESIAN_POINT ( 'NONE',  ( -5.233354133029929578, -3.250000000000000000, 0.04999999999999759498 ) ) ;
#3099 = CARTESIAN_POINT ( 'NONE',  ( 12.69999999999999929, 12.00000000000000000, 0.000000000000000000 ) ) ;
#3100 = CARTESIAN_POINT ( 'NONE',  ( -5.109289761817504605, -4.726240638558513396, 0.04999999999999589495 ) ) ;
#3101 = DIRECTION ( 'NONE',  ( -1.000000000000000000, 0.000000000000000000, 0.000000000000000000 ) ) ;
#3102 = B_SPLINE_CURVE_WITH_KNOTS ( 'NONE', 3,
 ( #9669, #5162, #4459, #6686, #6743, #695, #3076, #4557, #6786, #2184, #2877, #5356 ),
 .UNSPECIFIED., .F., .F.,
 ( 4, 2, 2, 2, 2, 4 ),
 ( -0.08244218541016980206, -0.06474943941492319888, -0.04497664293899680116, -0.02290606799733761051, 0.000000000000000000, 0.0003501958163768109644 ),
 .UNSPECIFIED. ) ;
#3103 = ADVANCED_FACE ( 'NONE', ( #7163 ), #6369, .T. ) ;
#3104 = AXIS2_PLACEMENT_3D ( 'NONE', #1448, #8281, #1489 ) ;
#3105 = DIRECTION ( 'NONE',  ( 3.336006684570780143E-16, 0.000000000000000000, -1.000000000000000000 ) ) ;
#3106 = ORIENTED_EDGE ( 'NONE', *, *, #3538, .F. ) ;
#3107 = VERTEX_POINT ( 'NONE', #5537 ) ;
#3108 = ORIENTED_EDGE ( 'NONE', *, *, #8985, .T. ) ;
#3109 = ORIENTED_EDGE ( 'NONE', *, *, #2708, .F. ) ;
#3110 = DIRECTION ( 'NONE',  ( 1.656580215914899728E-16, 0.000000000000000000, -1.000000000000000000 ) ) ;
#3111 = VECTOR ( 'NONE', #2769, 1000.000000000000000 ) ;
#3112 = ADVANCED_FACE ( 'NONE', ( #8566 ), #2450, .T. ) ;
#3113 = LINE ( 'NONE', #3157, #418 ) ;
#3114 = CARTESIAN_POINT ( 'NONE',  ( 0.2999999999999999889, -1.699999999999999956, 1.350000000000000089 ) ) ;
#3115 = CARTESIAN_POINT ( 'NONE',  ( -3.662530198512150115, 4.750000000000000000, -0.2412913979897799988 ) ) ;
#3116 = DIRECTION ( 'NONE',  ( 0.000000000000000000, -1.000000000000000000, 0.000000000000000000 ) ) ;
#3117 = ORIENTED_EDGE ( 'NONE', *, *, #2379, .F. ) ;
#3118 = EDGE_CURVE ( 'NONE', #383, #9676, #7509, .T. ) ;
#3119 = ORIENTED_EDGE ( 'NONE', *, *, #5127, .F. ) ;
#3120 = VERTEX_POINT ( 'NONE', #3299 ) ;
#3121 = ORIENTED_EDGE ( 'NONE', *, *, #2332, .T. ) ;
#3122 = LINE ( 'NONE', #1781, #8471 ) ;
#3123 = DIRECTION ( 'NONE',  ( 0.2462931838462509293, 0.000000000000000000, -0.9691953712182476144 ) ) ;
#3124 = DIRECTION ( 'NONE',  ( 0.9878995680665040302, 0.000000000000000000, -0.1550949496728210031 ) ) ;
#3125 = CARTESIAN_POINT ( 'NONE',  ( -11.46738209570190037, 4.649999999999999467, -2.003270492925989021 ) ) ;
#3126 = LINE ( 'NONE', #3214, #3406 ) ;
#3127 = CARTESIAN_POINT ( 'NONE',  ( -4.622701564166340482, -3.198517484088859941, 0.04999999999999759498 ) ) ;
#3128 = DIRECTION ( 'NONE',  ( 0.000000000000000000, 1.000000000000000000, 0.000000000000000000 ) ) ;
#3129 = CARTESIAN_POINT ( 'NONE',  ( 0.2999999999999999889, 1.699999999999999956, 1.800000000000000044 ) ) ;
#3130 = EDGE_CURVE ( 'NONE', #9774, #8533, #8664, .T. ) ;
#3131 = ORIENTED_EDGE ( 'NONE', *, *, #1005, .T. ) ;
#3132 = EDGE_CURVE ( 'NONE', #3015, #4499, #280, .T. ) ;
#3133 = ORIENTED_EDGE ( 'NONE', *, *, #8580, .F. ) ;
#3134 = DIRECTION ( 'NONE',  ( 0.000000000000000000, -1.000000000000000000, 0.000000000000000000 ) ) ;
#3135 = VECTOR ( 'NONE', #4525, 1000.000000000000000 ) ;
#3136 = CARTESIAN_POINT ( 'NONE',  ( -11.46738209570190037, -4.649999999999999467, -2.153270492925979163 ) ) ;
#3137 = LINE ( 'NONE', #3088, #5431 ) ;
#3138 = DIRECTION ( 'NONE',  ( -1.000000000000000000, 0.000000000000000000, -1.239088197126290817E-16 ) ) ;
#3139 = FACE_OUTER_BOUND ( 'NONE', #7155, .T. ) ;
#3140 = AXIS2_PLACEMENT_3D ( 'NONE', #9199, #1665, #1949 ) ;
#3141 = CARTESIAN_POINT ( 'NONE',  ( -4.644516500728250286, 3.250000000000000000, 0.01709246657714990139 ) ) ;
#3142 = CARTESIAN_POINT ( 'NONE',  ( 3.299999999999999822, -3.950000000000000178, 0.5499999999999940492 ) ) ;
#3143 = ORIENTED_EDGE ( 'NONE', *, *, #1495, .T. ) ;
#3144 = PLANE ( 'NONE',  #8898 ) ;
#3145 = DIRECTION ( 'NONE',  ( 0.000000000000000000, 0.000000000000000000, 1.000000000000000000 ) ) ;
#3146 = AXIS2_PLACEMENT_3D ( 'NONE', #8299, #5328, #4579 ) ;
#3147 = CARTESIAN_POINT ( 'NONE',  ( 7.000000000000000000, 1.699999999999999956, 0.5500000000000190292 ) ) ;
#3148 = FACE_BOUND ( 'NONE', #8740, .T. ) ;
#3149 = LINE ( 'NONE', #5527, #9815 ) ;
#3150 = DIRECTION ( 'NONE',  ( 1.334402673828309888E-16, 0.000000000000000000, -1.000000000000000000 ) ) ;
#3151 = VERTEX_POINT ( 'NONE', #2559 ) ;
#3152 = ORIENTED_EDGE ( 'NONE', *, *, #8320, .F. ) ;
#3153 = ORIENTED_EDGE ( 'NONE', *, *, #336, .T. ) ;
#3154 = EDGE_CURVE ( 'NONE', #7342, #8790, #8613, .T. ) ;
#3155 = CARTESIAN_POINT ( 'NONE',  ( 3.700000000000000178, 3.950000000000000178, -3.649999999999999911 ) ) ;
#3156 = VECTOR ( 'NONE', #8334, 1000.000000000000000 ) ;
#3157 = CARTESIAN_POINT ( 'NONE',  ( -1.450000000000000178, -3.950000000000000178, 3.500000000000000000 ) ) ;
#3158 = PLANE ( 'NONE',  #6088 ) ;
#3159 = DIRECTION ( 'NONE',  ( -1.334402673828309888E-16, 0.000000000000000000, 1.000000000000000000 ) ) ;
#3160 = CARTESIAN_POINT ( 'NONE',  ( -0.8000000000000000444, 8.900000000000000355, 3.500000000000000000 ) ) ;
#3161 = ORIENTED_EDGE ( 'NONE', *, *, #6999, .F. ) ;
#3162 = ORIENTED_EDGE ( 'NONE', *, *, #6672, .F. ) ;
#3163 = EDGE_LOOP ( 'NONE', ( #4712, #2497, #6521, #7588 ) ) ;
#3164 = ORIENTED_EDGE ( 'NONE', *, *, #3688, .F. ) ;
#3165 = EDGE_CURVE ( 'NONE', #4966, #6793, #6246, .T. ) ;
#3166 = CARTESIAN_POINT ( 'NONE',  ( -4.898978868267030329, -3.250000000000000000, -0.9999902100883649725 ) ) ;
#3167 = PERSON_AND_ORGANIZATION ( #7298, #2091 ) ;
#3168 = CARTESIAN_POINT ( 'NONE',  ( -11.41162309946109943, 4.649999999999999467, -2.449999999999999734 ) ) ;
#3169 = VECTOR ( 'NONE', #6557, 1000.000000000000000 ) ;
#3170 = CARTESIAN_POINT ( 'NONE',  ( 6.750000000000000000, -12.05000000000000071, 1.350000000000000089 ) ) ;
#3171 = LINE ( 'NONE', #6242, #5445 ) ;
#3172 = DIRECTION ( 'NONE',  ( 0.000000000000000000, 0.000000000000000000, -1.000000000000000000 ) ) ;
#3173 = DIRECTION ( 'NONE',  ( 0.000000000000000000, 0.000000000000000000, 1.000000000000000000 ) ) ;
#3174 = VERTEX_POINT ( 'NONE', #4436 ) ;
#3175 = ORIENTED_EDGE ( 'NONE', *, *, #9219, .T. ) ;
#3176 = ORIENTED_EDGE ( 'NONE', *, *, #4315, .T. ) ;
#3177 = DIRECTION ( 'NONE',  ( -1.000000000000000000, 0.000000000000000000, 0.000000000000000000 ) ) ;
#3178 = ADVANCED_FACE ( 'NONE', ( #4339, #6570 ), #9696, .F. ) ;
#3179 = CARTESIAN_POINT ( 'NONE',  ( -5.022462313425681835, 4.749812749026626868, 0.05000000000001006417 ) ) ;
#3180 = DIRECTION ( 'NONE',  ( 3.675261601645779967E-17, 0.000000000000000000, 1.000000000000000000 ) ) ;
#3181 = CARTESIAN_POINT ( 'NONE',  ( -11.41162309946109943, 4.649999999999999467, -2.449999999999999734 ) ) ;
#3182 = FACE_OUTER_BOUND ( 'NONE', #7499, .T. ) ;
#3183 = LINE ( 'NONE', #3973, #8750 ) ;
#3184 = DIRECTION ( 'NONE',  ( 0.000000000000000000, 0.000000000000000000, 1.000000000000000000 ) ) ;
#3185 = ORIENTED_EDGE ( 'NONE', *, *, #1107, .T. ) ;
#3186 = DIRECTION ( 'NONE',  ( -9.358555867767145297E-16, 2.272792139314878256E-15, -1.000000000000000000 ) ) ;
#3187 = CARTESIAN_POINT ( 'NONE',  ( -2.042050949451219566, -7.914714746218879604, -3.785549036143939894 ) ) ;
#3188 =( GEOMETRIC_REPRESENTATION_CONTEXT ( 3 ) GLOBAL_UNCERTAINTY_ASSIGNED_CONTEXT ( ( #1246 ) ) GLOBAL_UNIT_ASSIGNED_CONTEXT ( ( #9173, #5499, #990 ) ) REPRESENTATION_CONTEXT ( 'NONE', 'WORKASPACE' ) );
#3189 = EDGE_CURVE ( 'NONE', #7359, #9677, #5187, .T. ) ;
#3190 = ADVANCED_FACE ( 'NONE', ( #2855 ), #4287, .F. ) ;
#3191 = CARTESIAN_POINT ( 'NONE',  ( -11.52314109194249880, -3.250000000000000000, -2.500000000000000000 ) ) ;
#3192 = AXIS2_PLACEMENT_3D ( 'NONE', #7235, #6491, #2535 ) ;
#3193 = DIRECTION ( 'NONE',  ( 0.9931429867320364924, 0.000000000000000000, 0.1169059789102759456 ) ) ;
#3194 = CARTESIAN_POINT ( 'NONE',  ( -3.637083961758269979, 3.250000000000000000, -0.1445831303232300025 ) ) ;
#3195 = AXIS2_PLACEMENT_3D ( 'NONE', #4952, #1141, #4155 ) ;
#3196 = DIRECTION ( 'NONE',  ( 0.000000000000000000, 0.000000000000000000, -1.000000000000000000 ) ) ;
#3197 = VERTEX_POINT ( 'NONE', #668 ) ;
#3198 = AXIS2_PLACEMENT_3D ( 'NONE', #7087, #9283, #5657 ) ;
#3199 = ORIENTED_EDGE ( 'NONE', *, *, #8974, .T. ) ;
#3200 = CIRCLE ( 'NONE', #2884, 1.749999999999999778 ) ;
#3201 = ORIENTED_EDGE ( 'NONE', *, *, #146, .T. ) ;
#3202 = DIRECTION ( 'NONE',  ( 0.000000000000000000, 0.000000000000000000, -1.000000000000000000 ) ) ;
#3203 = LINE ( 'NONE', #976, #3047 ) ;
#3204 = DIRECTION ( 'NONE',  ( 0.000000000000000000, -1.000000000000000000, 0.000000000000000000 ) ) ;
#3205 = VECTOR ( 'NONE', #4267, 1000.000000000000000 ) ;
#3206 = CARTESIAN_POINT ( 'NONE',  ( -4.376595962401239603, 3.250000000000000000, 0.05000000000000920375 ) ) ;
#3207 = FACE_OUTER_BOUND ( 'NONE', #6586, .T. ) ;
#3208 = ORIENTED_EDGE ( 'NONE', *, *, #2946, .F. ) ;
#3209 = ORIENTED_EDGE ( 'NONE', *, *, #7830, .T. ) ;
#3210 = ORIENTED_EDGE ( 'NONE', *, *, #6036, .T. ) ;
#3211 = DIRECTION ( 'NONE',  ( -9.343242246769421254E-16, 2.294126247091830304E-15, -1.000000000000000000 ) ) ;
#3212 = ADVANCED_FACE ( 'NONE', ( #3586 ), #2903, .F. ) ;
#3213 = LINE ( 'NONE', #99, #7746 ) ;
#3214 = CARTESIAN_POINT ( 'NONE',  ( 2.899999999999999911, -3.550000000000000266, 1.649999999999999911 ) ) ;
#3215 = CARTESIAN_POINT ( 'NONE',  ( -0.6999999999999999556, 0.000000000000000000, 0.000000000000000000 ) ) ;
#3216 = EDGE_CURVE ( 'NONE', #4499, #7345, #5778, .T. ) ;
#3217 = DIRECTION ( 'NONE',  ( 1.000000000000000000, 2.220754565754750177E-16, -3.128579780658979875E-16 ) ) ;
#3218 = CARTESIAN_POINT ( 'NONE',  ( -11.45254019207970053, -4.649999999999999467, -2.152399954643779978 ) ) ;
#3219 = ORIENTED_EDGE ( 'NONE', *, *, #2785, .T. ) ;
#3220 = ORIENTED_EDGE ( 'NONE', *, *, #8399, .F. ) ;
#3221 = AXIS2_PLACEMENT_3D ( 'NONE', #5475, #9196, #6125 ) ;
#3222 = FACE_OUTER_BOUND ( 'NONE', #3950, .T. ) ;
#3223 = CIRCLE ( 'NONE', #6389, 0.02695589875264907398 ) ;
#3224 = DIRECTION ( 'NONE',  ( -3.128579780658979875E-16, 0.000000000000000000, -1.000000000000000000 ) ) ;
#3225 = DIRECTION ( 'NONE',  ( 0.000000000000000000, 0.000000000000000000, 1.000000000000000000 ) ) ;
#3226 = DIRECTION ( 'NONE',  ( -1.000000000000000000, 0.000000000000000000, 0.000000000000000000 ) ) ;
#3227 = EDGE_CURVE ( 'NONE', #2934, #6080, #5882, .T. ) ;
#3228 = AXIS2_PLACEMENT_3D ( 'NONE', #9419, #7979, #3454 ) ;
#3229 = DIRECTION ( 'NONE',  ( 1.000000000000000000, 0.000000000000000000, 0.000000000000000000 ) ) ;
#3230 = DIRECTION ( 'NONE',  ( 7.255674608222157570E-16, -0.5780173407803409491, 0.8160244811016537092 ) ) ;
#3231 = VECTOR ( 'NONE', #4479, 1000.000000000000000 ) ;
#3232 = EDGE_CURVE ( 'NONE', #7966, #782, #8209, .T. ) ;
#3233 = VERTEX_POINT ( 'NONE', #2112 ) ;
#3234 = AXIS2_PLACEMENT_3D ( 'NONE', #3473, #7340, #4317 ) ;
#3235 = LINE ( 'NONE', #8409, #6354 ) ;
#3236 = CARTESIAN_POINT ( 'NONE',  ( -2.227833584852400239, -7.501076215302280303, -4.000000000000000000 ) ) ;
#3237 = AXIS2_PLACEMENT_3D ( 'NONE', #6035, #9057, #5144 ) ;
#3238 = LINE ( 'NONE', #316, #9628 ) ;
#3239 = FACE_BOUND ( 'NONE', #2, .T. ) ;
#3240 = CARTESIAN_POINT ( 'NONE',  ( 12.20000000000000107, -6.000000000000000000, -3.500000000000000000 ) ) ;
#3241 = CIRCLE ( 'NONE', #7517, 0.09999999999999997780 ) ;
#3242 = VECTOR ( 'NONE', #5673, 1000.000000000000000 ) ;
#3243 = CIRCLE ( 'NONE', #8796, 0.09999999999999989453 ) ;
#3245 = VERTEX_POINT ( 'NONE', #476 ) ;
#3244 = EDGE_CURVE ( 'NONE', #3029, #1875, #1350, .T. ) ;
#3246 = EDGE_CURVE ( 'NONE', #3293, #3591, #5084, .T. ) ;
#3247 = ORIENTED_EDGE ( 'NONE', *, *, #7907, .T. ) ;
#3248 = ORIENTED_EDGE ( 'NONE', *, *, #1264, .T. ) ;
#3249 = DIRECTION ( 'NONE',  ( 0.9931429867320367144, 0.000000000000000000, 0.1169059789102749741 ) ) ;
#3250 = AXIS2_PLACEMENT_3D ( 'NONE', #9768, #745, #8184 ) ;
#3251 = DIRECTION ( 'NONE',  ( 1.734723475976839881E-16, 0.000000000000000000, -1.000000000000000000 ) ) ;
#3252 = DIRECTION ( 'NONE',  ( 1.000000000000000000, 0.000000000000000000, 0.000000000000000000 ) ) ;
#3253 = CARTESIAN_POINT ( 'NONE',  ( -2.299999999999999822, 5.200000000000000178, 3.950000000000000178 ) ) ;
#3254 = ORIENTED_EDGE ( 'NONE', *, *, #4705, .T. ) ;
#3255 = ORIENTED_EDGE ( 'NONE', *, *, #9459, .F. ) ;
#3256 = ORIENTED_EDGE ( 'NONE', *, *, #1320, .F. ) ;
#3257 = AXIS2_PLACEMENT_3D ( 'NONE', #6152, #5502, #4006 ) ;
#3258 = VERTEX_POINT ( 'NONE', #9600 ) ;
#3259 = VERTEX_POINT ( 'NONE', #8165 ) ;
#3260 = LINE ( 'NONE', #6286, #6555 ) ;
#3261 = DIRECTION ( 'NONE',  ( 0.9670826766655241657, 0.000000000000000000, -0.2544623675387880923 ) ) ;
#3262 = CARTESIAN_POINT ( 'NONE',  ( -11.46738209570190037, -3.250000000000000000, -2.026314594173330264 ) ) ;
#3263 = CARTESIAN_POINT ( 'NONE',  ( -3.637083961758269979, 3.250000000000000000, -0.1445831303232300025 ) ) ;
#3264 = DIRECTION ( 'NONE',  ( 0.8660254037844387076, 0.4999999999999998890, 1.249219751954890073E-15 ) ) ;
#3265 = CARTESIAN_POINT ( 'NONE',  ( -4.768600664696140967, 4.649999999999999467, -1.214922013198409978 ) ) ;
#3266 = EDGE_CURVE ( 'NONE', #5619, #2421, #7368, .T. ) ;
#3267 = ORIENTED_EDGE ( 'NONE', *, *, #7796, .F. ) ;
#3268 = ORIENTED_EDGE ( 'NONE', *, *, #9348, .F. ) ;
#3269 = ORIENTED_EDGE ( 'NONE', *, *, #5334, .F. ) ;
#3270 = DIRECTION ( 'NONE',  ( 3.128579780658979875E-16, -9.970989681626198491E-16, 1.000000000000000000 ) ) ;
#3271 = EDGE_CURVE ( 'NONE', #458, #5018, #2754, .T. ) ;
#3272 = DIRECTION ( 'NONE',  ( 0.000000000000000000, 0.000000000000000000, 1.000000000000000000 ) ) ;
#3273 = LINE ( 'NONE', #8347, #5277 ) ;
#3274 = CARTESIAN_POINT ( 'NONE',  ( 2.200000000000000178, -8.900000000000000355, 0.000000000000000000 ) ) ;
#3275 = FACE_OUTER_BOUND ( 'NONE', #6828, .T. ) ;
#3276 = CYLINDRICAL_SURFACE ( 'NONE', #3518, 2.000000000000000000 ) ;
#3277 = EDGE_CURVE ( 'NONE', #1166, #1744, #8785, .T. ) ;
#3278 = EDGE_CURVE ( 'NONE', #1744, #1875, #2018, .T. ) ;
#3279 = CARTESIAN_POINT ( 'NONE',  ( 6.200000000000000178, -1.699999999999999956, 0.5500000000000000444 ) ) ;
#3280 = VECTOR ( 'NONE', #7700, 1000.000000000000000 ) ;
#3281 = VERTEX_POINT ( 'NONE', #5034 ) ;
#3282 = ORIENTED_EDGE ( 'NONE', *, *, #8047, .T. ) ;
#3283 = ORIENTED_EDGE ( 'NONE', *, *, #5186, .F. ) ;
#3284 = DIRECTION ( 'NONE',  ( 1.000000000000000000, -1.913297951445009840E-16, 0.000000000000000000 ) ) ;
#3285 = EDGE_CURVE ( 'NONE', #7824, #2157, #6881, .T. ) ;
#3286 = DIRECTION ( 'NONE',  ( 0.000000000000000000, 0.000000000000000000, -1.000000000000000000 ) ) ;
#3287 = DIRECTION ( 'NONE',  ( 9.856383386231849706E-16, 9.856383386231849706E-16, -1.000000000000000000 ) ) ;
#3288 = AXIS2_PLACEMENT_3D ( 'NONE', #4880, #6960, #7057 ) ;
#3289 = DIRECTION ( 'NONE',  ( 0.9691953712182477254, 0.000000000000000000, 0.2462931838462509571 ) ) ;
#3290 = DIRECTION ( 'NONE',  ( 0.000000000000000000, 0.000000000000000000, -1.000000000000000000 ) ) ;
#3291 = ORIENTED_EDGE ( 'NONE', *, *, #3787, .F. ) ;
#3292 = VECTOR ( 'NONE', #9634, 1000.000000000000000 ) ;
#3293 = VERTEX_POINT ( 'NONE', #3537 ) ;
#3294 = ORIENTED_EDGE ( 'NONE', *, *, #1293, .T. ) ;
#3295 = DIRECTION ( 'NONE',  ( 0.000000000000000000, 0.000000000000000000, 1.000000000000000000 ) ) ;
#3296 = EDGE_CURVE ( 'NONE', #8081, #4808, #5838, .T. ) ;
#3297 = CARTESIAN_POINT ( 'NONE',  ( 6.200000000000000178, 12.00000000000000000, 0.000000000000000000 ) ) ;
#3298 = CARTESIAN_POINT ( 'NONE',  ( 2.125753146335435328, 3.950000000000000178, 2.743054381644114859 ) ) ;
#3299 = CARTESIAN_POINT ( 'NONE',  ( 7.000000000000000000, 1.699999999999999956, 1.350000000000020073 ) ) ;
#3300 = CYLINDRICAL_SURFACE ( 'NONE', #8468, 0.7000000000000000666 ) ;
#3301 = ORIENTED_EDGE ( 'NONE', *, *, #1620, .F. ) ;
#3302 = ORIENTED_EDGE ( 'NONE', *, *, #1100, .T. ) ;
#3303 = ORIENTED_EDGE ( 'NONE', *, *, #989, .T. ) ;
#3304 = ORIENTED_EDGE ( 'NONE', *, *, #2811, .F. ) ;
#3305 = DIRECTION ( 'NONE',  ( -3.128579780658979875E-16, 9.970989681626198491E-16, -1.000000000000000000 ) ) ;
#3306 = CIRCLE ( 'NONE', #8216, 0.3769558987526491212 ) ;
#3307 = AXIS2_PLACEMENT_3D ( 'NONE', #3754, #8977, #743 ) ;
#3308 = EDGE_CURVE ( 'NONE', #5652, #64, #6393, .T. ) ;
#3309 = EDGE_CURVE ( 'NONE', #8961, #4551, #8148, .T. ) ;
#3310 = DIRECTION ( 'NONE',  ( 9.387283644590649326E-16, 8.725142821606440391E-16, -1.000000000000000000 ) ) ;
#3311 = DIRECTION ( 'NONE',  ( 0.2462931838462509293, 0.000000000000000000, -0.9691953712182476144 ) ) ;
#3312 = DIRECTION ( 'NONE',  ( -1.000000000000000000, 0.000000000000000000, 0.000000000000000000 ) ) ;
#3313 = CARTESIAN_POINT ( 'NONE',  ( -4.768600664696140967, -4.649999999999999467, -1.264922013198400252 ) ) ;
#3314 = EDGE_LOOP ( 'NONE', ( #1547, #2289, #2610, #7931 ) ) ;
#3315 = AXIS2_PLACEMENT_3D ( 'NONE', #7310, #1423, #8109 ) ;
#3316 = EDGE_LOOP ( 'NONE', ( #7528, #4877, #7620 ) ) ;
#3317 = DIRECTION ( 'NONE',  ( 0.000000000000000000, 0.000000000000000000, -1.000000000000000000 ) ) ;
#3318 = AXIS2_PLACEMENT_3D ( 'NONE', #6313, #1072, #4085 ) ;
#3319 = FACE_OUTER_BOUND ( 'NONE', #7180, .T. ) ;
#3320 = LINE ( 'NONE', #7892, #7463 ) ;
#3321 = CARTESIAN_POINT ( 'NONE',  ( 5.785374374473379433, 0.7071067811865480168, -6.505213034913029562E-16 ) ) ;
#3322 = FACE_OUTER_BOUND ( 'NONE', #6293, .T. ) ;
#3323 = DIRECTION ( 'NONE',  ( -1.000000000000000000, 0.000000000000000000, 0.000000000000000000 ) ) ;
#3324 = CARTESIAN_POINT ( 'NONE',  ( -5.083698756151719955, 4.649999999999999467, -0.2230936816746900142 ) ) ;
#3325 = EDGE_LOOP ( 'NONE', ( #7393, #5666, #9700 ) ) ;
#3326 = ORIENTED_EDGE ( 'NONE', *, *, #365, .F. ) ;
#3327 = EDGE_LOOP ( 'NONE', ( #3505, #2476, #1079, #1560 ) ) ;
#3328 = CARTESIAN_POINT ( 'NONE',  ( -11.46738209570190037, 3.149999999999999911, -1.976314594173340211 ) ) ;
#3329 = DIRECTION ( 'NONE',  ( 3.523657060577860223E-15, -1.000000000000000000, 0.000000000000000000 ) ) ;
#3330 = CARTESIAN_POINT ( 'NONE',  ( -1.515728071767300067, -3.550000000000000266, 3.950000000000000178 ) ) ;
#3331 =( BOUNDED_CURVE ( )  B_SPLINE_CURVE ( 3, ( #3556, #1145, #2626, #8039 ),
 .UNSPECIFIED., .F., .F. ) 
 B_SPLINE_CURVE_WITH_KNOTS ( ( 4, 4 ),
 ( 0.000000000000000000, 0.5851522760899309228 ),
 .UNSPECIFIED. ) 
 CURVE ( )  GEOMETRIC_REPRESENTATION_ITEM ( )  RATIONAL_B_SPLINE_CURVE ( ( 1.000000000000000000, 0.9716693628243318059, 0.9716693628243318059, 1.000000000000000000 ) ) 
 REPRESENTATION_ITEM ( '' )  );
#3332 = CARTESIAN_POINT ( 'NONE',  ( 3.299999999999999822, 2.600000000000000533, 0.5500000000000166978 ) ) ;
#3333 = LINE ( 'NONE', #4684, #9192 ) ;
#3334 = ADVANCED_FACE ( 'NONE', ( #9292 ), #1655, .F. ) ;
#3335 = ORIENTED_EDGE ( 'NONE', *, *, #6979, .T. ) ;
#3336 = ORIENTED_EDGE ( 'NONE', *, *, #4011, .T. ) ;
#3337 = ORIENTED_EDGE ( 'NONE', *, *, #5672, .F. ) ;
#3338 = DIRECTION ( 'NONE',  ( 1.334402673828309888E-16, 0.000000000000000000, -1.000000000000000000 ) ) ;
#3339 = VECTOR ( 'NONE', #17, 1000.000000000000114 ) ;
#3340 = CARTESIAN_POINT ( 'NONE',  ( -2.700000000000000178, -3.950000000000000178, 3.950000000000000178 ) ) ;
#3341 = AXIS2_PLACEMENT_3D ( 'NONE', #1121, #6072, #5473 ) ;
#3342 = DIRECTION ( 'NONE',  ( -1.000000000000000000, -5.551115123125729701E-17, -9.387283644590649326E-16 ) ) ;
#3343 = PLANE ( 'NONE',  #6559 ) ;
#3344 = EDGE_CURVE ( 'NONE', #3699, #7270, #7702, .T. ) ;
#3345 = DIRECTION ( 'NONE',  ( -1.000000000000000000, 0.000000000000000000, 0.000000000000000000 ) ) ;
#3346 = ORIENTED_EDGE ( 'NONE', *, *, #881, .F. ) ;
#3347 = ORIENTED_EDGE ( 'NONE', *, *, #2248, .F. ) ;
#3348 = VECTOR ( 'NONE', #7961, 1000.000000000000000 ) ;
#3349 = ORIENTED_EDGE ( 'NONE', *, *, #3055, .T. ) ;
#3350 = EDGE_CURVE ( 'NONE', #982, #8839, #4622, .T. ) ;
#3351 = VERTEX_POINT ( 'NONE', #6304 ) ;
#3352 = CARTESIAN_POINT ( 'NONE',  ( 6.200000000000000178, -1.699999999999999956, 1.350000000000000089 ) ) ;
#3353 = DATE_TIME_ROLE ( 'creation_date' ) ;
#3354 = CIRCLE ( 'NONE', #663, 0.3769558987526491212 ) ;
#3355 = CARTESIAN_POINT ( 'NONE',  ( -12.69999999999999929, 7.500000000000000000, -3.500000000000000000 ) ) ;
#3356 = DIRECTION ( 'NONE',  ( 0.000000000000000000, -1.000000000000000000, 0.000000000000000000 ) ) ;
#3357 = CARTESIAN_POINT ( 'NONE',  ( 5.250000000000000000, -7.349999999999999645, 0.5500000000000090372 ) ) ;
#3358 = CARTESIAN_POINT ( 'NONE',  ( -5.169901370497909099, 4.649999999999999467, 0.1161246982517000065 ) ) ;
#3359 = ORIENTED_EDGE ( 'NONE', *, *, #8894, .T. ) ;
#3360 = ORIENTED_EDGE ( 'NONE', *, *, #2401, .F. ) ;
#3361 = ORIENTED_EDGE ( 'NONE', *, *, #6178, .F. ) ;
#3362 = ADVANCED_FACE ( 'NONE', ( #1011 ), #3385, .F. ) ;
#3363 = AXIS2_PLACEMENT_3D ( 'NONE', #3079, #645, #5212 ) ;
#3364 = EDGE_CURVE ( 'NONE', #3555, #9181, #1659, .T. ) ;
#3365 = DIRECTION ( 'NONE',  ( -1.000000000000000000, 0.000000000000000000, 0.000000000000000000 ) ) ;
#3366 = CARTESIAN_POINT ( 'NONE',  ( -11.46738209570190037, 3.250000000000000000, -1.976314594173340211 ) ) ;
#3367 = PLANE ( 'NONE',  #9489 ) ;
#3368 = CARTESIAN_POINT ( 'NONE',  ( -3.662530198512150115, 3.149999999999999911, -0.2412913979897799988 ) ) ;
#3369 = CARTESIAN_POINT ( 'NONE',  ( 0.2999999999999999889, 12.00000000000000000, 1.800000000000000044 ) ) ;
#3370 = DIRECTION ( 'NONE',  ( 1.000000000000000000, 0.000000000000000000, 0.000000000000000000 ) ) ;
#3371 = FACE_OUTER_BOUND ( 'NONE', #7679, .T. ) ;
#3372 = CARTESIAN_POINT ( 'NONE',  ( -11.46423078997079870, -3.250000000000000000, -2.053085655970579904 ) ) ;
#3373 = ORIENTED_EDGE ( 'NONE', *, *, #1746, .F. ) ;
#3374 = ORIENTED_EDGE ( 'NONE', *, *, #7047, .F. ) ;
#3375 = EDGE_LOOP ( 'NONE', ( #3571, #4596, #1832, #471, #25, #9358, #3450, #5589 ) ) ;
#3376 = CARTESIAN_POINT ( 'NONE',  ( 0.3000000000000000444, -7.768363372981874626, 3.769793541278674720 ) ) ;
#3377 = CARTESIAN_POINT ( 'NONE',  ( -2.299999999999999822, -3.550000000000000266, 3.500000000000000000 ) ) ;
#3378 = VECTOR ( 'NONE', #9076, 1000.000000000000000 ) ;
#3379 = AXIS2_PLACEMENT_3D ( 'NONE', #1958, #4983, #4931 ) ;
#3380 = DIRECTION ( 'NONE',  ( -1.656580215914899728E-16, 0.000000000000000000, 1.000000000000000000 ) ) ;
#3381 = DIRECTION ( 'NONE',  ( 0.000000000000000000, 1.000000000000000000, 0.000000000000000000 ) ) ;
#3382 = VECTOR ( 'NONE', #6677, 1000.000000000000000 ) ;
#3384 = ADVANCED_FACE ( 'NONE', ( #6259 ), #2540, .T. ) ;
#3383 = ORIENTED_EDGE ( 'NONE', *, *, #2947, .T. ) ;
#3385 = CONICAL_SURFACE ( 'NONE', #387, 2.600000000000000089, 0.7853981633974476129 ) ;
#3386 = VECTOR ( 'NONE', #6774, 1000.000000000000000 ) ;
#3387 = EDGE_LOOP ( 'NONE', ( #3684, #1595, #5070, #5565 ) ) ;
#3388 = VECTOR ( 'NONE', #447, 1000.000000000000000 ) ;
#3389 = ORIENTED_EDGE ( 'NONE', *, *, #7581, .T. ) ;
#3390 = CARTESIAN_POINT ( 'NONE',  ( -4.644516500728250286, -4.649999999999999467, -0.03290753342284009897 ) ) ;
#3391 = ADVANCED_FACE ( 'NONE', ( #5469 ), #8308, .T. ) ;
#3392 = DIRECTION ( 'NONE',  ( -5.551115123125809819E-17, 1.000000000000000000, 8.725142821606440391E-16 ) ) ;
#3393 = VECTOR ( 'NONE', #7035, 1000.000000000000000 ) ;
#3394 = LINE ( 'NONE', #573, #8387 ) ;
#3395 = VECTOR ( 'NONE', #3380, 1000.000000000000000 ) ;
#3396 = CIRCLE ( 'NONE', #1504, 5.895623928210663500 ) ;
#3397 = FACE_OUTER_BOUND ( 'NONE', #130, .T. ) ;
#3398 = CARTESIAN_POINT ( 'NONE',  ( -0.6999999999999999556, 6.200000000000000178, 0.5500000000000000444 ) ) ;
#3399 = LINE ( 'NONE', #7070, #3077 ) ;
#3400 = ORIENTED_EDGE ( 'NONE', *, *, #4086, .F. ) ;
#3401 = ORIENTED_EDGE ( 'NONE', *, *, #5426, .T. ) ;
#3402 = ORIENTED_EDGE ( 'NONE', *, *, #227, .T. ) ;
#3403 = ORIENTED_EDGE ( 'NONE', *, *, #8368, .F. ) ;
#3404 = ORIENTED_EDGE ( 'NONE', *, *, #8827, .F. ) ;
#3405 = CARTESIAN_POINT ( 'NONE',  ( 0.7999999999999999334, 3.950000000000000178, 1.350000000000020073 ) ) ;
#3406 = VECTOR ( 'NONE', #151, 1000.000000000000000 ) ;
#3407 = ADVANCED_FACE ( 'NONE', ( #961 ), #264, .T. ) ;
#3408 = CARTESIAN_POINT ( 'NONE',  ( 3.299999999999999822, 3.950000000000000178, -2.600000000000000089 ) ) ;
#3409 = FACE_OUTER_BOUND ( 'NONE', #4025, .T. ) ;
#3410 = CIRCLE ( 'NONE', #1210, 2.250000000000000000 ) ;
#3411 = DIRECTION ( 'NONE',  ( 0.000000000000000000, 0.000000000000000000, -1.000000000000000000 ) ) ;
#3412 = DIRECTION ( 'NONE',  ( 0.7071067811865480168, 0.000000000000000000, 0.7071067811865470176 ) ) ;
#3413 = VERTEX_POINT ( 'NONE', #3279 ) ;
#3414 = ORIENTED_EDGE ( 'NONE', *, *, #3886, .T. ) ;
#3415 = ORIENTED_EDGE ( 'NONE', *, *, #8637, .F. ) ;
#3416 = DIRECTION ( 'NONE',  ( 1.000000000000000000, 0.000000000000000000, -9.540979117872440991E-16 ) ) ;
#3417 = AXIS2_PLACEMENT_3D ( 'NONE', #883, #5435, #9208 ) ;
#3418 = CARTESIAN_POINT ( 'NONE',  ( -3.751592027150730146, 3.250000000000000000, -0.5797703348227100095 ) ) ;
#3419 = CARTESIAN_POINT ( 'NONE',  ( 0.000000000000000000, -8.000000000000000000, 0.000000000000000000 ) ) ;
#3420 = EDGE_CURVE ( 'NONE', #3233, #2330, #2652, .T. ) ;
#3421 = DIRECTION ( 'NONE',  ( 0.000000000000000000, 0.000000000000000000, -1.000000000000000000 ) ) ;
#3422 = LINE ( 'NONE', #5061, #5024 ) ;
#3423 = EDGE_CURVE ( 'NONE', #3877, #3496, #1755, .T. ) ;
#3424 = CARTESIAN_POINT ( 'NONE',  ( 3.771714314291430004, -7.500000000000000000, -4.000000000000000000 ) ) ;
#3425 = LINE ( 'NONE', #6447, #1195 ) ;
#3426 = VERTEX_POINT ( 'NONE', #8451 ) ;
#3427 = ORIENTED_EDGE ( 'NONE', *, *, #934, .T. ) ;
#3428 = ORIENTED_EDGE ( 'NONE', *, *, #2746, .F. ) ;
#3429 = DIRECTION ( 'NONE',  ( 2.551063935260009998E-16, -1.000000000000000000, 3.404146536317930089E-32 ) ) ;
#3430 = LINE ( 'NONE', #4923, #9473 ) ;
#3431 = EDGE_CURVE ( 'NONE', #3003, #4850, #3975, .T. ) ;
#3432 = DIRECTION ( 'NONE',  ( 1.000000000000000000, 0.000000000000000000, 1.365923996832129884E-16 ) ) ;
#3433 = CARTESIAN_POINT ( 'NONE',  ( 2.899999999999999911, 5.200000000000000178, 2.850000000000000089 ) ) ;
#3434 = ORIENTED_EDGE ( 'NONE', *, *, #6799, .T. ) ;
#3435 = ORIENTED_EDGE ( 'NONE', *, *, #2470, .T. ) ;
#3436 = AXIS2_PLACEMENT_3D ( 'NONE', #7606, #2364, #3196 ) ;
#3437 = CARTESIAN_POINT ( 'NONE',  ( 10.80000000000000071, 5.000000000000000000, -1.499999999999999778 ) ) ;
#3438 = VECTOR ( 'NONE', #4118, 1000.000000000000000 ) ;
#3439 = DIRECTION ( 'NONE',  ( -1.000000000000000000, 1.913297951445009840E-16, 0.000000000000000000 ) ) ;
#3440 = LINE ( 'NONE', #4337, #3775 ) ;
#3441 = CARTESIAN_POINT ( 'NONE',  ( 3.299999999999999822, -3.950000000000000178, -3.149999999999999911 ) ) ;
#3442 = DIRECTION ( 'NONE',  ( 1.000000000000000000, 1.334402673828313093E-16, 0.000000000000000000 ) ) ;
#3443 = CIRCLE ( 'NONE', #4720, 0.09999999999999982514 ) ;
#3444 = DIRECTION ( 'NONE',  ( 1.000000000000000000, 0.000000000000000000, 1.776356839400249577E-16 ) ) ;
#3445 = VERTEX_POINT ( 'NONE', #308 ) ;
#3446 = ORIENTED_EDGE ( 'NONE', *, *, #5008, .T. ) ;
#3447 = ORIENTED_EDGE ( 'NONE', *, *, #5865, .T. ) ;
#3448 = EDGE_CURVE ( 'NONE', #4843, #6350, #4728, .T. ) ;
#3449 = ORIENTED_EDGE ( 'NONE', *, *, #1683, .T. ) ;
#3450 = ORIENTED_EDGE ( 'NONE', *, *, #7296, .T. ) ;
#3451 = FACE_OUTER_BOUND ( 'NONE', #1131, .T. ) ;
#3452 = ORIENTED_EDGE ( 'NONE', *, *, #446, .F. ) ;
#3453 = DIRECTION ( 'NONE',  ( -3.675261601645779967E-17, 0.000000000000000000, -1.000000000000000000 ) ) ;
#3454 = DIRECTION ( 'NONE',  ( 1.000000000000000000, 0.000000000000000000, 1.776356839400249577E-16 ) ) ;
#3455 = CARTESIAN_POINT ( 'NONE',  ( 12.69999999999999929, 7.500000000000000000, 3.500000000000000000 ) ) ;
#3456 = CARTESIAN_POINT ( 'NONE',  ( 4.466394465975030315, -4.349999999999999645, 2.731968657847110293 ) ) ;
#3457 = EDGE_LOOP ( 'NONE', ( #6666, #8315, #4597, #7123 ) ) ;
#3458 = VECTOR ( 'NONE', #6753, 1000.000000000000114 ) ;
#3459 = EDGE_CURVE ( 'NONE', #8271, #8258, #8644, .T. ) ;
#3460 = VERTEX_POINT ( 'NONE', #8045 ) ;
#3461 = ORIENTED_EDGE ( 'NONE', *, *, #2293, .T. ) ;
#3462 = AXIS2_PLACEMENT_3D ( 'NONE', #6103, #6982, #197 ) ;
#3463 = CARTESIAN_POINT ( 'NONE',  ( -11.46738209570190037, -3.224634620814659680, -2.500000000000000000 ) ) ;
#3464 = VECTOR ( 'NONE', #8730, 1000.000000000000000 ) ;
#3465 = AXIS2_PLACEMENT_3D ( 'NONE', #7640, #3966, #848 ) ;
#3466 = DIRECTION ( 'NONE',  ( -8.928723773410041156E-16, 1.000000000000000000, 0.000000000000000000 ) ) ;
#3468 = DIRECTION ( 'NONE',  ( -1.656580215914899728E-16, 0.000000000000000000, 1.000000000000000000 ) ) ;
#3467 = B_SPLINE_CURVE_WITH_KNOTS ( 'NONE', 3,
 ( #525, #5085, #7459, #3631, #9650, #622, #9697, #5935, #8905, #9793, #2904, #5840 ),
 .UNSPECIFIED., .F., .F.,
 ( 4, 1, 1, 1, 1, 2, 2, 4 ),
 ( 0.000000000000000000, 0.2499999999998336886, 0.3749999999997504219, 0.4374999999997042921, 0.4687499999996812550, 0.4843749999996697087, 0.4999999999996582178, 1.000000000000000000 ),
 .UNSPECIFIED. ) ;
#3469 = DIRECTION ( 'NONE',  ( -1.000000000000000000, 0.000000000000000000, 3.128579780658979875E-16 ) ) ;
#3470 = DIRECTION ( 'NONE',  ( -1.000000000000000000, -0.000000000000000000, -0.000000000000000000 ) ) ;
#3471 = AXIS2_PLACEMENT_3D ( 'NONE', #3780, #5379, #6127 ) ;
#3472 = DIRECTION ( 'NONE',  ( -0.004218976193204673764, 0.000000000000000000, -0.9999911000803363148 ) ) ;
#3473 = CARTESIAN_POINT ( 'NONE',  ( 6.200000000000000178, -1.699999999999999956, 1.350000000000000089 ) ) ;
#3474 = ADVANCED_FACE ( 'NONE', ( #2834 ), #6543, .T. ) ;
#3475 = ORIENTED_EDGE ( 'NONE', *, *, #8859, .T. ) ;
#3476 = ORIENTED_EDGE ( 'NONE', *, *, #5918, .T. ) ;
#3477 = ORIENTED_EDGE ( 'NONE', *, *, #6479, .T. ) ;
#3478 = EDGE_CURVE ( 'NONE', #5051, #7021, #3517, .T. ) ;
#3479 = CARTESIAN_POINT ( 'NONE',  ( -2.000000000000000000, 8.000000000000000000, -3.500000000000000000 ) ) ;
#3480 = FACE_OUTER_BOUND ( 'NONE', #8520, .T. ) ;
#3481 = CARTESIAN_POINT ( 'NONE',  ( 1.807518844340070041, -1.699999999999999956, 1.800000000000000044 ) ) ;
#3482 = DIRECTION ( 'NONE',  ( -0.9691953712182457270, 0.000000000000000000, -0.2462931838462589507 ) ) ;
#3483 = ORIENTED_EDGE ( 'NONE', *, *, #74, .F. ) ;
#3484 = EDGE_CURVE ( 'NONE', #6509, #1582, #5455, .T. ) ;
#3485 = ADVANCED_FACE ( 'NONE', ( #5817 ), #7896, .F. ) ;
#3486 = ORIENTED_EDGE ( 'NONE', *, *, #6970, .T. ) ;
#3487 = DIRECTION ( 'NONE',  ( 1.000000000000000000, 0.000000000000000000, 0.000000000000000000 ) ) ;
#3488 = EDGE_CURVE ( 'NONE', #5691, #555, #7194, .T. ) ;
#3489 = CARTESIAN_POINT ( 'NONE',  ( -11.46738209570190037, 3.250000000000000000, -1.976314594173340211 ) ) ;
#3490 = LINE ( 'NONE', #2062, #7585 ) ;
#3491 = FACE_OUTER_BOUND ( 'NONE', #2201, .T. ) ;
#3492 = CARTESIAN_POINT ( 'NONE',  ( 6.200000000000000178, -1.750000000000000000, 0.5500000000000000444 ) ) ;
#3493 = CARTESIAN_POINT ( 'NONE',  ( -11.46738209570190037, 3.250000000000000000, -1.976314594173340211 ) ) ;
#3494 = VERTEX_POINT ( 'NONE', #3372 ) ;
#3495 = ORIENTED_EDGE ( 'NONE', *, *, #8442, .T. ) ;
#3496 = VERTEX_POINT ( 'NONE', #1252 ) ;
#3497 = VERTEX_POINT ( 'NONE', #9525 ) ;
#3498 = CARTESIAN_POINT ( 'NONE',  ( -12.69999999999999929, -2.700000000000000178, 0.000000000000000000 ) ) ;
#3499 = VECTOR ( 'NONE', #4655, 1000.000000000000000 ) ;
#3500 = CARTESIAN_POINT ( 'NONE',  ( 6.200000000000000178, -1.699999999999999956, 1.350000000000000089 ) ) ;
#3501 = DIRECTION ( 'NONE',  ( 5.400556037744199252E-16, 0.8160244811016538202, 0.5780173407803409491 ) ) ;
#3502 = AXIS2_PLACEMENT_3D ( 'NONE', #34, #9016, #5994 ) ;
#3503 = CARTESIAN_POINT ( 'NONE',  ( 5.799999999999999822, 3.950000000000000178, 2.350000000000000089 ) ) ;
#3504 = CARTESIAN_POINT ( 'NONE',  ( -4.708132092612940411, -3.250000000000000000, -0.2746782025892200441 ) ) ;
#3505 = ORIENTED_EDGE ( 'NONE', *, *, #4971, .T. ) ;
#3506 = ORIENTED_EDGE ( 'NONE', *, *, #1519, .T. ) ;
#3507 = EDGE_CURVE ( 'NONE', #9339, #3259, #502, .T. ) ;
#3508 = AXIS2_PLACEMENT_3D ( 'NONE', #6604, #3723, #6699 ) ;
#3509 = DIRECTION ( 'NONE',  ( 0.000000000000000000, -1.000000000000000000, 0.000000000000000000 ) ) ;
#3510 = DIRECTION ( 'NONE',  ( 2.659480039017769634E-16, -1.110223024625160090E-15, 1.000000000000000000 ) ) ;
#3511 = CARTESIAN_POINT ( 'NONE',  ( -3.100000000000000089, 2.765728071767299845, 3.950000000000000178 ) ) ;
#3512 = EDGE_CURVE ( 'NONE', #3151, #7945, #4268, .T. ) ;
#3513 = CARTESIAN_POINT ( 'NONE',  ( -12.69999999999999929, 7.500000000000000000, -3.500000000000000000 ) ) ;
#3514 = CARTESIAN_POINT ( 'NONE',  ( -3.884271928232700066, -3.550000000000000266, 3.950000000000000178 ) ) ;
#3515 = DIRECTION ( 'NONE',  ( -1.000000000000000000, 0.000000000000000000, 0.000000000000000000 ) ) ;
#3516 = DIRECTION ( 'NONE',  ( 0.000000000000000000, 1.000000000000000000, 0.000000000000000000 ) ) ;
#3517 = LINE ( 'NONE', #2635, #9731 ) ;
#3518 = AXIS2_PLACEMENT_3D ( 'NONE', #5615, #4871, #7750 ) ;
#3519 = ORIENTED_EDGE ( 'NONE', *, *, #5653, .F. ) ;
#3520 = VERTEX_POINT ( 'NONE', #9437 ) ;
#3521 = ORIENTED_EDGE ( 'NONE', *, *, #7061, .F. ) ;
#3522 = FACE_OUTER_BOUND ( 'NONE', #4840, .T. ) ;
#3523 = LINE ( 'NONE', #4972, #8683 ) ;
#3524 = EDGE_CURVE ( 'NONE', #5273, #4966, #714, .T. ) ;
#3525 = CARTESIAN_POINT ( 'NONE',  ( -11.42331369735220115, 4.649999999999999467, -2.350685701326800547 ) ) ;
#3526 = CARTESIAN_POINT ( 'NONE',  ( -11.46738209570190037, -3.250000000000000000, -2.403270492925979607 ) ) ;
#3527 = EDGE_CURVE ( 'NONE', #3258, #6460, #5761, .T. ) ;
#3528 = ORIENTED_EDGE ( 'NONE', *, *, #8170, .F. ) ;
#3529 = CARTESIAN_POINT ( 'NONE',  ( 2.899999999999999911, 3.266011560693640181, 2.050924855491349952 ) ) ;
#3530 = CARTESIAN_POINT ( 'NONE',  ( -4.788073925857060154, 3.150126656433835493, 0.05000000000000873190 ) ) ;
#3531 = CIRCLE ( 'NONE', #5131, 1.500000000000000000 ) ;
#3532 = DIRECTION ( 'NONE',  ( -0.5780173407803379515, -1.912554588140335208E-15, 0.8160244811016558186 ) ) ;
#3533 = AXIS2_PLACEMENT_3D ( 'NONE', #5101, #6629, #3696 ) ;
#3534 = DIRECTION ( 'NONE',  ( 0.000000000000000000, 0.000000000000000000, 1.000000000000000000 ) ) ;
#3535 = FACE_BOUND ( 'NONE', #5190, .T. ) ;
#3536 = EDGE_CURVE ( 'NONE', #4919, #8751, #3241, .T. ) ;
#3537 = CARTESIAN_POINT ( 'NONE',  ( 3.399999999999999911, 8.000000000000000000, 1.800000000000000044 ) ) ;
#3538 = EDGE_CURVE ( 'NONE', #3293, #1523, #1996, .T. ) ;
#3539 = VECTOR ( 'NONE', #2832, 1000.000000000000000 ) ;
#3540 = AXIS2_PLACEMENT_3D ( 'NONE', #2178, #5351, #9714 ) ;
#3541 = ORIENTED_EDGE ( 'NONE', *, *, #8020, .T. ) ;
#3542 = ORIENTED_EDGE ( 'NONE', *, *, #6270, .F. ) ;
#3543 = ORIENTED_EDGE ( 'NONE', *, *, #309, .T. ) ;
#3544 = VECTOR ( 'NONE', #1142, 1000.000000000000114 ) ;
#3545 = VERTEX_POINT ( 'NONE', #6595 ) ;
#3546 = PLANE ( 'NONE',  #1199 ) ;
#3547 = VECTOR ( 'NONE', #9749, 1000.000000000000000 ) ;
#3548 = VECTOR ( 'NONE', #4541, 1000.000000000000000 ) ;
#3549 = LINE ( 'NONE', #9610, #6583 ) ;
#3550 = DIRECTION ( 'NONE',  ( 0.9670826766655241657, 0.000000000000000000, -0.2544623675387880923 ) ) ;
#3551 = FACE_OUTER_BOUND ( 'NONE', #613, .T. ) ;
#3552 = PLANE ( 'NONE',  #2596 ) ;
#3553 = ORIENTED_EDGE ( 'NONE', *, *, #8503, .T. ) ;
#3554 = CIRCLE ( 'NONE', #2462, 0.4769558987526489324 ) ;
#3555 = VERTEX_POINT ( 'NONE', #5664 ) ;
#3556 = CARTESIAN_POINT ( 'NONE',  ( -5.233354133029929578, -4.649999999999999467, 0.04999999999999599903 ) ) ;
#3557 = DIRECTION ( 'NONE',  ( 6.776263578034400346E-15, 1.000000000000000000, 0.000000000000000000 ) ) ;
#3558 = CARTESIAN_POINT ( 'NONE',  ( -5.153097676478189726, 4.744817917622470738, 0.05000000000001000172 ) ) ;
#3559 = CARTESIAN_POINT ( 'NONE',  ( 4.780733988912470000E-16, -7.500000000000000000, -3.500000000000000000 ) ) ;
#3560 = CIRCLE ( 'NONE', #9275, 5.895623928210659948 ) ;
#3561 = EDGE_CURVE ( 'NONE', #6905, #5086, #1985, .T. ) ;
#3562 = DIRECTION ( 'NONE',  ( 0.000000000000000000, -1.000000000000000000, 0.000000000000000000 ) ) ;
#3563 = LINE ( 'NONE', #644, #2592 ) ;
#3564 = DIRECTION ( 'NONE',  ( 1.776356839400249824E-16, 0.000000000000000000, -1.000000000000000000 ) ) ;
#3565 = DIRECTION ( 'NONE',  ( 0.2544623675387880923, 0.000000000000000000, 0.9670826766655241657 ) ) ;
#3566 = VERTEX_POINT ( 'NONE', #4964 ) ;
#3567 = EDGE_LOOP ( 'NONE', ( #7075, #9555, #80, #7909 ) ) ;
#3568 = ADVANCED_FACE ( 'NONE', ( #8736 ), #4917, .T. ) ;
#3569 = AXIS2_PLACEMENT_3D ( 'NONE', #7175, #7324, #4901 ) ;
#3570 = VERTEX_POINT ( 'NONE', #407 ) ;
#3571 = ORIENTED_EDGE ( 'NONE', *, *, #7958, .T. ) ;
#3572 = ORIENTED_EDGE ( 'NONE', *, *, #325, .T. ) ;
#3573 = CARTESIAN_POINT ( 'NONE',  ( 1.050000000000000044, -7.900000000000000355, 0.5499999999999920508 ) ) ;
#3574 = DIRECTION ( 'NONE',  ( 0.000000000000000000, 0.000000000000000000, -1.000000000000000000 ) ) ;
#3575 = DIRECTION ( 'NONE',  ( -9.343242246769421254E-16, 2.294126247091830304E-15, -1.000000000000000000 ) ) ;
#3576 = EDGE_CURVE ( 'NONE', #1212, #9230, #3425, .T. ) ;
#3577 = CARTESIAN_POINT ( 'NONE',  ( -5.083698756151719955, -4.649999999999999467, -0.2730936816746800111 ) ) ;
#3578 = FACE_OUTER_BOUND ( 'NONE', #3661, .T. ) ;
#3579 = EDGE_LOOP ( 'NONE', ( #286, #3349, #7052, #577 ) ) ;
#3580 = EDGE_CURVE ( 'NONE', #3460, #4999, #9423, .T. ) ;
#3581 = ORIENTED_EDGE ( 'NONE', *, *, #2642, .F. ) ;
#3582 = CYLINDRICAL_SURFACE ( 'NONE', #9689, 0.4769558987526489324 ) ;
#3583 = DIRECTION ( 'NONE',  ( -1.365923996832129884E-16, 0.000000000000000000, 1.000000000000000000 ) ) ;
#3584 = DIRECTION ( 'NONE',  ( 0.000000000000000000, 0.000000000000000000, 1.000000000000000000 ) ) ;
#3585 = CYLINDRICAL_SURFACE ( 'NONE', #2256, 0.5000000000000000000 ) ;
#3586 = FACE_OUTER_BOUND ( 'NONE', #4863, .T. ) ;
#3587 = PLANE ( 'NONE',  #5028 ) ;
#3588 = VERTEX_POINT ( 'NONE', #6007 ) ;
#3589 = VERTEX_POINT ( 'NONE', #8138 ) ;
#3590 = EDGE_LOOP ( 'NONE', ( #628, #5997, #4347, #22, #2410, #3402 ) ) ;
#3591 = VERTEX_POINT ( 'NONE', #4462 ) ;
#3592 = AXIS2_PLACEMENT_3D ( 'NONE', #9038, #3770, #8154 ) ;
#3593 = CARTESIAN_POINT ( 'NONE',  ( -3.751592027150730146, -4.649999999999999467, -0.6297703348226999509 ) ) ;
#3594 = EDGE_CURVE ( 'NONE', #3671, #8649, #9508, .T. ) ;
#3595 = AXIS2_PLACEMENT_3D ( 'NONE', #5626, #8654, #8457 ) ;
#3596 = LINE ( 'NONE', #5243, #1998 ) ;
#3597 = DIRECTION ( 'NONE',  ( -1.275531967630009929E-16, -1.000000000000000000, 0.000000000000000000 ) ) ;
#3598 = FACE_OUTER_BOUND ( 'NONE', #7572, .T. ) ;
#3599 = CARTESIAN_POINT ( 'NONE',  ( 5.785374374473379433, 0.7071067811865480168, 1.800000000000000044 ) ) ;
#3600 = ORIENTED_EDGE ( 'NONE', *, *, #4703, .T. ) ;
#3601 = ORIENTED_EDGE ( 'NONE', *, *, #7335, .F. ) ;
#3602 = EDGE_CURVE ( 'NONE', #3494, #6622, #6789, .T. ) ;
#3603 = VECTOR ( 'NONE', #7901, 1000.000000000000000 ) ;
#3604 = CARTESIAN_POINT ( 'NONE',  ( 1.000000000000000000, 8.000000000000000000, -3.500000000000000000 ) ) ;
#3605 = EDGE_CURVE ( 'NONE', #4418, #982, #4516, .T. ) ;
#3606 = DIRECTION ( 'NONE',  ( -1.000000000000000000, -9.149931283457318678E-17, 3.128579780658979875E-16 ) ) ;
#3607 = CARTESIAN_POINT ( 'NONE',  ( -5.165803741279989758, -3.194767366965590050, 0.04999999999999789335 ) ) ;
#3608 = CARTESIAN_POINT ( 'NONE',  ( 2.899999999999999911, 2.700000000000000178, 1.649999999999999911 ) ) ;
#3609 = DIRECTION ( 'NONE',  ( -1.000000000000000000, 0.000000000000000000, -1.365923996832129884E-16 ) ) ;
#3610 = DIRECTION ( 'NONE',  ( 1.656580215914899728E-16, 0.000000000000000000, -1.000000000000000000 ) ) ;
#3611 = VERTEX_POINT ( 'NONE', #9721 ) ;
#3612 = ORIENTED_EDGE ( 'NONE', *, *, #433, .F. ) ;
#3613 = VERTEX_POINT ( 'NONE', #5260 ) ;
#3614 = ORIENTED_EDGE ( 'NONE', *, *, #6367, .T. ) ;
#3615 = DIRECTION ( 'NONE',  ( 0.000000000000000000, 0.000000000000000000, -1.000000000000000000 ) ) ;
#3616 = AXIS2_PLACEMENT_3D ( 'NONE', #2703, #5730, #1517 ) ;
#3617 = CARTESIAN_POINT ( 'NONE',  ( 0.2999999999999999889, 1.699999999999999956, 1.800000000000000044 ) ) ;
#3618 = CARTESIAN_POINT ( 'NONE',  ( -3.100000000000000089, -5.134271928232699622, 3.500000000000000000 ) ) ;
#3619 = TOROIDAL_SURFACE ( 'NONE', #1260, 2.000000000000000000, 0.5000000000000000000 ) ;
#3620 = DIRECTION ( 'NONE',  ( -0.9931429867320364924, 0.000000000000000000, -0.1169059789102759456 ) ) ;
#3621 = FACE_OUTER_BOUND ( 'NONE', #2530, .T. ) ;
#3622 = ORIENTED_EDGE ( 'NONE', *, *, #9732, .F. ) ;
#3623 = ADVANCED_FACE ( 'NONE', ( #3761 ), #1546, .F. ) ;
#3624 = PLANE ( 'NONE',  #1639 ) ;
#3625 = CARTESIAN_POINT ( 'NONE',  ( -4.777085586788732741, 3.150187963305489447, 0.05000000000000873190 ) ) ;
#3626 = CIRCLE ( 'NONE', #2851, 1.699999999999999956 ) ;
#3627 = FACE_OUTER_BOUND ( 'NONE', #9217, .T. ) ;
#3628 = FACE_OUTER_BOUND ( 'NONE', #9786, .T. ) ;
#3629 = EDGE_CURVE ( 'NONE', #2576, #7208, #6839, .T. ) ;
#3630 = DIRECTION ( 'NONE',  ( 0.000000000000000000, -1.000000000000000000, 0.000000000000000000 ) ) ;
#3631 = CARTESIAN_POINT ( 'NONE',  ( -5.068316306683644967, 3.150960166145242436, 0.05000000000000843353 ) ) ;
#3632 = ORIENTED_EDGE ( 'NONE', *, *, #7226, .F. ) ;
#3633 = ORIENTED_EDGE ( 'NONE', *, *, #8218, .F. ) ;
#3634 = ORIENTED_EDGE ( 'NONE', *, *, #6602, .F. ) ;
#3635 = FACE_OUTER_BOUND ( 'NONE', #7464, .T. ) ;
#3636 = EDGE_CURVE ( 'NONE', #5752, #3151, #8284, .T. ) ;
#3637 = LINE ( 'NONE', #8220, #6904 ) ;
#3638 = DIRECTION ( 'NONE',  ( 0.2544623675387881478, 0.000000000000000000, 0.9670826766655240547 ) ) ;
#3639 = DIRECTION ( 'NONE',  ( 0.9931429867320364924, 0.000000000000000000, 0.1169059789102759456 ) ) ;
#3640 = DIRECTION ( 'NONE',  ( 0.7071067811865500152, -0.7071067811865450192, -2.598802401158269806E-17 ) ) ;
#3641 = VERTEX_POINT ( 'NONE', #2142 ) ;
#3642 = ADVANCED_FACE ( 'NONE', ( #3025 ), #6642, .F. ) ;
#3643 = ORIENTED_EDGE ( 'NONE', *, *, #7553, .T. ) ;
#3644 = ORIENTED_EDGE ( 'NONE', *, *, #8582, .T. ) ;
#3645 = CARTESIAN_POINT ( 'NONE',  ( -5.165803741279989758, -4.705232633034410306, 0.04999999999999619332 ) ) ;
#3646 = CIRCLE ( 'NONE', #7940, 0.3769558987526491212 ) ;
#3647 = DIRECTION ( 'NONE',  ( -2.659480039017769634E-16, 1.110223024625160090E-15, -1.000000000000000000 ) ) ;
#3648 = AXIS2_PLACEMENT_3D ( 'NONE', #2040, #4509, #9571 ) ;
#3649 = AXIS2_PLACEMENT_3D ( 'NONE', #5849, #1238, #7326 ) ;
#3650 = CARTESIAN_POINT ( 'NONE',  ( -4.895814636122127084, -4.750000000000000000, -0.2499968850281128474 ) ) ;
#3651 = LINE ( 'NONE', #8280, #1137 ) ;
#3652 = LINE ( 'NONE', #3022, #9748 ) ;
#3653 = CARTESIAN_POINT ( 'NONE',  ( -3.637083961758269979, 4.649999999999999467, -0.1445831303232300025 ) ) ;
#3654 = FACE_OUTER_BOUND ( 'NONE', #9111, .T. ) ;
#3655 = CARTESIAN_POINT ( 'NONE',  ( 4.000000000000000000, 8.000000000000000000, -3.558691488292560212 ) ) ;
#3656 = EDGE_CURVE ( 'NONE', #6174, #4997, #7538, .T. ) ;
#3657 = EDGE_LOOP ( 'NONE', ( #889, #4849, #9079, #4518 ) ) ;
#3658 = EDGE_CURVE ( 'NONE', #507, #3056, #9672, .T. ) ;
#3659 = ORIENTED_EDGE ( 'NONE', *, *, #5155, .F. ) ;
#3660 = VECTOR ( 'NONE', #8712, 1000.000000000000000 ) ;
#3661 = EDGE_LOOP ( 'NONE', ( #253, #5296, #4610, #7160 ) ) ;
#3662 = ORIENTED_EDGE ( 'NONE', *, *, #4526, .T. ) ;
#3663 = ORIENTED_EDGE ( 'NONE', *, *, #6914, .T. ) ;
#3664 = DIRECTION ( 'NONE',  ( -0.5780173407803397279, 2.019519099566758667E-15, -0.8160244811016544864 ) ) ;
#3665 = LINE ( 'NONE', #1503, #8054 ) ;
#3666 = CARTESIAN_POINT ( 'NONE',  ( -0.6999999999999999556, -4.750000000000000000, -1.903670561864000188 ) ) ;
#3667 = CARTESIAN_POINT ( 'NONE',  ( -11.46738209570190037, -3.250000000000000000, -2.053270492925979518 ) ) ;
#3668 = CARTESIAN_POINT ( 'NONE',  ( -0.6999999999999999556, 3.100000000000000089, -0.8499999999999999778 ) ) ;
#3669 = VECTOR ( 'NONE', #3229, 1000.000000000000000 ) ;
#3670 = ORIENTED_EDGE ( 'NONE', *, *, #5461, .F. ) ;
#3671 = VERTEX_POINT ( 'NONE', #5312 ) ;
#3672 = CARTESIAN_POINT ( 'NONE',  ( -4.733578329366819659, 4.750000000000000000, -0.3213864702557799879 ) ) ;
#3673 = CARTESIAN_POINT ( 'NONE',  ( -4.733578329366819659, 3.250000000000000000, -0.3213864702557799879 ) ) ;
#3674 = VECTOR ( 'NONE', #112, 1000.000000000000000 ) ;
#3675 = CARTESIAN_POINT ( 'NONE',  ( -4.898978868267030329, 4.750000000000000000, -0.9499902100883750311 ) ) ;
#3676 = FACE_OUTER_BOUND ( 'NONE', #8454, .T. ) ;
#3677 = CARTESIAN_POINT ( 'NONE',  ( 4.792481155659919168, -1.699999999999999956, -6.505213034913029562E-16 ) ) ;
#3678 = EDGE_CURVE ( 'NONE', #1194, #1875, #6250, .T. ) ;
#3679 = ADVANCED_FACE ( 'NONE', ( #5165 ), #8156, .T. ) ;
#3680 = CIRCLE ( 'NONE', #4962, 0.6500000000000000222 ) ;
#3681 = DIRECTION ( 'NONE',  ( -1.334402673828309888E-16, 0.000000000000000000, 1.000000000000000000 ) ) ;
#3682 = CARTESIAN_POINT ( 'NONE',  ( -5.153097676478189726, 3.155182082377530062, 0.05000000000000850292 ) ) ;
#3683 = EDGE_LOOP ( 'NONE', ( #5039, #8286, #4292, #1900, #8248, #7899 ) ) ;
#3684 = ORIENTED_EDGE ( 'NONE', *, *, #1975, .F. ) ;
#3685 = EDGE_LOOP ( 'NONE', ( #4122, #9583, #4417, #3256 ) ) ;
#3686 = CIRCLE ( 'NONE', #7988, 1.300000000000000711 ) ;
#3687 = ORIENTED_EDGE ( 'NONE', *, *, #2573, .F. ) ;
#3688 = EDGE_CURVE ( 'NONE', #625, #1241, #5487, .T. ) ;
#3689 = DIRECTION ( 'NONE',  ( -4.368870464390669881E-15, -1.000000000000000000, -1.110223024625160090E-15 ) ) ;
#3690 = CIRCLE ( 'NONE', #7347, 1.250000000000000222 ) ;
#3691 = VECTOR ( 'NONE', #5400, 1000.000000000000114 ) ;
#3692 = AXIS2_PLACEMENT_3D ( 'NONE', #4080, #8829, #591 ) ;
#3693 = CARTESIAN_POINT ( 'NONE',  ( -11.49865046821370207, -3.149999999999999911, -1.903269524753409936 ) ) ;
#3694 = CARTESIAN_POINT ( 'NONE',  ( -0.6999999999999999556, -5.200000000000000178, -0.8499999999999999778 ) ) ;
#3695 = PLANE ( 'NONE',  #7465 ) ;
#3696 = DIRECTION ( 'NONE',  ( -1.000000000000000000, 0.000000000000000000, 0.000000000000000000 ) ) ;
#3697 = ORIENTED_EDGE ( 'NONE', *, *, #4183, .T. ) ;
#3698 = VECTOR ( 'NONE', #9180, 1000.000000000000000 ) ;
#3699 = VERTEX_POINT ( 'NONE', #8187 ) ;
#3700 = AXIS2_PLACEMENT_3D ( 'NONE', #7458, #619, #5933 ) ;
#3701 = EDGE_CURVE ( 'NONE', #1969, #3997, #646, .T. ) ;
#3702 = AXIS2_PLACEMENT_3D ( 'NONE', #7423, #3550, #3638 ) ;
#3703 = DIRECTION ( 'NONE',  ( 3.675261601645775037E-17, 0.000000000000000000, 1.000000000000000000 ) ) ;
#3704 = DIRECTION ( 'NONE',  ( 3.675261601645779967E-17, 0.000000000000000000, 1.000000000000000000 ) ) ;
#3705 = LINE ( 'NONE', #6049, #8857 ) ;
#3706 = LINE ( 'NONE', #1348, #2872 ) ;
#3707 = DIRECTION ( 'NONE',  ( 0.7071067811865470176, 0.7071067811865480168, 4.838314440631900573E-16 ) ) ;
#3708 = VECTOR ( 'NONE', #7242, 1000.000000000000000 ) ;
#3709 = CARTESIAN_POINT ( 'NONE',  ( 1.600000000000000089, 3.950000000000000178, 0.000000000000000000 ) ) ;
#3710 = VECTOR ( 'NONE', #1715, 1000.000000000000000 ) ;
#3711 = CYLINDRICAL_SURFACE ( 'NONE', #1627, 0.09999999999999997780 ) ;
#3712 = CARTESIAN_POINT ( 'NONE',  ( 3.915694032330169883, 7.825875356380370462, -3.885618546657069849 ) ) ;
#3713 = AXIS2_PLACEMENT_3D ( 'NONE', #2119, #629, #6625 ) ;
#3714 = ORIENTED_EDGE ( 'NONE', *, *, #3721, .T. ) ;
#3715 = ORIENTED_EDGE ( 'NONE', *, *, #303, .F. ) ;
#3716 = VERTEX_POINT ( 'NONE', #3265 ) ;
#3717 = ORIENTED_EDGE ( 'NONE', *, *, #9030, .F. ) ;
#3718 = FACE_OUTER_BOUND ( 'NONE', #2611, .T. ) ;
#3719 = VECTOR ( 'NONE', #6836, 1000.000000000000000 ) ;
#3720 = EDGE_CURVE ( 'NONE', #395, #3831, #4710, .T. ) ;
#3721 = EDGE_CURVE ( 'NONE', #9515, #6622, #3865, .T. ) ;
#3722 = CARTESIAN_POINT ( 'NONE',  ( 0.5670916078610479527, 7.643242681559740070, -3.984225351785170677 ) ) ;
#3723 = DIRECTION ( 'NONE',  ( -9.343242246769421254E-16, 2.294126247091830304E-15, -1.000000000000000000 ) ) ;
#3724 = DIRECTION ( 'NONE',  ( 0.000000000000000000, 1.000000000000000000, 0.000000000000000000 ) ) ;
#3725 = CARTESIAN_POINT ( 'NONE',  ( -3.100000000000000089, 2.765728071767299845, 3.500000000000000000 ) ) ;
#3726 = EDGE_CURVE ( 'NONE', #3796, #1339, #4758, .T. ) ;
#3727 = ORIENTED_EDGE ( 'NONE', *, *, #928, .F. ) ;
#3728 = ORIENTED_EDGE ( 'NONE', *, *, #9656, .T. ) ;
#3729 = DIRECTION ( 'NONE',  ( 0.000000000000000000, -1.000000000000000000, 0.000000000000000000 ) ) ;
#3730 = DIRECTION ( 'NONE',  ( -1.000000000000000000, 0.000000000000000000, 0.000000000000000000 ) ) ;
#3731 = ADVANCED_FACE ( 'NONE', ( #8492 ), #6986, .T. ) ;
#3732 = DIRECTION ( 'NONE',  ( 0.000000000000000000, -1.000000000000000000, 0.000000000000000000 ) ) ;
#3733 = LINE ( 'NONE', #5234, #1266 ) ;
#3734 = DIRECTION ( 'NONE',  ( 0.000000000000000000, 0.000000000000000000, -1.000000000000000000 ) ) ;
#3735 = LINE ( 'NONE', #7510, #7243 ) ;
#3736 = ORIENTED_EDGE ( 'NONE', *, *, #5009, .T. ) ;
#3737 = ORIENTED_EDGE ( 'NONE', *, *, #4578, .F. ) ;
#3738 = EDGE_LOOP ( 'NONE', ( #4547, #7225, #5195, #6416 ) ) ;
#3739 = CARTESIAN_POINT ( 'NONE',  ( 5.800000000000002487, -3.950000000000014388, 2.349999999999997868 ) ) ;
#3740 = CARTESIAN_POINT ( 'NONE',  ( -0.6999999999999999556, -3.100000000000000089, -0.8499999999999999778 ) ) ;
#3741 = CARTESIAN_POINT ( 'NONE',  ( -2.299999999999999822, -5.134271928232699622, 3.500000000000000000 ) ) ;
#3742 = ADVANCED_FACE ( 'NONE', ( #1742 ), #4060, .F. ) ;
#3743 = LINE ( 'NONE', #9063, #341 ) ;
#3744 = DIRECTION ( 'NONE',  ( -1.000000000000000000, 0.000000000000000000, 0.000000000000000000 ) ) ;
#3745 = VERTEX_POINT ( 'NONE', #251 ) ;
#3746 = EDGE_LOOP ( 'NONE', ( #4841, #8462, #5541, #3282 ) ) ;
#3747 = TOROIDAL_SURFACE ( 'NONE', #4549, 1.000000000000000000, 0.1000000000000000056 ) ;
#3748 = ORIENTED_EDGE ( 'NONE', *, *, #5219, .T. ) ;
#3749 = FACE_OUTER_BOUND ( 'NONE', #9005, .T. ) ;
#3750 = EDGE_CURVE ( 'NONE', #7664, #7461, #3962, .T. ) ;
#3751 = ADVANCED_FACE ( 'NONE', ( #3910 ), #1183, .F. ) ;
#3752 = DIRECTION ( 'NONE',  ( 0.000000000000000000, -1.000000000000000000, 0.000000000000000000 ) ) ;
#3753 = AXIS2_PLACEMENT_3D ( 'NONE', #3000, #9004, #8858 ) ;
#3754 = CARTESIAN_POINT ( 'NONE',  ( 3.299999999999999822, 4.349999999999999645, -3.649999999999999911 ) ) ;
#3755 = LINE ( 'NONE', #6001, #7615 ) ;
#3756 = DIRECTION ( 'NONE',  ( 1.000000000000000000, 1.913297951445009840E-16, 0.000000000000000000 ) ) ;
#3757 = DIRECTION ( 'NONE',  ( -1.365923996832130130E-16, 0.000000000000000000, 1.000000000000000000 ) ) ;
#3758 = EDGE_CURVE ( 'NONE', #2612, #118, #9228, .T. ) ;
#3759 = DIRECTION ( 'NONE',  ( 0.000000000000000000, -1.000000000000000000, 0.000000000000000000 ) ) ;
#3760 = EDGE_CURVE ( 'NONE', #1194, #4968, #8306, .T. ) ;
#3761 = FACE_OUTER_BOUND ( 'NONE', #156, .T. ) ;
#3762 = ORIENTED_EDGE ( 'NONE', *, *, #2746, .T. ) ;
#3763 = AXIS2_PLACEMENT_3D ( 'NONE', #8053, #6501, #8798 ) ;
#3764 = ORIENTED_EDGE ( 'NONE', *, *, #5764, .T. ) ;
#3765 = ORIENTED_EDGE ( 'NONE', *, *, #7356, .F. ) ;
#3766 = DIRECTION ( 'NONE',  ( -0.9670826766655239437, 0.000000000000000000, 0.2544623675387890360 ) ) ;
#3767 = DIRECTION ( 'NONE',  ( 0.000000000000000000, -1.000000000000000000, 0.000000000000000000 ) ) ;
#3768 = LINE ( 'NONE', #2102, #9059 ) ;
#3769 = DIRECTION ( 'NONE',  ( 0.000000000000000000, -1.000000000000000000, 0.000000000000000000 ) ) ;
#3770 = DIRECTION ( 'NONE',  ( 0.000000000000000000, -0.8160244811016550415, -0.5780173407803390617 ) ) ;
#3771 = ADVANCED_FACE ( 'NONE', ( #4608 ), #7990, .T. ) ;
#3772 = CARTESIAN_POINT ( 'NONE',  ( -2.700000000000000178, -3.950000000000000178, 3.500000000000000000 ) ) ;
#3773 = EDGE_CURVE ( 'NONE', #5519, #9615, #8781, .T. ) ;
#3774 = ORIENTED_EDGE ( 'NONE', *, *, #5297, .T. ) ;
#3775 = VECTOR ( 'NONE', #9452, 1000.000000000000000 ) ;
#3776 = DIRECTION ( 'NONE',  ( 0.000000000000000000, -1.000000000000000000, 0.000000000000000000 ) ) ;
#3777 = DIRECTION ( 'NONE',  ( 0.000000000000000000, 0.000000000000000000, 1.000000000000000000 ) ) ;
#3778 = AXIS2_PLACEMENT_3D ( 'NONE', #7890, #7136, #351 ) ;
#3779 = CARTESIAN_POINT ( 'NONE',  ( 3.299999999999999822, 3.950000000000000178, 0.5500000000000180300 ) ) ;
#3780 = CARTESIAN_POINT ( 'NONE',  ( -11.49865046821370207, -3.250000000000000000, -1.903269524753409936 ) ) ;
#3781 = CARTESIAN_POINT ( 'NONE',  ( -11.45254019207970053, 3.250000000000000000, -2.102399954643790370 ) ) ;
#3782 = TOROIDAL_SURFACE ( 'NONE', #5224, 0.1269558987526489824, 0.1000000000000000056 ) ;
#3783 = PLANE ( 'NONE',  #6612 ) ;
#3785 = VERTEX_POINT ( 'NONE', #2343 ) ;
#3784 = ADVANCED_FACE ( 'NONE', ( #1789 ), #7835, .F. ) ;
#3786 = VERTEX_POINT ( 'NONE', #6894 ) ;
#3787 = EDGE_CURVE ( 'NONE', #8667, #6461, #104, .T. ) ;
#3788 = ORIENTED_EDGE ( 'NONE', *, *, #8847, .F. ) ;
#3789 = VERTEX_POINT ( 'NONE', #3129 ) ;
#3790 = DIRECTION ( 'NONE',  ( 0.000000000000000000, 0.000000000000000000, -1.000000000000000000 ) ) ;
#3791 = CIRCLE ( 'NONE', #9661, 0.5000000000000000000 ) ;
#3792 = DIRECTION ( 'NONE',  ( 0.000000000000000000, 0.000000000000000000, -1.000000000000000000 ) ) ;
#3793 = DIRECTION ( 'NONE',  ( 0.000000000000000000, 0.000000000000000000, -1.000000000000000000 ) ) ;
#3794 = LINE ( 'NONE', #2174, #2094 ) ;
#3795 = CARTESIAN_POINT ( 'NONE',  ( 0.4843059674919329982, -7.825875356760270130, -3.885618546334220103 ) ) ;
#3796 = VERTEX_POINT ( 'NONE', #1594 ) ;
#3797 = ORIENTED_EDGE ( 'NONE', *, *, #8130, .T. ) ;
#3798 = ORIENTED_EDGE ( 'NONE', *, *, #8168, .T. ) ;
#3799 = ORIENTED_EDGE ( 'NONE', *, *, #1320, .T. ) ;
#3800 = DIRECTION ( 'NONE',  ( 1.000000000000000000, 0.000000000000000000, 0.000000000000000000 ) ) ;
#3801 = CARTESIAN_POINT ( 'NONE',  ( -11.41499140248980027, -4.658889626095851000, -2.500000000000000000 ) ) ;
#3802 = DIRECTION ( 'NONE',  ( 0.2462931838462584788, 0.000000000000000000, -0.9691953712182458380 ) ) ;
#3803 = CARTESIAN_POINT ( 'NONE',  ( 6.700000000000000178, -8.673617379884039416E-16, 0.000000000000000000 ) ) ;
#3804 = DIRECTION ( 'NONE',  ( -1.913297951445009840E-16, 1.000000000000000000, 0.000000000000000000 ) ) ;
#3805 = LINE ( 'NONE', #7688, #8139 ) ;
#3806 = DIRECTION ( 'NONE',  ( -1.000000000000000000, -1.913297951445009840E-16, 0.000000000000000000 ) ) ;
#3807 = CARTESIAN_POINT ( 'NONE',  ( -4.898978868267030329, -4.649999999999999467, -0.9999902100883649725 ) ) ;
#3808 = EDGE_CURVE ( 'NONE', #6382, #7254, #7634, .T. ) ;
#3809 = ORIENTED_EDGE ( 'NONE', *, *, #6439, .F. ) ;
#3810 = ORIENTED_EDGE ( 'NONE', *, *, #272, .F. ) ;
#3811 = ORIENTED_EDGE ( 'NONE', *, *, #8337, .F. ) ;
#3812 = CARTESIAN_POINT ( 'NONE',  ( 3.299999999999999822, 2.600000000000000533, 0.5500000000000166978 ) ) ;
#3813 = EDGE_CURVE ( 'NONE', #1179, #5591, #1643, .T. ) ;
#3814 = DIRECTION ( 'NONE',  ( 0.000000000000000000, 0.000000000000000000, -1.000000000000000000 ) ) ;
#3815 = LINE ( 'NONE', #4617, #9705 ) ;
#3816 = TOROIDAL_SURFACE ( 'NONE', #9372, 0.1269558987526489824, 0.1000000000000000056 ) ;
#3817 = DIRECTION ( 'NONE',  ( -0.9670826766655238327, 0.000000000000000000, 0.2544623675387890360 ) ) ;
#3818 = FACE_BOUND ( 'NONE', #6059, .T. ) ;
#3819 = DIRECTION ( 'NONE',  ( 0.4999999999999998890, -0.8660254037844387076, -2.862553512863291056E-16 ) ) ;
#3820 = AXIS2_PLACEMENT_3D ( 'NONE', #137, #6228, #9165 ) ;
#3821 = ORIENTED_EDGE ( 'NONE', *, *, #3874, .F. ) ;
#3822 = LINE ( 'NONE', #9095, #6832 ) ;
#3823 = EDGE_CURVE ( 'NONE', #1582, #6509, #2762, .T. ) ;
#3824 = DIRECTION ( 'NONE',  ( -1.000000000000000000, 0.000000000000000000, 0.000000000000000000 ) ) ;
#3825 = AXIS2_PLACEMENT_3D ( 'NONE', #1913, #4286, #2606 ) ;
#3826 = FACE_OUTER_BOUND ( 'NONE', #4182, .T. ) ;
#3827 = CARTESIAN_POINT ( 'NONE',  ( 4.549999999999999822, -3.950000000000000178, 0.5499999999999928280 ) ) ;
#3828 = CYLINDRICAL_SURFACE ( 'NONE', #6632, 0.02695589875264907398 ) ;
#3829 = CARTESIAN_POINT ( 'NONE',  ( -2.299999999999999822, 2.765728071767299845, 3.500000000000000000 ) ) ;
#3830 = ORIENTED_EDGE ( 'NONE', *, *, #5155, .T. ) ;
#3831 = VERTEX_POINT ( 'NONE', #9469 ) ;
#3832 = AXIS2_PLACEMENT_3D ( 'NONE', #3024, #9077, #103 ) ;
#3833 = EDGE_LOOP ( 'NONE', ( #4241, #7426, #7294, #3164 ) ) ;
#3834 = EDGE_LOOP ( 'NONE', ( #2916, #2597, #8015 ) ) ;
#3835 = CARTESIAN_POINT ( 'NONE',  ( -11.51220671097350134, 3.234691816657569774, -2.449999999999999734 ) ) ;
#3836 = EDGE_CURVE ( 'NONE', #8211, #5166, #7981, .T. ) ;
#3837 = ADVANCED_FACE ( 'NONE', ( #1239 ), #5600, .T. ) ;
#3838 = CARTESIAN_POINT ( 'NONE',  ( -9.199999999999999289, 4.286263797015740046E-16, -4.000000000000000000 ) ) ;
#3839 = DIRECTION ( 'NONE',  ( -1.000000000000000000, 0.000000000000000000, 0.000000000000000000 ) ) ;
#3840 = CARTESIAN_POINT ( 'NONE',  ( 5.250000000000000000, -12.05000000000000071, 1.350000000000000089 ) ) ;
#3841 = DIRECTION ( 'NONE',  ( 0.000000000000000000, 0.000000000000000000, -1.000000000000000000 ) ) ;
#3842 = ORIENTED_EDGE ( 'NONE', *, *, #6299, .T. ) ;
#3843 = EDGE_LOOP ( 'NONE', ( #5066, #5567, #1219, #8376 ) ) ;
#3844 = ORIENTED_EDGE ( 'NONE', *, *, #3011, .T. ) ;
#3845 = ORIENTED_EDGE ( 'NONE', *, *, #15, .T. ) ;
#3846 = PLANE ( 'NONE',  #3083 ) ;
#3847 = CARTESIAN_POINT ( 'NONE',  ( -11.41162309946119890, -4.651584052987910667, -2.500000000000000000 ) ) ;
#3848 = CIRCLE ( 'NONE', #9403, 5.895623928210661724 ) ;
#3849 = VECTOR ( 'NONE', #3730, 1000.000000000000000 ) ;
#3850 = FACE_OUTER_BOUND ( 'NONE', #456, .T. ) ;
#3851 = CARTESIAN_POINT ( 'NONE',  ( -11.41162309946109943, 4.651584052987910667, -2.449999999999999734 ) ) ;
#3852 = CARTESIAN_POINT ( 'NONE',  ( -4.898978868267030329, 3.149999999999999911, -0.9499902100883750311 ) ) ;
#3853 = AXIS2_PLACEMENT_3D ( 'NONE', #9118, #8477, #5389 ) ;
#3854 = DIRECTION ( 'NONE',  ( 0.2544623675387880923, 0.000000000000000000, 0.9670826766655241657 ) ) ;
#3855 = CARTESIAN_POINT ( 'NONE',  ( -5.059069437767100830, -3.149999999999999911, -0.3700132187965000097 ) ) ;
#3856 = DIRECTION ( 'NONE',  ( 0.000000000000000000, 0.000000000000000000, -1.000000000000000000 ) ) ;
#3857 = ORIENTED_EDGE ( 'NONE', *, *, #3028, .T. ) ;
#3858 = VECTOR ( 'NONE', #1915, 1000.000000000000114 ) ;
#3859 = CIRCLE ( 'NONE', #7996, 2.499999999999999556 ) ;
#3860 = ORIENTED_EDGE ( 'NONE', *, *, #6814, .F. ) ;
#3861 = VERTEX_POINT ( 'NONE', #6485 ) ;
#3862 = AXIS2_PLACEMENT_3D ( 'NONE', #1734, #9172, #6235 ) ;
#3863 = ORIENTED_EDGE ( 'NONE', *, *, #5159, .F. ) ;
#3864 = CARTESIAN_POINT ( 'NONE',  ( 1.807518844340070041, 1.699999999999999956, 1.800000000000000044 ) ) ;
#3865 = CIRCLE ( 'NONE', #9740, 0.1000000000000003109 ) ;
#3866 = DIRECTION ( 'NONE',  ( 1.000000000000000000, 0.000000000000000000, 0.000000000000000000 ) ) ;
#3867 = LINE ( 'NONE', #6899, #3674 ) ;
#3868 = AXIS2_PLACEMENT_3D ( 'NONE', #2941, #7593, #5269 ) ;
#3869 = AXIS2_PLACEMENT_3D ( 'NONE', #7210, #8806, #8753 ) ;
#3870 = CARTESIAN_POINT ( 'NONE',  ( 9.500000000000000000, -5.000000000000000000, -1.500000000000000000 ) ) ;
#3871 = DIRECTION ( 'NONE',  ( 0.9670826766655243878, 0.000000000000000000, -0.2544623675387871486 ) ) ;
#3872 = CARTESIAN_POINT ( 'NONE',  ( -4.768600664696140967, -3.149999999999999911, -1.264922013198400252 ) ) ;
#3873 = DIRECTION ( 'NONE',  ( -1.000000000000000000, 0.000000000000000000, -1.668003342285390565E-16 ) ) ;
#3874 = EDGE_CURVE ( 'NONE', #4449, #4024, #5049, .T. ) ;
#3875 = TOROIDAL_SURFACE ( 'NONE', #8803, 0.3769558987526489546, 0.1000000000000000056 ) ;
#3876 = ORIENTED_EDGE ( 'NONE', *, *, #9580, .T. ) ;
#3877 = VERTEX_POINT ( 'NONE', #8725 ) ;
#3878 = ORIENTED_EDGE ( 'NONE', *, *, #215, .F. ) ;
#3879 = CARTESIAN_POINT ( 'NONE',  ( 10.69999999999999929, 6.000000000000000000, -4.000000000000000000 ) ) ;
#3880 = CARTESIAN_POINT ( 'NONE',  ( -2.167091607899719996, 7.643242681470949762, 3.984225351805710691 ) ) ;
#3881 = EDGE_CURVE ( 'NONE', #1317, #5842, #6558, .T. ) ;
#3882 = CARTESIAN_POINT ( 'NONE',  ( 3.567091607899719907, 7.643242681470959532, -3.984225351805720017 ) ) ;
#3883 = CARTESIAN_POINT ( 'NONE',  ( 3.299999999999999822, -6.183526011560670277, -2.067919075144499796 ) ) ;
#3884 = CYLINDRICAL_SURFACE ( 'NONE', #8080, 0.1000000000000003109 ) ;
#3885 = VECTOR ( 'NONE', #9224, 1000.000000000000000 ) ;
#3886 = EDGE_CURVE ( 'NONE', #3245, #6840, #9421, .T. ) ;
#3887 = DIRECTION ( 'NONE',  ( -1.000000000000000000, 0.000000000000000000, -1.365923996832129884E-16 ) ) ;
#3888 = ORIENTED_EDGE ( 'NONE', *, *, #7529, .T. ) ;
#3889 = ORIENTED_EDGE ( 'NONE', *, *, #5811, .T. ) ;
#3890 = CC_DESIGN_PERSON_AND_ORGANIZATION_ASSIGNMENT ( #9221, #9365, ( #4928 ) ) ;
#3891 = ORIENTED_EDGE ( 'NONE', *, *, #1002, .T. ) ;
#3892 = FACE_OUTER_BOUND ( 'NONE', #3900, .T. ) ;
#3893 = CIRCLE ( 'NONE', #2161, 1.250000000000000222 ) ;
#3894 = EDGE_CURVE ( 'NONE', #6645, #1818, #2297, .T. ) ;
#3895 = CARTESIAN_POINT ( 'NONE',  ( 4.780733988912470000E-16, 8.000000000000000000, -3.500000000000000000 ) ) ;
#3896 = CARTESIAN_POINT ( 'NONE',  ( 6.567091607939179454, 7.643242681380360004, -3.984225351826680583 ) ) ;
#3897 = LINE ( 'NONE', #4744, #6201 ) ;
#3898 = DIRECTION ( 'NONE',  ( -1.000000000000000000, 0.000000000000000000, -1.365923996832129884E-16 ) ) ;
#3899 = ORIENTED_EDGE ( 'NONE', *, *, #8827, .T. ) ;
#3900 = EDGE_LOOP ( 'NONE', ( #239, #2422, #6463, #4664, #9315, #4588, #3878, #528, #1024, #2760, #37, #2575, #3811, #7220, #4941, #6596 ) ) ;
#3901 = VERTEX_POINT ( 'NONE', #3456 ) ;
#3902 = EDGE_CURVE ( 'NONE', #8933, #5247, #6713, .T. ) ;
#3903 = DIRECTION ( 'NONE',  ( -1.000000000000000000, 0.000000000000000000, -1.239088197126290817E-16 ) ) ;
#3904 = PERSON_AND_ORGANIZATION ( #7298, #2091 ) ;
#3905 = LINE ( 'NONE', #4187, #157 ) ;
#3906 = CARTESIAN_POINT ( 'NONE',  ( 2.899999999999999911, -2.783605534024959915, 2.731968657847110293 ) ) ;
#3907 = LINE ( 'NONE', #4804, #6260 ) ;
#3908 = DIRECTION ( 'NONE',  ( 1.734723475976839881E-16, 0.000000000000000000, -1.000000000000000000 ) ) ;
#3909 = CARTESIAN_POINT ( 'NONE',  ( -4.898978868267030329, 3.250000000000000000, -0.9499902100883750311 ) ) ;
#3910 = FACE_OUTER_BOUND ( 'NONE', #6349, .T. ) ;
#3911 = ORIENTED_EDGE ( 'NONE', *, *, #4740, .F. ) ;
#3912 = EDGE_LOOP ( 'NONE', ( #7862, #5230, #1756, #7244, #3176 ) ) ;
#3913 = EDGE_CURVE ( 'NONE', #5887, #8935, #1821, .T. ) ;
#3914 = EDGE_CURVE ( 'NONE', #2157, #2721, #1983, .T. ) ;
#3915 = VECTOR ( 'NONE', #5189, 1000.000000000000000 ) ;
#3916 = ORIENTED_EDGE ( 'NONE', *, *, #4237, .T. ) ;
#3917 = FACE_OUTER_BOUND ( 'NONE', #554, .T. ) ;
#3918 = VECTOR ( 'NONE', #807, 1000.000000000000000 ) ;
#3919 = DIRECTION ( 'NONE',  ( 3.675261601645779967E-17, 0.000000000000000000, 1.000000000000000000 ) ) ;
#3920 = DIRECTION ( 'NONE',  ( -5.551115123125809819E-17, 1.000000000000000000, 8.725142821606440391E-16 ) ) ;
#3921 = DIRECTION ( 'NONE',  ( 0.000000000000000000, -1.000000000000000000, 0.000000000000000000 ) ) ;
#3922 = CARTESIAN_POINT ( 'NONE',  ( -4.898978868267030329, 3.149999999999999911, -0.9499902100883750311 ) ) ;
#3923 = AXIS2_PLACEMENT_3D ( 'NONE', #4379, #5670, #9488 ) ;
#3924 = DIRECTION ( 'NONE',  ( -1.000000000000000000, 0.000000000000000000, -1.365923996832129884E-16 ) ) ;
#3925 = DIRECTION ( 'NONE',  ( -0.9931429867320367144, 0.000000000000000000, -0.1169059789102749741 ) ) ;
#3926 = ORIENTED_EDGE ( 'NONE', *, *, #5764, .F. ) ;
#3927 = EDGE_CURVE ( 'NONE', #9265, #7074, #2622, .T. ) ;
#3928 = LINE ( 'NONE', #4725, #4140 ) ;
#3929 = CARTESIAN_POINT ( 'NONE',  ( -2.211028658136549918, -7.541042451516930534, -3.999745414816269662 ) ) ;
#3930 = CARTESIAN_POINT ( 'NONE',  ( 4.750000000000000000, -1.699999999999999956, 1.350000000000000089 ) ) ;
#3931 = FACE_BOUND ( 'NONE', #3579, .T. ) ;
#3932 = CARTESIAN_POINT ( 'NONE',  ( -2.299999999999999822, -5.134271928232699622, 3.500000000000000000 ) ) ;
#3933 = AXIS2_PLACEMENT_3D ( 'NONE', #8888, #2193, #2792 ) ;
#3934 = FACE_OUTER_BOUND ( 'NONE', #8907, .T. ) ;
#3935 = EDGE_CURVE ( 'NONE', #5263, #3426, #489, .T. ) ;
#3936 = AXIS2_PLACEMENT_3D ( 'NONE', #8711, #1225, #7364 ) ;
#3938 = EDGE_CURVE ( 'NONE', #9120, #2859, #4977, .T. ) ;
#3937 = ORIENTED_EDGE ( 'NONE', *, *, #6565, .T. ) ;
#3939 = VECTOR ( 'NONE', #6888, 1000.000000000000000 ) ;
#3940 = ORIENTED_EDGE ( 'NONE', *, *, #6824, .F. ) ;
#3941 = AXIS2_PLACEMENT_3D ( 'NONE', #905, #8495, #2981 ) ;
#3942 = ORIENTED_EDGE ( 'NONE', *, *, #1679, .T. ) ;
#3943 = CARTESIAN_POINT ( 'NONE',  ( -11.46738209570189859, 3.224634620814619712, -2.449999999999999734 ) ) ;
#3944 = EDGE_CURVE ( 'NONE', #3245, #5454, #9257, .T. ) ;
#3945 = VECTOR ( 'NONE', #3049, 1000.000000000000000 ) ;
#3946 = CYLINDRICAL_SURFACE ( 'NONE', #3417, 1.500000000000000000 ) ;
#3947 = DIRECTION ( 'NONE',  ( -3.128579780658979875E-16, 0.000000000000000000, -1.000000000000000000 ) ) ;
#3948 = CARTESIAN_POINT ( 'NONE',  ( 2.899999999999999911, -3.950000000000000178, -3.649999999999999911 ) ) ;
#3949 = CARTESIAN_POINT ( 'NONE',  ( 0.2999999999999999889, -7.900000000000000355, 1.350000000000000089 ) ) ;
#3950 = EDGE_LOOP ( 'NONE', ( #412, #713 ) ) ;
#3951 = ORIENTED_EDGE ( 'NONE', *, *, #5251, .F. ) ;
#3952 = ORIENTED_EDGE ( 'NONE', *, *, #3271, .F. ) ;
#3953 = ORIENTED_EDGE ( 'NONE', *, *, #1, .F. ) ;
#3954 = DIRECTION ( 'NONE',  ( 0.000000000000000000, 0.000000000000000000, -1.000000000000000000 ) ) ;
#3955 = CALENDAR_DATE ( 2023, 2, 7 ) ;
#3956 = EDGE_CURVE ( 'NONE', #3056, #4561, #245, .T. ) ;
#3957 = LINE ( 'NONE', #993, #6667 ) ;
#3958 = ADVANCED_FACE ( 'NONE', ( #5005 ), #6436, .T. ) ;
#3959 = CARTESIAN_POINT ( 'NONE',  ( 1.600000000000000089, 3.950000000000000178, -2.600000000000000089 ) ) ;
#3960 = FACE_OUTER_BOUND ( 'NONE', #4148, .T. ) ;
#3961 = DIRECTION ( 'NONE',  ( 1.913297951445009840E-16, 1.000000000000000000, 2.553109902238449893E-32 ) ) ;
#3962 = LINE ( 'NONE', #949, #396 ) ;
#3963 = ORIENTED_EDGE ( 'NONE', *, *, #9069, .T. ) ;
#3964 = ORIENTED_EDGE ( 'NONE', *, *, #6551, .F. ) ;
#3965 = ORIENTED_EDGE ( 'NONE', *, *, #3881, .F. ) ;
#3966 = DIRECTION ( 'NONE',  ( -1.000000000000000000, -0.000000000000000000, -0.000000000000000000 ) ) ;
#3967 = CARTESIAN_POINT ( 'NONE',  ( -3.100000000000000089, -3.550000000000000266, 3.950000000000000178 ) ) ;
#3968 = DIRECTION ( 'NONE',  ( 0.000000000000000000, -1.000000000000000000, 0.000000000000000000 ) ) ;
#3969 = EDGE_CURVE ( 'NONE', #7969, #7461, #5768, .T. ) ;
#3970 = CARTESIAN_POINT ( 'NONE',  ( 5.250000000000000000, -12.05000000000000071, 1.350000000000000089 ) ) ;
#3971 = CARTESIAN_POINT ( 'NONE',  ( 0.4000000000000000222, 8.000000000000000000, -3.500000000000000000 ) ) ;
#3972 = EDGE_CURVE ( 'NONE', #3027, #9351, #2751, .T. ) ;
#3973 = CARTESIAN_POINT ( 'NONE',  ( -6.359745509654959328, -3.149999999999999911, -1.905327628688650021 ) ) ;
#3974 =( BOUNDED_CURVE ( )  B_SPLINE_CURVE ( 3, ( #7645, #2352, #7046, #262 ),
 .UNSPECIFIED., .F., .F. ) 
 B_SPLINE_CURVE_WITH_KNOTS ( ( 4, 4 ),
 ( 1.570796326794896558, 3.141592653589793116 ),
 .UNSPECIFIED. ) 
 CURVE ( )  GEOMETRIC_REPRESENTATION_ITEM ( )  RATIONAL_B_SPLINE_CURVE ( ( 1.000000000000000000, 0.8047378541243649375, 0.8047378541243649375, 1.000000000000000000 ) ) 
 REPRESENTATION_ITEM ( '' )  );
#3975 = LINE ( 'NONE', #7000, #5932 ) ;
#3976 = ORIENTED_EDGE ( 'NONE', *, *, #750, .F. ) ;
#3977 = CARTESIAN_POINT ( 'NONE',  ( -4.768600664696136526, -3.191421356237309492, -1.264922013198405804 ) ) ;
#3978 = CARTESIAN_POINT ( 'NONE',  ( -2.000000000000000000, 8.000000000000000000, 3.558691488292319960 ) ) ;
#3979 = FACE_OUTER_BOUND ( 'NONE', #9776, .T. ) ;
#3980 = CIRCLE ( 'NONE', #5886, 6.487680633323430257 ) ;
#3981 = CARTESIAN_POINT ( 'NONE',  ( -2.167091607782900109, -7.643242681739149447, 3.984225351743660326 ) ) ;
#3982 = CARTESIAN_POINT ( 'NONE',  ( -4.402064153926899870, 3.149999999999999911, -1.272466285438830003 ) ) ;
#3983 = VECTOR ( 'NONE', #5896, 999.9999999999998863 ) ;
#3984 = ORIENTED_EDGE ( 'NONE', *, *, #3678, .F. ) ;
#3985 = CIRCLE ( 'NONE', #5735, 0.1000000000000003109 ) ;
#3986 = EDGE_LOOP ( 'NONE', ( #5141, #8441, #3845, #2624 ) ) ;
#3987 = VECTOR ( 'NONE', #4073, 999.9999999999998863 ) ;
#3988 = ORIENTED_EDGE ( 'NONE', *, *, #8596, .F. ) ;
#3989 = CARTESIAN_POINT ( 'NONE',  ( -12.69999999999999929, -2.700000000000000178, -0.8499999999999999778 ) ) ;
#3990 = EDGE_CURVE ( 'NONE', #5842, #2330, #5700, .T. ) ;
#3991 = DIRECTION ( 'NONE',  ( 1.000000000000000000, 0.000000000000000000, 1.365923996832129884E-16 ) ) ;
#3992 = CARTESIAN_POINT ( 'NONE',  ( -1.400000000000000133, 1.463452924981083719E-15, -2.699999999999999734 ) ) ;
#3993 = DIRECTION ( 'NONE',  ( 0.000000000000000000, 0.000000000000000000, 1.000000000000000000 ) ) ;
#3994 = CARTESIAN_POINT ( 'NONE',  ( 0.4051881714455369821, -7.989681027865651153, -3.616495914417279689 ) ) ;
#3995 = ORIENTED_EDGE ( 'NONE', *, *, #6278, .T. ) ;
#3996 = ORIENTED_EDGE ( 'NONE', *, *, #2260, .F. ) ;
#3997 = VERTEX_POINT ( 'NONE', #5995 ) ;
#3998 = EDGE_CURVE ( 'NONE', #8328, #887, #4498, .T. ) ;
#3999 = ORIENTED_EDGE ( 'NONE', *, *, #4261, .F. ) ;
#4000 = ORIENTED_EDGE ( 'NONE', *, *, #9645, .F. ) ;
#4001 = LINE ( 'NONE', #5443, #1027 ) ;
#4002 = B_SPLINE_CURVE_WITH_KNOTS ( 'NONE', 3,
 ( #8882, #8787, #7241, #2090, #5112, #9479, #2686, #4367, #7289, #596, #9577, #3424 ),
 .UNSPECIFIED., .F., .F.,
 ( 4, 2, 2, 2, 2, 4 ),
 ( 0.08234836412691799723, 0.1000276143749759955, 0.1197853284853390016, 0.1418390683538749975, 0.1647276639914419805, 0.1650775926843819907 ),
 .UNSPECIFIED. ) ;
#4003 = EDGE_CURVE ( 'NONE', #27, #5939, #5202, .T. ) ;
#4004 = CIRCLE ( 'NONE', #4478, 6.487680633323430257 ) ;
#4005 = CARTESIAN_POINT ( 'NONE',  ( -6.359745509654959328, 4.649999999999999467, -1.855327628688660191 ) ) ;
#4006 = DIRECTION ( 'NONE',  ( 0.004218976193202674495, 0.000000000000000000, 0.9999911000803363148 ) ) ;
#4007 = CARTESIAN_POINT ( 'NONE',  ( 2.049999999999999822, -3.950000000000000178, -3.149999999999998579 ) ) ;
#4008 = DIRECTION ( 'NONE',  ( -9.387283644590649326E-16, 0.000000000000000000, 1.000000000000000000 ) ) ;
#4009 = DIRECTION ( 'NONE',  ( -9.387283644590649326E-16, 0.000000000000000000, 1.000000000000000000 ) ) ;
#4010 = ORIENTED_EDGE ( 'NONE', *, *, #7830, .F. ) ;
#4011 = EDGE_CURVE ( 'NONE', #7967, #6854, #8619, .T. ) ;
#4012 = VERTEX_POINT ( 'NONE', #1338 ) ;
#4013 = CIRCLE ( 'NONE', #2593, 6.500000000000000000 ) ;
#4014 = CARTESIAN_POINT ( 'NONE',  ( -11.42331369735220115, -3.250000000000000000, -2.400685701326789712 ) ) ;
#4015 = VECTOR ( 'NONE', #1482, 1000.000000000000000 ) ;
#4016 = CARTESIAN_POINT ( 'NONE',  ( 0.000000000000000000, -8.000000000000000000, 0.000000000000000000 ) ) ;
#4017 = CARTESIAN_POINT ( 'NONE',  ( -3.726145790396850010, -4.750000000000000000, -0.5330620671561500101 ) ) ;
#4018 = DIRECTION ( 'NONE',  ( 0.000000000000000000, 9.970989681626198491E-16, -1.000000000000000000 ) ) ;
#4019 = LINE ( 'NONE', #5562, #919 ) ;
#4020 = VECTOR ( 'NONE', #9322, 1000.000000000000000 ) ;
#4021 = DIRECTION ( 'NONE',  ( -0.2462931838462505130, 0.000000000000000000, 0.9691953712182477254 ) ) ;
#4022 = CIRCLE ( 'NONE', #1968, 1.250000000000000222 ) ;
#4023 = AXIS2_PLACEMENT_3D ( 'NONE', #9278, #8532, #7784 ) ;
#4024 = VERTEX_POINT ( 'NONE', #8177 ) ;
#4025 = EDGE_LOOP ( 'NONE', ( #5884, #5140, #4475, #2943 ) ) ;
#4026 = ADVANCED_FACE ( 'NONE', ( #4356 ), #8270, .F. ) ;
#4027 = VECTOR ( 'NONE', #7049, 1000.000000000000000 ) ;
#4028 = EDGE_CURVE ( 'NONE', #287, #6339, #8126, .T. ) ;
#4029 = CARTESIAN_POINT ( 'NONE',  ( -0.6999999999999999556, -4.750000000000000000, -2.500000000000000000 ) ) ;
#4030 = CARTESIAN_POINT ( 'NONE',  ( 5.799999999999999822, 3.950000000000000178, 2.850000000000000089 ) ) ;
#4031 = AXIS2_PLACEMENT_3D ( 'NONE', #9160, #2368, #5385 ) ;
#4032 = LINE ( 'NONE', #269, #4713 ) ;
#4033 = DIRECTION ( 'NONE',  ( 0.000000000000000000, 0.000000000000000000, 1.000000000000000000 ) ) ;
#4034 = LINE ( 'NONE', #5424, #7279 ) ;
#4035 = CIRCLE ( 'NONE', #1835, 0.7500000000000000000 ) ;
#4036 = CIRCLE ( 'NONE', #2777, 1.500000000000000000 ) ;
#4037 = ORIENTED_EDGE ( 'NONE', *, *, #3118, .T. ) ;
#4038 = ORIENTED_EDGE ( 'NONE', *, *, #4275, .F. ) ;
#4039 = ADVANCED_FACE ( 'NONE', ( #8871 ), #6733, .F. ) ;
#4040 = ADVANCED_FACE ( 'NONE', ( #1438, #4447, #5246 ), #7473, .F. ) ;
#4041 = VERTEX_POINT ( 'NONE', #2223 ) ;
#4042 = CARTESIAN_POINT ( 'NONE',  ( 0.1999999999999889921, 6.200000000000000178, 0.5500000000000160316 ) ) ;
#4043 = ORIENTED_EDGE ( 'NONE', *, *, #5986, .T. ) ;
#4044 = CARTESIAN_POINT ( 'NONE',  ( -6.359745509654959328, -4.750000000000000000, -1.804637193035420140 ) ) ;
#4045 = DIRECTION ( 'NONE',  ( 0.004218976193204164622, 0.000000000000000000, 0.9999911000803363148 ) ) ;
#4046 = CARTESIAN_POINT ( 'NONE',  ( -11.46423078997079870, -3.250000000000000000, -2.053085655970579904 ) ) ;
#4047 = LINE ( 'NONE', #7166, #9728 ) ;
#4048 = ORIENTED_EDGE ( 'NONE', *, *, #6735, .T. ) ;
#4049 = VERTEX_POINT ( 'NONE', #7381 ) ;
#4050 = ORIENTED_EDGE ( 'NONE', *, *, #934, .F. ) ;
#4051 = VECTOR ( 'NONE', #7734, 1000.000000000000000 ) ;
#4052 = VERTEX_POINT ( 'NONE', #2076 ) ;
#4053 = ORIENTED_EDGE ( 'NONE', *, *, #1065, .F. ) ;
#4054 = FACE_OUTER_BOUND ( 'NONE', #3833, .T. ) ;
#4055 = DATE_AND_TIME ( #8525, #4133 ) ;
#4056 = ADVANCED_FACE ( 'NONE', ( #4404 ), #682, .F. ) ;
#4057 = DIRECTION ( 'NONE',  ( 0.000000000000000000, 0.000000000000000000, -1.000000000000000000 ) ) ;
#4058 = DIRECTION ( 'NONE',  ( -1.000000000000000000, 0.000000000000000000, 0.000000000000000000 ) ) ;
#4059 = CARTESIAN_POINT ( 'NONE',  ( 0.2999999999999999889, -7.900000000000000355, 0.5499999999999920508 ) ) ;
#4060 = PLANE ( 'NONE',  #7680 ) ;
#4061 = VERTEX_POINT ( 'NONE', #587 ) ;
#4062 = ORIENTED_EDGE ( 'NONE', *, *, #5618, .F. ) ;
#4063 = ORIENTED_EDGE ( 'NONE', *, *, #5364, .F. ) ;
#4064 = EDGE_CURVE ( 'NONE', #7072, #4448, #2272, .T. ) ;
#4065 = DIRECTION ( 'NONE',  ( -1.000000000000000000, -5.551115123125809819E-17, 0.000000000000000000 ) ) ;
#4066 = CARTESIAN_POINT ( 'NONE',  ( 6.200000000000000178, -1.750000000000000000, 0.04999999999999619332 ) ) ;
#4067 = EDGE_CURVE ( 'NONE', #2673, #274, #6869, .T. ) ;
#4069 = DIRECTION ( 'NONE',  ( 1.000000000000000000, 0.000000000000000000, 1.365923996832129884E-16 ) ) ;
#4068 = B_SPLINE_CURVE_WITH_KNOTS ( 'NONE', 3,
 ( #5638, #427, #5588, #9357, #7964, #6471, #8665, #9503, #1874, #8813 ),
 .UNSPECIFIED., .F., .F.,
 ( 4, 2, 2, 2, 4 ),
 ( -0.006239537281635609660, -0.005764321385263109811, -0.005129523234452974811, -0.004057338325045560523, 1.422473250300981817E-16 ),
 .UNSPECIFIED. ) ;
#4070 = EDGE_CURVE ( 'NONE', #2478, #6925, #9660, .T. ) ;
#4071 = FACE_OUTER_BOUND ( 'NONE', #5417, .T. ) ;
#4072 = CYLINDRICAL_SURFACE ( 'NONE', #4874, 0.7000000000000000666 ) ;
#4073 = DIRECTION ( 'NONE',  ( -0.7071067811865479058, 0.000000000000000000, -0.7071067811865472397 ) ) ;
#4074 = CARTESIAN_POINT ( 'NONE',  ( 3.627381302066809976, -7.502152352690049320, -3.999996525281990234 ) ) ;
#4075 = CIRCLE ( 'NONE', #2651, 0.6500000000000000222 ) ;
#4076 = ORIENTED_EDGE ( 'NONE', *, *, #499, .F. ) ;
#4077 = ORIENTED_EDGE ( 'NONE', *, *, #6862, .T. ) ;
#4078 = ORIENTED_EDGE ( 'NONE', *, *, #2793, .F. ) ;
#4079 = DIRECTION ( 'NONE',  ( 1.000000000000000000, 0.000000000000000000, 0.000000000000000000 ) ) ;
#4080 = CARTESIAN_POINT ( 'NONE',  ( 3.299999999999999822, -3.950000000000000178, -3.649999999999999911 ) ) ;
#4081 = DIRECTION ( 'NONE',  ( 0.000000000000000000, 0.8160244811016550415, 0.5780173407803390617 ) ) ;
#4082 = CIRCLE ( 'NONE', #8048, 1.300000000000000711 ) ;
#4083 = EDGE_CURVE ( 'NONE', #9029, #4372, #5897, .T. ) ;
#4084 = DIRECTION ( 'NONE',  ( 9.856383386231849706E-16, 9.856383386231849706E-16, -1.000000000000000000 ) ) ;
#4085 = DIRECTION ( 'NONE',  ( 1.000000000000000000, 0.000000000000000000, 0.000000000000000000 ) ) ;
#4086 = EDGE_CURVE ( 'NONE', #1909, #6195, #8919, .T. ) ;
#4087 = VERTEX_POINT ( 'NONE', #9064 ) ;
#4088 = ORIENTED_EDGE ( 'NONE', *, *, #3484, .F. ) ;
#4089 = EDGE_CURVE ( 'NONE', #1384, #1212, #3223, .T. ) ;
#4090 = ORIENTED_EDGE ( 'NONE', *, *, #9040, .F. ) ;
#4091 = DIRECTION ( 'NONE',  ( 0.9670826766655241657, 0.000000000000000000, -0.2544623675387880923 ) ) ;
#4092 = ORIENTED_EDGE ( 'NONE', *, *, #5660, .T. ) ;
#4093 = LINE ( 'NONE', #9451, #1420 ) ;
#4094 = CARTESIAN_POINT ( 'NONE',  ( -3.100000000000000089, -4.349999999999999645, 3.500000000000000000 ) ) ;
#4095 = ADVANCED_FACE ( 'NONE', ( #538 ), #3552, .F. ) ;
#4096 = EDGE_CURVE ( 'NONE', #9028, #6622, #696, .T. ) ;
#4097 = DIRECTION ( 'NONE',  ( 0.000000000000000000, 0.000000000000000000, -1.000000000000000000 ) ) ;
#4098 = EDGE_LOOP ( 'NONE', ( #8169, #4564 ) ) ;
#4099 = ORIENTED_EDGE ( 'NONE', *, *, #1304, .F. ) ;
#4100 = ORIENTED_EDGE ( 'NONE', *, *, #3132, .T. ) ;
#4101 = ORIENTED_EDGE ( 'NONE', *, *, #6276, .F. ) ;
#4102 = LINE ( 'NONE', #3352, #5147 ) ;
#4103 = VECTOR ( 'NONE', #3534, 1000.000000000000000 ) ;
#4104 = PERSON_AND_ORGANIZATION ( #7298, #2091 ) ;
#4105 = VECTOR ( 'NONE', #5584, 1000.000000000000000 ) ;
#4106 = CARTESIAN_POINT ( 'NONE',  ( -4.768600664696140967, -4.649999999999999467, -1.264922013198400252 ) ) ;
#4107 = LINE ( 'NONE', #1981, #9096 ) ;
#4108 = CARTESIAN_POINT ( 'NONE',  ( -11.46738209570190037, 4.675365379185380199, -2.449999999999999734 ) ) ;
#4109 = DIRECTION ( 'NONE',  ( -1.365923996832129884E-16, 0.000000000000000000, 1.000000000000000000 ) ) ;
#4110 = EDGE_LOOP ( 'NONE', ( #8343, #6771, #3475, #1267 ) ) ;
#4111 = ORIENTED_EDGE ( 'NONE', *, *, #281, .T. ) ;
#4112 = ORIENTED_EDGE ( 'NONE', *, *, #9104, .T. ) ;
#4113 = FACE_BOUND ( 'NONE', #9396, .T. ) ;
#4114 = AXIS2_PLACEMENT_3D ( 'NONE', #7906, #3482, #4328 ) ;
#4115 = DIRECTION ( 'NONE',  ( 1.000000000000000000, 0.000000000000000000, 0.000000000000000000 ) ) ;
#4116 = CARTESIAN_POINT ( 'NONE',  ( -12.69999999999999929, 1.699999999999999956, 0.000000000000000000 ) ) ;
#4117 = ADVANCED_FACE ( 'NONE', ( #7675 ), #5540, .T. ) ;
#4118 = DIRECTION ( 'NONE',  ( -0.9931429867320367144, 0.000000000000000000, -0.1169059789102749741 ) ) ;
#4119 = LINE ( 'NONE', #6953, #513 ) ;
#4120 = DIRECTION ( 'NONE',  ( -0.9670826766655241657, 0.000000000000000000, 0.2544623675387880923 ) ) ;
#4121 = ADVANCED_FACE ( 'NONE', ( #3207 ), #859, .T. ) ;
#4122 = ORIENTED_EDGE ( 'NONE', *, *, #3277, .T. ) ;
#4123 = ORIENTED_EDGE ( 'NONE', *, *, #6009, .F. ) ;
#4124 = VERTEX_POINT ( 'NONE', #3949 ) ;
#4125 = CARTESIAN_POINT ( 'NONE',  ( 9.500000000000000000, 5.000000000000000000, -4.000000000000000000 ) ) ;
#4126 = CARTESIAN_POINT ( 'NONE',  ( 2.899999999999999911, 3.950000000000000178, 1.649999999999999911 ) ) ;
#4127 = DIRECTION ( 'NONE',  ( 0.000000000000000000, -1.000000000000000000, -1.836970198721029688E-16 ) ) ;
#4128 = DIRECTION ( 'NONE',  ( -1.365923996832129884E-16, 0.000000000000000000, 1.000000000000000000 ) ) ;
#4129 = DIRECTION ( 'NONE',  ( -3.675261601645779967E-17, 0.000000000000000000, -1.000000000000000000 ) ) ;
#4130 = VERTEX_POINT ( 'NONE', #8424 ) ;
#4131 = EDGE_CURVE ( 'NONE', #2562, #1186, #223, .T. ) ;
#4132 = ORIENTED_EDGE ( 'NONE', *, *, #162, .F. ) ;
#4133 = LOCAL_TIME ( 11, 54, 56.00000000000000000, #5396 ) ;
#4134 = LINE ( 'NONE', #7158, #7171 ) ;
#4135 = CIRCLE ( 'NONE', #8260, 1.250000000000000222 ) ;
#4136 = DIRECTION ( 'NONE',  ( -1.000000000000000000, 0.000000000000000000, 0.000000000000000000 ) ) ;
#4137 = EDGE_CURVE ( 'NONE', #7541, #9753, #4745, .T. ) ;
#4138 = VECTOR ( 'NONE', #5437, 1000.000000000000000 ) ;
#4139 = CARTESIAN_POINT ( 'NONE',  ( -11.46738209570190037, -4.649999999999999467, -2.026314594173330264 ) ) ;
#4140 = VECTOR ( 'NONE', #9243, 1000.000000000000000 ) ;
#4141 = DIRECTION ( 'NONE',  ( 1.000000000000000000, 7.653191805780030487E-16, 1.334402673828309888E-16 ) ) ;
#4142 = CARTESIAN_POINT ( 'NONE',  ( -2.000000000000000000, 8.000000000000000000, -3.558691488253410196 ) ) ;
#4143 = CARTESIAN_POINT ( 'NONE',  ( -0.6999999999999999556, -2.700000000000000178, 4.392893407799020269E-17 ) ) ;
#4144 = ORIENTED_EDGE ( 'NONE', *, *, #8985, .F. ) ;
#4145 = ORIENTED_EDGE ( 'NONE', *, *, #1487, .T. ) ;
#4146 = VECTOR ( 'NONE', #9335, 1000.000000000000000 ) ;
#4147 = ORIENTED_EDGE ( 'NONE', *, *, #3902, .F. ) ;
#4148 = EDGE_LOOP ( 'NONE', ( #1580, #8354, #382, #3014, #7024, #4738, #4359, #9422, #8910, #1775, #6475, #7539, #1382, #7863 ) ) ;
#4149 = LINE ( 'NONE', #1923, #6255 ) ;
#4150 = ADVANCED_FACE ( 'NONE', ( #5438 ), #886, .F. ) ;
#4151 = EDGE_CURVE ( 'NONE', #2662, #4474, #6705, .T. ) ;
#4152 = AXIS2_PLACEMENT_3D ( 'NONE', #3909, #7080, #250 ) ;
#4153 = FACE_OUTER_BOUND ( 'NONE', #3081, .T. ) ;
#4154 = LINE ( 'NONE', #9368, #7829 ) ;
#4155 = DIRECTION ( 'NONE',  ( 0.000000000000000000, 1.000000000000000000, 0.000000000000000000 ) ) ;
#4156 = DIRECTION ( 'NONE',  ( 1.000000000000000000, 0.000000000000000000, 0.000000000000000000 ) ) ;
#4157 = ORIENTED_EDGE ( 'NONE', *, *, #2556, .F. ) ;
#4158 = ORIENTED_EDGE ( 'NONE', *, *, #5518, .F. ) ;
#4159 = AXIS2_PLACEMENT_3D ( 'NONE', #9468, #9560, #7229 ) ;
#4160 = DIRECTION ( 'NONE',  ( 5.551115123125809819E-17, -1.000000000000000000, -8.725142821606440391E-16 ) ) ;
#4161 = VECTOR ( 'NONE', #4185, 1000.000000000000000 ) ;
#4162 = CARTESIAN_POINT ( 'NONE',  ( -2.700000000000000178, 3.950000000000000178, 3.500000000000000000 ) ) ;
#4163 = LINE ( 'NONE', #4116, #9210 ) ;
#4164 = DIRECTION ( 'NONE',  ( -0.8160244811016550415, 5.529596970073570267E-15, 0.5780173407803390617 ) ) ;
#4165 = DIRECTION ( 'NONE',  ( 0.000000000000000000, -1.000000000000000000, 0.000000000000000000 ) ) ;
#4166 = LINE ( 'NONE', #7193, #5587 ) ;
#4167 = DIRECTION ( 'NONE',  ( -1.000000000000000000, 0.000000000000000000, 0.000000000000000000 ) ) ;
#4168 = VERTEX_POINT ( 'NONE', #6975 ) ;
#4169 = ORIENTED_EDGE ( 'NONE', *, *, #5482, .F. ) ;
#4170 = ORIENTED_EDGE ( 'NONE', *, *, #5037, .F. ) ;
#4171 = ORIENTED_EDGE ( 'NONE', *, *, #568, .F. ) ;
#4172 = LINE ( 'NONE', #7247, #6225 ) ;
#4173 = PLANE ( 'NONE',  #6457 ) ;
#4174 = AXIS2_PLACEMENT_3D ( 'NONE', #8786, #5014, #3370 ) ;
#4175 = CIRCLE ( 'NONE', #3379, 6.487680633323430257 ) ;
#4176 = DIRECTION ( 'NONE',  ( 1.000000000000000000, 2.220754565754750177E-16, -3.128579780658979875E-16 ) ) ;
#4177 = DIRECTION ( 'NONE',  ( 0.7071067811865483499, 8.659560562354940254E-17, -0.7071067811865467956 ) ) ;
#4178 = EDGE_CURVE ( 'NONE', #2448, #8081, #2474, .T. ) ;
#4179 = AXIS2_PLACEMENT_3D ( 'NONE', #7872, #2609, #3345 ) ;
#4180 = AXIS2_PLACEMENT_3D ( 'NONE', #8091, #9578, #8691 ) ;
#4181 = AXIS2_PLACEMENT_3D ( 'NONE', #9805, #5047, #9707 ) ;
#4182 = EDGE_LOOP ( 'NONE', ( #624, #6033, #4897, #6737, #2759, #5780, #9448, #5776 ) ) ;
#4183 = EDGE_CURVE ( 'NONE', #6877, #8257, #3690, .T. ) ;
#4184 = VECTOR ( 'NONE', #3509, 1000.000000000000000 ) ;
#4185 = DIRECTION ( 'NONE',  ( -0.7071067811865470176, 8.659560562354926695E-17, 0.7071067811865480168 ) ) ;
#4186 = CARTESIAN_POINT ( 'NONE',  ( -0.8000000000000000444, -8.900000000000000355, -3.500000000000000000 ) ) ;
#4187 = CARTESIAN_POINT ( 'NONE',  ( 6.200000000000000178, 6.200000000000000178, 0.000000000000000000 ) ) ;
#4188 = VECTOR ( 'NONE', #699, 1000.000000000000000 ) ;
#4189 = CARTESIAN_POINT ( 'NONE',  ( -11.56022376417530140, 3.149999999999999911, -1.610970681948850070 ) ) ;
#4190 = ADVANCED_FACE ( 'NONE', ( #3063 ), #5607, .T. ) ;
#4191 = AXIS2_PLACEMENT_3D ( 'NONE', #9151, #122, #1667 ) ;
#4192 = AXIS2_PLACEMENT_3D ( 'NONE', #8865, #9655, #3006 ) ;
#4193 = LINE ( 'NONE', #1826, #2105 ) ;
#4194 = CARTESIAN_POINT ( 'NONE',  ( -2.227381302065740254, 7.502152352691830117, -3.999996525281980020 ) ) ;
#4195 = LINE ( 'NONE', #4143, #7025 ) ;
#4196 = ORIENTED_EDGE ( 'NONE', *, *, #8635, .T. ) ;
#4197 = ORIENTED_EDGE ( 'NONE', *, *, #6506, .T. ) ;
#4198 = ORIENTED_EDGE ( 'NONE', *, *, #2684, .T. ) ;
#4199 = ORIENTED_EDGE ( 'NONE', *, *, #1377, .T. ) ;
#4200 = ORIENTED_EDGE ( 'NONE', *, *, #9093, .F. ) ;
#4201 = DIRECTION ( 'NONE',  ( 0.000000000000000000, 1.000000000000000000, 0.000000000000000000 ) ) ;
#4202 = ORIENTED_EDGE ( 'NONE', *, *, #3536, .T. ) ;
#4203 = AXIS2_PLACEMENT_3D ( 'NONE', #8232, #2340, #8980 ) ;
#4204 = CARTESIAN_POINT ( 'NONE',  ( -11.46738209570190037, -3.149999999999999911, -2.026314594173330264 ) ) ;
#4205 = CARTESIAN_POINT ( 'NONE',  ( 6.400000000000000355, 8.000000000000000000, -46.00000000000000000 ) ) ;
#4206 = AXIS2_PLACEMENT_3D ( 'NONE', #8266, #7566, #7522 ) ;
#4207 = CARTESIAN_POINT ( 'NONE',  ( -4.762431427019220287, 4.749649035841199129, 0.05000000000001032091 ) ) ;
#4208 = DIRECTION ( 'NONE',  ( 0.000000000000000000, 1.000000000000000000, 0.000000000000000000 ) ) ;
#4209 = ADVANCED_FACE ( 'NONE', ( #8519 ), #6182, .T. ) ;
#4210 = ORIENTED_EDGE ( 'NONE', *, *, #4491, .F. ) ;
#4211 = ORIENTED_EDGE ( 'NONE', *, *, #6999, .T. ) ;
#4212 = ORIENTED_EDGE ( 'NONE', *, *, #9284, .T. ) ;
#4213 = LINE ( 'NONE', #492, #3388 ) ;
#4214 = CARTESIAN_POINT ( 'NONE',  ( -4.898978868267030329, 4.750000000000000000, 0.05000000000001030009 ) ) ;
#4215 = CARTESIAN_POINT ( 'NONE',  ( -2.700000000000000178, 1.224646799147349904E-15, -4.000000000000000000 ) ) ;
#4216 = DIRECTION ( 'NONE',  ( -1.000000000000000000, 0.000000000000000000, 9.343242246769421254E-16 ) ) ;
#4217 = DIRECTION ( 'NONE',  ( 0.000000000000000000, -1.000000000000000000, 0.000000000000000000 ) ) ;
#4218 = FACE_OUTER_BOUND ( 'NONE', #9146, .T. ) ;
#4219 = CARTESIAN_POINT ( 'NONE',  ( -6.359745509654959328, -3.149999999999999023, -1.863620284639827318 ) ) ;
#4220 = EDGE_CURVE ( 'NONE', #2020, #3785, #6659, .T. ) ;
#4221 = ADVANCED_FACE ( 'NONE', ( #8373 ), #4595, .F. ) ;
#4222 = ORIENTED_EDGE ( 'NONE', *, *, #9471, .T. ) ;
#4223 = ORIENTED_EDGE ( 'NONE', *, *, #6993, .F. ) ;
#4224 = EDGE_LOOP ( 'NONE', ( #6546, #2069 ) ) ;
#4225 = CARTESIAN_POINT ( 'NONE',  ( 3.399999999999999911, -8.000000000000000000, -46.00000000000000000 ) ) ;
#4226 = FACE_OUTER_BOUND ( 'NONE', #2307, .T. ) ;
#4227 = CARTESIAN_POINT ( 'NONE',  ( -5.165803741279989758, -3.194767366965590050, 0.04999999999999789335 ) ) ;
#4228 = FACE_OUTER_BOUND ( 'NONE', #3590, .T. ) ;
#4229 = EDGE_LOOP ( 'NONE', ( #7415, #514, #9338, #4392 ) ) ;
#4230 = ORIENTED_EDGE ( 'NONE', *, *, #1903, .T. ) ;
#4231 = AXIS2_PLACEMENT_3D ( 'NONE', #7858, #4081, #2591 ) ;
#4232 = CARTESIAN_POINT ( 'NONE',  ( -2.700000000000000178, -3.950000000000000178, 3.500000000000000000 ) ) ;
#4233 = CARTESIAN_POINT ( 'NONE',  ( -4.644516500728250286, 3.149999999999999911, 0.01709246657714990139 ) ) ;
#4234 = DIRECTION ( 'NONE',  ( 3.675261601645779967E-17, 0.000000000000000000, 1.000000000000000000 ) ) ;
#4235 = ADVANCED_FACE ( 'NONE', ( #4938 ), #62, .T. ) ;
#4236 = FACE_OUTER_BOUND ( 'NONE', #3026, .T. ) ;
#4237 = EDGE_CURVE ( 'NONE', #9411, #878, #3399, .T. ) ;
#4238 = CARTESIAN_POINT ( 'NONE',  ( -2.025910258952240195, 7.947719699306470709, -3.731823336510240008 ) ) ;
#4239 = VECTOR ( 'NONE', #6946, 1000.000000000000000 ) ;
#4240 = DIRECTION ( 'NONE',  ( -2.659480039017769634E-16, 1.110223024625160090E-15, -1.000000000000000000 ) ) ;
#4241 = ORIENTED_EDGE ( 'NONE', *, *, #1404, .F. ) ;
#4242 = ORIENTED_EDGE ( 'NONE', *, *, #4616, .T. ) ;
#4243 = VERTEX_POINT ( 'NONE', #1176 ) ;
#4244 = ORIENTED_EDGE ( 'NONE', *, *, #7421, .F. ) ;
#4245 = ORIENTED_EDGE ( 'NONE', *, *, #5242, .F. ) ;
#4246 = EDGE_CURVE ( 'NONE', #8749, #1768, #4195, .T. ) ;
#4247 = DIRECTION ( 'NONE',  ( -1.000000000000000000, 0.000000000000000000, 0.000000000000000000 ) ) ;
#4248 = ORIENTED_EDGE ( 'NONE', *, *, #8879, .T. ) ;
#4249 = CARTESIAN_POINT ( 'NONE',  ( -10.49999999999999822, 5.878304635907299142E-16, -10.00000000000000000 ) ) ;
#4250 = CARTESIAN_POINT ( 'NONE',  ( -12.20000000000000107, -6.150000000000000355, 0.5500000000000000444 ) ) ;
#4251 = CARTESIAN_POINT ( 'NONE',  ( -4.682134707417310970, 4.747471842677345677, 0.05000000000001036948 ) ) ;
#4252 = DIRECTION ( 'NONE',  ( 0.2462931838462504575, 0.000000000000000000, -0.9691953712182478364 ) ) ;
#4253 = ORIENTED_EDGE ( 'NONE', *, *, #9362, .F. ) ;
#4254 = AXIS2_PLACEMENT_3D ( 'NONE', #1647, #6159, #6060 ) ;
#4255 = ORIENTED_EDGE ( 'NONE', *, *, #7635, .T. ) ;
#4256 = AXIS2_PLACEMENT_3D ( 'NONE', #9544, #1324, #6567 ) ;
#4257 = EDGE_CURVE ( 'NONE', #4733, #1689, #4068, .T. ) ;
#4258 = CARTESIAN_POINT ( 'NONE',  ( -12.69999999999999929, 3.100000000000000089, -0.8499999999999999778 ) ) ;
#4259 = CIRCLE ( 'NONE', #9803, 0.7500000000000000000 ) ;
#4260 = TOROIDAL_SURFACE ( 'NONE', #467, 0.3769558987526489546, 0.1000000000000000056 ) ;
#4261 = EDGE_CURVE ( 'NONE', #8095, #1511, #5442, .T. ) ;
#4262 = CARTESIAN_POINT ( 'NONE',  ( 2.550000000000000266, -7.900000000000000355, 1.350000000000000089 ) ) ;
#4263 = CARTESIAN_POINT ( 'NONE',  ( 3.299999999999999822, -3.950000000000000178, 0.5499999999999940492 ) ) ;
#4264 = DIRECTION ( 'NONE',  ( -5.400556037744163753E-16, 0.8160244811016563737, -0.5780173407803371743 ) ) ;
#4265 = CARTESIAN_POINT ( 'NONE',  ( -3.662530198512150115, -4.649999999999999467, -0.2912913979897699956 ) ) ;
#4266 = VECTOR ( 'NONE', #5184, 1000.000000000000000 ) ;
#4267 = DIRECTION ( 'NONE',  ( -1.656580215914899728E-16, 0.000000000000000000, 1.000000000000000000 ) ) ;
#4268 = LINE ( 'NONE', #5065, #5462 ) ;
#4269 = AXIS2_PLACEMENT_3D ( 'NONE', #614, #6707, #8952 ) ;
#4270 = ORIENTED_EDGE ( 'NONE', *, *, #5518, .T. ) ;
#4271 = ORIENTED_EDGE ( 'NONE', *, *, #2932, .T. ) ;
#4272 = VERTEX_POINT ( 'NONE', #2706 ) ;
#4273 = AXIS2_PLACEMENT_3D ( 'NONE', #6459, #6503, #9535 ) ;
#4274 = DIRECTION ( 'NONE',  ( 0.000000000000000000, -1.000000000000000000, 0.000000000000000000 ) ) ;
#4275 = EDGE_CURVE ( 'NONE', #7853, #2146, #4894, .T. ) ;
#4276 = EDGE_CURVE ( 'NONE', #5051, #6896, #9410, .T. ) ;
#4277 = FACE_OUTER_BOUND ( 'NONE', #9425, .T. ) ;
#4278 = CYLINDRICAL_SURFACE ( 'NONE', #8795, 0.1000000000000000056 ) ;
#4279 = FACE_OUTER_BOUND ( 'NONE', #82, .T. ) ;
#4280 = VERTEX_POINT ( 'NONE', #7263 ) ;
#4281 = VERTEX_POINT ( 'NONE', #1828 ) ;
#4282 = CARTESIAN_POINT ( 'NONE',  ( -3.637083961758269979, 4.750000000000000000, -0.1445831303232300025 ) ) ;
#4283 = CARTESIAN_POINT ( 'NONE',  ( 5.200000000000000178, 8.900000000000000355, -3.500000000000000000 ) ) ;
#4284 = LINE ( 'NONE', #2362, #8075 ) ;
#4285 = DIRECTION ( 'NONE',  ( 0.000000000000000000, 0.000000000000000000, -1.000000000000000000 ) ) ;
#4286 = DIRECTION ( 'NONE',  ( -3.675261601645779967E-17, 0.000000000000000000, -1.000000000000000000 ) ) ;
#4287 = PLANE ( 'NONE',  #3700 ) ;
#4288 =( BOUNDED_CURVE ( )  B_SPLINE_CURVE ( 3, ( #4227, #2197, #4471, #2243 ),
 .UNSPECIFIED., .F., .F. ) 
 B_SPLINE_CURVE_WITH_KNOTS ( ( 4, 4 ),
 ( 2.556440377499874739, 3.141592653589795336 ),
 .UNSPECIFIED. ) 
 CURVE ( )  GEOMETRIC_REPRESENTATION_ITEM ( )  RATIONAL_B_SPLINE_CURVE ( ( 1.000000000000000000, 0.9716693628243328051, 0.9716693628243328051, 1.000000000000000000 ) ) 
 REPRESENTATION_ITEM ( '' )  );
#4289 = CARTESIAN_POINT ( 'NONE',  ( 6.200000000000000178, 6.150000000000000355, 0.5500000000000230260 ) ) ;
#4290 = EDGE_LOOP ( 'NONE', ( #1231, #6305, #5484, #6795 ) ) ;
#4291 = ORIENTED_EDGE ( 'NONE', *, *, #8673, .F. ) ;
#4292 = ORIENTED_EDGE ( 'NONE', *, *, #1717, .F. ) ;
#4293 = ORIENTED_EDGE ( 'NONE', *, *, #8304, .F. ) ;
#4294 = CARTESIAN_POINT ( 'NONE',  ( 3.299999999999999822, 5.300000000000000711, 0.05000000000001883493 ) ) ;
#4295 = EDGE_CURVE ( 'NONE', #2008, #5168, #4047, .T. ) ;
#4296 = AXIS2_PLACEMENT_3D ( 'NONE', #4331, #8106, #1321 ) ;
#4297 = AXIS2_PLACEMENT_3D ( 'NONE', #8486, #3261, #4856 ) ;
#4298 = DIRECTION ( 'NONE',  ( 0.000000000000000000, 0.000000000000000000, 1.000000000000000000 ) ) ;
#4299 = DIRECTION ( 'NONE',  ( 0.000000000000000000, 0.000000000000000000, -1.000000000000000000 ) ) ;
#4300 = AXIS2_PLACEMENT_3D ( 'NONE', #6092, #7569, #6676 ) ;
#4301 = ADVANCED_FACE ( 'NONE', ( #2658 ), #378, .F. ) ;
#4302 = DIRECTION ( 'NONE',  ( 0.000000000000000000, 1.000000000000000000, 0.000000000000000000 ) ) ;
#4303 = VECTOR ( 'NONE', #8849, 1000.000000000000114 ) ;
#4304 = CARTESIAN_POINT ( 'NONE',  ( -9.199999999999999289, 4.286263797015740046E-16, 2.700000000000000178 ) ) ;
#4305 = ORIENTED_EDGE ( 'NONE', *, *, #8580, .T. ) ;
#4306 = ORIENTED_EDGE ( 'NONE', *, *, #690, .T. ) ;
#4307 = CARTESIAN_POINT ( 'NONE',  ( -11.41499140248980027, -3.241110373904149800, -2.500000000000000000 ) ) ;
#4308 = ADVANCED_FACE ( 'NONE', ( #6370 ), #7918, .F. ) ;
#4310 = AXIS2_PLACEMENT_3D ( 'NONE', #7094, #1063, #5563 ) ;
#4309 = LINE ( 'NONE', #6353, #534 ) ;
#4311 = CARTESIAN_POINT ( 'NONE',  ( 1.807518844340070041, 1.699999999999999956, -6.505213034913029562E-16 ) ) ;
#4312 = DIRECTION ( 'NONE',  ( 1.365923996832129884E-16, 0.000000000000000000, -1.000000000000000000 ) ) ;
#4313 = CARTESIAN_POINT ( 'NONE',  ( -3.884271928232700066, -3.550000000000000266, 3.500000000000000000 ) ) ;
#4314 = DIRECTION ( 'NONE',  ( -2.659480039017769634E-16, 1.110223024625160090E-15, -1.000000000000000000 ) ) ;
#4315 = EDGE_CURVE ( 'NONE', #4474, #8659, #2917, .T. ) ;
#4316 = CARTESIAN_POINT ( 'NONE',  ( -5.430110566984415854, 4.694527097874565236, 0.05000000000000966865 ) ) ;
#4317 = DIRECTION ( 'NONE',  ( 0.000000000000000000, 9.970989681626198491E-16, -1.000000000000000000 ) ) ;
#4318 = ORIENTED_EDGE ( 'NONE', *, *, #4422, .F. ) ;
#4319 = AXIS2_PLACEMENT_3D ( 'NONE', #3855, #9026, #3128 ) ;
#4320 = ORIENTED_EDGE ( 'NONE', *, *, #2737, .F. ) ;
#4321 = ORIENTED_EDGE ( 'NONE', *, *, #3813, .T. ) ;
#4322 = ORIENTED_EDGE ( 'NONE', *, *, #5881, .T. ) ;
#4323 = VERTEX_POINT ( 'NONE', #1037 ) ;
#4324 = LINE ( 'NONE', #557, #938 ) ;
#4325 = FACE_OUTER_BOUND ( 'NONE', #5576, .T. ) ;
#4326 = DIRECTION ( 'NONE',  ( -1.000000000000000000, 0.000000000000000000, 0.000000000000000000 ) ) ;
#4327 = DIRECTION ( 'NONE',  ( 0.1169059789102828151, 0.000000000000000000, -0.9931429867320357152 ) ) ;
#4328 = DIRECTION ( 'NONE',  ( -0.2462931838462591450, 0.000000000000000000, 0.9691953712182456160 ) ) ;
#4329 = ADVANCED_FACE ( 'NONE', ( #1917 ), #3300, .T. ) ;
#4330 = ORIENTED_EDGE ( 'NONE', *, *, #4220, .F. ) ;
#4331 = CARTESIAN_POINT ( 'NONE',  ( -0.8000000000000000444, 8.900000000000000355, 3.500000000000000000 ) ) ;
#4332 = CIRCLE ( 'NONE', #4811, 2.500000000000000000 ) ;
#4333 = CARTESIAN_POINT ( 'NONE',  ( -0.8000000000000000444, -8.900000000000000355, 3.500000000000000000 ) ) ;
#4334 = AXIS2_PLACEMENT_3D ( 'NONE', #5857, #7333, #3286 ) ;
#4335 = CARTESIAN_POINT ( 'NONE',  ( -3.100000000000000089, -3.550000000000000266, 3.950000000000000178 ) ) ;
#4336 = VECTOR ( 'NONE', #7425, 1000.000000000000000 ) ;
#4337 = CARTESIAN_POINT ( 'NONE',  ( -12.69999999999999929, -7.500000000000000000, -4.000000000000000000 ) ) ;
#4338 = CARTESIAN_POINT ( 'NONE',  ( 4.792481155659929826, 6.200000000000000178, 1.800000000000000044 ) ) ;
#4339 = FACE_BOUND ( 'NONE', #6413, .T. ) ;
#4340 = CIRCLE ( 'NONE', #6395, 1.250000000000000222 ) ;
#4341 = CARTESIAN_POINT ( 'NONE',  ( -5.145272052113280203, -4.750000000000000000, -0.03079483887012009896 ) ) ;
#4342 = CIRCLE ( 'NONE', #69, 0.6500000000000000222 ) ;
#4344 = ORIENTED_EDGE ( 'NONE', *, *, #321, .T. ) ;
#4343 = EDGE_CURVE ( 'NONE', #9230, #1097, #6234, .T. ) ;
#4345 = ORIENTED_EDGE ( 'NONE', *, *, #1235, .F. ) ;
#4346 = EDGE_CURVE ( 'NONE', #3003, #5751, #9549, .T. ) ;
#4347 = ORIENTED_EDGE ( 'NONE', *, *, #8097, .T. ) ;
#4348 = ORIENTED_EDGE ( 'NONE', *, *, #1906, .T. ) ;
#4349 = CARTESIAN_POINT ( 'NONE',  ( -2.700000000000000178, -3.950000000000000178, 3.950000000000000178 ) ) ;
#4350 = VECTOR ( 'NONE', #8958, 1000.000000000000000 ) ;
#4351 = CIRCLE ( 'NONE', #75, 0.09999999999999982514 ) ;
#4352 = TOROIDAL_SURFACE ( 'NONE', #7360, 0.3769558987526489546, 0.1000000000000000056 ) ;
#4353 = CARTESIAN_POINT ( 'NONE',  ( 12.69999999999999929, -8.673617379884039416E-16, 0.000000000000000000 ) ) ;
#4354 = DIRECTION ( 'NONE',  ( 0.000000000000000000, -1.000000000000000000, 0.000000000000000000 ) ) ;
#4355 = CARTESIAN_POINT ( 'NONE',  ( 10.69999999999999929, 6.000000000000000000, 0.000000000000000000 ) ) ;
#4356 = FACE_OUTER_BOUND ( 'NONE', #8763, .T. ) ;
#4357 = ORIENTED_EDGE ( 'NONE', *, *, #583, .T. ) ;
#4358 = VECTOR ( 'NONE', #608, 1000.000000000000000 ) ;
#4359 = ORIENTED_EDGE ( 'NONE', *, *, #5253, .T. ) ;
#4360 = CARTESIAN_POINT ( 'NONE',  ( -2.700000000000000178, 1.224646799147349904E-15, 4.000000000000000000 ) ) ;
#4361 = CARTESIAN_POINT ( 'NONE',  ( 4.792481155659929826, 6.200000000000000178, 1.350000000000020073 ) ) ;
#4362 = DIRECTION ( 'NONE',  ( 3.675261601645779967E-17, 0.000000000000000000, 1.000000000000000000 ) ) ;
#4363 = LINE ( 'NONE', #9767, #2245 ) ;
#4364 = CIRCLE ( 'NONE', #5629, 1.000000000000000000 ) ;
#4365 = PLANE ( 'NONE',  #2617 ) ;
#4366 = FACE_OUTER_BOUND ( 'NONE', #7344, .T. ) ;
#4367 = CARTESIAN_POINT ( 'NONE',  ( 3.832908392217340143, -7.643242681739700117, -3.984225351743540422 ) ) ;
#4368 = EDGE_CURVE ( 'NONE', #3545, #5976, #8614, .T. ) ;
#4369 = DIRECTION ( 'NONE',  ( 0.000000000000000000, 0.000000000000000000, -1.000000000000000000 ) ) ;
#4370 = EDGE_CURVE ( 'NONE', #7774, #781, #3467, .T. ) ;
#4371 = VERTEX_POINT ( 'NONE', #8210 ) ;
#4372 = VERTEX_POINT ( 'NONE', #2212 ) ;
#4373 = VECTOR ( 'NONE', #5893, 1000.000000000000000 ) ;
#4374 = ORIENTED_EDGE ( 'NONE', *, *, #6967, .F. ) ;
#4375 = ORIENTED_EDGE ( 'NONE', *, *, #2204, .T. ) ;
#4376 = ORIENTED_EDGE ( 'NONE', *, *, #2641, .T. ) ;
#4377 = CARTESIAN_POINT ( 'NONE',  ( 0.7717143142914340004, 7.500000000000000000, -4.000000000000000000 ) ) ;
#4378 = EDGE_CURVE ( 'NONE', #8873, #2169, #1327, .T. ) ;
#4379 = CARTESIAN_POINT ( 'NONE',  ( -6.672013369141700309E-16, 0.000000000000000000, 3.950000000000000178 ) ) ;
#4380 = DIRECTION ( 'NONE',  ( -1.000000000000000000, -2.551063935260009998E-16, -1.734723475976839881E-16 ) ) ;
#4381 = PLANE ( 'NONE',  #559 ) ;
#4382 = FACE_OUTER_BOUND ( 'NONE', #5989, .T. ) ;
#4383 = ORIENTED_EDGE ( 'NONE', *, *, #4257, .F. ) ;
#4384 = DIRECTION ( 'NONE',  ( -0.9670826766655243878, 0.000000000000000000, 0.2544623675387871486 ) ) ;
#4385 = EDGE_CURVE ( 'NONE', #1179, #7280, #2066, .T. ) ;
#4386 = CARTESIAN_POINT ( 'NONE',  ( -0.6999999999999999556, -1.574999999999999956, -1.903670561864009958 ) ) ;
#4387 = EDGE_CURVE ( 'NONE', #6350, #3445, #2954, .T. ) ;
#4388 = DIRECTION ( 'NONE',  ( 1.365923996832129884E-16, 0.000000000000000000, -1.000000000000000000 ) ) ;
#4389 = CARTESIAN_POINT ( 'NONE',  ( 0.2999999999999999889, 12.00000000000000000, 4.000000000000000000 ) ) ;
#4390 = DIRECTION ( 'NONE',  ( 0.000000000000000000, 0.000000000000000000, -1.000000000000000000 ) ) ;
#4391 = DIRECTION ( 'NONE',  ( 1.000000000000000000, 0.000000000000000000, -9.540979117872440991E-16 ) ) ;
#4392 = ORIENTED_EDGE ( 'NONE', *, *, #3527, .T. ) ;
#4393 = EDGE_LOOP ( 'NONE', ( #6315, #3764, #4123 ) ) ;
#4394 = ORIENTED_EDGE ( 'NONE', *, *, #4616, .F. ) ;
#4395 = ORIENTED_EDGE ( 'NONE', *, *, #1218, .T. ) ;
#4396 = VECTOR ( 'NONE', #6757, 1000.000000000000000 ) ;
#4397 = CARTESIAN_POINT ( 'NONE',  ( -11.46738209570190037, 4.649999999999999467, -1.976314594173340211 ) ) ;
#4398 = EDGE_CURVE ( 'NONE', #7541, #1879, #4438, .T. ) ;
#4399 = EDGE_CURVE ( 'NONE', #7574, #7774, #7716, .T. ) ;
#4400 = AXIS2_PLACEMENT_3D ( 'NONE', #7807, #7903, #8507 ) ;
#4401 = DIRECTION ( 'NONE',  ( 0.000000000000000000, 0.000000000000000000, 1.000000000000000000 ) ) ;
#4402 = DIRECTION ( 'NONE',  ( -7.255674608222192083E-16, -0.5780173407803371743, -0.8160244811016563737 ) ) ;
#4403 = FACE_OUTER_BOUND ( 'NONE', #1042, .T. ) ;
#4404 = FACE_OUTER_BOUND ( 'NONE', #6574, .T. ) ;
#4405 = ORIENTED_EDGE ( 'NONE', *, *, #9520, .F. ) ;
#4406 = VERTEX_POINT ( 'NONE', #2856 ) ;
#4407 = LINE ( 'NONE', #6738, #7831 ) ;
#4408 = AXIS2_PLACEMENT_3D ( 'NONE', #4626, #3097, #6309 ) ;
#4409 = CARTESIAN_POINT ( 'NONE',  ( -12.20000000000000107, -1.750000000000000000, 0.5500000000000000444 ) ) ;
#4410 = DIRECTION ( 'NONE',  ( -1.365923996832129884E-16, 0.000000000000000000, 1.000000000000000000 ) ) ;
#4411 = CARTESIAN_POINT ( 'NONE',  ( -11.46738209570190037, -3.250000000000000000, -2.026314594173330264 ) ) ;
#4412 = DIRECTION ( 'NONE',  ( -0.9691953712182476144, 0.000000000000000000, -0.2462931838462509293 ) ) ;
#4413 = FACE_OUTER_BOUND ( 'NONE', #8995, .T. ) ;
#4414 = AXIS2_PLACEMENT_3D ( 'NONE', #7348, #8841, #705 ) ;
#4415 = LINE ( 'NONE', #2387, #8121 ) ;
#4416 = CARTESIAN_POINT ( 'NONE',  ( 4.000000000000000000, 8.000000000000000000, -3.500000000000000000 ) ) ;
#4417 = ORIENTED_EDGE ( 'NONE', *, *, #2064, .T. ) ;
#4418 = VERTEX_POINT ( 'NONE', #5138 ) ;
#4419 = ORIENTED_EDGE ( 'NONE', *, *, #709, .F. ) ;
#4420 = VERTEX_POINT ( 'NONE', #2019 ) ;
#4421 = LINE ( 'NONE', #1361, #1733 ) ;
#4422 = EDGE_CURVE ( 'NONE', #3745, #3789, #9601, .T. ) ;
#4423 = CARTESIAN_POINT ( 'NONE',  ( 0.6278335848540890218, 7.501076215298259520, -4.000000000000000000 ) ) ;
#4424 = LINE ( 'NONE', #8150, #4783 ) ;
#4425 = VECTOR ( 'NONE', #5635, 1000.000000000000000 ) ;
#4426 = CARTESIAN_POINT ( 'NONE',  ( 11.25000000000000000, 5.000000000000000000, -1.499999999999999778 ) ) ;
#4427 = CARTESIAN_POINT ( 'NONE',  ( 6.200000000000000178, 12.00000000000000000, 0.000000000000000000 ) ) ;
#4428 = ADVANCED_FACE ( 'NONE', ( #8166 ), #9309, .T. ) ;
#4429 = ORIENTED_EDGE ( 'NONE', *, *, #6580, .F. ) ;
#4430 = FACE_OUTER_BOUND ( 'NONE', #5603, .T. ) ;
#4431 = CARTESIAN_POINT ( 'NONE',  ( -4.898978868267030329, 3.149999999999999911, 0.05000000000000860007 ) ) ;
#4432 = DIRECTION ( 'NONE',  ( 0.000000000000000000, 1.000000000000000000, 0.000000000000000000 ) ) ;
#4433 = AXIS2_PLACEMENT_3D ( 'NONE', #4926, #4129, #3381 ) ;
#4434 = CARTESIAN_POINT ( 'NONE',  ( 6.700000000000000178, -8.673617379884039416E-16, 0.000000000000000000 ) ) ;
#4435 = DIRECTION ( 'NONE',  ( 0.000000000000000000, 1.000000000000000000, 0.000000000000000000 ) ) ;
#4436 = CARTESIAN_POINT ( 'NONE',  ( 2.899999999999999911, 3.550000000000000266, 2.825337829024849867 ) ) ;
#4437 = EDGE_CURVE ( 'NONE', #5483, #6918, #5236, .T. ) ;
#4438 = LINE ( 'NONE', #2113, #2968 ) ;
#4439 = ORIENTED_EDGE ( 'NONE', *, *, #2793, .T. ) ;
#4440 = ORIENTED_EDGE ( 'NONE', *, *, #2370, .T. ) ;
#4441 = ORIENTED_EDGE ( 'NONE', *, *, #4368, .T. ) ;
#4442 = ORIENTED_EDGE ( 'NONE', *, *, #4510, .T. ) ;
#4443 = CARTESIAN_POINT ( 'NONE',  ( 10.69999999999999929, -8.000000000000000000, -3.500000000000000000 ) ) ;
#4444 = CARTESIAN_POINT ( 'NONE',  ( -10.49999999999999822, 4.286263797015740046E-16, -2.700000000000000178 ) ) ;
#4445 = DIRECTION ( 'NONE',  ( -1.000000000000000000, 1.275531967630009929E-16, 0.000000000000000000 ) ) ;
#4446 = LINE ( 'NONE', #8372, #5254 ) ;
#4447 = FACE_BOUND ( 'NONE', #825, .T. ) ;
#4448 = VERTEX_POINT ( 'NONE', #1470 ) ;
#4449 = VERTEX_POINT ( 'NONE', #4483 ) ;
#4450 = EDGE_CURVE ( 'NONE', #4124, #5360, #3735, .T. ) ;
#4451 = EDGE_CURVE ( 'NONE', #1484, #4944, #2268, .T. ) ;
#4452 = CARTESIAN_POINT ( 'NONE',  ( -3.751592027150730146, -3.149999999999999911, -0.6297703348226999509 ) ) ;
#4453 = VECTOR ( 'NONE', #5252, 1000.000000000000000 ) ;
#4454 = CARTESIAN_POINT ( 'NONE',  ( 4.792481155659919168, -1.699999999999999956, 1.800000000000000044 ) ) ;
#4455 = CIRCLE ( 'NONE', #657, 2.600000000000000089 ) ;
#4456 = VECTOR ( 'NONE', #7770, 1000.000000000000000 ) ;
#4457 = DIRECTION ( 'NONE',  ( -0.4999999999999998890, 0.8660254037844387076, 2.862553512863289577E-16 ) ) ;
#4458 = DIRECTION ( 'NONE',  ( 0.000000000000000000, -1.000000000000000000, 0.000000000000000000 ) ) ;
#4459 = CARTESIAN_POINT ( 'NONE',  ( 6.405188171459130331, -7.989681027838729577, -3.616495914566179692 ) ) ;
#4460 = LINE ( 'NONE', #7482, #377 ) ;
#4461 = CARTESIAN_POINT ( 'NONE',  ( 10.80000000000000071, -5.000000000000000000, -1.499999999999999778 ) ) ;
#4462 = CARTESIAN_POINT ( 'NONE',  ( 3.399999999999999911, 8.000000000000000000, -3.500000000000000000 ) ) ;
#4463 = CIRCLE ( 'NONE', #3198, 0.5000000000000000000 ) ;
#4464 = ORIENTED_EDGE ( 'NONE', *, *, #9744, .T. ) ;
#4465 = EDGE_CURVE ( 'NONE', #6273, #4130, #2817, .T. ) ;
#4466 = VECTOR ( 'NONE', #6022, 1000.000000000000000 ) ;
#4467 = ORIENTED_EDGE ( 'NONE', *, *, #8561, .F. ) ;
#4468 = DIRECTION ( 'NONE',  ( 0.000000000000000000, -1.000000000000000000, -9.970989681626198491E-16 ) ) ;
#4469 = DIRECTION ( 'NONE',  ( 1.734723475976839881E-16, 0.000000000000000000, -1.000000000000000000 ) ) ;
#4470 = DIRECTION ( 'NONE',  ( 0.000000000000000000, -1.000000000000000000, 0.000000000000000000 ) ) ;
#4471 = CARTESIAN_POINT ( 'NONE',  ( -5.233354133029904709, -3.230211386502812143, 0.04999999999999760192 ) ) ;
#4472 = LINE ( 'NONE', #5125, #6143 ) ;
#4473 = AXIS2_PLACEMENT_3D ( 'NONE', #6641, #5909, #1151 ) ;
#4474 = VERTEX_POINT ( 'NONE', #4341 ) ;
#4475 = ORIENTED_EDGE ( 'NONE', *, *, #6016, .T. ) ;
#4476 = DIRECTION ( 'NONE',  ( 1.000000000000000000, 0.000000000000000000, 0.000000000000000000 ) ) ;
#4477 = CARTESIAN_POINT ( 'NONE',  ( 2.899999999999999911, 5.116394465975029782, 2.731968657847129833 ) ) ;
#4478 = AXIS2_PLACEMENT_3D ( 'NONE', #607, #2843, #708 ) ;
#4479 = DIRECTION ( 'NONE',  ( 0.000000000000000000, 1.000000000000000000, 0.000000000000000000 ) ) ;
#4480 = ADVANCED_FACE ( 'NONE', ( #576 ), #3587, .F. ) ;
#4481 = DIRECTION ( 'NONE',  ( 0.000000000000000000, 0.000000000000000000, -1.000000000000000000 ) ) ;
#4482 = DIRECTION ( 'NONE',  ( 1.334402673828309888E-16, 0.000000000000000000, -1.000000000000000000 ) ) ;
#4483 = CARTESIAN_POINT ( 'NONE',  ( -5.430110566984439835, 4.649999999999999467, 0.05000000000000960620 ) ) ;
#4484 = EDGE_CURVE ( 'NONE', #5117, #7705, #9106, .T. ) ;
#4485 = ORIENTED_EDGE ( 'NONE', *, *, #950, .F. ) ;
#4486 = EDGE_LOOP ( 'NONE', ( #24, #9263, #7253, #5689, #1728, #3521, #8606, #3400, #320, #8818, #5826, #4169, #1921, #6487 ) ) ;
#4487 = ORIENTED_EDGE ( 'NONE', *, *, #3998, .T. ) ;
#4488 = ORIENTED_EDGE ( 'NONE', *, *, #8170, .T. ) ;
#4489 = CARTESIAN_POINT ( 'NONE',  ( -5.233354133029929578, -2.449999999999969980, 0.04999999999999839295 ) ) ;
#4490 = VECTOR ( 'NONE', #3640, 1000.000000000000000 ) ;
#4491 = EDGE_CURVE ( 'NONE', #6245, #7074, #4633, .T. ) ;
#4492 = EDGE_CURVE ( 'NONE', #9411, #3233, #8364, .T. ) ;
#4493 = VECTOR ( 'NONE', #8771, 1000.000000000000000 ) ;
#4494 = VECTOR ( 'NONE', #9566, 1000.000000000000114 ) ;
#4495 = CARTESIAN_POINT ( 'NONE',  ( -3.884271928232700066, -3.550000000000000266, 3.500000000000000000 ) ) ;
#4496 = CARTESIAN_POINT ( 'NONE',  ( -11.46738209570190037, 4.750000000000000000, -1.976314594173340211 ) ) ;
#4497 = DIRECTION ( 'NONE',  ( -1.000000000000000000, -5.551115123125729701E-17, -9.387283644590649326E-16 ) ) ;
#4498 = LINE ( 'NONE', #5151, #4336 ) ;
#4499 = VERTEX_POINT ( 'NONE', #3051 ) ;
#4500 = ORIENTED_EDGE ( 'NONE', *, *, #4833, .F. ) ;
#4501 = VECTOR ( 'NONE', #3412, 1000.000000000000000 ) ;
#4502 = ORIENTED_EDGE ( 'NONE', *, *, #9617, .T. ) ;
#4503 = AXIS2_PLACEMENT_3D ( 'NONE', #7916, #1965, #1083 ) ;
#4504 = DIRECTION ( 'NONE',  ( -0.7071067811865450192, 0.7071067811865500152, 2.598802401158250085E-17 ) ) ;
#4505 = CIRCLE ( 'NONE', #7841, 0.02695589875264907398 ) ;
#4506 = FACE_OUTER_BOUND ( 'NONE', #9529, .T. ) ;
#4507 = EDGE_CURVE ( 'NONE', #7972, #6927, #4082, .T. ) ;
#4508 = CARTESIAN_POINT ( 'NONE',  ( 0.2999999999999999889, -7.900000000000000355, 0.5499999999999920508 ) ) ;
#4509 = DIRECTION ( 'NONE',  ( 0.000000000000000000, -1.000000000000000000, 0.000000000000000000 ) ) ;
#4510 = EDGE_CURVE ( 'NONE', #7208, #4760, #4586, .T. ) ;
#4511 = CARTESIAN_POINT ( 'NONE',  ( 6.200000000000000178, 6.200000000000000178, 1.800000000000000044 ) ) ;
#4512 = VECTOR ( 'NONE', #8341, 1000.000000000000000 ) ;
#4513 = CARTESIAN_POINT ( 'NONE',  ( -12.69999999999999929, 8.000000000000000000, 4.000000000000000000 ) ) ;
#4514 = AXIS2_PLACEMENT_3D ( 'NONE', #9683, #1262, #5921 ) ;
#4515 = CARTESIAN_POINT ( 'NONE',  ( 2.899999999999999911, 3.950000000000000178, -3.649999999999999911 ) ) ;
#4516 = LINE ( 'NONE', #9819, #4512 ) ;
#4517 = AXIS2_PLACEMENT_3D ( 'NONE', #2012, #4091, #421 ) ;
#4518 = ORIENTED_EDGE ( 'NONE', *, *, #8473, .T. ) ;
#4519 = ORIENTED_EDGE ( 'NONE', *, *, #8473, .F. ) ;
#4520 = CARTESIAN_POINT ( 'NONE',  ( -2.700000000000000178, -3.950000000000000178, 3.500000000000000000 ) ) ;
#4521 = CARTESIAN_POINT ( 'NONE',  ( 0.5104997526002459374, 7.769467989910469718, -3.926640469245339826 ) ) ;
#4522 = FACE_OUTER_BOUND ( 'NONE', #2565, .T. ) ;
#4523 = ADVANCED_FACE ( 'NONE', ( #770 ), #921, .F. ) ;
#4524 = LINE ( 'NONE', #9086, #84 ) ;
#4525 = DIRECTION ( 'NONE',  ( -1.000000000000000000, -5.551115123125729701E-17, -9.387283644590649326E-16 ) ) ;
#4526 = EDGE_CURVE ( 'NONE', #117, #8057, #9049, .T. ) ;
#4527 = CARTESIAN_POINT ( 'NONE',  ( -5.059069437767100830, 4.649999999999999467, -0.3200132187965100128 ) ) ;
#4528 = B_SPLINE_CURVE_WITH_KNOTS ( 'NONE', 3,
 ( #956, #4816, #7844, #207 ),
 .UNSPECIFIED., .F., .F.,
 ( 4, 4 ),
 ( 0.4996115779860614281, 1.000000000000000000 ),
 .UNSPECIFIED. ) ;
#4529 = VECTOR ( 'NONE', #8032, 1000.000000000000000 ) ;
#4530 = VERTEX_POINT ( 'NONE', #21 ) ;
#4531 = ORIENTED_EDGE ( 'NONE', *, *, #3938, .T. ) ;
#4532 = DIRECTION ( 'NONE',  ( 1.000000000000000000, 0.000000000000000000, 0.000000000000000000 ) ) ;
#4533 = CYLINDRICAL_SURFACE ( 'NONE', #2446, 0.09999999999999997780 ) ;
#4534 = CARTESIAN_POINT ( 'NONE',  ( 3.405188171472940173, 7.989681027811379899, -3.616495914717509752 ) ) ;
#4535 = LINE ( 'NONE', #7555, #5535 ) ;
#4536 = DIRECTION ( 'NONE',  ( 0.000000000000000000, -1.000000000000000000, 0.000000000000000000 ) ) ;
#4537 = DIRECTION ( 'NONE',  ( 1.000000000000000000, 0.000000000000000000, 3.336006684570782608E-16 ) ) ;
#4538 = ORIENTED_EDGE ( 'NONE', *, *, #4399, .F. ) ;
#4539 = ORIENTED_EDGE ( 'NONE', *, *, #2248, .T. ) ;
#4540 = VERTEX_POINT ( 'NONE', #5381 ) ;
#4541 = DIRECTION ( 'NONE',  ( 0.000000000000000000, -1.000000000000000000, 0.000000000000000000 ) ) ;
#4542 = ADVANCED_FACE ( 'NONE', ( #3934 ), #8461, .F. ) ;
#4543 = DIRECTION ( 'NONE',  ( -1.000000000000000000, 0.000000000000000000, 0.000000000000000000 ) ) ;
#4544 = DIRECTION ( 'NONE',  ( 0.9931429867320364924, 0.000000000000000000, 0.1169059789102759456 ) ) ;
#4545 = CYLINDRICAL_SURFACE ( 'NONE', #4300, 0.5000000000000000000 ) ;
#4546 = DIRECTION ( 'NONE',  ( 0.000000000000000000, 1.000000000000000000, 0.000000000000000000 ) ) ;
#4547 = ORIENTED_EDGE ( 'NONE', *, *, #3420, .T. ) ;
#4548 = ORIENTED_EDGE ( 'NONE', *, *, #9645, .T. ) ;
#4549 = AXIS2_PLACEMENT_3D ( 'NONE', #1207, #4217, #6445 ) ;
#4550 = EDGE_CURVE ( 'NONE', #8667, #5693, #6079, .T. ) ;
#4551 = VERTEX_POINT ( 'NONE', #174 ) ;
#4552 = DIRECTION ( 'NONE',  ( -0.9931429867320367144, 0.000000000000000000, -0.1169059789102749741 ) ) ;
#4553 = LINE ( 'NONE', #9021, #654 ) ;
#4554 = VECTOR ( 'NONE', #6325, 1000.000000000000000 ) ;
#4555 = LINE ( 'NONE', #2181, #6792 ) ;
#4556 = LINE ( 'NONE', #5398, #3499 ) ;
#4557 = CARTESIAN_POINT ( 'NONE',  ( 6.567091607821350152, -7.643242681650879611, -3.984225351764090206 ) ) ;
#4558 = CARTESIAN_POINT ( 'NONE',  ( -0.6999999999999999556, -3.100000000000000089, -0.8499999999999999778 ) ) ;
#4559 = CARTESIAN_POINT ( 'NONE',  ( -0.6999999999999999556, -2.700000000000000178, -0.8499999999999999778 ) ) ;
#4560 = CARTESIAN_POINT ( 'NONE',  ( -4.895814636122127084, 3.250000000000000000, -0.1999968850281230726 ) ) ;
#4561 = VERTEX_POINT ( 'NONE', #5282 ) ;
#4562 = CIRCLE ( 'NONE', #5035, 1.250000000000000222 ) ;
#4563 = EDGE_CURVE ( 'NONE', #9627, #8792, #8309, .T. ) ;
#4564 = ORIENTED_EDGE ( 'NONE', *, *, #9249, .F. ) ;
#4565 = ORIENTED_EDGE ( 'NONE', *, *, #2857, .F. ) ;
#4566 = EDGE_CURVE ( 'NONE', #3015, #8559, #598, .T. ) ;
#4567 = DIRECTION ( 'NONE',  ( 0.000000000000000000, 0.000000000000000000, 1.000000000000000000 ) ) ;
#4568 = CARTESIAN_POINT ( 'NONE',  ( 0.6282856857085710178, 7.500000000000000000, -4.000000000000000000 ) ) ;
#4569 = DIRECTION ( 'NONE',  ( 1.105919394014709887E-16, 0.5780173407803390617, 0.8160244811016550415 ) ) ;
#4570 = ADVANCED_FACE ( 'NONE', ( #7558 ), #3783, .F. ) ;
#4571 = CARTESIAN_POINT ( 'NONE',  ( -12.69999999999999929, 7.500000000000000000, -4.000000000000000000 ) ) ;
#4572 = LINE ( 'NONE', #7594, #3918 ) ;
#4573 = DIRECTION ( 'NONE',  ( -1.741690236924499901E-16, 0.000000000000000000, 1.000000000000000000 ) ) ;
#4574 = EDGE_LOOP ( 'NONE', ( #3942, #5337 ) ) ;
#4575 = AXIS2_PLACEMENT_3D ( 'NONE', #6077, #6858, #9103 ) ;
#4576 = B_SPLINE_CURVE_WITH_KNOTS ( 'NONE', 3,
 ( #6739, #3847, #689, #7432, #3801, #41, #2136, #6101, #9125, #2334 ),
 .UNSPECIFIED., .F., .F.,
 ( 4, 2, 2, 2, 4 ),
 ( 0.006239537281635739764, 0.006714753178008588293, 0.007349551328819196004, 0.008421736238227384846, 0.01247907456327610257 ),
 .UNSPECIFIED. ) ;
#4577 = EDGE_CURVE ( 'NONE', #8618, #5393, #6147, .T. ) ;
#4578 = EDGE_CURVE ( 'NONE', #8081, #1098, #3238, .T. ) ;
#4579 = DIRECTION ( 'NONE',  ( -1.000000000000000000, 0.000000000000000000, -1.668003342285390565E-16 ) ) ;
#4580 = CARTESIAN_POINT ( 'NONE',  ( -2.197333865429590194, 7.573611609418040125, 3.999535118194399885 ) ) ;
#4581 = AXIS2_PLACEMENT_3D ( 'NONE', #6490, #2726, #7933 ) ;
#4582 = LINE ( 'NONE', #6126, #3339 ) ;
#4583 = CARTESIAN_POINT ( 'NONE',  ( -4.644516500728250286, -3.250000000000000000, -0.03290753342284009897 ) ) ;
#4584 = DIRECTION ( 'NONE',  ( 1.334402673828309888E-16, 0.000000000000000000, -1.000000000000000000 ) ) ;
#4585 = CIRCLE ( 'NONE', #2529, 5.895623928210657283 ) ;
#4586 = LINE ( 'NONE', #2409, #129 ) ;
#4587 = VERTEX_POINT ( 'NONE', #3330 ) ;
#4588 = ORIENTED_EDGE ( 'NONE', *, *, #7814, .F. ) ;
#4589 = VERTEX_POINT ( 'NONE', #3147 ) ;
#4590 = FACE_OUTER_BOUND ( 'NONE', #2129, .T. ) ;
#4591 = TOROIDAL_SURFACE ( 'NONE', #319, 2.000000000000000000, 0.5000000000000000000 ) ;
#4592 = CARTESIAN_POINT ( 'NONE',  ( 8.199999999999999289, -5.000000000000000000, 0.000000000000000000 ) ) ;
#4593 = CARTESIAN_POINT ( 'NONE',  ( 6.200000000000000178, 7.781966011250100124, -46.00000000000000000 ) ) ;
#4594 = CARTESIAN_POINT ( 'NONE',  ( 6.400000000000000355, 8.000000000000000000, -3.500000000000000000 ) ) ;
#4595 = PLANE ( 'NONE',  #8937 ) ;
#4596 = ORIENTED_EDGE ( 'NONE', *, *, #3656, .T. ) ;
#4597 = ORIENTED_EDGE ( 'NONE', *, *, #3913, .F. ) ;
#4598 = ORIENTED_EDGE ( 'NONE', *, *, #568, .T. ) ;
#4599 = ORIENTED_EDGE ( 'NONE', *, *, #6634, .T. ) ;
#4600 = DIRECTION ( 'NONE',  ( -1.000000000000000000, 0.000000000000000000, 0.000000000000000000 ) ) ;
#4601 = DIRECTION ( 'NONE',  ( 1.656580215914899728E-16, 0.000000000000000000, -1.000000000000000000 ) ) ;
#4602 = LINE ( 'NONE', #1587, #4425 ) ;
#4603 = EDGE_CURVE ( 'NONE', #4087, #7676, #4727, .T. ) ;
#4604 = LINE ( 'NONE', #8335, #6314 ) ;
#4605 = PLANE ( 'NONE',  #8646 ) ;
#4606 = DIRECTION ( 'NONE',  ( -0.9931429867320367144, 0.000000000000000000, -0.1169059789102749741 ) ) ;
#4607 = CARTESIAN_POINT ( 'NONE',  ( -0.6999999999999999556, 5.599999999999999645, -0.8499999999999999778 ) ) ;
#4608 = FACE_OUTER_BOUND ( 'NONE', #7921, .T. ) ;
#4609 = ORIENTED_EDGE ( 'NONE', *, *, #4873, .T. ) ;
#4610 = ORIENTED_EDGE ( 'NONE', *, *, #5376, .F. ) ;
#4611 = EDGE_CURVE ( 'NONE', #346, #4418, #4032, .T. ) ;
#4612 = ORIENTED_EDGE ( 'NONE', *, *, #3420, .F. ) ;
#4613 = AXIS2_PLACEMENT_3D ( 'NONE', #3675, #4432, #6810 ) ;
#4614 = CARTESIAN_POINT ( 'NONE',  ( -0.6999999999999999556, 0.000000000000000000, 0.000000000000000000 ) ) ;
#4615 = CARTESIAN_POINT ( 'NONE',  ( -5.017014354795817255, 4.749850928431509800, 0.05000000000001005029 ) ) ;
#4616 = EDGE_CURVE ( 'NONE', #1339, #4839, #9297, .T. ) ;
#4617 = CARTESIAN_POINT ( 'NONE',  ( -12.69999999999999929, 1.699999999999999956, 0.5500000000000000444 ) ) ;
#4618 = VECTOR ( 'NONE', #6957, 1000.000000000000000 ) ;
#4619 = CARTESIAN_POINT ( 'NONE',  ( 6.200000000000000178, 6.200000000000000178, 0.000000000000000000 ) ) ;
#4620 = DIRECTION ( 'NONE',  ( 0.000000000000000000, 1.000000000000000000, 0.000000000000000000 ) ) ;
#4621 = CARTESIAN_POINT ( 'NONE',  ( -2.299999999999999822, -2.765728071767299845, 3.950000000000000178 ) ) ;
#4622 = LINE ( 'NONE', #7799, #4027 ) ;
#4623 = AXIS2_PLACEMENT_3D ( 'NONE', #2558, #9501, #475 ) ;
#4624 = ORIENTED_EDGE ( 'NONE', *, *, #5610, .F. ) ;
#4625 = ORIENTED_EDGE ( 'NONE', *, *, #8637, .T. ) ;
#4626 = CARTESIAN_POINT ( 'NONE',  ( 9.500000000000000000, 5.000000000000000000, 0.000000000000000000 ) ) ;
#4627 = DIRECTION ( 'NONE',  ( -1.074979409367269957E-31, 1.000000000000000000, 8.725142821606440391E-16 ) ) ;
#4628 = AXIS2_PLACEMENT_3D ( 'NONE', #5599, #7783, #4008 ) ;
#4629 = DIRECTION ( 'NONE',  ( 0.000000000000000000, -1.000000000000000000, 0.000000000000000000 ) ) ;
#4630 = FACE_OUTER_BOUND ( 'NONE', #1658, .T. ) ;
#4631 = LINE ( 'NONE', #9392, #4910 ) ;
#4632 = EDGE_CURVE ( 'NONE', #6907, #8920, #5422, .T. ) ;
#4633 = LINE ( 'NONE', #6129, #1401 ) ;
#4634 = ORIENTED_EDGE ( 'NONE', *, *, #7050, .T. ) ;
#4635 = TOROIDAL_SURFACE ( 'NONE', #7954, 0.7500000000000000000, 0.1000000000000000056 ) ;
#4636 = ORIENTED_EDGE ( 'NONE', *, *, #9197, .T. ) ;
#4637 = ORIENTED_EDGE ( 'NONE', *, *, #4070, .T. ) ;
#4638 = DIRECTION ( 'NONE',  ( 0.000000000000000000, 1.000000000000000000, 0.000000000000000000 ) ) ;
#4639 = CLOSED_SHELL ( 'NONE', ( #3474, #515, #8653, #2010, #5677, #5225, #8921, #1342, #669, #165, #6148, #6196, #8913, #7542, #6633, #2194, #4308, #9036, #4428, #6136, #1889, #1201, #4802, #3679, #8672, #4641, #7250, #7268, #1477, #3751, #8826, #2350, #1379, #3784, #1347, #9702, #9337, #6332, #4039, #6780, #2507, #5757, #4329, #823, #2124, #5955, #6164, #8621, #8275, #5545, #8595, #3178, #620, #7641, #5115, #4859, #4800, #2099, #2390, #6656, #3623, #4570, #973, #5290, #8136, #4761, #462, #3212, #5103, #7855, #5488, #7063, #4693, #337, #2585, #5528, #8883, #3362, #9376, #6847, #9675, #1073, #8333, #5314, #4235, #6703, #2697, #1127, #9295, #8011, #5313, #7212, #6112, #4117, #258, #1285, #1990, #8348, #5350, #2491, #3958, #7431, #4190, #7915, #6926, #7864, #9432, #18, #7394, #3568, #3042, #9072, #7904, #463, #6266, #962, #7172, #5500, #4542, #8729, #3069, #5829, #3190, #5900, #7236, #5453, #2134, #3009, #2970, #5779, #5474, #1075, #1564, #9587, #4523, #8754, #9159, #925, #6162, #2496, #605, #5395, #952, #5238, #2080, #4221, #6334, #8989, #7088, #1843, #5557, #1606, #5647, #6212, #6186, #4480, #7887, #4150, #4040, #5825, #4301, #1938, #8930, #7114, #7936, #6887, #2317, #1253, #5836, #6885, #2490, #9114, #246, #9573, #3112, #2584, #5851, #8851, #5188, #3771, #7669, #5835, #2456, #2668, #800, #1678, #1914, #4736, #6623, #7583, #7420, #3334, #1261, #4056, #5704, #8752, #2998, #7838, #8274, #2615, #9399, #8524, #9414, #604, #1136, #5524, #4953, #7708, #2876, #3384, #5705, #627, #1836, #731, #3391, #4643, #2140, #5956, #30, #1892, #4810, #2825, #8073, #1592, #6114, #6579, #1483, #29, #7508, #2311, #5734, #9713, #7761, #637, #150, #4121, #409, #4209, #1978, #2909, #5229, #526, #1563, #6400, #2032, #5477, #4772, #4095, #2979, #3837, #1783, #851, #1648, #5577, #6222, #2983, #3407, #6537, #1434, #8891, #9548, #9002, #6990, #4814, #3642, #3103, #7703, #7165, #8549, #638, #4026, #9673, #4855, #195, #1182, #8511, #7741, #5281, #8065, #1944, #7487, #7283, #3731, #9135, #7729, #5412, #1062, #2015, #8255, #6399, #2863, #3742, #1712, #2219, #8395, #7154, #8498, #9495, #6151, #5077, #6381, #3485, #804, #571, #9013, #2997, #3096 ) ) ;
#4640 = DIRECTION ( 'NONE',  ( 0.000000000000000000, 0.000000000000000000, -1.000000000000000000 ) ) ;
#4641 = ADVANCED_FACE ( 'NONE', ( #9343 ), #4777, .F. ) ;
#4642 = PLANE ( 'NONE',  #9415 ) ;
#4643 = ADVANCED_FACE ( 'NONE', ( #3979 ), #6311, .T. ) ;
#4644 = LINE ( 'NONE', #7069, #9687 ) ;
#4645 = DIRECTION ( 'NONE',  ( -1.000000000000000000, 0.000000000000000000, 0.000000000000000000 ) ) ;
#4646 = ORIENTED_EDGE ( 'NONE', *, *, #3576, .F. ) ;
#4647 = ORIENTED_EDGE ( 'NONE', *, *, #2439, .F. ) ;
#4648 = EDGE_LOOP ( 'NONE', ( #7231, #5439, #7873, #5630 ) ) ;
#4649 = ORIENTED_EDGE ( 'NONE', *, *, #529, .F. ) ;
#4650 = CARTESIAN_POINT ( 'NONE',  ( 12.69999999999999929, -6.000000000000000000, -4.000000000000000000 ) ) ;
#4651 = CARTESIAN_POINT ( 'NONE',  ( 1.599999999999999867, -4.055919436618319697E-16, 2.600000000000000089 ) ) ;
#4652 = AXIS2_PLACEMENT_3D ( 'NONE', #6640, #9670, #8282 ) ;
#4653 = AXIS2_PLACEMENT_3D ( 'NONE', #8016, #9450, #4890 ) ;
#4654 = DIRECTION ( 'NONE',  ( 0.000000000000000000, -1.000000000000000000, 0.000000000000000000 ) ) ;
#4655 = DIRECTION ( 'NONE',  ( 0.000000000000000000, -1.000000000000000000, 0.000000000000000000 ) ) ;
#4656 = DIRECTION ( 'NONE',  ( 9.856383386231849706E-16, 9.856383386231849706E-16, -1.000000000000000000 ) ) ;
#4657 = DIRECTION ( 'NONE',  ( 1.000000000000000000, 6.377659838150029925E-17, -9.343242246769421254E-16 ) ) ;
#4658 = DIRECTION ( 'NONE',  ( 0.000000000000000000, 0.000000000000000000, -1.000000000000000000 ) ) ;
#4659 = CARTESIAN_POINT ( 'NONE',  ( -4.644516500728250286, 3.149999999999999911, 0.01709246657714990139 ) ) ;
#4660 = ORIENTED_EDGE ( 'NONE', *, *, #1107, .F. ) ;
#4661 = AXIS2_PLACEMENT_3D ( 'NONE', #4676, #6954, #4722 ) ;
#4662 = EDGE_CURVE ( 'NONE', #458, #3413, #220, .T. ) ;
#4663 = CIRCLE ( 'NONE', #2920, 1.300000000000000711 ) ;
#4664 = ORIENTED_EDGE ( 'NONE', *, *, #4884, .F. ) ;
#4665 = AXIS2_PLACEMENT_3D ( 'NONE', #9810, #8331, #3800 ) ;
#4666 = DIRECTION ( 'NONE',  ( 3.675261601645779967E-17, 0.000000000000000000, 1.000000000000000000 ) ) ;
#4667 = AXIS2_PLACEMENT_3D ( 'NONE', #3807, #5213, #1400 ) ;
#4668 = CARTESIAN_POINT ( 'NONE',  ( -7.900000000000000355, 6.674325055353080168E-16, -2.700000000000000178 ) ) ;
#4669 = LINE ( 'NONE', #907, #9239 ) ;
#4670 = CIRCLE ( 'NONE', #6725, 1.000000000000000000 ) ;
#4671 = TOROIDAL_SURFACE ( 'NONE', #5944, 0.3769558987526489546, 0.1000000000000000056 ) ;
#4672 = EDGE_CURVE ( 'NONE', #169, #7342, #2501, .T. ) ;
#4673 = FACE_OUTER_BOUND ( 'NONE', #8405, .T. ) ;
#4674 = CARTESIAN_POINT ( 'NONE',  ( -0.6999999999999999556, -3.100000000000000089, -2.500000000000000000 ) ) ;
#4675 = DIRECTION ( 'NONE',  ( 1.000000000000000000, 0.000000000000000000, 0.000000000000000000 ) ) ;
#4676 = CARTESIAN_POINT ( 'NONE',  ( 3.299999999999999822, -3.950000000000000178, 0.5500000000000000444 ) ) ;
#4677 = EDGE_CURVE ( 'NONE', #2509, #7622, #8837, .T. ) ;
#4678 = AXIS2_PLACEMENT_3D ( 'NONE', #3321, #8641, #4868 ) ;
#4679 = ORIENTED_EDGE ( 'NONE', *, *, #4346, .T. ) ;
#4680 = DIRECTION ( 'NONE',  ( 2.118254638499499992E-30, 1.000000000000000000, 2.294126247091830304E-15 ) ) ;
#4681 = CARTESIAN_POINT ( 'NONE',  ( -2.000000000000000000, -8.000000000000000000, -3.500000000000000000 ) ) ;
#4682 = LINE ( 'NONE', #1115, #9156 ) ;
#4683 = CARTESIAN_POINT ( 'NONE',  ( -2.005188171452350065, -7.989681027852159723, 3.616495914491919539 ) ) ;
#4684 = CARTESIAN_POINT ( 'NONE',  ( 2.750000000000000000, -1.699999999999999956, 1.350000000000000089 ) ) ;
#4685 = CIRCLE ( 'NONE', #8807, 1.749999999999999778 ) ;
#4686 = DIRECTION ( 'NONE',  ( 0.000000000000000000, -1.000000000000000000, 0.000000000000000000 ) ) ;
#4687 = ORIENTED_EDGE ( 'NONE', *, *, #4933, .T. ) ;
#4688 = EDGE_CURVE ( 'NONE', #6928, #5327, #7408, .T. ) ;
#4689 = VERTEX_POINT ( 'NONE', #1713 ) ;
#4690 = VERTEX_POINT ( 'NONE', #8603 ) ;
#4691 = DIRECTION ( 'NONE',  ( 9.387283644590649326E-16, 8.725142821606440391E-16, -1.000000000000000000 ) ) ;
#4692 = CIRCLE ( 'NONE', #7704, 0.1000000000000000056 ) ;
#4693 = ADVANCED_FACE ( 'NONE', ( #2455 ), #1808, .F. ) ;
#4694 = DIRECTION ( 'NONE',  ( 3.675261601645779967E-17, 0.000000000000000000, 1.000000000000000000 ) ) ;
#4695 = DIRECTION ( 'NONE',  ( 0.000000000000000000, 0.000000000000000000, -1.000000000000000000 ) ) ;
#4696 = DIRECTION ( 'NONE',  ( 0.5780173407803379515, 1.872063180364799765E-15, -0.8160244811016558186 ) ) ;
#4697 = CARTESIAN_POINT ( 'NONE',  ( 4.780733988912470000E-16, -7.500000000000000000, -3.500000000000000000 ) ) ;
#4698 = ORIENTED_EDGE ( 'NONE', *, *, #4451, .F. ) ;
#4699 = ORIENTED_EDGE ( 'NONE', *, *, #3636, .T. ) ;
#4700 = ORIENTED_EDGE ( 'NONE', *, *, #3935, .T. ) ;
#4701 = ORIENTED_EDGE ( 'NONE', *, *, #1002, .F. ) ;
#4702 = CARTESIAN_POINT ( 'NONE',  ( 5.250000000000000000, -12.05000000000000071, 1.350000000000000089 ) ) ;
#4703 = EDGE_CURVE ( 'NONE', #861, #6840, #8517, .T. ) ;
#4704 = CARTESIAN_POINT ( 'NONE',  ( 0.000000000000000000, 0.000000000000000000, 0.000000000000000000 ) ) ;
#4705 = EDGE_CURVE ( 'NONE', #2935, #8670, #6933, .T. ) ;
#4706 = CARTESIAN_POINT ( 'NONE',  ( -4.894759892073825114, -3.250000000000000000, 8.899919709624143360E-07 ) ) ;
#4707 = DIRECTION ( 'NONE',  ( 0.000000000000000000, 0.000000000000000000, -1.000000000000000000 ) ) ;
#4708 = CYLINDRICAL_SURFACE ( 'NONE', #9723, 0.09999999999999997780 ) ;
#4709 = CARTESIAN_POINT ( 'NONE',  ( -3.950000000000000178, -4.349999999999999645, 3.950000000000000178 ) ) ;
#4710 = LINE ( 'NONE', #2527, #4985 ) ;
#4711 = ORIENTED_EDGE ( 'NONE', *, *, #4370, .T. ) ;
#4712 = ORIENTED_EDGE ( 'NONE', *, *, #1046, .T. ) ;
#4713 = VECTOR ( 'NONE', #1070, 1000.000000000000000 ) ;
#4714 = CARTESIAN_POINT ( 'NONE',  ( 0.7717143142914320020, -7.500000000000000000, -4.000000000000000000 ) ) ;
#4715 = AXIS2_PLACEMENT_3D ( 'NONE', #4427, #2942, #7449 ) ;
#4716 = LINE ( 'NONE', #1649, #8369 ) ;
#4717 = DIRECTION ( 'NONE',  ( 1.000000000000000000, 0.000000000000000000, 0.000000000000000000 ) ) ;
#4718 = CYLINDRICAL_SURFACE ( 'NONE', #5796, 1.350000000000000533 ) ;
#4719 = CARTESIAN_POINT ( 'NONE',  ( -4.585778374337385443, -3.214163126682784810, 0.04999999999999742845 ) ) ;
#4720 = AXIS2_PLACEMENT_3D ( 'NONE', #3136, #7697, #3272 ) ;
#4721 = CARTESIAN_POINT ( 'NONE',  ( -3.637083961758269979, -3.250000000000000000, -0.1945831303232199994 ) ) ;
#4722 = DIRECTION ( 'NONE',  ( -3.212450881438530269E-16, -1.000000000000000000, -1.124357808503485693E-15 ) ) ;
#4723 = ORIENTED_EDGE ( 'NONE', *, *, #6993, .T. ) ;
#4724 = EDGE_CURVE ( 'NONE', #6450, #7466, #2657, .T. ) ;
#4725 = CARTESIAN_POINT ( 'NONE',  ( 2.550000000000000266, -11.90000000000000036, 1.350000000000000089 ) ) ;
#4726 = CARTESIAN_POINT ( 'NONE',  ( -2.227381302067920288, -7.502152352688169934, -3.999996525281999560 ) ) ;
#4727 = LINE ( 'NONE', #2405, #5508 ) ;
#4728 =( BOUNDED_CURVE ( )  B_SPLINE_CURVE ( 3, ( #5863, #7141, #4219, #5015 ),
 .UNSPECIFIED., .F., .F. ) 
 B_SPLINE_CURVE_WITH_KNOTS ( ( 4, 4 ),
 ( 0.000000000000000000, 1.570796326794896558 ),
 .UNSPECIFIED. ) 
 CURVE ( )  GEOMETRIC_REPRESENTATION_ITEM ( )  RATIONAL_B_SPLINE_CURVE ( ( 1.000000000000000000, 0.8047378541243649375, 0.8047378541243649375, 1.000000000000000000 ) ) 
 REPRESENTATION_ITEM ( '' )  );
#4729 = CARTESIAN_POINT ( 'NONE',  ( -2.110499752501280302, -7.769467990126299739, 3.926640469108000353 ) ) ;
#4730 = DIRECTION ( 'NONE',  ( 1.000000000000000000, 0.000000000000000000, -3.128579780658979875E-16 ) ) ;
#4731 = EDGE_CURVE ( 'NONE', #2021, #8815, #4682, .T. ) ;
#4732 = AXIS2_PLACEMENT_3D ( 'NONE', #9272, #2427, #896 ) ;
#4733 = VERTEX_POINT ( 'NONE', #3191 ) ;
#4734 = CIRCLE ( 'NONE', #6011, 1.250000000000000222 ) ;
#4735 = ORIENTED_EDGE ( 'NONE', *, *, #9580, .F. ) ;
#4736 = ADVANCED_FACE ( 'NONE', ( #916 ), #7152, .F. ) ;
#4737 = AXIS2_PLACEMENT_3D ( 'NONE', #3085, #6115, #9139 ) ;
#4738 = ORIENTED_EDGE ( 'NONE', *, *, #8036, .T. ) ;
#4739 = DIRECTION ( 'NONE',  ( -0.8160244811016547084, 4.203552217315169332E-15, 0.5780173407803398389 ) ) ;
#4740 = EDGE_CURVE ( 'NONE', #6896, #5142, #3523, .T. ) ;
#4741 = AXIS2_PLACEMENT_3D ( 'NONE', #71, #6912, #2258 ) ;
#4742 = LINE ( 'NONE', #5387, #8175 ) ;
#4743 = CARTESIAN_POINT ( 'NONE',  ( 6.627833584854940341, 7.501076215296229144, -4.000000000000000000 ) ) ;
#4744 = CARTESIAN_POINT ( 'NONE',  ( 2.616011560693640270, -3.550000000000000266, 2.050924855491329968 ) ) ;
#4745 = LINE ( 'NONE', #1774, #7983 ) ;
#4746 = ORIENTED_EDGE ( 'NONE', *, *, #1445, .F. ) ;
#4747 = ORIENTED_EDGE ( 'NONE', *, *, #3423, .T. ) ;
#4748 = ORIENTED_EDGE ( 'NONE', *, *, #5025, .T. ) ;
#4749 = B_SPLINE_CURVE_WITH_KNOTS ( 'NONE', 3,
 ( #8833, #7388, #8088, #7337, #548, #9623, #6392, #6444, #2831, #5860 ),
 .UNSPECIFIED., .F., .F.,
 ( 4, 2, 2, 2, 4 ),
 ( 0.006239537281644979769, 0.006714753178018459737, 0.007349551328830157722, 0.008421736238240145472, 0.01247907456329479248 ),
 .UNSPECIFIED. ) ;
#4750 = VECTOR ( 'NONE', #9594, 1000.000000000000000 ) ;
#4751 = EDGE_LOOP ( 'NONE', ( #420, #7820, #7291 ) ) ;
#4752 = DIRECTION ( 'NONE',  ( -2.659480039017769634E-16, 1.110223024625160090E-15, -1.000000000000000000 ) ) ;
#4753 = COORDINATED_UNIVERSAL_TIME_OFFSET ( 1, 0, .AHEAD. ) ;
#4754 = DIRECTION ( 'NONE',  ( 0.000000000000000000, -1.000000000000000000, 0.000000000000000000 ) ) ;
#4755 = FACE_OUTER_BOUND ( 'NONE', #3986, .T. ) ;
#4756 = CARTESIAN_POINT ( 'NONE',  ( -11.45254019207970053, 3.149999999999999911, -2.102399954643790370 ) ) ;
#4757 = FACE_OUTER_BOUND ( 'NONE', #7618, .T. ) ;
#4758 = LINE ( 'NONE', #997, #3393 ) ;
#4759 = EDGE_CURVE ( 'NONE', #8366, #1166, #5671, .T. ) ;
#4760 = VERTEX_POINT ( 'NONE', #6408 ) ;
#4761 = ADVANCED_FACE ( 'NONE', ( #1902 ), #1363, .F. ) ;
#4762 = ORIENTED_EDGE ( 'NONE', *, *, #9094, .T. ) ;
#4763 = EDGE_LOOP ( 'NONE', ( #8617, #3066, #6987, #3415, #5601, #8962, #4943, #5716, #6308, #1429, #2858, #9082, #3374, #5744, #2199, #7924, #5717, #7383, #1178 ) ) ;
#4764 = LINE ( 'NONE', #2627, #8265 ) ;
#4765 = CARTESIAN_POINT ( 'NONE',  ( 0.2999999999999999889, -7.880196097281438661, -4.042787761810359998E-17 ) ) ;
#4766 = DIRECTION ( 'NONE',  ( 0.000000000000000000, 0.000000000000000000, -1.000000000000000000 ) ) ;
#4767 = PLANE ( 'NONE',  #4678 ) ;
#4768 = DIRECTION ( 'NONE',  ( -1.000000000000000000, 0.000000000000000000, -9.387283644590649326E-16 ) ) ;
#4769 = DIRECTION ( 'NONE',  ( 0.000000000000000000, 0.000000000000000000, 1.000000000000000000 ) ) ;
#4770 = DIRECTION ( 'NONE',  ( -9.343242246769421254E-16, 9.970989681626198491E-16, -1.000000000000000000 ) ) ;
#4771 = EDGE_CURVE ( 'NONE', #6943, #2169, #3430, .T. ) ;
#4772 = ADVANCED_FACE ( 'NONE', ( #4226 ), #6553, .T. ) ;
#4773 = VERTEX_POINT ( 'NONE', #9586 ) ;
#4774 = VERTEX_POINT ( 'NONE', #3377 ) ;
#4775 = DIRECTION ( 'NONE',  ( -0.5780173407803390617, 0.000000000000000000, -0.8160244811016550415 ) ) ;
#4776 = CARTESIAN_POINT ( 'NONE',  ( 0.8329083921393679590, 7.643242681560700191, -3.984225351784960623 ) ) ;
#4777 = CYLINDRICAL_SURFACE ( 'NONE', #1714, 1.350000000000000533 ) ;
#4778 = AXIS2_PLACEMENT_3D ( 'NONE', #5609, #9521, #5710 ) ;
#4779 = LINE ( 'NONE', #7808, #243 ) ;
#4780 = LINE ( 'NONE', #7809, #8558 ) ;
#4781 = AXIS2_PLACEMENT_3D ( 'NONE', #7472, #681, #234 ) ;
#4782 = EDGE_LOOP ( 'NONE', ( #2033, #837, #8050, #1766 ) ) ;
#4783 = VECTOR ( 'NONE', #9085, 1000.000000000000000 ) ;
#4784 = ORIENTED_EDGE ( 'NONE', *, *, #2071, .F. ) ;
#4785 = CIRCLE ( 'NONE', #2724, 2.499999999999999556 ) ;
#4786 = ORIENTED_EDGE ( 'NONE', *, *, #15, .F. ) ;
#4787 = EDGE_CURVE ( 'NONE', #2934, #2839, #5193, .T. ) ;
#4788 = DIRECTION ( 'NONE',  ( 6.684682762690816660E-17, -1.000000000000000000, 0.000000000000000000 ) ) ;
#4789 = CARTESIAN_POINT ( 'NONE',  ( -12.20000000000000107, -6.150000000000000355, 0.5500000000000000444 ) ) ;
#4790 = EDGE_CURVE ( 'NONE', #5372, #4052, #7721, .T. ) ;
#4791 = PLANE ( 'NONE',  #6870 ) ;
#4792 = CIRCLE ( 'NONE', #4473, 0.09999999999999989453 ) ;
#4793 = CARTESIAN_POINT ( 'NONE',  ( 11.00000000000000000, 6.200000000000000178, 0.5500000000000260236 ) ) ;
#4794 = DIRECTION ( 'NONE',  ( 0.000000000000000000, -1.000000000000000000, 0.000000000000000000 ) ) ;
#4795 = EDGE_LOOP ( 'NONE', ( #1854, #2836, #8374 ) ) ;
#4796 = EDGE_LOOP ( 'NONE', ( #8548, #675, #8682, #6749, #3519, #6841, #670, #1254, #6373, #5506 ) ) ;
#4797 = ORIENTED_EDGE ( 'NONE', *, *, #9417, .F. ) ;
#4798 = ORIENTED_EDGE ( 'NONE', *, *, #7667, .T. ) ;
#4799 = ORIENTED_EDGE ( 'NONE', *, *, #9003, .F. ) ;
#4800 = ADVANCED_FACE ( 'NONE', ( #4277 ), #9443, .F. ) ;
#4801 = LINE ( 'NONE', #8622, #8302 ) ;
#4802 = ADVANCED_FACE ( 'NONE', ( #4325 ), #1719, .T. ) ;
#4803 = COORDINATED_UNIVERSAL_TIME_OFFSET ( 1, 0, .AHEAD. ) ;
#4804 = CARTESIAN_POINT ( 'NONE',  ( -11.79999999999999893, 7.470345474798859223E-16, 4.000000000000000000 ) ) ;
#4805 = CARTESIAN_POINT ( 'NONE',  ( -5.169901370497909099, -3.149999999999999911, 0.06612469825171000959 ) ) ;
#4806 = FACE_OUTER_BOUND ( 'NONE', #2637, .T. ) ;
#4807 = ORIENTED_EDGE ( 'NONE', *, *, #6822, .F. ) ;
#4808 = VERTEX_POINT ( 'NONE', #7248 ) ;
#4809 = ORIENTED_EDGE ( 'NONE', *, *, #7028, .T. ) ;
#4810 = ADVANCED_FACE ( 'NONE', ( #3480 ), #4173, .F. ) ;
#4811 = AXIS2_PLACEMENT_3D ( 'NONE', #1694, #7632, #1591 ) ;
#4812 = AXIS2_PLACEMENT_3D ( 'NONE', #966, #6958, #170 ) ;
#4813 = DIRECTION ( 'NONE',  ( -0.1169059789102749741, 0.000000000000000000, 0.9931429867320367144 ) ) ;
#4814 = ADVANCED_FACE ( 'NONE', ( #2101 ), #5822, .F. ) ;
#4815 = AXIS2_PLACEMENT_3D ( 'NONE', #3160, #89, #980 ) ;
#4816 = CARTESIAN_POINT ( 'NONE',  ( -4.770032125685585100, -4.736512451118751521, 0.04999999999999579781 ) ) ;
#4817 = DIRECTION ( 'NONE',  ( -5.551115123125809819E-17, 1.000000000000000000, 8.725142821606440391E-16 ) ) ;
#4818 = DIRECTION ( 'NONE',  ( 0.004218976193204164622, 0.000000000000000000, 0.9999911000803363148 ) ) ;
#4819 = DIRECTION ( 'NONE',  ( 0.000000000000000000, -1.000000000000000000, 0.000000000000000000 ) ) ;
#4820 = VECTOR ( 'NONE', #5002, 1000.000000000000000 ) ;
#4821 = CARTESIAN_POINT ( 'NONE',  ( 7.750000000000000000, -5.000000000000000000, -1.500000000000000222 ) ) ;
#4822 = CARTESIAN_POINT ( 'NONE',  ( 3.425910258900210170, -7.947719699412540528, -3.731823336303509819 ) ) ;
#4823 = VECTOR ( 'NONE', #7827, 1000.000000000000000 ) ;
#4824 = ORIENTED_EDGE ( 'NONE', *, *, #7330, .T. ) ;
#4825 = AXIS2_PLACEMENT_3D ( 'NONE', #9324, #5552, #8579 ) ;
#4826 = EDGE_LOOP ( 'NONE', ( #5794, #2639, #3414, #862 ) ) ;
#4827 = ORIENTED_EDGE ( 'NONE', *, *, #1364, .T. ) ;
#4828 = ORIENTED_EDGE ( 'NONE', *, *, #9042, .T. ) ;
#4829 = VECTOR ( 'NONE', #1605, 1000.000000000000000 ) ;
#4830 = DIRECTION ( 'NONE',  ( -1.000000000000000000, 0.000000000000000000, 0.000000000000000000 ) ) ;
#4831 = CARTESIAN_POINT ( 'NONE',  ( 0.7717143142914340004, 7.500000000000000000, -4.000000000000000000 ) ) ;
#4832 = VECTOR ( 'NONE', #1526, 1000.000000000000000 ) ;
#4833 = EDGE_CURVE ( 'NONE', #1407, #191, #415, .T. ) ;
#4834 = EDGE_CURVE ( 'NONE', #2543, #2214, #8842, .T. ) ;
#4835 = DIRECTION ( 'NONE',  ( -1.334402673828309888E-16, 0.000000000000000000, 1.000000000000000000 ) ) ;
#4836 = DIRECTION ( 'NONE',  ( 1.000000000000000000, 0.000000000000000000, 1.365923996832129884E-16 ) ) ;
#4837 = DIRECTION ( 'NONE',  ( -1.000000000000000000, 0.000000000000000000, 0.000000000000000000 ) ) ;
#4838 = VECTOR ( 'NONE', #6171, 1000.000000000000000 ) ;
#4839 = VERTEX_POINT ( 'NONE', #5770 ) ;
#4840 = EDGE_LOOP ( 'NONE', ( #9081, #6197, #4439, #176 ) ) ;
#4841 = ORIENTED_EDGE ( 'NONE', *, *, #6306, .F. ) ;
#4842 = CARTESIAN_POINT ( 'NONE',  ( -11.49697323849341402, -4.673073295540812744, -2.500000000000000000 ) ) ;
#4843 = VERTEX_POINT ( 'NONE', #2051 ) ;
#4844 = VECTOR ( 'NONE', #7287, 1000.000000000000000 ) ;
#4845 = FACE_OUTER_BOUND ( 'NONE', #7054, .T. ) ;
#4846 = CARTESIAN_POINT ( 'NONE',  ( 6.200000000000000178, 6.150000000000000355, 0.05000000000002249867 ) ) ;
#4847 = CARTESIAN_POINT ( 'NONE',  ( -2.042242581521270139, 7.914357045298430648, -3.786772012207969773 ) ) ;
#4848 = CARTESIAN_POINT ( 'NONE',  ( -9.199999999999999289, 4.286263797015740046E-16, -2.700000000000000178 ) ) ;
#4849 = ORIENTED_EDGE ( 'NONE', *, *, #9171, .F. ) ;
#4850 = VERTEX_POINT ( 'NONE', #5073 ) ;
#4851 = VECTOR ( 'NONE', #9465, 1000.000000000000000 ) ;
#4852 = EDGE_LOOP ( 'NONE', ( #5316, #6547, #9407, #4485 ) ) ;
#4853 = ORIENTED_EDGE ( 'NONE', *, *, #7989, .F. ) ;
#4854 = DIRECTION ( 'NONE',  ( 1.000000000000000000, 1.913297951445009840E-16, -9.343242246769421254E-16 ) ) ;
#4855 = ADVANCED_FACE ( 'NONE', ( #1312 ), #7349, .T. ) ;
#4856 = DIRECTION ( 'NONE',  ( -0.2544623675387880923, 0.000000000000000000, -0.9670826766655241657 ) ) ;
#4857 = LINE ( 'NONE', #3170, #8957 ) ;
#4858 = CARTESIAN_POINT ( 'NONE',  ( 0.9740897411255030613, -7.947719699464939502, -3.731823336201370189 ) ) ;
#4859 = ADVANCED_FACE ( 'NONE', ( #8346 ), #1409, .F. ) ;
#4860 = DIRECTION ( 'NONE',  ( 1.000000000000000000, -1.913297951445009840E-16, 0.000000000000000000 ) ) ;
#4861 = CARTESIAN_POINT ( 'NONE',  ( 3.299999999999999822, 3.950000000000000178, 0.5500000000000160316 ) ) ;
#4862 = ORIENTED_EDGE ( 'NONE', *, *, #1528, .T. ) ;
#4863 = EDGE_LOOP ( 'NONE', ( #6695, #7836, #4078, #1765 ) ) ;
#4864 = VERTEX_POINT ( 'NONE', #5222 ) ;
#4865 = CARTESIAN_POINT ( 'NONE',  ( -11.41162309946109943, -3.149999999999999911, -2.500000000000000000 ) ) ;
#4866 = FACE_OUTER_BOUND ( 'NONE', #2116, .T. ) ;
#4867 = DIRECTION ( 'NONE',  ( -9.343242246769421254E-16, 9.970989681626198491E-16, -1.000000000000000000 ) ) ;
#4868 = DIRECTION ( 'NONE',  ( -0.7071067811865500152, 0.7071067811865450192, 0.000000000000000000 ) ) ;
#4869 = CARTESIAN_POINT ( 'NONE',  ( -4.402064153926899870, 3.149999999999999911, -1.272466285438830003 ) ) ;
#4870 = EDGE_CURVE ( 'NONE', #5299, #7772, #5919, .T. ) ;
#4871 = DIRECTION ( 'NONE',  ( 0.000000000000000000, 0.000000000000000000, 1.000000000000000000 ) ) ;
#4872 = DIRECTION ( 'NONE',  ( -1.000000000000000000, -1.913297951445009840E-16, 9.343242246769421254E-16 ) ) ;
#4873 = EDGE_CURVE ( 'NONE', #118, #1328, #2151, .T. ) ;
#4874 = AXIS2_PLACEMENT_3D ( 'NONE', #5368, #2442, #3226 ) ;
#4875 = ORIENTED_EDGE ( 'NONE', *, *, #4922, .T. ) ;
#4876 = ORIENTED_EDGE ( 'NONE', *, *, #321, .F. ) ;
#4877 = ORIENTED_EDGE ( 'NONE', *, *, #499, .T. ) ;
#4878 = CARTESIAN_POINT ( 'NONE',  ( 0.2999999999999999889, -7.229670691150990258, 4.000000000000000000 ) ) ;
#4879 = CARTESIAN_POINT ( 'NONE',  ( 0.9740897410477540319, 7.947719699306470709, -3.731823336510240008 ) ) ;
#4880 = CARTESIAN_POINT ( 'NONE',  ( -0.8000000000000000444, 8.900000000000000355, 4.000000000000000000 ) ) ;
#4881 = VECTOR ( 'NONE', #1520, 1000.000000000000000 ) ;
#4882 = CARTESIAN_POINT ( 'NONE',  ( -3.100000000000000089, 2.700000000000000178, 3.500000000000000000 ) ) ;
#4883 = DIRECTION ( 'NONE',  ( 0.7071067811865500152, -0.7071067811865450192, -2.598802401158269806E-17 ) ) ;
#4885 = ORIENTED_EDGE ( 'NONE', *, *, #6037, .F. ) ;
#4884 = EDGE_CURVE ( 'NONE', #4939, #1969, #2939, .T. ) ;
#4886 = EDGE_CURVE ( 'NONE', #887, #27, #9733, .T. ) ;
#4887 = ORIENTED_EDGE ( 'NONE', *, *, #987, .F. ) ;
#4888 = AXIS2_PLACEMENT_3D ( 'NONE', #1948, #4970, #7199 ) ;
#4889 = ORIENTED_EDGE ( 'NONE', *, *, #4507, .F. ) ;
#4890 = DIRECTION ( 'NONE',  ( 1.000000000000000000, 0.000000000000000000, 0.000000000000000000 ) ) ;
#4891 = CARTESIAN_POINT ( 'NONE',  ( -10.49999999999999822, 6.674325055353080168E-16, 2.700000000000000178 ) ) ;
#4892 = DIRECTION ( 'NONE',  ( 1.656580215914899728E-16, 0.000000000000000000, -1.000000000000000000 ) ) ;
#4893 = DIRECTION ( 'NONE',  ( -0.000000000000000000, 1.000000000000000000, 0.000000000000000000 ) ) ;
#4894 = LINE ( 'NONE', #2756, #6087 ) ;
#4895 = ORIENTED_EDGE ( 'NONE', *, *, #7935, .F. ) ;
#4896 = ORIENTED_EDGE ( 'NONE', *, *, #3227, .T. ) ;
#4897 = ORIENTED_EDGE ( 'NONE', *, *, #5274, .F. ) ;
#4898 = EDGE_LOOP ( 'NONE', ( #4824, #517, #1973, #5620, #751, #5315, #7573, #4441, #2758, #5841, #1391 ) ) ;
#4899 = CARTESIAN_POINT ( 'NONE',  ( -4.616776270830606599, 4.750000000000000000, -1.238757631197285214 ) ) ;
#4900 = VECTOR ( 'NONE', #8611, 1000.000000000000114 ) ;
#4901 = DIRECTION ( 'NONE',  ( 0.000000000000000000, 0.000000000000000000, -1.000000000000000000 ) ) ;
#4902 = DIRECTION ( 'NONE',  ( 9.387283644590649326E-16, 8.725142821606440391E-16, -1.000000000000000000 ) ) ;
#4903 = CARTESIAN_POINT ( 'NONE',  ( 6.200000000000000178, 6.150000000000000355, 0.5500000000000230260 ) ) ;
#4904 = CARTESIAN_POINT ( 'NONE',  ( -5.083698756151719955, 3.250000000000000000, -0.2230936816746900142 ) ) ;
#4905 = ORIENTED_EDGE ( 'NONE', *, *, #8241, .T. ) ;
#4906 = ORIENTED_EDGE ( 'NONE', *, *, #9572, .F. ) ;
#4907 = EDGE_LOOP ( 'NONE', ( #8200, #9155, #3082, #1211, #8922, #8237 ) ) ;
#4908 = DIRECTION ( 'NONE',  ( 1.365923996832129884E-16, 0.000000000000000000, -1.000000000000000000 ) ) ;
#4909 = EDGE_CURVE ( 'NONE', #658, #3785, #3665, .T. ) ;
#4910 = VECTOR ( 'NONE', #6218, 1000.000000000000000 ) ;
#4911 = PLANE ( 'NONE',  #1574 ) ;
#4912 = CARTESIAN_POINT ( 'NONE',  ( -0.6999999999999999556, 6.200000000000000178, 0.5500000000000000444 ) ) ;
#4913 = CARTESIAN_POINT ( 'NONE',  ( 1.066473988439310183, 3.950000000000000178, -2.067919075144479812 ) ) ;
#4914 = DIRECTION ( 'NONE',  ( -0.2544623675387881478, 0.000000000000000000, -0.9670826766655240547 ) ) ;
#4915 = LINE ( 'NONE', #8643, #2568 ) ;
#4916 = EDGE_CURVE ( 'NONE', #6854, #8862, #3087, .T. ) ;
#4917 = CYLINDRICAL_SURFACE ( 'NONE', #8482, 2.000000000000000000 ) ;
#4918 = ORIENTED_EDGE ( 'NONE', *, *, #8446, .T. ) ;
#4919 = VERTEX_POINT ( 'NONE', #2889 ) ;
#4920 = ORIENTED_EDGE ( 'NONE', *, *, #8446, .F. ) ;
#4921 = CARTESIAN_POINT ( 'NONE',  ( 0.2999999999999999889, -7.306289853043264060, 4.000000000000001776 ) ) ;
#4922 = EDGE_CURVE ( 'NONE', #4587, #5390, #4562, .T. ) ;
#4923 = CARTESIAN_POINT ( 'NONE',  ( 4.780733988912470000E-16, 8.000000000000000000, -3.500000000000000000 ) ) ;
#4924 = CC_DESIGN_DATE_AND_TIME_ASSIGNMENT ( #2567, #5594, ( #5724 ) ) ;
#4925 = LINE ( 'NONE', #1162, #2775 ) ;
#4926 = CARTESIAN_POINT ( 'NONE',  ( 5.078267593286840409, -9.622294280808849880E-16, 1.800000000000000044 ) ) ;
#4927 = EDGE_LOOP ( 'NONE', ( #7651, #6978, #9183, #8393 ) ) ;
#4928 = PRODUCT_DEFINITION_FORMATION_WITH_SPECIFIED_SOURCE ( 'ANY', '', #5459, .NOT_KNOWN. ) ;
#4929 = LINE ( 'NONE', #7955, #4161 ) ;
#4930 = AXIS2_PLACEMENT_3D ( 'NONE', #7387, #4458, #9023 ) ;
#4931 = DIRECTION ( 'NONE',  ( -1.000000000000000000, -8.690087591498061461E-15, 0.000000000000000000 ) ) ;
#4932 = AXIS2_PLACEMENT_3D ( 'NONE', #2222, #1531, #8324 ) ;
#4933 = EDGE_CURVE ( 'NONE', #963, #3120, #8988, .T. ) ;
#4934 = DIRECTION ( 'NONE',  ( 1.000000000000000000, 0.000000000000000000, 1.776356839400249577E-16 ) ) ;
#4935 = DIRECTION ( 'NONE',  ( 0.000000000000000000, 0.000000000000000000, 1.000000000000000000 ) ) ;
#4936 = CARTESIAN_POINT ( 'NONE',  ( 3.000000000000000000, -3.198666677215172378E-16, 2.600000000000000089 ) ) ;
#4937 = CARTESIAN_POINT ( 'NONE',  ( 5.200000000000000178, -8.900000000000000355, -3.500000000000000000 ) ) ;
#4938 = FACE_OUTER_BOUND ( 'NONE', #8051, .T. ) ;
#4939 = VERTEX_POINT ( 'NONE', #8940 ) ;
#4940 = ORIENTED_EDGE ( 'NONE', *, *, #5732, .T. ) ;
#4941 = ORIENTED_EDGE ( 'NONE', *, *, #9794, .T. ) ;
#4942 = AXIS2_PLACEMENT_3D ( 'NONE', #3441, #1273, #9545 ) ;
#4943 = ORIENTED_EDGE ( 'NONE', *, *, #4151, .T. ) ;
#4944 = VERTEX_POINT ( 'NONE', #7446 ) ;
#4945 = DIRECTION ( 'NONE',  ( 0.000000000000000000, -1.000000000000000000, 0.000000000000000000 ) ) ;
#4946 = ORIENTED_EDGE ( 'NONE', *, *, #3165, .T. ) ;
#4947 = EDGE_CURVE ( 'NONE', #2169, #9497, #6417, .T. ) ;
#4948 = CIRCLE ( 'NONE', #7323, 0.1269558987526488991 ) ;
#4949 = EDGE_CURVE ( 'NONE', #7392, #2541, #8843, .T. ) ;
#4950 = DIRECTION ( 'NONE',  ( 0.000000000000000000, 1.000000000000000000, 0.000000000000000000 ) ) ;
#4951 = CARTESIAN_POINT ( 'NONE',  ( -11.46423078997079870, 4.649999999999999467, -2.003085655970589851 ) ) ;
#4952 = CARTESIAN_POINT ( 'NONE',  ( -0.6999999999999999556, 0.000000000000000000, 0.000000000000000000 ) ) ;
#4953 = ADVANCED_FACE ( 'NONE', ( #6798 ), #7, .T. ) ;
#4954 = CARTESIAN_POINT ( 'NONE',  ( 3.399999999999999911, -7.500000000000000000, -4.000000000000000000 ) ) ;
#4955 = ORIENTED_EDGE ( 'NONE', *, *, #7126, .F. ) ;
#4956 = VERTEX_POINT ( 'NONE', #7399 ) ;
#4957 = CARTESIAN_POINT ( 'NONE',  ( -11.42255748043029939, -3.234691816657589758, -2.500000000000000000 ) ) ;
#4958 = CIRCLE ( 'NONE', #7489, 2.250000000000000000 ) ;
#4959 = CYLINDRICAL_SURFACE ( 'NONE', #8219, 0.1000000000000000333 ) ;
#4960 = CARTESIAN_POINT ( 'NONE',  ( 0.1999999999999879929, 6.200000000000000178, 1.350000000000020073 ) ) ;
#4961 = LINE ( 'NONE', #5758, #7851 ) ;
#4962 = AXIS2_PLACEMENT_3D ( 'NONE', #2589, #6453, #1214 ) ;
#4963 = CARTESIAN_POINT ( 'NONE',  ( -4.898978868267030329, 4.649999999999999467, -0.9499902100883750311 ) ) ;
#4964 = CARTESIAN_POINT ( 'NONE',  ( 4.389724735885169871, 6.200000000000000178, 1.350000000000020073 ) ) ;
#4965 = AXIS2_PLACEMENT_3D ( 'NONE', #5182, #719, #8953 ) ;
#4966 = VERTEX_POINT ( 'NONE', #6845 ) ;
#4967 = ORIENTED_EDGE ( 'NONE', *, *, #1310, .F. ) ;
#4968 = VERTEX_POINT ( 'NONE', #9140 ) ;
#4969 = AXIS2_PLACEMENT_3D ( 'NONE', #9455, #5688, #7818 ) ;
#4970 = DIRECTION ( 'NONE',  ( 0.000000000000000000, 1.000000000000000000, 0.000000000000000000 ) ) ;
#4971 = EDGE_CURVE ( 'NONE', #9603, #626, #2348, .T. ) ;
#4972 = CARTESIAN_POINT ( 'NONE',  ( -10.49999999999999822, 4.286263797015740046E-16, -2.700000000000000178 ) ) ;
#4973 = CONICAL_SURFACE ( 'NONE', #4174, 2.600000000000000089, 0.7853981633974490562 ) ;
#4974 = TOROIDAL_SURFACE ( 'NONE', #702, 1.000000000000000000, 0.1000000000000000056 ) ;
#4975 = CARTESIAN_POINT ( 'NONE',  ( 10.69999999999999929, 7.500000000000000000, -3.500000000000000000 ) ) ;
#4976 = CARTESIAN_POINT ( 'NONE',  ( -12.20000000000000107, 1.750000000000000000, 0.05000000000000000278 ) ) ;
#4977 = CIRCLE ( 'NONE', #7357, 0.09999999999999997780 ) ;
#4978 = EDGE_CURVE ( 'NONE', #3789, #703, #606, .T. ) ;
#4979 = AXIS2_PLACEMENT_3D ( 'NONE', #8066, #1274, #8112 ) ;
#4980 = ORIENTED_EDGE ( 'NONE', *, *, #8031, .F. ) ;
#4981 = AXIS2_PLACEMENT_3D ( 'NONE', #8180, #5303, #8975 ) ;
#4982 = ORIENTED_EDGE ( 'NONE', *, *, #4151, .F. ) ;
#4983 = DIRECTION ( 'NONE',  ( 8.673617379884041783E-15, -1.000000000000000000, 0.000000000000000000 ) ) ;
#4984 = FACE_OUTER_BOUND ( 'NONE', #3746, .T. ) ;
#4985 = VECTOR ( 'NONE', #5452, 1000.000000000000000 ) ;
#4986 = CARTESIAN_POINT ( 'NONE',  ( -5.145272052113280203, 4.649999999999999467, 0.01920516112986990140 ) ) ;
#4987 = AXIS2_PLACEMENT_3D ( 'NONE', #5973, #1458, #6020 ) ;
#4988 = VECTOR ( 'NONE', #3110, 1000.000000000000000 ) ;
#4989 = DIRECTION ( 'NONE',  ( -7.653191805780030487E-16, 1.000000000000000000, 0.000000000000000000 ) ) ;
#4990 = DIRECTION ( 'NONE',  ( 0.000000000000000000, 9.970989681626198491E-16, -1.000000000000000000 ) ) ;
#4991 = EDGE_CURVE ( 'NONE', #78, #7271, #5174, .T. ) ;
#4992 = DIRECTION ( 'NONE',  ( 0.000000000000000000, 0.000000000000000000, 1.000000000000000000 ) ) ;
#4993 = ORIENTED_EDGE ( 'NONE', *, *, #1822, .T. ) ;
#4994 = ORIENTED_EDGE ( 'NONE', *, *, #3969, .F. ) ;
#4995 = EDGE_LOOP ( 'NONE', ( #8598, #4905, #2964 ) ) ;
#4996 = EDGE_CURVE ( 'NONE', #8026, #8522, #1006, .T. ) ;
#4997 = VERTEX_POINT ( 'NONE', #7042 ) ;
#4998 = DIRECTION ( 'NONE',  ( -1.000000000000000000, 0.000000000000000000, -3.336006684570782608E-16 ) ) ;
#4999 = VERTEX_POINT ( 'NONE', #4765 ) ;
#5000 = AXIS2_PLACEMENT_3D ( 'NONE', #1739, #6936, #8576 ) ;
#5001 = DIRECTION ( 'NONE',  ( 0.000000000000000000, 0.000000000000000000, -1.000000000000000000 ) ) ;
#5002 = DIRECTION ( 'NONE',  ( 3.675261601645779967E-17, 0.000000000000000000, 1.000000000000000000 ) ) ;
#5003 = VECTOR ( 'NONE', #7016, 1000.000000000000000 ) ;
#5004 = DIRECTION ( 'NONE',  ( 0.000000000000000000, 0.000000000000000000, -1.000000000000000000 ) ) ;
#5005 = FACE_OUTER_BOUND ( 'NONE', #8192, .T. ) ;
#5006 = ORIENTED_EDGE ( 'NONE', *, *, #9226, .T. ) ;
#5007 = ORIENTED_EDGE ( 'NONE', *, *, #3459, .T. ) ;
#5008 = EDGE_CURVE ( 'NONE', #2420, #8873, #8527, .T. ) ;
#5009 = EDGE_CURVE ( 'NONE', #6130, #117, #4716, .T. ) ;
#5010 = CARTESIAN_POINT ( 'NONE',  ( 11.25000000000000000, -5.000000000000000000, -1.499999999999999778 ) ) ;
#5011 = LINE ( 'NONE', #6442, #7749 ) ;
#5012 = DIRECTION ( 'NONE',  ( 0.000000000000000000, 0.000000000000000000, -1.000000000000000000 ) ) ;
#5013 = DIRECTION ( 'NONE',  ( 0.000000000000000000, 1.000000000000000000, 0.000000000000000000 ) ) ;
#5014 = DIRECTION ( 'NONE',  ( 0.000000000000000000, 0.000000000000000000, 1.000000000000000000 ) ) ;
#5015 = CARTESIAN_POINT ( 'NONE',  ( -6.359745509654959328, -3.149999999999999911, -1.804637193035420140 ) ) ;
#5016 = ORIENTED_EDGE ( 'NONE', *, *, #4909, .T. ) ;
#5017 = ORIENTED_EDGE ( 'NONE', *, *, #7082, .F. ) ;
#5018 = VERTEX_POINT ( 'NONE', #4066 ) ;
#5019 = DIRECTION ( 'NONE',  ( -0.000000000000000000, 1.000000000000000000, 0.000000000000000000 ) ) ;
#5020 = DIRECTION ( 'NONE',  ( -0.1169059789102828151, 0.000000000000000000, 0.9931429867320357152 ) ) ;
#5021 = DIRECTION ( 'NONE',  ( -0.1169059789102749741, 0.000000000000000000, 0.9931429867320367144 ) ) ;
#5022 = MANIFOLD_SOLID_BREP ( 'CMJ-xxPS.stp', #4639 ) ;
#5023 = ORIENTED_EDGE ( 'NONE', *, *, #2439, .T. ) ;
#5024 = VECTOR ( 'NONE', #1150, 1000.000000000000000 ) ;
#5025 = EDGE_CURVE ( 'NONE', #878, #3460, #2438, .T. ) ;
#5026 = ORIENTED_EDGE ( 'NONE', *, *, #5720, .T. ) ;
#5027 = ORIENTED_EDGE ( 'NONE', *, *, #2470, .F. ) ;
#5028 = AXIS2_PLACEMENT_3D ( 'NONE', #6619, #5425, #9154 ) ;
#5029 = FACE_OUTER_BOUND ( 'NONE', #6610, .T. ) ;
#5030 = EDGE_CURVE ( 'NONE', #6930, #9028, #3443, .T. ) ;
#5031 = DIRECTION ( 'NONE',  ( -9.343242246769421254E-16, 2.294126247091830304E-15, -1.000000000000000000 ) ) ;
#5032 = DIRECTION ( 'NONE',  ( 9.856383386231849706E-16, 9.856383386231849706E-16, -1.000000000000000000 ) ) ;
#5033 = DIRECTION ( 'NONE',  ( 0.000000000000000000, -1.000000000000000000, -1.110223024625160090E-15 ) ) ;
#5034 = CARTESIAN_POINT ( 'NONE',  ( -11.58485308255990098, 3.250000000000000000, -1.514051144827030182 ) ) ;
#5035 = AXIS2_PLACEMENT_3D ( 'NONE', #6117, #4469, #2240 ) ;
#5036 = CARTESIAN_POINT ( 'NONE',  ( -6.359745509654959328, 4.708578643762690419, -1.855327628688660857 ) ) ;
#5037 = EDGE_CURVE ( 'NONE', #8328, #3796, #5608, .T. ) ;
#5038 = EDGE_LOOP ( 'NONE', ( #8092, #8762, #6055, #809, #428, #7169, #7282, #1805, #3506, #4293, #6375, #7874, #7012, #4038, #8388, #7118, #8669, #7111, #5007, #3486, #4548, #2600, #9773, #4306, #1184, #7462, #1309, #9629, #8547, #1331, #1402, #2837, #6185, #505, #2215, #8140, #5301, #1431, #254 ) ) ;
#5039 = ORIENTED_EDGE ( 'NONE', *, *, #2629, .T. ) ;
#5040 = VERTEX_POINT ( 'NONE', #6994 ) ;
#5041 = ORIENTED_EDGE ( 'NONE', *, *, #950, .T. ) ;
#5042 = VERTEX_POINT ( 'NONE', #5463 ) ;
#5043 = DIRECTION ( 'NONE',  ( 0.000000000000000000, 0.000000000000000000, -1.000000000000000000 ) ) ;
#5044 = EDGE_CURVE ( 'NONE', #106, #9470, #9286, .T. ) ;
#5045 =( BOUNDED_CURVE ( )  B_SPLINE_CURVE ( 3, ( #9300, #1716, #8459, #3982 ),
 .UNSPECIFIED., .F., .F. ) 
 B_SPLINE_CURVE_WITH_KNOTS ( ( 4, 4 ),
 ( 0.000000000000000000, 1.570796326794896558 ),
 .UNSPECIFIED. ) 
 CURVE ( )  GEOMETRIC_REPRESENTATION_ITEM ( )  RATIONAL_B_SPLINE_CURVE ( ( 1.000000000000000000, 0.8047378541243649375, 0.8047378541243649375, 1.000000000000000000 ) ) 
 REPRESENTATION_ITEM ( '' )  );
#5046 = DIRECTION ( 'NONE',  ( 0.000000000000000000, 2.268484545508132627E-15, -1.000000000000000000 ) ) ;
#5047 = DIRECTION ( 'NONE',  ( -0.1550949496728210031, 0.000000000000000000, -0.9878995680665040302 ) ) ;
#5048 = PLANE ( 'NONE',  #3195 ) ;
#5049 = LINE ( 'NONE', #3358, #3544 ) ;
#5050 = VERTEX_POINT ( 'NONE', #5511 ) ;
#5052 = EDGE_CURVE ( 'NONE', #470, #8093, #5856, .T. ) ;
#5051 = VERTEX_POINT ( 'NONE', #4668 ) ;
#5053 = AXIS2_PLACEMENT_3D ( 'NONE', #1272, #5082, #3584 ) ;
#5054 = DIRECTION ( 'NONE',  ( -0.000000000000000000, 1.000000000000000000, 0.000000000000000000 ) ) ;
#5055 = AXIS2_PLACEMENT_3D ( 'NONE', #6419, #1169, #7685 ) ;
#5056 = FACE_OUTER_BOUND ( 'NONE', #7395, .T. ) ;
#5057 = CARTESIAN_POINT ( 'NONE',  ( 6.200000000000000178, -6.150000000000000355, 0.04999999999999129446 ) ) ;
#5058 = LINE ( 'NONE', #2183, #7142 ) ;
#5059 = EDGE_CURVE ( 'NONE', #2517, #5338, #4259, .T. ) ;
#5060 = DIRECTION ( 'NONE',  ( 1.656580215914899728E-16, 0.000000000000000000, -1.000000000000000000 ) ) ;
#5061 = CARTESIAN_POINT ( 'NONE',  ( -6.359745509654959328, -4.750000000000000000, -1.905327628688650021 ) ) ;
#5062 = EDGE_CURVE ( 'NONE', #5143, #5215, #5480, .T. ) ;
#5063 = AXIS2_PLACEMENT_3D ( 'NONE', #5081, #6657, #3532 ) ;
#5064 = CARTESIAN_POINT ( 'NONE',  ( 6.750000000000000000, -8.050000000000000711, 1.350000000000000089 ) ) ;
#5065 = CARTESIAN_POINT ( 'NONE',  ( -0.6999999999999999556, 4.799999999999999822, -2.449999999999999734 ) ) ;
#5066 = ORIENTED_EDGE ( 'NONE', *, *, #4759, .T. ) ;
#5067 = CIRCLE ( 'NONE', #4269, 2.499999999999999556 ) ;
#5068 = ORIENTED_EDGE ( 'NONE', *, *, #5797, .F. ) ;
#5069 = ORIENTED_EDGE ( 'NONE', *, *, #5416, .T. ) ;
#5070 = ORIENTED_EDGE ( 'NONE', *, *, #7292, .T. ) ;
#5071 = VECTOR ( 'NONE', #7860, 1000.000000000000000 ) ;
#5072 = CARTESIAN_POINT ( 'NONE',  ( -12.69999999999999929, 1.699999999999999956, 0.000000000000000000 ) ) ;
#5073 = CARTESIAN_POINT ( 'NONE',  ( -12.69999999999999929, 2.299999999999999822, -0.8499999999999999778 ) ) ;
#5074 = EDGE_CURVE ( 'NONE', #483, #6664, #4528, .T. ) ;
#5075 = PLANE ( 'NONE',  #4514 ) ;
#5076 = CARTESIAN_POINT ( 'NONE',  ( 6.750000000000000000, -12.05000000000000071, 1.350000000000000089 ) ) ;
#5077 = ADVANCED_FACE ( 'NONE', ( #3319 ), #6203, .F. ) ;
#5078 = ORIENTED_EDGE ( 'NONE', *, *, #1158, .T. ) ;
#5079 = CARTESIAN_POINT ( 'NONE',  ( -3.662530198512150115, 3.250000000000000000, -0.2412913979897799988 ) ) ;
#5080 = CARTESIAN_POINT ( 'NONE',  ( -4.635857748931030642, 3.155967451053700135, 0.05000000000000909967 ) ) ;
#5081 = CARTESIAN_POINT ( 'NONE',  ( 5.533526011560690350, -3.950000000000000178, -2.067919075144499796 ) ) ;
#5082 = DIRECTION ( 'NONE',  ( -1.000000000000000000, 6.377659838150020064E-17, 0.000000000000000000 ) ) ;
#5083 = DIRECTION ( 'NONE',  ( 0.000000000000000000, -1.000000000000000000, 0.000000000000000000 ) ) ;
#5084 = LINE ( 'NONE', #5136, #9105 ) ;
#5085 = CARTESIAN_POINT ( 'NONE',  ( -5.136616643176034280, 3.153821850271589344, 0.05000000000000838496 ) ) ;
#5086 = VERTEX_POINT ( 'NONE', #7642 ) ;
#5087 = ORIENTED_EDGE ( 'NONE', *, *, #7907, .F. ) ;
#5088 = ORIENTED_EDGE ( 'NONE', *, *, #4276, .T. ) ;
#5089 = AXIS2_PLACEMENT_3D ( 'NONE', #6835, #5447, #6150 ) ;
#5090 = VERTEX_POINT ( 'NONE', #6160 ) ;
#5091 = ORIENTED_EDGE ( 'NONE', *, *, #4011, .F. ) ;
#5092 = DIRECTION ( 'NONE',  ( 0.000000000000000000, -1.000000000000000000, 0.000000000000000000 ) ) ;
#5093 = SHAPE_DEFINITION_REPRESENTATION ( #2457, #7650 ) ;
#5094 = CIRCLE ( 'NONE', #5570, 2.600000000000000089 ) ;
#5095 = AXIS2_PLACEMENT_3D ( 'NONE', #1539, #1586, #3070 ) ;
#5096 = EDGE_CURVE ( 'NONE', #5519, #1241, #9649, .T. ) ;
#5097 = LINE ( 'NONE', #7422, #2155 ) ;
#5098 = FACE_OUTER_BOUND ( 'NONE', #2838, .T. ) ;
#5099 = AXIS2_PLACEMENT_3D ( 'NONE', #3779, #6764, #8205 ) ;
#5100 = DIRECTION ( 'NONE',  ( -1.000000000000000000, 0.000000000000000000, -1.365923996832129884E-16 ) ) ;
#5101 = CARTESIAN_POINT ( 'NONE',  ( 9.500000000000000000, 5.000000000000000000, -4.000000000000000000 ) ) ;
#5102 = VERTEX_POINT ( 'NONE', #9186 ) ;
#5103 = ADVANCED_FACE ( 'NONE', ( #2394 ), #5409, .F. ) ;
#5104 = EDGE_LOOP ( 'NONE', ( #3162, #2774, #5738, #4429, #986, #1180, #1780, #2790, #4735, #863, #1791, #2720 ) ) ;
#5105 = DIRECTION ( 'NONE',  ( -0.7071067811865480168, 0.7071067811865470176, 9.262794397406060060E-16 ) ) ;
#5107 = AXIS2_PLACEMENT_3D ( 'NONE', #8544, #8690, #6258 ) ;
#5106 = CARTESIAN_POINT ( 'NONE',  ( 0.9577574184787340794, 7.914357045298440418, -3.786772012207969773 ) ) ;
#5108 = DIRECTION ( 'NONE',  ( -1.776356839400249824E-16, 0.000000000000000000, 1.000000000000000000 ) ) ;
#5109 = CARTESIAN_POINT ( 'NONE',  ( -3.637083961758269979, -3.149999999999999911, -0.1945831303232199994 ) ) ;
#5110 = CYLINDRICAL_SURFACE ( 'NONE', #7376, 1.300000000000000711 ) ;
#5111 = CARTESIAN_POINT ( 'NONE',  ( -4.898978868267030329, 3.149999999999999911, -0.9499902100883750311 ) ) ;
#5112 = CARTESIAN_POINT ( 'NONE',  ( 3.957757418544149974, -7.914357045433490612, -3.786772012011539790 ) ) ;
#5113 = CARTESIAN_POINT ( 'NONE',  ( -5.165803741279989758, -3.194767366965590050, 0.04999999999999789335 ) ) ;
#5114 = AXIS2_PLACEMENT_3D ( 'NONE', #7048, #1251, #500 ) ;
#5115 = ADVANCED_FACE ( 'NONE', ( #546 ), #6538, .F. ) ;
#5116 = ORIENTED_EDGE ( 'NONE', *, *, #6551, .T. ) ;
#5117 = VERTEX_POINT ( 'NONE', #2780 ) ;
#5118 = EDGE_LOOP ( 'NONE', ( #6879, #7527, #2613, #1014 ) ) ;
#5119 = ORIENTED_EDGE ( 'NONE', *, *, #6726, .F. ) ;
#5120 = EDGE_CURVE ( 'NONE', #6362, #8327, #465, .T. ) ;
#5121 = DIRECTION ( 'NONE',  ( -1.000000000000000000, 0.000000000000000000, 0.000000000000000000 ) ) ;
#5122 = DIRECTION ( 'NONE',  ( 0.000000000000000000, -1.000000000000000000, 0.000000000000000000 ) ) ;
#5123 = CARTESIAN_POINT ( 'NONE',  ( 0.7999999999999999334, -3.950000000000000178, 2.850000000000002309 ) ) ;
#5124 = CARTESIAN_POINT ( 'NONE',  ( -11.51977278891399870, 4.658889626095859882, -2.449999999999999734 ) ) ;
#5125 = CARTESIAN_POINT ( 'NONE',  ( -12.20000000000000107, -6.150000000000000355, 0.04999999999999619332 ) ) ;
#5126 = VERTEX_POINT ( 'NONE', #7187 ) ;
#5127 = EDGE_CURVE ( 'NONE', #3120, #4589, #5011, .T. ) ;
#5128 = EDGE_CURVE ( 'NONE', #9753, #4999, #8040, .T. ) ;
#5129 = LINE ( 'NONE', #9044, #8557 ) ;
#5130 = FACE_OUTER_BOUND ( 'NONE', #1685, .T. ) ;
#5131 = AXIS2_PLACEMENT_3D ( 'NONE', #4333, #3583, #6613 ) ;
#5132 = CARTESIAN_POINT ( 'NONE',  ( 0.000000000000000000, -8.000000000000000000, 0.000000000000000000 ) ) ;
#5133 = AXIS2_PLACEMENT_3D ( 'NONE', #7218, #5790, #3444 ) ;
#5134 = DIRECTION ( 'NONE',  ( -0.9691953712182476144, 0.000000000000000000, -0.2462931838462509293 ) ) ;
#5135 = AXIS2_PLACEMENT_3D ( 'NONE', #6617, #8403, #2065 ) ;
#5136 = CARTESIAN_POINT ( 'NONE',  ( 3.399999999999999911, 8.000000000000000000, -46.00000000000000000 ) ) ;
#5137 = AXIS2_PLACEMENT_3D ( 'NONE', #1530, #4544, #7567 ) ;
#5138 = CARTESIAN_POINT ( 'NONE',  ( -0.6999999999999999556, -4.799999999999999822, -2.500000000000000000 ) ) ;
#5139 = AXIS2_PLACEMENT_3D ( 'NONE', #5205, #4552, #786 ) ;
#5140 = ORIENTED_EDGE ( 'NONE', *, *, #484, .T. ) ;
#5141 = ORIENTED_EDGE ( 'NONE', *, *, #3278, .F. ) ;
#5142 = VERTEX_POINT ( 'NONE', #6590 ) ;
#5143 = VERTEX_POINT ( 'NONE', #4214 ) ;
#5144 = DIRECTION ( 'NONE',  ( 0.2544623675387881478, 0.000000000000000000, 0.9670826766655240547 ) ) ;
#5145 = AXIS2_PLACEMENT_3D ( 'NONE', #6194, #6108, #4009 ) ;
#5146 = VECTOR ( 'NONE', #3817, 1000.000000000000114 ) ;
#5147 = VECTOR ( 'NONE', #1133, 1000.000000000000000 ) ;
#5148 = CARTESIAN_POINT ( 'NONE',  ( -3.637083961758269979, 4.750000000000000000, -0.1445831303232300025 ) ) ;
#5149 = DIRECTION ( 'NONE',  ( 0.000000000000000000, 0.000000000000000000, -1.000000000000000000 ) ) ;
#5150 = CARTESIAN_POINT ( 'NONE',  ( -3.662530198512150115, -3.250000000000000000, -0.2912913979897699956 ) ) ;
#5151 = CARTESIAN_POINT ( 'NONE',  ( 6.200000000000000178, -1.699999999999999956, 0.5500000000000000444 ) ) ;
#5152 = ORIENTED_EDGE ( 'NONE', *, *, #9226, .F. ) ;
#5153 = AXIS2_PLACEMENT_3D ( 'NONE', #2492, #8541, #8784 ) ;
#5154 = EDGE_LOOP ( 'NONE', ( #1877, #7406, #2905, #2118, #9054 ) ) ;
#5155 = EDGE_CURVE ( 'NONE', #9447, #4168, #5755, .T. ) ;
#5156 = CARTESIAN_POINT ( 'NONE',  ( -5.299999999999998934, 1.543054966925661723E-15, 4.000000000000000000 ) ) ;
#5157 = DIRECTION ( 'NONE',  ( 7.653191805780030487E-16, -1.000000000000000000, 1.327617149164019890E-31 ) ) ;
#5158 = DIRECTION ( 'NONE',  ( 1.000000000000000000, 0.000000000000000000, 0.000000000000000000 ) ) ;
#5159 = EDGE_CURVE ( 'NONE', #8298, #2699, #1936, .T. ) ;
#5160 = DIRECTION ( 'NONE',  ( 3.675261601645779967E-17, 0.000000000000000000, 1.000000000000000000 ) ) ;
#5161 = AXIS2_PLACEMENT_3D ( 'NONE', #8674, #3453, #9511 ) ;
#5162 = CARTESIAN_POINT ( 'NONE',  ( 6.400000000000000355, -8.000000000000000000, -3.558691488214329901 ) ) ;
#5163 = DIRECTION ( 'NONE',  ( 1.656580215914899728E-16, 0.000000000000000000, -1.000000000000000000 ) ) ;
#5164 = CARTESIAN_POINT ( 'NONE',  ( -1.450000000000000178, 3.950000000000000178, 3.500000000000000000 ) ) ;
#5165 = FACE_OUTER_BOUND ( 'NONE', #9167, .T. ) ;
#5166 = VERTEX_POINT ( 'NONE', #495 ) ;
#5167 = EDGE_LOOP ( 'NONE', ( #3553, #6599 ) ) ;
#5168 = VERTEX_POINT ( 'NONE', #3511 ) ;
#5169 = CIRCLE ( 'NONE', #897, 2.700000000000000178 ) ;
#5170 = EDGE_LOOP ( 'NONE', ( #3888, #3965, #7728, #623 ) ) ;
#5171 = EDGE_LOOP ( 'NONE', ( #683, #8971, #7014, #9360, #4634 ) ) ;
#5172 = ORIENTED_EDGE ( 'NONE', *, *, #9279, .F. ) ;
#5173 = DIRECTION ( 'NONE',  ( 3.686397980049039737E-17, -0.5780173407803390617, -0.8160244811016550415 ) ) ;
#5174 = LINE ( 'NONE', #8195, #2506 ) ;
#5175 = EDGE_CURVE ( 'NONE', #6032, #782, #5812, .T. ) ;
#5176 = CARTESIAN_POINT ( 'NONE',  ( 3.700000000000000178, -3.950000000000000178, -3.649999999999999911 ) ) ;
#5177 = CARTESIAN_POINT ( 'NONE',  ( 5.250000000000000000, -7.349999999999999645, 1.350000000000000089 ) ) ;
#5178 = DIRECTION ( 'NONE',  ( 0.000000000000000000, -1.000000000000000000, 0.000000000000000000 ) ) ;
#5179 = ORIENTED_EDGE ( 'NONE', *, *, #8797, .T. ) ;
#5180 = EDGE_CURVE ( 'NONE', #4049, #5018, #2039, .T. ) ;
#5181 = CARTESIAN_POINT ( 'NONE',  ( -3.100000000000000089, -4.349999999999999645, 3.500000000000000000 ) ) ;
#5182 = CARTESIAN_POINT ( 'NONE',  ( -2.700000000000000178, 1.224646799147349904E-15, 2.700000000000000178 ) ) ;
#5183 = CARTESIAN_POINT ( 'NONE',  ( 3.627381302065169955, 7.502152352692800008, -3.999996525281970250 ) ) ;
#5184 = DIRECTION ( 'NONE',  ( 4.891920202254599951E-16, -1.000000000000000000, -8.725142821606440391E-16 ) ) ;
#5185 = DIRECTION ( 'NONE',  ( 0.000000000000000000, 0.000000000000000000, -1.000000000000000000 ) ) ;
#5186 = EDGE_CURVE ( 'NONE', #971, #7197, #2679, .T. ) ;
#5187 = LINE ( 'NONE', #1326, #3547 ) ;
#5188 = ADVANCED_FACE ( 'NONE', ( #7334 ), #4959, .T. ) ;
#5189 = DIRECTION ( 'NONE',  ( 1.365923996832129884E-16, 0.000000000000000000, -1.000000000000000000 ) ) ;
#5190 = EDGE_LOOP ( 'NONE', ( #5988, #6694 ) ) ;
#5191 = ORIENTED_EDGE ( 'NONE', *, *, #4909, .F. ) ;
#5192 = ORIENTED_EDGE ( 'NONE', *, *, #1691, .T. ) ;
#5193 = CIRCLE ( 'NONE', #2180, 0.1000000000000003109 ) ;
#5194 = ORIENTED_EDGE ( 'NONE', *, *, #2168, .F. ) ;
#5195 = ORIENTED_EDGE ( 'NONE', *, *, #7529, .F. ) ;
#5196 = VECTOR ( 'NONE', #405, 1000.000000000000000 ) ;
#5197 = CYLINDRICAL_SURFACE ( 'NONE', #3713, 1.499999999999999556 ) ;
#5198 = AXIS2_PLACEMENT_3D ( 'NONE', #7202, #7299, #8008 ) ;
#5199 = DIRECTION ( 'NONE',  ( 0.9691953712182476144, 0.000000000000000000, 0.2462931838462509293 ) ) ;
#5200 = CARTESIAN_POINT ( 'NONE',  ( 6.200000000000000178, 7.781966011250110782, 0.000000000000000000 ) ) ;
#5201 = CARTESIAN_POINT ( 'NONE',  ( 3.700000000000000178, -4.349999999999999645, 1.649999999999999911 ) ) ;
#5202 = LINE ( 'NONE', #7525, #540 ) ;
#5203 = ORIENTED_EDGE ( 'NONE', *, *, #9356, .F. ) ;
#5204 = ORIENTED_EDGE ( 'NONE', *, *, #4873, .F. ) ;
#5205 = CARTESIAN_POINT ( 'NONE',  ( -4.825520160104019851, 4.649999999999999467, -1.574038710486200143 ) ) ;
#5206 = LINE ( 'NONE', #1488, #1925 ) ;
#5207 = CYLINDRICAL_SURFACE ( 'NONE', #777, 0.5000000000000000000 ) ;
#5208 = DIRECTION ( 'NONE',  ( -1.000000000000000000, 0.000000000000000000, -1.365923996832129884E-16 ) ) ;
#5209 = CARTESIAN_POINT ( 'NONE',  ( 8.199999999999999289, -5.000000000000000000, 38.50000000000000000 ) ) ;
#5210 = DIRECTION ( 'NONE',  ( 0.000000000000000000, 0.000000000000000000, -1.000000000000000000 ) ) ;
#5211 = VECTOR ( 'NONE', #2050, 1000.000000000000000 ) ;
#5212 = DIRECTION ( 'NONE',  ( -1.000000000000000000, 0.000000000000000000, 8.673617379884035472E-16 ) ) ;
#5213 = DIRECTION ( 'NONE',  ( 0.000000000000000000, -1.000000000000000000, 0.000000000000000000 ) ) ;
#5214 = CIRCLE ( 'NONE', #6467, 2.499999999999999556 ) ;
#5215 = VERTEX_POINT ( 'NONE', #3558 ) ;
#5216 = AXIS2_PLACEMENT_3D ( 'NONE', #4335, #1375, #3439 ) ;
#5217 = ORIENTED_EDGE ( 'NONE', *, *, #1955, .F. ) ;
#5218 = CIRCLE ( 'NONE', #9014, 0.5000000000000000000 ) ;
#5219 = EDGE_CURVE ( 'NONE', #4272, #9447, #9620, .T. ) ;
#5220 = EDGE_LOOP ( 'NONE', ( #9110, #9119, #90, #7562 ) ) ;
#5221 = CARTESIAN_POINT ( 'NONE',  ( -0.6999999999999999556, -5.200000000000000178, -0.8499999999999999778 ) ) ;
#5222 = CARTESIAN_POINT ( 'NONE',  ( -0.6999999999999999556, 4.750000000000000000, -1.853670561864009914 ) ) ;
#5223 = LINE ( 'NONE', #7400, #6693 ) ;
#5224 = AXIS2_PLACEMENT_3D ( 'NONE', #3489, #2702, #7410 ) ;
#5225 = ADVANCED_FACE ( 'NONE', ( #1203 ), #1101, .T. ) ;
#5226 = CARTESIAN_POINT ( 'NONE',  ( 5.078267593286840409, -9.622294280808849880E-16, -6.505213034913029562E-16 ) ) ;
#5227 = CARTESIAN_POINT ( 'NONE',  ( 2.899999999999999911, -4.633988439306349960, 2.050924855491329968 ) ) ;
#5228 = ORIENTED_EDGE ( 'NONE', *, *, #7712, .F. ) ;
#5229 = ADVANCED_FACE ( 'NONE', ( #4866 ), #3367, .T. ) ;
#5230 = ORIENTED_EDGE ( 'NONE', *, *, #2323, .F. ) ;
#5231 = CARTESIAN_POINT ( 'NONE',  ( -3.637083961758269979, 4.750000000000000000, -0.1445831303232300025 ) ) ;
#5232 = CARTESIAN_POINT ( 'NONE',  ( -11.51977278891389922, -4.658889626095851000, -2.500000000000000000 ) ) ;
#5233 = CARTESIAN_POINT ( 'NONE',  ( -3.100000000000000089, 2.700000000000000178, 3.950000000000000178 ) ) ;
#5234 = CARTESIAN_POINT ( 'NONE',  ( 3.299999999999999822, 5.300000000000000711, 0.5500000000000193623 ) ) ;
#5235 = CARTESIAN_POINT ( 'NONE',  ( -11.41162309946109943, -4.649999999999999467, -2.500000000000000000 ) ) ;
#5236 = LINE ( 'NONE', #4289, #5831 ) ;
#5237 = ORIENTED_EDGE ( 'NONE', *, *, #7595, .F. ) ;
#5238 = ADVANCED_FACE ( 'NONE', ( #1891 ), #4911, .F. ) ;
#5239 = ORIENTED_EDGE ( 'NONE', *, *, #9237, .F. ) ;
#5240 = VERTEX_POINT ( 'NONE', #3418 ) ;
#5241 = CARTESIAN_POINT ( 'NONE',  ( -11.46738209570190037, -4.649999999999999467, -2.053270492925979518 ) ) ;
#5242 = EDGE_CURVE ( 'NONE', #7053, #9395, #2052, .T. ) ;
#5243 = CARTESIAN_POINT ( 'NONE',  ( -5.169901370497909099, 3.250000000000000000, 0.1161246982517000065 ) ) ;
#5244 = DIRECTION ( 'NONE',  ( -1.000000000000000000, 0.000000000000000000, 9.343242246769421254E-16 ) ) ;
#5245 = DIRECTION ( 'NONE',  ( 0.2544623675387880923, 0.000000000000000000, 0.9670826766655241657 ) ) ;
#5246 = FACE_OUTER_BOUND ( 'NONE', #6187, .T. ) ;
#5247 = VERTEX_POINT ( 'NONE', #9813 ) ;
#5248 = EDGE_LOOP ( 'NONE', ( #2466, #5819, #1631, #6807, #6071, #7571 ) ) ;
#5249 = ORIENTED_EDGE ( 'NONE', *, *, #5917, .T. ) ;
#5250 = FACE_OUTER_BOUND ( 'NONE', #8716, .T. ) ;
#5251 = EDGE_CURVE ( 'NONE', #5317, #7396, #4555, .T. ) ;
#5252 = DIRECTION ( 'NONE',  ( -1.000000000000000000, 1.277972526117299718E-16, 0.000000000000000000 ) ) ;
#5253 = EDGE_CURVE ( 'NONE', #6245, #888, #2924, .T. ) ;
#5254 = VECTOR ( 'NONE', #1577, 1000.000000000000000 ) ;
#5255 = CARTESIAN_POINT ( 'NONE',  ( 2.133605534024969774, 3.550000000000000266, 2.731968657847129833 ) ) ;
#5256 = CARTESIAN_POINT ( 'NONE',  ( 3.700000000000000178, -3.550000000000000266, 1.649999999999999911 ) ) ;
#5257 = PLANE ( 'NONE',  #3104 ) ;
#5258 = PLANE ( 'NONE',  #4652 ) ;
#5259 = DIRECTION ( 'NONE',  ( -3.675261601645779967E-17, 0.000000000000000000, -1.000000000000000000 ) ) ;
#5260 = CARTESIAN_POINT ( 'NONE',  ( 3.700000000000000178, 5.116394465975029782, 2.731968657847129833 ) ) ;
#5261 = VERTEX_POINT ( 'NONE', #7479 ) ;
#5262 = AXIS2_PLACEMENT_3D ( 'NONE', #5510, #3270, #6296 ) ;
#5263 = VERTEX_POINT ( 'NONE', #7577 ) ;
#5264 = CIRCLE ( 'NONE', #4623, 0.7500000000000000000 ) ;
#5265 = ORIENTED_EDGE ( 'NONE', *, *, #9093, .T. ) ;
#5266 = DIRECTION ( 'NONE',  ( 0.000000000000000000, -1.000000000000000000, 0.000000000000000000 ) ) ;
#5267 = CARTESIAN_POINT ( 'NONE',  ( 0.4843059676253820278, 7.825875356475299860, -3.885618546576400156 ) ) ;
#5268 = DIRECTION ( 'NONE',  ( 0.2462931838462584788, 0.000000000000000000, -0.9691953712182458380 ) ) ;
#5269 = DIRECTION ( 'NONE',  ( 0.000000000000000000, -1.000000000000000000, -9.838130824405502029E-16 ) ) ;
#5270 = LINE ( 'NONE', #1367, #2024 ) ;
#5271 = TOROIDAL_SURFACE ( 'NONE', #4152, 1.000000000000000000, 0.1000000000000000056 ) ;
#5272 = DIRECTION ( 'NONE',  ( 3.675261601645779967E-17, 0.000000000000000000, 1.000000000000000000 ) ) ;
#5273 = VERTEX_POINT ( 'NONE', #2874 ) ;
#5274 = EDGE_CURVE ( 'NONE', #2421, #5693, #3705, .T. ) ;
#5275 = LINE ( 'NONE', #4282, #4303 ) ;
#5276 = DIRECTION ( 'NONE',  ( -1.000000000000000000, 0.000000000000000000, -1.239088197126290817E-16 ) ) ;
#5277 = VECTOR ( 'NONE', #1600, 1000.000000000000000 ) ;
#5278 = DIRECTION ( 'NONE',  ( -1.000000000000000000, -2.520308862559590033E-32, 9.343242246769421254E-16 ) ) ;
#5279 = CARTESIAN_POINT ( 'NONE',  ( 1.807518844340070041, 6.200000000000000178, 1.350000000000020073 ) ) ;
#5280 = CARTESIAN_POINT ( 'NONE',  ( -2.700000000000000178, 3.950000000000000178, 4.000000000000000000 ) ) ;
#5281 = ADVANCED_FACE ( 'NONE', ( #8182 ), #692, .T. ) ;
#5282 = CARTESIAN_POINT ( 'NONE',  ( -4.402064153926899870, -4.750000000000000000, -1.322466285438819833 ) ) ;
#5283 = ORIENTED_EDGE ( 'NONE', *, *, #109, .F. ) ;
#5284 = ORIENTED_EDGE ( 'NONE', *, *, #3478, .F. ) ;
#5285 = ORIENTED_EDGE ( 'NONE', *, *, #9463, .T. ) ;
#5286 = VECTOR ( 'NONE', #3329, 1000.000000000000000 ) ;
#5287 = ORIENTED_EDGE ( 'NONE', *, *, #3309, .T. ) ;
#5288 = FACE_OUTER_BOUND ( 'NONE', #5853, .T. ) ;
#5289 = AXIS2_PLACEMENT_3D ( 'NONE', #7771, #1727, #6140 ) ;
#5290 = ADVANCED_FACE ( 'NONE', ( #8925 ), #3020, .T. ) ;
#5291 = VECTOR ( 'NONE', #7033, 1000.000000000000000 ) ;
#5292 = DIRECTION ( 'NONE',  ( -0.2544623675387880923, 0.000000000000000000, -0.9670826766655240547 ) ) ;
#5293 = DIRECTION ( 'NONE',  ( -1.000000000000000000, 0.000000000000000000, -1.668003342285390565E-16 ) ) ;
#5294 = DIRECTION ( 'NONE',  ( 1.000000000000000000, -2.927845397290890110E-16, -2.659480039017769634E-16 ) ) ;
#5295 = CARTESIAN_POINT ( 'NONE',  ( -11.46738209570190037, 4.649999999999999467, -1.976314594173340211 ) ) ;
#5296 = ORIENTED_EDGE ( 'NONE', *, *, #7050, .F. ) ;
#5297 = EDGE_CURVE ( 'NONE', #9441, #564, #8230, .T. ) ;
#5298 = VERTEX_POINT ( 'NONE', #5306 ) ;
#5299 = VERTEX_POINT ( 'NONE', #5905 ) ;
#5300 = VECTOR ( 'NONE', #8386, 1000.000000000000000 ) ;
#5301 = ORIENTED_EDGE ( 'NONE', *, *, #8693, .T. ) ;
#5302 = AXIS2_PLACEMENT_3D ( 'NONE', #5564, #116, #8594 ) ;
#5303 = DIRECTION ( 'NONE',  ( -0.9691953712182477254, 0.000000000000000000, -0.2462931838462509571 ) ) ;
#5304 = CIRCLE ( 'NONE', #2463, 0.09999999999999997780 ) ;
#5305 = DIRECTION ( 'NONE',  ( -1.000000000000000000, 0.000000000000000000, -1.239088197126290817E-16 ) ) ;
#5306 = CARTESIAN_POINT ( 'NONE',  ( -2.000000000000000000, -8.000000000000000000, 3.500000000000000000 ) ) ;
#5307 = CARTESIAN_POINT ( 'NONE',  ( 3.700000000000000178, -4.349999999999999645, 1.649999999999999911 ) ) ;
#5308 = LINE ( 'NONE', #5209, #1362 ) ;
#5309 = LINE ( 'NONE', #595, #3378 ) ;
#5310 = AXIS2_PLACEMENT_3D ( 'NONE', #5573, #5526, #8655 ) ;
#5311 = CARTESIAN_POINT ( 'NONE',  ( 2.125753146335436661, -3.950000000000015277, 2.743054381644106865 ) ) ;
#5312 = CARTESIAN_POINT ( 'NONE',  ( 4.000000000000000000, 8.000000000000000000, -3.500000000000000000 ) ) ;
#5313 = ADVANCED_FACE ( 'NONE', ( #592 ), #9011, .T. ) ;
#5314 = ADVANCED_FACE ( 'NONE', ( #6683 ), #5207, .T. ) ;
#5315 = ORIENTED_EDGE ( 'NONE', *, *, #9662, .T. ) ;
#5316 = ORIENTED_EDGE ( 'NONE', *, *, #8247, .F. ) ;
#5317 = VERTEX_POINT ( 'NONE', #1394 ) ;
#5318 = CARTESIAN_POINT ( 'NONE',  ( 2.049999999999999822, 3.950000000000000178, -3.149999999999999911 ) ) ;
#5319 = AXIS2_PLACEMENT_3D ( 'NONE', #7937, #4264, #4216 ) ;
#5320 = CARTESIAN_POINT ( 'NONE',  ( -11.45254019207970053, 3.250000000000000000, -2.102399954643790370 ) ) ;
#5321 = CARTESIAN_POINT ( 'NONE',  ( 0.2999999999999999889, 7.758830088643622780, 3.781956135555482046 ) ) ;
#5322 = CARTESIAN_POINT ( 'NONE',  ( 1.050000000000000044, -11.90000000000000036, 1.350000000000000089 ) ) ;
#5323 = CARTESIAN_POINT ( 'NONE',  ( 0.4000000000000000222, -8.000000000000000000, -3.500000000000000000 ) ) ;
#5324 = CARTESIAN_POINT ( 'NONE',  ( -3.726145790396850010, 3.149999999999999911, -0.4830620671561600132 ) ) ;
#5325 = TOROIDAL_SURFACE ( 'NONE', #3569, 0.3769558987526489546, 0.1000000000000000056 ) ;
#5326 = EDGE_LOOP ( 'NONE', ( #6829, #1957, #1856, #2709 ) ) ;
#5327 = VERTEX_POINT ( 'NONE', #5255 ) ;
#5328 = DIRECTION ( 'NONE',  ( -1.858632295689409725E-16, 0.000000000000000000, 1.000000000000000000 ) ) ;
#5329 = CARTESIAN_POINT ( 'NONE',  ( -2.194930601386880120, -7.578686974888909411, -3.995212352161840119 ) ) ;
#5330 = CARTESIAN_POINT ( 'NONE',  ( 3.425910258978309919, 7.947719699253350534, -3.731823336613779851 ) ) ;
#5331 = CARTESIAN_POINT ( 'NONE',  ( 0.7999999999999999334, -3.949999999999998845, 1.350000000000002531 ) ) ;
#5332 = CARTESIAN_POINT ( 'NONE',  ( -2.299999999999999822, -3.550000000000000266, 3.950000000000000178 ) ) ;
#5333 = EDGE_CURVE ( 'NONE', #8521, #117, #621, .T. ) ;
#5334 = EDGE_CURVE ( 'NONE', #2023, #1687, #7109, .T. ) ;
#5335 = CARTESIAN_POINT ( 'NONE',  ( 4.780733988912470000E-16, 8.000000000000000000, -3.500000000000000000 ) ) ;
#5336 = ORIENTED_EDGE ( 'NONE', *, *, #8434, .T. ) ;
#5337 = ORIENTED_EDGE ( 'NONE', *, *, #7182, .T. ) ;
#5338 = VERTEX_POINT ( 'NONE', #3650 ) ;
#5339 = EDGE_CURVE ( 'NONE', #4968, #7280, #6000, .T. ) ;
#5340 = CARTESIAN_POINT ( 'NONE',  ( -0.6999999999999999556, -6.200000000000000178, 0.5500000000000000444 ) ) ;
#5341 = EDGE_CURVE ( 'NONE', #7705, #3796, #8279, .T. ) ;
#5342 = EDGE_CURVE ( 'NONE', #1055, #1453, #1346, .T. ) ;
#5343 = PLANE ( 'NONE',  #8968 ) ;
#5344 = CARTESIAN_POINT ( 'NONE',  ( 6.597333865460401015, 7.573611609350740181, -3.999535118194859518 ) ) ;
#5345 = DIRECTION ( 'NONE',  ( -1.656580215914899728E-16, 0.000000000000000000, 1.000000000000000000 ) ) ;
#5346 = CARTESIAN_POINT ( 'NONE',  ( 0.6282856857085710178, -7.500000000000000000, -4.000000000000000000 ) ) ;
#5347 = ORIENTED_EDGE ( 'NONE', *, *, #4276, .F. ) ;
#5348 = ORIENTED_EDGE ( 'NONE', *, *, #6634, .F. ) ;
#5349 = ORIENTED_EDGE ( 'NONE', *, *, #8194, .T. ) ;
#5350 = ADVANCED_FACE ( 'NONE', ( #641 ), #3619, .T. ) ;
#5351 = DIRECTION ( 'NONE',  ( -9.856383386231849706E-16, -9.856383386231849706E-16, 1.000000000000000000 ) ) ;
#5352 = LINE ( 'NONE', #8229, #8584 ) ;
#5353 = VECTOR ( 'NONE', #6662, 1000.000000000000000 ) ;
#5354 = DIRECTION ( 'NONE',  ( 0.000000000000000000, 1.000000000000000000, 0.000000000000000000 ) ) ;
#5355 = PLANE ( 'NONE',  #9802 ) ;
#5356 = CARTESIAN_POINT ( 'NONE',  ( 6.628285685708569908, -7.500000000000000000, -4.000000000000000000 ) ) ;
#5357 = DIRECTION ( 'NONE',  ( 1.000000000000000000, 0.000000000000000000, 0.000000000000000000 ) ) ;
#5358 = LINE ( 'NONE', #6053, #1943 ) ;
#5359 = CARTESIAN_POINT ( 'NONE',  ( 0.2999999999999999889, 6.200000000000000178, -6.505213034913029562E-16 ) ) ;
#5360 = VERTEX_POINT ( 'NONE', #4508 ) ;
#5361 = ORIENTED_EDGE ( 'NONE', *, *, #4370, .F. ) ;
#5362 = EDGE_LOOP ( 'NONE', ( #4698, #3346, #6486, #7803 ) ) ;
#5363 = DIRECTION ( 'NONE',  ( -1.000000000000000000, 0.000000000000000000, 0.000000000000000000 ) ) ;
#5364 = EDGE_CURVE ( 'NONE', #2869, #8271, #5397, .T. ) ;
#5365 = CARTESIAN_POINT ( 'NONE',  ( 0.5973338653993770508, 7.573611609483980267, -3.999535118193980221 ) ) ;
#5366 = CARTESIAN_POINT ( 'NONE',  ( -12.20000000000000107, 1.750000000000000000, 0.5500000000000000444 ) ) ;
#5367 = DIRECTION ( 'NONE',  ( -3.675261601645779967E-17, 0.000000000000000000, -1.000000000000000000 ) ) ;
#5368 = CARTESIAN_POINT ( 'NONE',  ( 2.299999999999999822, -4.055919436618319697E-16, 2.600000000000000089 ) ) ;
#5369 = CARTESIAN_POINT ( 'NONE',  ( -12.69999999999999929, -1.699999999999999956, 0.5500000000000000444 ) ) ;
#5370 =( BOUNDED_CURVE ( )  B_SPLINE_CURVE ( 3, ( #5845, #4899, #5795, #8766 ),
 .UNSPECIFIED., .F., .F. ) 
 B_SPLINE_CURVE_WITH_KNOTS ( ( 4, 4 ),
 ( 1.570796326794896558, 3.141592653589793116 ),
 .UNSPECIFIED. ) 
 CURVE ( )  GEOMETRIC_REPRESENTATION_ITEM ( )  RATIONAL_B_SPLINE_CURVE ( ( 1.000000000000000000, 0.8047378541243649375, 0.8047378541243649375, 1.000000000000000000 ) ) 
 REPRESENTATION_ITEM ( '' )  );
#5371 = CARTESIAN_POINT ( 'NONE',  ( 1.807518844340070041, 6.200000000000000178, -6.505213034913029562E-16 ) ) ;
#5372 = VERTEX_POINT ( 'NONE', #6366 ) ;
#5373 = VECTOR ( 'NONE', #667, 1000.000000000000000 ) ;
#5374 = DIRECTION ( 'NONE',  ( 1.000000000000000000, 0.000000000000000000, 0.000000000000000000 ) ) ;
#5375 = AXIS2_PLACEMENT_3D ( 'NONE', #9570, #9429, #9519 ) ;
#5376 = EDGE_CURVE ( 'NONE', #107, #2776, #9400, .T. ) ;
#5377 = EDGE_CURVE ( 'NONE', #5390, #3351, #4734, .T. ) ;
#5378 = DIRECTION ( 'NONE',  ( -1.365923996832130130E-16, 0.000000000000000000, 1.000000000000000000 ) ) ;
#5379 = DIRECTION ( 'NONE',  ( -0.9691953712182513891, 0.000000000000000000, -0.2462931838462361078 ) ) ;
#5380 = FACE_OUTER_BOUND ( 'NONE', #224, .T. ) ;
#5381 = CARTESIAN_POINT ( 'NONE',  ( -4.733578329366819659, -4.649999999999999467, -0.3713864702557699848 ) ) ;
#5382 = EDGE_LOOP ( 'NONE', ( #903, #1120, #6425, #413 ) ) ;
#5383 = VERTEX_POINT ( 'NONE', #2382 ) ;
#5384 = ORIENTED_EDGE ( 'NONE', *, *, #894, .T. ) ;
#5385 = DIRECTION ( 'NONE',  ( 0.000000000000000000, 0.000000000000000000, -1.000000000000000000 ) ) ;
#5386 = AXIS2_PLACEMENT_3D ( 'NONE', #6962, #123, #9201 ) ;
#5387 = CARTESIAN_POINT ( 'NONE',  ( -0.6999999999999999556, 4.799999999999999822, -0.8499999999999999778 ) ) ;
#5388 = DIRECTION ( 'NONE',  ( 0.000000000000000000, 2.294126247091830304E-15, -1.000000000000000000 ) ) ;
#5389 = DIRECTION ( 'NONE',  ( -9.856383386231849706E-16, 0.000000000000000000, 1.000000000000000000 ) ) ;
#5390 = VERTEX_POINT ( 'NONE', #841 ) ;
#5391 = ORIENTED_EDGE ( 'NONE', *, *, #4465, .T. ) ;
#5392 = ORIENTED_EDGE ( 'NONE', *, *, #2737, .T. ) ;
#5393 = VERTEX_POINT ( 'NONE', #6321 ) ;
#5394 = FACE_OUTER_BOUND ( 'NONE', #8825, .T. ) ;
#5395 = ADVANCED_FACE ( 'NONE', ( #7161 ), #372, .F. ) ;
#5396 = COORDINATED_UNIVERSAL_TIME_OFFSET ( 1, 0, .AHEAD. ) ;
#5397 = LINE ( 'NONE', #3297, #4105 ) ;
#5398 = CARTESIAN_POINT ( 'NONE',  ( -11.46738209570190037, -3.149999999999999911, -2.053270492925979518 ) ) ;
#5399 = CARTESIAN_POINT ( 'NONE',  ( 4.549999999999999822, -3.550000000000000266, 2.850000000000000089 ) ) ;
#5400 = DIRECTION ( 'NONE',  ( -0.9691953712182476144, 0.000000000000000000, -0.2462931838462509293 ) ) ;
#5401 = EDGE_CURVE ( 'NONE', #1776, #8417, #1737, .T. ) ;
#5402 = LINE ( 'NONE', #6379, #356 ) ;
#5403 = DIRECTION ( 'NONE',  ( -0.1169059789102828151, 0.000000000000000000, 0.9931429867320357152 ) ) ;
#5404 = ORIENTED_EDGE ( 'NONE', *, *, #4632, .T. ) ;
#5405 = ORIENTED_EDGE ( 'NONE', *, *, #816, .T. ) ;
#5406 = VECTOR ( 'NONE', #7578, 1000.000000000000000 ) ;
#5407 = VECTOR ( 'NONE', #8567, 1000.000000000000000 ) ;
#5408 = DIRECTION ( 'NONE',  ( 1.000000000000000000, 0.000000000000000000, 0.000000000000000000 ) ) ;
#5409 = PLANE ( 'NONE',  #1105 ) ;
#5410 = FACE_OUTER_BOUND ( 'NONE', #3163, .T. ) ;
#5411 = CARTESIAN_POINT ( 'NONE',  ( -0.6999999999999999556, 4.799999999999999822, -0.8499999999999999778 ) ) ;
#5412 = ADVANCED_FACE ( 'NONE', ( #4845 ), #7629, .T. ) ;
#5413 = CYLINDRICAL_SURFACE ( 'NONE', #8748, 1.250000000000000000 ) ;
#5414 = CARTESIAN_POINT ( 'NONE',  ( 3.627833584853229709, -7.501076215300289896, -4.000000000000000000 ) ) ;
#5415 = CIRCLE ( 'NONE', #9222, 0.09999999999999982514 ) ;
#5416 = EDGE_CURVE ( 'NONE', #8935, #9230, #8433, .T. ) ;
#5417 = EDGE_LOOP ( 'NONE', ( #3799, #5069, #4646, #1920 ) ) ;
#5418 = ORIENTED_EDGE ( 'NONE', *, *, #6906, .F. ) ;
#5419 = DIRECTION ( 'NONE',  ( 1.365923996832129884E-16, 0.000000000000000000, -1.000000000000000000 ) ) ;
#5420 = DIRECTION ( 'NONE',  ( -1.365923996832129884E-16, 0.000000000000000000, 1.000000000000000000 ) ) ;
#5421 = VECTOR ( 'NONE', #2526, 1000.000000000000000 ) ;
#5422 = LINE ( 'NONE', #6216, #1557 ) ;
#5423 = CARTESIAN_POINT ( 'NONE',  ( 2.899999999999999911, -3.950000000000000178, 1.649999999999999911 ) ) ;
#5424 = CARTESIAN_POINT ( 'NONE',  ( 5.000000000000000000, 3.950000000000000178, -2.600000000000000089 ) ) ;
#5425 = DIRECTION ( 'NONE',  ( 1.000000000000000000, -4.250237838716940347E-31, 9.856383386231849706E-16 ) ) ;
#5427 = ORIENTED_EDGE ( 'NONE', *, *, #9784, .F. ) ;
#5426 = EDGE_CURVE ( 'NONE', #1499, #7197, #4602, .T. ) ;
#5428 = AXIS2_PLACEMENT_3D ( 'NONE', #2820, #8034, #8772 ) ;
#5429 = EDGE_CURVE ( 'NONE', #6080, #4864, #4093, .T. ) ;
#5430 = VERTEX_POINT ( 'NONE', #5682 ) ;
#5431 = VECTOR ( 'NONE', #3180, 1000.000000000000000 ) ;
#5432 = ORIENTED_EDGE ( 'NONE', *, *, #750, .T. ) ;
#5433 = FACE_OUTER_BOUND ( 'NONE', #7113, .T. ) ;
#5434 = AXIS2_PLACEMENT_3D ( 'NONE', #8742, #3284, #5568 ) ;
#5435 = DIRECTION ( 'NONE',  ( -1.365923996832129884E-16, 0.000000000000000000, 1.000000000000000000 ) ) ;
#5436 = DIRECTION ( 'NONE',  ( -1.000000000000000000, 0.000000000000000000, 3.675261601645779967E-17 ) ) ;
#5437 = DIRECTION ( 'NONE',  ( -0.9931429867320367144, 0.000000000000000000, -0.1169059789102749741 ) ) ;
#5438 = FACE_OUTER_BOUND ( 'NONE', #7638, .T. ) ;
#5439 = ORIENTED_EDGE ( 'NONE', *, *, #6920, .T. ) ;
#5440 = ORIENTED_EDGE ( 'NONE', *, *, #5653, .T. ) ;
#5441 = ORIENTED_EDGE ( 'NONE', *, *, #6814, .T. ) ;
#5442 = CIRCLE ( 'NONE', #4179, 1.749999999999999778 ) ;
#5443 = CARTESIAN_POINT ( 'NONE',  ( 10.80000000000000071, -5.000000000000000000, 38.50000000000000000 ) ) ;
#5444 = PERSON_AND_ORGANIZATION_ROLE ( 'design_supplier' ) ;
#5445 = VECTOR ( 'NONE', #995, 1000.000000000000000 ) ;
#5446 = CIRCLE ( 'NONE', #2911, 0.7500000000000000000 ) ;
#5447 = DIRECTION ( 'NONE',  ( 0.000000000000000000, 1.000000000000000000, 0.000000000000000000 ) ) ;
#5448 = CARTESIAN_POINT ( 'NONE',  ( -4.708132092612940411, -4.649999999999999467, -0.2746782025892200441 ) ) ;
#5449 = VECTOR ( 'NONE', #6380, 1000.000000000000000 ) ;
#5450 = DIRECTION ( 'NONE',  ( -1.000000000000000000, -1.224646799147359863E-16, 0.000000000000000000 ) ) ;
#5451 = LINE ( 'NONE', #3357, #5903 ) ;
#5452 = DIRECTION ( 'NONE',  ( 6.377659838150020064E-17, 1.000000000000000000, 1.106347624303350091E-32 ) ) ;
#5453 = ADVANCED_FACE ( 'NONE', ( #7115, #3850 ), #8662, .F. ) ;
#5454 = VERTEX_POINT ( 'NONE', #4891 ) ;
#5455 = CIRCLE ( 'NONE', #1976, 1.250000000000000222 ) ;
#5456 = AXIS2_PLACEMENT_3D ( 'NONE', #7378, #1387, #4299 ) ;
#5457 = ORIENTED_EDGE ( 'NONE', *, *, #4246, .F. ) ;
#5458 = VECTOR ( 'NONE', #8574, 1000.000000000000000 ) ;
#5459 = PRODUCT ( 'CMJ-xxPS', 'CMJ-xxPS', '', ( #1091 ) ) ;
#5460 = DIRECTION ( 'NONE',  ( -0.2462931838462505130, 0.000000000000000000, 0.9691953712182477254 ) ) ;
#5461 = EDGE_CURVE ( 'NONE', #626, #6382, #3905, .T. ) ;
#5462 = VECTOR ( 'NONE', #6397, 1000.000000000000000 ) ;
#5463 = CARTESIAN_POINT ( 'NONE',  ( -12.69999999999999929, 4.799999999999999822, -0.8499999999999999778 ) ) ;
#5464 = CARTESIAN_POINT ( 'NONE',  ( -0.6999999999999999556, -4.799999999999999822, -0.8499999999999999778 ) ) ;
#5465 = VECTOR ( 'NONE', #8799, 1000.000000000000000 ) ;
#5466 = CIRCLE ( 'NONE', #7683, 6.487680633323430257 ) ;
#5467 = CARTESIAN_POINT ( 'NONE',  ( -2.000000000000000000, -8.000000000000000000, -3.500000000000000000 ) ) ;
#5468 = CARTESIAN_POINT ( 'NONE',  ( 5.785374374473379433, -0.7071067811865500152, 1.800000000000000044 ) ) ;
#5469 = FACE_OUTER_BOUND ( 'NONE', #9264, .T. ) ;
#5470 = AXIS2_PLACEMENT_3D ( 'NONE', #5448, #9367, #6191 ) ;
#5471 = VERTEX_POINT ( 'NONE', #6934 ) ;
#5472 = ORIENTED_EDGE ( 'NONE', *, *, #1975, .T. ) ;
#5473 = DIRECTION ( 'NONE',  ( -0.004218976193204673764, 0.000000000000000000, -0.9999911000803364258 ) ) ;
#5474 = ADVANCED_FACE ( 'NONE', ( #1081, #98, #7214 ), #422, .F. ) ;
#5475 = CARTESIAN_POINT ( 'NONE',  ( 2.899999999999999911, 3.950000000000000178, -3.649999999999999911 ) ) ;
#5476 = DIRECTION ( 'NONE',  ( 0.2544623675387880923, 0.000000000000000000, 0.9670826766655241657 ) ) ;
#5477 = ADVANCED_FACE ( 'NONE', ( #7913 ), #2653, .T. ) ;
#5478 = CARTESIAN_POINT ( 'NONE',  ( 6.200000000000000178, -6.150000000000000355, 0.5499999999999910516 ) ) ;
#5479 = LINE ( 'NONE', #7059, #5071 ) ;
#5480 = B_SPLINE_CURVE_WITH_KNOTS ( 'NONE', 3,
 ( #300, #8537, #6898, #6343, #4615, #1701, #5559, #7743, #3179, #906, #8638, #8588 ),
 .UNSPECIFIED., .F., .F.,
 ( 4, 1, 1, 1, 1, 2, 2, 4 ),
 ( 0.000000000000000000, 0.2500000000001734168, 0.3750000000002601253, 0.4375000000002954859, 0.4687500000003130829, 0.4843750000003084755, 0.5000000000003037570, 1.000000000000000000 ),
 .UNSPECIFIED. ) ;
#5481 = VECTOR ( 'NONE', #5292, 1000.000000000000114 ) ;
#5482 = EDGE_CURVE ( 'NONE', #626, #9507, #9174, .T. ) ;
#5483 = VERTEX_POINT ( 'NONE', #8381 ) ;
#5484 = ORIENTED_EDGE ( 'NONE', *, *, #4083, .T. ) ;
#5485 = VERTEX_POINT ( 'NONE', #1961 ) ;
#5486 = CARTESIAN_POINT ( 'NONE',  ( -12.20000000000000107, 1.750000000000000000, 0.5500000000000000444 ) ) ;
#5487 = B_SPLINE_CURVE_WITH_KNOTS ( 'NONE', 3,
 ( #3080, #8235, #2092, #5113 ),
 .UNSPECIFIED., .F., .F.,
 ( 4, 4 ),
 ( 0.5003902805510600516, 1.000000000000000000 ),
 .UNSPECIFIED. ) ;
#5488 = ADVANCED_FACE ( 'NONE', ( #4984 ), #8808, .F. ) ;
#5489 = EDGE_CURVE ( 'NONE', #2169, #287, #2206, .T. ) ;
#5490 = CARTESIAN_POINT ( 'NONE',  ( 2.050000000000000266, -3.550000000000000266, 1.649999999999999911 ) ) ;
#5491 = CARTESIAN_POINT ( 'NONE',  ( 2.899999999999999911, -3.550000000000000266, 2.825337829024829883 ) ) ;
#5492 = DIRECTION ( 'NONE',  ( 1.000000000000000000, 4.713922489067369425E-17, 9.856383386231849706E-16 ) ) ;
#5493 = CARTESIAN_POINT ( 'NONE',  ( 3.700000000000000178, 5.200000000000000178, 1.649999999999999911 ) ) ;
#5494 = ORIENTED_EDGE ( 'NONE', *, *, #4064, .T. ) ;
#5495 = ORIENTED_EDGE ( 'NONE', *, *, #6565, .F. ) ;
#5496 = EDGE_LOOP ( 'NONE', ( #5384, #5578, #6817, #672 ) ) ;
#5497 = EDGE_LOOP ( 'NONE', ( #600, #4762, #7120, #6497, #3001 ) ) ;
#5498 = CARTESIAN_POINT ( 'NONE',  ( 4.474246853664565649, 3.950000000000000178, 2.743054381644114859 ) ) ;
#5499 =( NAMED_UNIT ( * ) PLANE_ANGLE_UNIT ( ) SI_UNIT ( $, .RADIAN. ) );
#5500 = ADVANCED_FACE ( 'NONE', ( #8162 ), #7363, .F. ) ;
#5501 = DIRECTION ( 'NONE',  ( -0.004218976193204673764, 0.000000000000000000, -0.9999911000803364258 ) ) ;
#5502 = DIRECTION ( 'NONE',  ( 0.000000000000000000, -1.000000000000000000, 0.000000000000000000 ) ) ;
#5503 = CARTESIAN_POINT ( 'NONE',  ( -5.083698756151719955, -3.149999999999999911, -0.2730936816746800111 ) ) ;
#5504 = CARTESIAN_POINT ( 'NONE',  ( -0.6999999999999999556, 3.100000000000000089, -2.449999999999999734 ) ) ;
#5505 = CARTESIAN_POINT ( 'NONE',  ( -4.898978868267030329, 3.149999999999999911, -0.9499902100883750311 ) ) ;
#5506 = ORIENTED_EDGE ( 'NONE', *, *, #1368, .F. ) ;
#5507 = ORIENTED_EDGE ( 'NONE', *, *, #1552, .F. ) ;
#5508 = VECTOR ( 'NONE', #6356, 1000.000000000000000 ) ;
#5509 = ORIENTED_EDGE ( 'NONE', *, *, #2255, .T. ) ;
#5510 = CARTESIAN_POINT ( 'NONE',  ( 6.200000000000000178, -1.699999999999999956, 0.5500000000000000444 ) ) ;
#5511 = CARTESIAN_POINT ( 'NONE',  ( -2.299999999999999822, -4.349999999999999645, 3.500000000000000000 ) ) ;
#5512 = CARTESIAN_POINT ( 'NONE',  ( 0.3000000000000000444, 7.687179847410180678, 3.844576039941578038 ) ) ;
#5513 = DIRECTION ( 'NONE',  ( 0.000000000000000000, -1.000000000000000000, 0.000000000000000000 ) ) ;
#5514 = DIRECTION ( 'NONE',  ( -1.000000000000000000, 0.000000000000000000, 0.000000000000000000 ) ) ;
#5515 = AXIS2_PLACEMENT_3D ( 'NONE', #5320, #2300, #1553 ) ;
#5516 = CARTESIAN_POINT ( 'NONE',  ( 3.299999999999999822, 3.550000000000000266, 1.649999999999999911 ) ) ;
#5517 = CARTESIAN_POINT ( 'NONE',  ( 3.484305967535690218, -7.825875356666831095, -3.885618546413629915 ) ) ;
#5518 = EDGE_CURVE ( 'NONE', #1067, #4919, #5930, .T. ) ;
#5519 = VERTEX_POINT ( 'NONE', #5879 ) ;
#5520 = ORIENTED_EDGE ( 'NONE', *, *, #7823, .T. ) ;
#5521 = ORIENTED_EDGE ( 'NONE', *, *, #5668, .T. ) ;
#5522 = DIRECTION ( 'NONE',  ( 1.365923996832129884E-16, 0.000000000000000000, -1.000000000000000000 ) ) ;
#5523 = LINE ( 'NONE', #1562, #7185 ) ;
#5524 = ADVANCED_FACE ( 'NONE', ( #3627 ), #3782, .T. ) ;
#5525 = CARTESIAN_POINT ( 'NONE',  ( 6.200000000000000178, -4.250000000000000000, 0.5499999999999940492 ) ) ;
#5526 = DIRECTION ( 'NONE',  ( 3.675261601645779967E-17, 0.000000000000000000, 1.000000000000000000 ) ) ;
#5527 = CARTESIAN_POINT ( 'NONE',  ( -12.69999999999999929, -2.700000000000000178, -0.8499999999999999778 ) ) ;
#5528 = ADVANCED_FACE ( 'NONE', ( #6614 ), #8902, .F. ) ;
#5529 = EDGE_CURVE ( 'NONE', #9006, #7563, #953, .T. ) ;
#5530 = ORIENTED_EDGE ( 'NONE', *, *, #2895, .F. ) ;
#5531 = AXIS2_PLACEMENT_3D ( 'NONE', #4139, #8710, #1911 ) ;
#5532 = EDGE_LOOP ( 'NONE', ( #6646, #728, #8911 ) ) ;
#5533 = EDGE_LOOP ( 'NONE', ( #9514, #5702, #3131 ) ) ;
#5534 = DIRECTION ( 'NONE',  ( 0.000000000000000000, 0.000000000000000000, -1.000000000000000000 ) ) ;
#5535 = VECTOR ( 'NONE', #4481, 1000.000000000000000 ) ;
#5536 = DIRECTION ( 'NONE',  ( 0.000000000000000000, 1.000000000000000000, 0.000000000000000000 ) ) ;
#5537 = CARTESIAN_POINT ( 'NONE',  ( -3.637083961758269979, 4.649999999999999467, -0.1445831303232300025 ) ) ;
#5538 = EDGE_CURVE ( 'NONE', #8327, #8037, #2999, .T. ) ;
#5539 = CARTESIAN_POINT ( 'NONE',  ( -3.100000000000000089, -2.765728071767299845, 3.500000000000000000 ) ) ;
#5540 = CYLINDRICAL_SURFACE ( 'NONE', #8775, 0.5000000000000000000 ) ;
#5541 = ORIENTED_EDGE ( 'NONE', *, *, #4996, .T. ) ;
#5542 = ORIENTED_EDGE ( 'NONE', *, *, #4220, .T. ) ;
#5543 = ORIENTED_EDGE ( 'NONE', *, *, #2523, .F. ) ;
#5544 = AXIS2_PLACEMENT_3D ( 'NONE', #9445, #1862, #8102 ) ;
#5545 = ADVANCED_FACE ( 'NONE', ( #2013 ), #9643, .F. ) ;
#5546 = ORIENTED_EDGE ( 'NONE', *, *, #3488, .T. ) ;
#5547 = DIRECTION ( 'NONE',  ( 3.212450881438531255E-16, 1.000000000000000000, 1.124357808503486087E-15 ) ) ;
#5548 = CALENDAR_DATE ( 2023, 2, 7 ) ;
#5549 = DIRECTION ( 'NONE',  ( 0.000000000000000000, -1.000000000000000000, 7.272363510133201395E-15 ) ) ;
#5550 = DIRECTION ( 'NONE',  ( 3.675261601645779967E-17, 0.000000000000000000, 1.000000000000000000 ) ) ;
#5551 = DIRECTION ( 'NONE',  ( -1.000000000000000000, 0.000000000000000000, 0.000000000000000000 ) ) ;
#5552 = DIRECTION ( 'NONE',  ( 0.000000000000000000, 1.000000000000000000, 0.000000000000000000 ) ) ;
#5553 = ORIENTED_EDGE ( 'NONE', *, *, #9730, .F. ) ;
#5554 = VERTEX_POINT ( 'NONE', #8061 ) ;
#5555 = ORIENTED_EDGE ( 'NONE', *, *, #4492, .F. ) ;
#5556 = EDGE_CURVE ( 'NONE', #3671, #1523, #2110, .T. ) ;
#5557 = ADVANCED_FACE ( 'NONE', ( #2852 ), #8018, .T. ) ;
#5558 = DIRECTION ( 'NONE',  ( 1.656580215914899728E-16, 0.000000000000000000, -1.000000000000000000 ) ) ;
#5559 = CARTESIAN_POINT ( 'NONE',  ( -5.022395915934428245, 4.749811590227394298, 0.05000000000001005723 ) ) ;
#5560 = CARTESIAN_POINT ( 'NONE',  ( 10.80000000000000071, 5.000000000000000000, 0.000000000000000000 ) ) ;
#5561 = CARTESIAN_POINT ( 'NONE',  ( -11.46738209570190037, -4.649999999999999467, -2.026314594173330264 ) ) ;
#5562 = CARTESIAN_POINT ( 'NONE',  ( -4.644516500728250286, -4.750000000000000000, -0.03290753342284009897 ) ) ;
#5563 = DIRECTION ( 'NONE',  ( -1.000000000000000000, 0.000000000000000000, 0.000000000000000000 ) ) ;
#5564 = CARTESIAN_POINT ( 'NONE',  ( 4.549999999999999822, -4.349999999999999645, 1.649999999999999911 ) ) ;
#5565 = ORIENTED_EDGE ( 'NONE', *, *, #1100, .F. ) ;
#5566 = ORIENTED_EDGE ( 'NONE', *, *, #8812, .F. ) ;
#5567 = ORIENTED_EDGE ( 'NONE', *, *, #7206, .F. ) ;
#5568 = DIRECTION ( 'NONE',  ( -1.913297951445009840E-16, -1.000000000000000000, 0.000000000000000000 ) ) ;
#5569 = CARTESIAN_POINT ( 'NONE',  ( 0.9156940323751059374, 7.825875356476331035, -3.885618546575519971 ) ) ;
#5570 = AXIS2_PLACEMENT_3D ( 'NONE', #810, #5419, #9195 ) ;
#5571 = AXIS2_PLACEMENT_3D ( 'NONE', #2280, #4601, #5305 ) ;
#5572 = DIRECTION ( 'NONE',  ( 0.000000000000000000, 1.000000000000000000, 9.637352644315590806E-16 ) ) ;
#5573 = CARTESIAN_POINT ( 'NONE',  ( 5.078267593286840409, -9.622294280808849880E-16, -6.505213034913029562E-16 ) ) ;
#5574 = DIRECTION ( 'NONE',  ( 0.9931429867320367144, 0.000000000000000000, 0.1169059789102749741 ) ) ;
#5575 = CIRCLE ( 'NONE', #1306, 6.487680633323430257 ) ;
#5577 = ADVANCED_FACE ( 'NONE', ( #6513 ), #5729, .T. ) ;
#5576 = EDGE_LOOP ( 'NONE', ( #879, #9123, #4649, #8774 ) ) ;
#5578 = ORIENTED_EDGE ( 'NONE', *, *, #3914, .F. ) ;
#5579 = VECTOR ( 'NONE', #7116, 1000.000000000000000 ) ;
#5580 = ORIENTED_EDGE ( 'NONE', *, *, #6252, .F. ) ;
#5581 = CARTESIAN_POINT ( 'NONE',  ( -11.46738209570189859, -4.675365379185340231, -2.500000000000000888 ) ) ;
#5582 = EDGE_LOOP ( 'NONE', ( #9538, #4442, #3572, #5520 ) ) ;
#5583 = EDGE_CURVE ( 'NONE', #7714, #1909, #1224, .T. ) ;
#5584 = DIRECTION ( 'NONE',  ( 0.000000000000000000, -1.000000000000000000, 0.000000000000000000 ) ) ;
#5585 = PLANE ( 'NONE',  #349 ) ;
#5586 = CARTESIAN_POINT ( 'NONE',  ( -2.167091607860630376, 7.643242681560700191, -3.984225351784960623 ) ) ;
#5587 = VECTOR ( 'NONE', #6446, 1000.000000000000000 ) ;
#5588 = CARTESIAN_POINT ( 'NONE',  ( -11.52272792429839932, -3.246560529304809872, -2.500000000000000000 ) ) ;
#5589 = ORIENTED_EDGE ( 'NONE', *, *, #4295, .F. ) ;
#5590 = ORIENTED_EDGE ( 'NONE', *, *, #6700, .F. ) ;
#5591 = VERTEX_POINT ( 'NONE', #4233 ) ;
#5592 = ORIENTED_EDGE ( 'NONE', *, *, #394, .F. ) ;
#5593 = CARTESIAN_POINT ( 'NONE',  ( 9.500000000000000000, -5.000000000000000000, -1.500000000000000000 ) ) ;
#5594 = DATE_TIME_ROLE ( 'classification_date' ) ;
#5595 = EDGE_CURVE ( 'NONE', #4130, #2699, #9811, .T. ) ;
#5596 = EDGE_CURVE ( 'NONE', #7197, #3745, #9597, .T. ) ;
#5597 = DIRECTION ( 'NONE',  ( 0.8160244811016550415, 2.875390424438230349E-15, 0.5780173407803390617 ) ) ;
#5598 = PLANE ( 'NONE',  #700 ) ;
#5599 = CARTESIAN_POINT ( 'NONE',  ( 7.000000000000000000, -6.339637028918160055, 1.350000000000000089 ) ) ;
#5600 = SPHERICAL_SURFACE ( 'NONE', #1031, 6.500000000000000000 ) ;
#5601 = ORIENTED_EDGE ( 'NONE', *, *, #2166, .T. ) ;
#5602 = ORIENTED_EDGE ( 'NONE', *, *, #5642, .T. ) ;
#5603 = EDGE_LOOP ( 'NONE', ( #5792, #3210, #6819, #5898, #1686, #5283, #5006, #3064 ) ) ;
#5604 = VECTOR ( 'NONE', #7176, 1000.000000000000000 ) ;
#5605 = VECTOR ( 'NONE', #9070, 1000.000000000000000 ) ;
#5606 = DIRECTION ( 'NONE',  ( -1.000000000000000000, 0.000000000000000000, 0.000000000000000000 ) ) ;
#5607 = TOROIDAL_SURFACE ( 'NONE', #4815, 2.000000000000000000, 0.5000000000000000000 ) ;
#5608 = LINE ( 'NONE', #8496, #445 ) ;
#5609 = CARTESIAN_POINT ( 'NONE',  ( -9.199999999999999289, 4.286263797015740046E-16, 2.700000000000000178 ) ) ;
#5610 = EDGE_CURVE ( 'NONE', #6943, #912, #4284, .T. ) ;
#5611 = DIRECTION ( 'NONE',  ( 0.000000000000000000, 0.000000000000000000, -1.000000000000000000 ) ) ;
#5612 = FACE_OUTER_BOUND ( 'NONE', #2096, .T. ) ;
#5613 = EDGE_CURVE ( 'NONE', #8848, #9158, #4535, .T. ) ;
#5614 = CIRCLE ( 'NONE', #5137, 0.1000000000000003109 ) ;
#5615 = CARTESIAN_POINT ( 'NONE',  ( 10.69999999999999929, 6.000000000000000000, -4.000000000000000000 ) ) ;
#5616 = CARTESIAN_POINT ( 'NONE',  ( 3.399999999999999911, -8.000000000000000000, -3.500000000000000000 ) ) ;
#5617 = VECTOR ( 'NONE', #6535, 1000.000000000000000 ) ;
#5618 = EDGE_CURVE ( 'NONE', #4773, #8824, #3733, .T. ) ;
#5619 = VERTEX_POINT ( 'NONE', #7505 ) ;
#5620 = ORIENTED_EDGE ( 'NONE', *, *, #1822, .F. ) ;
#5621 = VECTOR ( 'NONE', #2953, 1000.000000000000000 ) ;
#5622 = LINE ( 'NONE', #4225, #7974 ) ;
#5623 = CARTESIAN_POINT ( 'NONE',  ( 1.000000000000000000, 8.000000000000000000, -3.558691488253410196 ) ) ;
#5624 = AXIS2_PLACEMENT_3D ( 'NONE', #4975, #2303, #3090 ) ;
#5625 = AXIS2_PLACEMENT_3D ( 'NONE', #581, #2862, #9008 ) ;
#5626 = CARTESIAN_POINT ( 'NONE',  ( -2.700000000000000178, 3.950000000000000178, 3.500000000000000000 ) ) ;
#5627 = CARTESIAN_POINT ( 'NONE',  ( -2.228285685708569552, -7.500000000000000000, 4.000000000000000000 ) ) ;
#5628 = DIRECTION ( 'NONE',  ( 0.000000000000000000, 0.000000000000000000, 1.000000000000000000 ) ) ;
#5629 = AXIS2_PLACEMENT_3D ( 'NONE', #7631, #7481, #6639 ) ;
#5630 = ORIENTED_EDGE ( 'NONE', *, *, #4563, .T. ) ;
#5631 = ORIENTED_EDGE ( 'NONE', *, *, #2278, .F. ) ;
#5632 = ORIENTED_EDGE ( 'NONE', *, *, #6, .F. ) ;
#5633 = DIRECTION ( 'NONE',  ( -3.675261601645779967E-17, 0.000000000000000000, -1.000000000000000000 ) ) ;
#5634 = AXIS2_PLACEMENT_3D ( 'NONE', #5711, #451, #8687 ) ;
#5635 = DIRECTION ( 'NONE',  ( -1.000000000000000000, -5.551115123125729701E-17, -9.387283644590649326E-16 ) ) ;
#5636 = CARTESIAN_POINT ( 'NONE',  ( 4.792481155659919168, 1.699999999999999956, 1.800000000000000044 ) ) ;
#5637 = DIRECTION ( 'NONE',  ( -0.2544623675387880923, 0.000000000000000000, -0.9670826766655241657 ) ) ;
#5638 = CARTESIAN_POINT ( 'NONE',  ( -11.52314109194249880, -3.250000000000000000, -2.500000000000000000 ) ) ;
#5639 = ORIENTED_EDGE ( 'NONE', *, *, #7150, .T. ) ;
#5640 = ORIENTED_EDGE ( 'NONE', *, *, #3935, .F. ) ;
#5641 = ORIENTED_EDGE ( 'NONE', *, *, #2460, .T. ) ;
#5642 = EDGE_CURVE ( 'NONE', #7110, #760, #8867, .T. ) ;
#5643 = ORIENTED_EDGE ( 'NONE', *, *, #4566, .F. ) ;
#5644 = ORIENTED_EDGE ( 'NONE', *, *, #4387, .F. ) ;
#5645 = CARTESIAN_POINT ( 'NONE',  ( -3.751592027150730146, -3.250000000000000000, -0.6297703348226999509 ) ) ;
#5646 = PERSON_AND_ORGANIZATION ( #7298, #2091 ) ;
#5647 = ADVANCED_FACE ( 'NONE', ( #870, #3148, #6765 ), #2209, .F. ) ;
#5648 = DIRECTION ( 'NONE',  ( 1.000000000000000000, 0.000000000000000000, 1.365923996832129884E-16 ) ) ;
#5649 = LINE ( 'NONE', #7228, #6863 ) ;
#5650 = DIRECTION ( 'NONE',  ( -1.000000000000000000, 0.000000000000000000, 0.000000000000000000 ) ) ;
#5651 = CARTESIAN_POINT ( 'NONE',  ( -2.700000000000000178, 1.224646799147349904E-15, -4.000000000000000000 ) ) ;
#5652 = VERTEX_POINT ( 'NONE', #3827 ) ;
#5653 = EDGE_CURVE ( 'NONE', #7374, #1406, #4585, .T. ) ;
#5654 = ORIENTED_EDGE ( 'NONE', *, *, #3232, .T. ) ;
#5655 = CARTESIAN_POINT ( 'NONE',  ( 7.000000000000000000, 1.699999999999999956, 1.350000000000020073 ) ) ;
#5656 = CC_DESIGN_PERSON_AND_ORGANIZATION_ASSIGNMENT ( #3904, #2522, ( #7104 ) ) ;
#5657 = DIRECTION ( 'NONE',  ( 0.000000000000000000, 0.000000000000000000, -1.000000000000000000 ) ) ;
#5658 = DIRECTION ( 'NONE',  ( 1.000000000000000000, -2.551063935260029719E-16, 0.000000000000000000 ) ) ;
#5659 = PLANE ( 'NONE',  #9685 ) ;
#5660 = EDGE_CURVE ( 'NONE', #6905, #8801, #315, .T. ) ;
#5661 = CARTESIAN_POINT ( 'NONE',  ( 5.799999999999999822, -3.949999999999998845, 1.349999999999997646 ) ) ;
#5662 = CARTESIAN_POINT ( 'NONE',  ( 3.700000000000000178, -3.550000000000000266, 1.649999999999999911 ) ) ;
#5663 = CARTESIAN_POINT ( 'NONE',  ( 3.299999999999999822, 3.950000000000000178, 0.000000000000000000 ) ) ;
#5664 = CARTESIAN_POINT ( 'NONE',  ( 8.199999999999999289, 5.000000000000000000, -1.500000000000000222 ) ) ;
#5665 = ORIENTED_EDGE ( 'NONE', *, *, #7973, .T. ) ;
#5666 = ORIENTED_EDGE ( 'NONE', *, *, #2370, .F. ) ;
#5667 = VERTEX_POINT ( 'NONE', #2995 ) ;
#5668 = EDGE_CURVE ( 'NONE', #6384, #63, #6959, .T. ) ;
#5669 = CARTESIAN_POINT ( 'NONE',  ( 0.2999999999999999334, -7.880196097281443990, 3.573934468569432088 ) ) ;
#5670 = DIRECTION ( 'NONE',  ( 1.734723475976839881E-16, 0.000000000000000000, -1.000000000000000000 ) ) ;
#5671 = CIRCLE ( 'NONE', #8202, 0.1000000000000000333 ) ;
#5672 = EDGE_CURVE ( 'NONE', #7013, #7876, #8358, .T. ) ;
#5673 = DIRECTION ( 'NONE',  ( -5.464591506921780946E-31, 1.000000000000000000, 9.856383386231849706E-16 ) ) ;
#5674 = PLANE ( 'NONE',  #7122 ) ;
#5675 = ORIENTED_EDGE ( 'NONE', *, *, #5120, .T. ) ;
#5676 = ORIENTED_EDGE ( 'NONE', *, *, #9609, .T. ) ;
#5677 = ADVANCED_FACE ( 'NONE', ( #6076 ), #9047, .T. ) ;
#5678 = EDGE_CURVE ( 'NONE', #8659, #483, #9605, .T. ) ;
#5679 = ORIENTED_EDGE ( 'NONE', *, *, #4257, .T. ) ;
#5680 = DIRECTION ( 'NONE',  ( -1.776356839400249824E-16, 0.000000000000000000, 1.000000000000000000 ) ) ;
#5681 = ORIENTED_EDGE ( 'NONE', *, *, #5401, .T. ) ;
#5682 = CARTESIAN_POINT ( 'NONE',  ( -11.49865046821370207, -4.750000000000000000, -1.903269524753409936 ) ) ;
#5683 = FACE_OUTER_BOUND ( 'NONE', #9439, .T. ) ;
#5684 = CIRCLE ( 'NONE', #9009, 0.1000000000000001027 ) ;
#5685 = DIRECTION ( 'NONE',  ( 2.659480039017769634E-16, -1.110223024625160090E-15, 1.000000000000000000 ) ) ;
#5686 = CARTESIAN_POINT ( 'NONE',  ( -0.6999999999999999556, -2.700000000000000178, 4.392893407799020269E-17 ) ) ;
#5687 = VECTOR ( 'NONE', #1296, 1000.000000000000000 ) ;
#5688 = DIRECTION ( 'NONE',  ( -0.9691953712182457270, 0.000000000000000000, -0.2462931838462589507 ) ) ;
#5689 = ORIENTED_EDGE ( 'NONE', *, *, #408, .F. ) ;
#5690 = ORIENTED_EDGE ( 'NONE', *, *, #227, .F. ) ;
#5691 = VERTEX_POINT ( 'NONE', #2312 ) ;
#5692 = CIRCLE ( 'NONE', #3465, 0.09999999999999982514 ) ;
#5693 = VERTEX_POINT ( 'NONE', #5279 ) ;
#5694 = ORIENTED_EDGE ( 'NONE', *, *, #1494, .T. ) ;
#5695 = CARTESIAN_POINT ( 'NONE',  ( -4.898978868267030329, 4.649999999999999467, -0.9499902100883750311 ) ) ;
#5696 = VECTOR ( 'NONE', #7285, 1000.000000000000000 ) ;
#5697 = CARTESIAN_POINT ( 'NONE',  ( 1.599999999999999867, -4.055919436618319697E-16, 1.800000000000000044 ) ) ;
#5698 = CARTESIAN_POINT ( 'NONE',  ( 0.7721664151471799853, -7.501076215301269556, -4.000000000000000000 ) ) ;
#5699 = CARTESIAN_POINT ( 'NONE',  ( -11.42331369735220115, -4.649999999999999467, -2.400685701326789712 ) ) ;
#5700 = LINE ( 'NONE', #4954, #4015 ) ;
#5701 = EDGE_LOOP ( 'NONE', ( #2505, #1522, #9293, #357 ) ) ;
#5702 = ORIENTED_EDGE ( 'NONE', *, *, #5798, .F. ) ;
#5703 = VERTEX_POINT ( 'NONE', #5331 ) ;
#5704 = ADVANCED_FACE ( 'NONE', ( #4630 ), #7657, .T. ) ;
#5705 = ADVANCED_FACE ( 'NONE', ( #3676 ), #469, .T. ) ;
#5706 = CARTESIAN_POINT ( 'NONE',  ( 3.299999999999999822, -3.950000000000000178, 1.350000000000000089 ) ) ;
#5707 = AXIS2_PLACEMENT_3D ( 'NONE', #3433, #9738, #6702 ) ;
#5708 = DIRECTION ( 'NONE',  ( 9.387283644590649326E-16, 8.725142821606440391E-16, -1.000000000000000000 ) ) ;
#5709 = EDGE_CURVE ( 'NONE', #4061, #2448, #1516, .T. ) ;
#5710 = DIRECTION ( 'NONE',  ( -1.000000000000000000, 0.000000000000000000, 0.000000000000000000 ) ) ;
#5711 = CARTESIAN_POINT ( 'NONE',  ( -12.20000000000000107, 1.750000000000000000, 0.5500000000000000444 ) ) ;
#5712 = CARTESIAN_POINT ( 'NONE',  ( 6.700000000000000178, 12.00000000000000000, 0.000000000000000000 ) ) ;
#5713 = LINE ( 'NONE', #8734, #5745 ) ;
#5714 = DIRECTION ( 'NONE',  ( 1.656580215914899728E-16, 0.000000000000000000, -1.000000000000000000 ) ) ;
#5715 = ORIENTED_EDGE ( 'NONE', *, *, #2521, .F. ) ;
#5716 = ORIENTED_EDGE ( 'NONE', *, *, #2625, .T. ) ;
#5717 = ORIENTED_EDGE ( 'NONE', *, *, #1585, .T. ) ;
#5718 = CARTESIAN_POINT ( 'NONE',  ( 10.69999999999999929, -6.000000000000000000, -4.000000000000000000 ) ) ;
#5719 = CARTESIAN_POINT ( 'NONE',  ( -6.359745509654959328, 4.750000000000000000, -1.855327628688660191 ) ) ;
#5720 = EDGE_CURVE ( 'NONE', #5298, #6384, #7471, .T. ) ;
#5721 = DIRECTION ( 'NONE',  ( 0.000000000000000000, 1.000000000000000000, 0.000000000000000000 ) ) ;
#5722 = EDGE_CURVE ( 'NONE', #3861, #3496, #7365, .T. ) ;
#5723 = ORIENTED_EDGE ( 'NONE', *, *, #4916, .T. ) ;
#5724 = SECURITY_CLASSIFICATION ( '', '', #8575 ) ;
#5725 = ORIENTED_EDGE ( 'NONE', *, *, #7239, .F. ) ;
#5726 = VECTOR ( 'NONE', #9668, 1000.000000000000227 ) ;
#5727 = CARTESIAN_POINT ( 'NONE',  ( -3.884271928232700066, -4.349999999999999645, 3.500000000000000000 ) ) ;
#5728 = AXIS2_PLACEMENT_3D ( 'NONE', #3455, #5100, #2621 ) ;
#5729 = PLANE ( 'NONE',  #8552 ) ;
#5730 = DIRECTION ( 'NONE',  ( 0.000000000000000000, 1.000000000000000000, 0.000000000000000000 ) ) ;
#5731 = DIRECTION ( 'NONE',  ( -1.000000000000000000, 2.673873105076326664E-16, 9.358555867767143324E-16 ) ) ;
#5732 = EDGE_CURVE ( 'NONE', #611, #2719, #1861, .T. ) ;
#5733 = FACE_OUTER_BOUND ( 'NONE', #9494, .T. ) ;
#5734 = ADVANCED_FACE ( 'NONE', ( #9444 ), #9344, .T. ) ;
#5735 = AXIS2_PLACEMENT_3D ( 'NONE', #4014, #206, #1847 ) ;
#5736 = DIRECTION ( 'NONE',  ( -1.656580215914899728E-16, 0.000000000000000000, 1.000000000000000000 ) ) ;
#5737 = ORIENTED_EDGE ( 'NONE', *, *, #1250, .F. ) ;
#5738 = ORIENTED_EDGE ( 'NONE', *, *, #5613, .F. ) ;
#5739 = ORIENTED_EDGE ( 'NONE', *, *, #9758, .T. ) ;
#5740 = AXIS2_PLACEMENT_3D ( 'NONE', #2655, #5685, #5033 ) ;
#5741 = ORIENTED_EDGE ( 'NONE', *, *, #7182, .F. ) ;
#5742 = ORIENTED_EDGE ( 'NONE', *, *, #7401, .T. ) ;
#5743 = DIRECTION ( 'NONE',  ( 1.000000000000000000, 0.000000000000000000, 0.000000000000000000 ) ) ;
#5744 = ORIENTED_EDGE ( 'NONE', *, *, #7207, .F. ) ;
#5745 = VECTOR ( 'NONE', #1941, 1000.000000000000000 ) ;
#5746 =( BOUNDED_CURVE ( )  B_SPLINE_CURVE ( 3, ( #4044, #7672, #7613, #7768 ),
 .UNSPECIFIED., .F., .F. ) 
 B_SPLINE_CURVE_WITH_KNOTS ( ( 4, 4 ),
 ( 1.570796326794896558, 3.141592653589793116 ),
 .UNSPECIFIED. ) 
 CURVE ( )  GEOMETRIC_REPRESENTATION_ITEM ( )  RATIONAL_B_SPLINE_CURVE ( ( 1.000000000000000000, 0.8047378541243649375, 0.8047378541243649375, 1.000000000000000000 ) ) 
 REPRESENTATION_ITEM ( '' )  );
#5747 = DIRECTION ( 'NONE',  ( 0.000000000000000000, 0.000000000000000000, -1.000000000000000000 ) ) ;
#5748 = LINE ( 'NONE', #1928, #4493 ) ;
#5749 = CARTESIAN_POINT ( 'NONE',  ( -11.56022376417530140, -4.750000000000000000, -1.660970681948839900 ) ) ;
#5750 = CARTESIAN_POINT ( 'NONE',  ( -3.950000000000000178, -4.349999999999999645, 3.500000000000000000 ) ) ;
#5751 = VERTEX_POINT ( 'NONE', #2503 ) ;
#5752 = VERTEX_POINT ( 'NONE', #221 ) ;
#5753 = CARTESIAN_POINT ( 'NONE',  ( -11.41203626710530017, -3.246560529304809872, -2.500000000000000000 ) ) ;
#5754 = AXIS2_PLACEMENT_3D ( 'NONE', #7745, #7792, #4766 ) ;
#5755 = LINE ( 'NONE', #1244, #6470 ) ;
#5756 = PLANE ( 'NONE',  #8760 ) ;
#5757 = ADVANCED_FACE ( 'NONE', ( #6217 ), #9246, .T. ) ;
#5758 = CARTESIAN_POINT ( 'NONE',  ( 2.750000000000000000, -1.699999999999999956, 0.5500000000000000444 ) ) ;
#5759 = CARTESIAN_POINT ( 'NONE',  ( -2.700000000000000178, -3.950000000000000178, 3.500000000000000000 ) ) ;
#5760 = DIRECTION ( 'NONE',  ( 0.000000000000000000, 1.000000000000000000, 0.000000000000000000 ) ) ;
#5761 = LINE ( 'NONE', #8836, #6404 ) ;
#5762 = ORIENTED_EDGE ( 'NONE', *, *, #309, .F. ) ;
#5763 = AXIS2_PLACEMENT_3D ( 'NONE', #1910, #3295, #6320 ) ;
#5764 = EDGE_CURVE ( 'NONE', #2008, #3259, #2458, .T. ) ;
#5765 = EDGE_LOOP ( 'NONE', ( #6175, #6144, #13, #9602, #3268, #972, #5441, #3067 ) ) ;
#5766 = ORIENTED_EDGE ( 'NONE', *, *, #828, .T. ) ;
#5767 = ORIENTED_EDGE ( 'NONE', *, *, #4947, .T. ) ;
#5768 = CIRCLE ( 'NONE', #2437, 1.250000000000000222 ) ;
#5769 = FACE_OUTER_BOUND ( 'NONE', #8326, .T. ) ;
#5770 = CARTESIAN_POINT ( 'NONE',  ( 2.210275264114790250, -1.699999999999999956, 1.350000000000000089 ) ) ;
#5771 = EDGE_CURVE ( 'NONE', #2612, #4049, #8554, .T. ) ;
#5772 = EDGE_CURVE ( 'NONE', #8948, #4540, #968, .T. ) ;
#5773 = AXIS2_PLACEMENT_3D ( 'NONE', #2081, #5105, #8129 ) ;
#5774 = FACE_OUTER_BOUND ( 'NONE', #5496, .T. ) ;
#5775 = CARTESIAN_POINT ( 'NONE',  ( -11.49865046821370207, 3.149999999999999911, -1.853269524753419883 ) ) ;
#5776 = ORIENTED_EDGE ( 'NONE', *, *, #5846, .T. ) ;
#5777 = AXIS2_PLACEMENT_3D ( 'NONE', #8079, #4109, #7230 ) ;
#5778 = CIRCLE ( 'NONE', #5135, 1.300000000000000044 ) ;
#5779 = ADVANCED_FACE ( 'NONE', ( #3239, #6409, #6312, #1904, #6267 ), #9299, .F. ) ;
#5780 = ORIENTED_EDGE ( 'NONE', *, *, #9784, .T. ) ;
#5781 = AXIS2_PLACEMENT_3D ( 'NONE', #386, #7971, #7925 ) ;
#5782 = EDGE_LOOP ( 'NONE', ( #50, #660 ) ) ;
#5783 = DIRECTION ( 'NONE',  ( -1.000000000000000000, 0.000000000000000000, 0.000000000000000000 ) ) ;
#5784 = DIRECTION ( 'NONE',  ( -1.000000000000000000, -6.377659838150020064E-17, 9.343242246769421254E-16 ) ) ;
#5785 = VECTOR ( 'NONE', #2930, 1000.000000000000000 ) ;
#5786 = PLANE ( 'NONE',  #3936 ) ;
#5787 = CIRCLE ( 'NONE', #1988, 1.700000000000000178 ) ;
#5788 = CARTESIAN_POINT ( 'NONE',  ( -0.6999999999999999556, -3.100000000000000089, -2.500000000000000000 ) ) ;
#5789 = DIRECTION ( 'NONE',  ( 0.000000000000000000, 1.000000000000000000, 0.000000000000000000 ) ) ;
#5790 = DIRECTION ( 'NONE',  ( -1.776356839400249824E-16, 0.000000000000000000, 1.000000000000000000 ) ) ;
#5791 = ORIENTED_EDGE ( 'NONE', *, *, #53, .F. ) ;
#5792 = ORIENTED_EDGE ( 'NONE', *, *, #3580, .T. ) ;
#5793 = VERTEX_POINT ( 'NONE', #1761 ) ;
#5794 = ORIENTED_EDGE ( 'NONE', *, *, #6506, .F. ) ;
#5795 = CARTESIAN_POINT ( 'NONE',  ( -4.768600664696136526, 4.708578643762690419, -1.214922013198416195 ) ) ;
#5796 = AXIS2_PLACEMENT_3D ( 'NONE', #7747, #6256, #958 ) ;
#5797 = EDGE_CURVE ( 'NONE', #5976, #6720, #4779, .T. ) ;
#5798 = EDGE_CURVE ( 'NONE', #7271, #1720, #363, .T. ) ;
#5799 = CARTESIAN_POINT ( 'NONE',  ( 5.200000000000000178, 8.900000000000000355, -3.500000000000000000 ) ) ;
#5800 = DIRECTION ( 'NONE',  ( 0.000000000000000000, 1.000000000000000000, 0.000000000000000000 ) ) ;
#5801 = VECTOR ( 'NONE', #7227, 1000.000000000000000 ) ;
#5802 = PLANE ( 'NONE',  #5428 ) ;
#5803 = DIRECTION ( 'NONE',  ( -9.343242246769421254E-16, 2.294126247091830304E-15, -1.000000000000000000 ) ) ;
#5804 = ORIENTED_EDGE ( 'NONE', *, *, #4028, .F. ) ;
#5805 = ORIENTED_EDGE ( 'NONE', *, *, #3246, .T. ) ;
#5806 = ORIENTED_EDGE ( 'NONE', *, *, #8768, .T. ) ;
#5807 = CARTESIAN_POINT ( 'NONE',  ( -11.41897125843639849, -3.237043900731360058, -2.500000000000000000 ) ) ;
#5808 = EDGE_CURVE ( 'NONE', #5051, #3245, #1071, .T. ) ;
#5809 = CARTESIAN_POINT ( 'NONE',  ( 3.700000000000000178, 3.950000000000000178, 1.649999999999999911 ) ) ;
#5810 = EDGE_CURVE ( 'NONE', #963, #8573, #7105, .T. ) ;
#5811 = EDGE_CURVE ( 'NONE', #8311, #6918, #172, .T. ) ;
#5812 = LINE ( 'NONE', #8830, #306 ) ;
#5813 = FACE_OUTER_BOUND ( 'NONE', #5118, .T. ) ;
#5814 = CARTESIAN_POINT ( 'NONE',  ( -3.100000000000000089, -4.349999999999999645, 3.950000000000000178 ) ) ;
#5815 = DIRECTION ( 'NONE',  ( 0.000000000000000000, 0.000000000000000000, 1.000000000000000000 ) ) ;
#5816 = CARTESIAN_POINT ( 'NONE',  ( 0.2999999999999999889, -6.200000000000000178, 0.5500000000000000444 ) ) ;
#5817 = FACE_OUTER_BOUND ( 'NONE', #9393, .T. ) ;
#5818 = ORIENTED_EDGE ( 'NONE', *, *, #6700, .T. ) ;
#5819 = ORIENTED_EDGE ( 'NONE', *, *, #6685, .T. ) ;
#5820 = ORIENTED_EDGE ( 'NONE', *, *, #4261, .T. ) ;
#5821 = CARTESIAN_POINT ( 'NONE',  ( -12.69999999999999929, 6.200000000000000178, 0.000000000000000000 ) ) ;
#5822 = PLANE ( 'NONE',  #3763 ) ;
#5823 = CARTESIAN_POINT ( 'NONE',  ( -5.083698756151719955, 3.149999999999999911, -0.2230936816746900142 ) ) ;
#5824 = FACE_OUTER_BOUND ( 'NONE', #7373, .T. ) ;
#5825 = ADVANCED_FACE ( 'NONE', ( #9391 ), #8700, .F. ) ;
#5826 = ORIENTED_EDGE ( 'NONE', *, *, #1745, .F. ) ;
#5827 = VECTOR ( 'NONE', #452, 1000.000000000000000 ) ;
#5828 = EDGE_LOOP ( 'NONE', ( #8363, #5679, #2660, #7821, #4464, #5951 ) ) ;
#5829 = ADVANCED_FACE ( 'NONE', ( #3931, #9636 ), #2741, .F. ) ;
#5830 = CARTESIAN_POINT ( 'NONE',  ( -2.000000000000000000, -8.000000000000000000, -46.00000000000000000 ) ) ;
#5831 = VECTOR ( 'NONE', #8256, 1000.000000000000000 ) ;
#5832 = DIRECTION ( 'NONE',  ( -0.2544623675387880923, 0.000000000000000000, -0.9670826766655241657 ) ) ;
#5833 = DIRECTION ( 'NONE',  ( 1.334402673828309888E-16, 0.000000000000000000, -1.000000000000000000 ) ) ;
#5834 = DIRECTION ( 'NONE',  ( 0.000000000000000000, -1.000000000000000000, 0.000000000000000000 ) ) ;
#5835 = ADVANCED_FACE ( 'NONE', ( #2892 ), #4381, .T. ) ;
#5836 = ADVANCED_FACE ( 'NONE', ( #5774 ), #4278, .T. ) ;
#5837 = DIRECTION ( 'NONE',  ( -1.656580215914899728E-16, 0.000000000000000000, 1.000000000000000000 ) ) ;
#5838 = LINE ( 'NONE', #575, #2604 ) ;
#5839 = VECTOR ( 'NONE', #1599, 1000.000000000000000 ) ;
#5840 = CARTESIAN_POINT ( 'NONE',  ( -4.898978868267030329, 3.149999999999999911, 0.05000000000000860007 ) ) ;
#5841 = ORIENTED_EDGE ( 'NONE', *, *, #7127, .T. ) ;
#5842 = VERTEX_POINT ( 'NONE', #8009 ) ;
#5843 = ORIENTED_EDGE ( 'NONE', *, *, #4603, .F. ) ;
#5844 = ORIENTED_EDGE ( 'NONE', *, *, #7281, .F. ) ;
#5845 = CARTESIAN_POINT ( 'NONE',  ( -4.402064153926899870, 4.750000000000000000, -1.272466285438830003 ) ) ;
#5846 = EDGE_CURVE ( 'NONE', #9603, #7254, #2795, .T. ) ;
#5847 = PLANE ( 'NONE',  #8965 ) ;
#5848 = CARTESIAN_POINT ( 'NONE',  ( 2.899999999999999911, 2.783605534024969685, 2.731968657847129833 ) ) ;
#5849 = CARTESIAN_POINT ( 'NONE',  ( -4.708132092612940411, 3.250000000000000000, -0.2246782025892299917 ) ) ;
#5850 = DIRECTION ( 'NONE',  ( 3.675261601645779967E-17, 0.000000000000000000, 1.000000000000000000 ) ) ;
#5851 = ADVANCED_FACE ( 'NONE', ( #1314 ), #7251, .T. ) ;
#5852 = ORIENTED_EDGE ( 'NONE', *, *, #3285, .T. ) ;
#5853 = EDGE_LOOP ( 'NONE', ( #7826, #539, #6965, #9313 ) ) ;
#5854 = AXIS2_PLACEMENT_3D ( 'NONE', #9152, #2259, #4435 ) ;
#5855 = PLANE ( 'NONE',  #5773 ) ;
#5856 = CIRCLE ( 'NONE', #1896, 2.000000000000000444 ) ;
#5857 = CARTESIAN_POINT ( 'NONE',  ( 0.000000000000000000, 8.000000000000000000, 0.000000000000000000 ) ) ;
#5858 = DIRECTION ( 'NONE',  ( -0.2462931838462505130, 0.000000000000000000, 0.9691953712182477254 ) ) ;
#5859 = CARTESIAN_POINT ( 'NONE',  ( -11.47402114982909893, 4.649999999999999467, -1.950189061875239993 ) ) ;
#5860 = CARTESIAN_POINT ( 'NONE',  ( -11.46738209570189859, 3.224634620814619712, -2.449999999999999734 ) ) ;
#5861 = DIRECTION ( 'NONE',  ( 0.000000000000000000, -1.000000000000000000, 0.000000000000000000 ) ) ;
#5862 = CARTESIAN_POINT ( 'NONE',  ( -5.430110566984439835, 4.649999999999999467, 0.05000000000000960620 ) ) ;
#5863 = CARTESIAN_POINT ( 'NONE',  ( -6.359745509654959328, -3.250000000000000000, -1.905327628688650021 ) ) ;
#5864 = EDGE_CURVE ( 'NONE', #3641, #7739, #8780, .T. ) ;
#5865 = EDGE_CURVE ( 'NONE', #2699, #4130, #8153, .T. ) ;
#5866 = ORIENTED_EDGE ( 'NONE', *, *, #5808, .T. ) ;
#5867 = ORIENTED_EDGE ( 'NONE', *, *, #9797, .F. ) ;
#5868 = ORIENTED_EDGE ( 'NONE', *, *, #3055, .F. ) ;
#5869 = ORIENTED_EDGE ( 'NONE', *, *, #7635, .F. ) ;
#5870 = CIRCLE ( 'NONE', #1118, 0.3769558987526491212 ) ;
#5871 = DIRECTION ( 'NONE',  ( 0.2462931838462590062, 0.000000000000000000, -0.9691953712182456160 ) ) ;
#5872 = CARTESIAN_POINT ( 'NONE',  ( 2.050000000000000266, 4.349999999999999645, 1.649999999999999911 ) ) ;
#5873 = PLANE ( 'NONE',  #2253 ) ;
#5874 = DIRECTION ( 'NONE',  ( 1.000000000000000000, 0.000000000000000000, 0.000000000000000000 ) ) ;
#5875 = PLANE ( 'NONE',  #4715 ) ;
#5876 = VERTEX_POINT ( 'NONE', #2004 ) ;
#5877 = DIRECTION ( 'NONE',  ( 0.000000000000000000, 0.000000000000000000, -1.000000000000000000 ) ) ;
#5878 = FACE_OUTER_BOUND ( 'NONE', #5248, .T. ) ;
#5879 = CARTESIAN_POINT ( 'NONE',  ( -5.145272052113280203, -3.149999999999999911, -0.03079483887012009896 ) ) ;
#5880 = CARTESIAN_POINT ( 'NONE',  ( -11.45254019207970053, 3.149999999999999911, -2.102399954643790370 ) ) ;
#5881 = EDGE_CURVE ( 'NONE', #7715, #6168, #9424, .T. ) ;
#5882 = LINE ( 'NONE', #2164, #4350 ) ;
#5883 = CARTESIAN_POINT ( 'NONE',  ( 1.050000000000000044, -7.900000000000000355, 1.350000000000000089 ) ) ;
#5884 = ORIENTED_EDGE ( 'NONE', *, *, #8974, .F. ) ;
#5885 = VERTEX_POINT ( 'NONE', #466 ) ;
#5886 = AXIS2_PLACEMENT_3D ( 'NONE', #2875, #5906, #1447 ) ;
#5887 = VERTEX_POINT ( 'NONE', #5823 ) ;
#5888 = AXIS2_PLACEMENT_3D ( 'NONE', #5150, #9806, #5245 ) ;
#5889 = ORIENTED_EDGE ( 'NONE', *, *, #8320, .T. ) ;
#5890 = EDGE_CURVE ( 'NONE', #1845, #5050, #7300, .T. ) ;
#5891 = CARTESIAN_POINT ( 'NONE',  ( 4.466394465975040085, -3.550000000000000266, 2.731968657847110293 ) ) ;
#5892 = AXIS2_PLACEMENT_3D ( 'NONE', #5079, #7307, #2058 ) ;
#5893 = DIRECTION ( 'NONE',  ( 0.000000000000000000, -1.000000000000000000, 0.000000000000000000 ) ) ;
#5894 = CARTESIAN_POINT ( 'NONE',  ( -4.733578329366819659, -3.250000000000000000, -0.3713864702557699848 ) ) ;
#5895 = VECTOR ( 'NONE', #2305, 1000.000000000000000 ) ;
#5896 = DIRECTION ( 'NONE',  ( 0.9670826766655243878, 0.000000000000000000, -0.2544623675387871486 ) ) ;
#5897 = LINE ( 'NONE', #2821, #7666 ) ;
#5898 = ORIENTED_EDGE ( 'NONE', *, *, #5672, .T. ) ;
#5899 = EDGE_LOOP ( 'NONE', ( #2847, #2250, #937, #3201, #3248, #3446 ) ) ;
#5900 = ADVANCED_FACE ( 'NONE', ( #8055 ), #5075, .F. ) ;
#5901 = DIRECTION ( 'NONE',  ( -2.169805097108462272E-30, -1.000000000000000000, -2.322928174600330322E-15 ) ) ;
#5903 = VECTOR ( 'NONE', #3264, 1000.000000000000000 ) ;
#5902 = CYLINDRICAL_SURFACE ( 'NONE', #2281, 0.1000000000000000333 ) ;
#5904 = EDGE_CURVE ( 'NONE', #4124, #3545, #4925, .T. ) ;
#5905 = CARTESIAN_POINT ( 'NONE',  ( 4.466394465975030315, 3.550000000000000266, 2.731968657847129833 ) ) ;
#5906 = DIRECTION ( 'NONE',  ( 1.275531967630029897E-16, 1.000000000000000000, 2.294126247091830304E-15 ) ) ;
#5907 = CARTESIAN_POINT ( 'NONE',  ( 3.700000000000000178, -3.950000000000000178, 1.649999999999999911 ) ) ;
#5908 = CYLINDRICAL_SURFACE ( 'NONE', #7029, 1.700000000000000178 ) ;
#5909 = DIRECTION ( 'NONE',  ( -0.9691953712182479475, 0.000000000000000000, -0.2462931838462499856 ) ) ;
#5910 = CARTESIAN_POINT ( 'NONE',  ( 4.000000000000000000, -8.000000000000000000, -46.00000000000000000 ) ) ;
#5911 = VECTOR ( 'NONE', #8724, 1000.000000000000000 ) ;
#5912 = ORIENTED_EDGE ( 'NONE', *, *, #5947, .F. ) ;
#5913 = ORIENTED_EDGE ( 'NONE', *, *, #6942, .F. ) ;
#5914 = ORIENTED_EDGE ( 'NONE', *, *, #5074, .F. ) ;
#5915 = ORIENTED_EDGE ( 'NONE', *, *, #3189, .F. ) ;
#5916 = CARTESIAN_POINT ( 'NONE',  ( 6.200000000000000178, -1.699999999999999956, 1.350000000000000089 ) ) ;
#5917 = EDGE_CURVE ( 'NONE', #2020, #9411, #7203, .T. ) ;
#5918 = EDGE_CURVE ( 'NONE', #998, #8366, #4035, .T. ) ;
#5919 = LINE ( 'NONE', #9778, #7093 ) ;
#5920 = DIRECTION ( 'NONE',  ( 0.000000000000000000, 0.000000000000000000, 1.000000000000000000 ) ) ;
#5921 = DIRECTION ( 'NONE',  ( 0.000000000000000000, -1.000000000000000000, 0.000000000000000000 ) ) ;
#5922 = DIRECTION ( 'NONE',  ( 0.000000000000000000, 0.000000000000000000, -1.000000000000000000 ) ) ;
#5923 = ORIENTED_EDGE ( 'NONE', *, *, #4387, .T. ) ;
#5924 = ORIENTED_EDGE ( 'NONE', *, *, #8460, .F. ) ;
#5925 = DIRECTION ( 'NONE',  ( 0.000000000000000000, 0.000000000000000000, -1.000000000000000000 ) ) ;
#5926 = CIRCLE ( 'NONE', #7501, 1.000000000000000000 ) ;
#5927 = DIRECTION ( 'NONE',  ( 1.656580215914899728E-16, 0.000000000000000000, -1.000000000000000000 ) ) ;
#5928 = CIRCLE ( 'NONE', #1177, 2.000000000000000000 ) ;
#5929 = FACE_OUTER_BOUND ( 'NONE', #1305, .T. ) ;
#5930 = LINE ( 'NONE', #2061, #6322 ) ;
#5931 = DIRECTION ( 'NONE',  ( 0.000000000000000000, -1.000000000000000000, 0.000000000000000000 ) ) ;
#5932 = VECTOR ( 'NONE', #213, 1000.000000000000000 ) ;
#5933 = DIRECTION ( 'NONE',  ( 0.000000000000000000, 0.000000000000000000, -1.000000000000000000 ) ) ;
#5934 = AXIS2_PLACEMENT_3D ( 'NONE', #2123, #4354, #5149 ) ;
#5935 = CARTESIAN_POINT ( 'NONE',  ( -5.027414956242385102, 3.150243552393359181, 0.05000000000000848904 ) ) ;
#5936 = CIRCLE ( 'NONE', #3540, 1.350000000000000089 ) ;
#5937 = EDGE_LOOP ( 'NONE', ( #1731, #7427, #6176, #7753 ) ) ;
#5938 = ORIENTED_EDGE ( 'NONE', *, *, #767, .F. ) ;
#5939 = VERTEX_POINT ( 'NONE', #3481 ) ;
#5940 = LINE ( 'NONE', #4489, #1033 ) ;
#5941 = EDGE_CURVE ( 'NONE', #1241, #9440, #4288, .T. ) ;
#5942 = AXIS2_PLACEMENT_3D ( 'NONE', #552, #4872, #7290 ) ;
#5943 = AXIS2_PLACEMENT_3D ( 'NONE', #7905, #3289, #2594 ) ;
#5944 = AXIS2_PLACEMENT_3D ( 'NONE', #482, #2764, #5043 ) ;
#5945 = CARTESIAN_POINT ( 'NONE',  ( 2.899999999999999911, -4.349999999999999645, 1.649999999999999911 ) ) ;
#5946 = LINE ( 'NONE', #8123, #6385 ) ;
#5947 = EDGE_CURVE ( 'NONE', #117, #7676, #9585, .T. ) ;
#5948 = PLANE ( 'NONE',  #7143 ) ;
#5949 = DIRECTION ( 'NONE',  ( 0.000000000000000000, 0.000000000000000000, -1.000000000000000000 ) ) ;
#5950 = ORIENTED_EDGE ( 'NONE', *, *, #1174, .T. ) ;
#5951 = ORIENTED_EDGE ( 'NONE', *, *, #9319, .T. ) ;
#5952 = AXIS2_PLACEMENT_3D ( 'NONE', #2087, #1939, #9574 ) ;
#5953 = EDGE_LOOP ( 'NONE', ( #701, #5843, #649, #2049 ) ) ;
#5954 = CARTESIAN_POINT ( 'NONE',  ( 3.700000000000000178, 2.783605534024969685, 2.731968657847129833 ) ) ;
#5955 = ADVANCED_FACE ( 'NONE', ( #7448 ), #6900, .T. ) ;
#5956 = ADVANCED_FACE ( 'NONE', ( #9 ), #7546, .F. ) ;
#5957 = LINE ( 'NONE', #5999, #4453 ) ;
#5958 = DIRECTION ( 'NONE',  ( 9.856383386231849706E-16, 9.856383386231849706E-16, -1.000000000000000000 ) ) ;
#5959 = DIRECTION ( 'NONE',  ( 3.675261601645779967E-17, 0.000000000000000000, 1.000000000000000000 ) ) ;
#5960 = CIRCLE ( 'NONE', #8657, 0.3769558987526491212 ) ;
#5961 = DIRECTION ( 'NONE',  ( 1.656580215914899728E-16, 0.000000000000000000, -1.000000000000000000 ) ) ;
#5962 = CARTESIAN_POINT ( 'NONE',  ( 0.2999999999999999889, -1.699999999999999956, 1.350000000000000089 ) ) ;
#5963 = EDGE_CURVE ( 'NONE', #5299, #2498, #1670, .T. ) ;
#5964 = CARTESIAN_POINT ( 'NONE',  ( 0.2999999999999999889, -1.699999999999999956, 1.800000000000000044 ) ) ;
#5965 = CARTESIAN_POINT ( 'NONE',  ( 3.957757418445739805, 7.914357045230309140, -3.786772012307059843 ) ) ;
#5966 = EDGE_LOOP ( 'NONE', ( #6665, #2226, #6478, #650 ) ) ;
#5967 = EDGE_LOOP ( 'NONE', ( #4809, #8171 ) ) ;
#5968 = ORIENTED_EDGE ( 'NONE', *, *, #3561, .T. ) ;
#5969 = VERTEX_POINT ( 'NONE', #3667 ) ;
#5970 = LINE ( 'NONE', #2888, #8215 ) ;
#5971 = CARTESIAN_POINT ( 'NONE',  ( 1.807518844340070041, -1.699999999999999956, -6.505213034913029562E-16 ) ) ;
#5972 = DIRECTION ( 'NONE',  ( -3.675261601645779967E-17, 0.000000000000000000, -1.000000000000000000 ) ) ;
#5973 = CARTESIAN_POINT ( 'NONE',  ( 5.200000000000000178, -8.900000000000000355, 0.000000000000000000 ) ) ;
#5974 = CARTESIAN_POINT ( 'NONE',  ( 5.799999999999999822, 3.950000000000000178, 1.350000000000020073 ) ) ;
#5975 = EDGE_CURVE ( 'NONE', #760, #9157, #1505, .T. ) ;
#5976 = VERTEX_POINT ( 'NONE', #5322 ) ;
#5977 = CARTESIAN_POINT ( 'NONE',  ( 1.807518844340070041, 1.699999999999999956, -6.505213034913029562E-16 ) ) ;
#5978 = DIRECTION ( 'NONE',  ( 0.9670826766655243878, 0.000000000000000000, -0.2544623675387871486 ) ) ;
#5979 = CARTESIAN_POINT ( 'NONE',  ( -11.46738209570190037, -3.250000000000000000, -2.026314594173330264 ) ) ;
#5980 = CARTESIAN_POINT ( 'NONE',  ( -5.165803741279989758, -4.705232633034410306, 0.04999999999999619332 ) ) ;
#5981 = LINE ( 'NONE', #9001, #2369 ) ;
#5982 = CARTESIAN_POINT ( 'NONE',  ( 0.2999999999999999889, 1.699999999999999956, -6.505213034913029562E-16 ) ) ;
#5984 = ORIENTED_EDGE ( 'NONE', *, *, #8031, .T. ) ;
#5983 = EDGE_CURVE ( 'NONE', #9497, #470, #6848, .T. ) ;
#5985 = EDGE_LOOP ( 'NONE', ( #2743, #9282, #6184, #6600, #2955 ) ) ;
#5986 = EDGE_CURVE ( 'NONE', #4024, #3641, #3554, .T. ) ;
#5987 = VECTOR ( 'NONE', #7758, 1000.000000000000000 ) ;
#5988 = ORIENTED_EDGE ( 'NONE', *, *, #3894, .T. ) ;
#5989 = EDGE_LOOP ( 'NONE', ( #8861, #954, #4612, #5555 ) ) ;
#5990 = DIRECTION ( 'NONE',  ( -1.000000000000000000, 0.000000000000000000, 0.000000000000000000 ) ) ;
#5991 = VECTOR ( 'NONE', #1795, 1000.000000000000000 ) ;
#5992 = DIRECTION ( 'NONE',  ( -1.000000000000000000, 0.000000000000000000, 0.000000000000000000 ) ) ;
#5993 = CARTESIAN_POINT ( 'NONE',  ( -0.6999999999999999556, -2.700000000000000178, 4.392893407799020269E-17 ) ) ;
#5994 = DIRECTION ( 'NONE',  ( 0.000000000000000000, 0.5780173407803390617, 0.8160244811016550415 ) ) ;
#5995 = CARTESIAN_POINT ( 'NONE',  ( 2.550000000000000266, -7.900000000000000355, 0.5499999999999910516 ) ) ;
#5996 = ORIENTED_EDGE ( 'NONE', *, *, #5678, .F. ) ;
#5997 = ORIENTED_EDGE ( 'NONE', *, *, #3956, .T. ) ;
#5998 = DIRECTION ( 'NONE',  ( 1.000000000000000000, 0.000000000000000000, -3.675261601645778735E-17 ) ) ;
#5999 = CARTESIAN_POINT ( 'NONE',  ( 2.750000000000000000, -1.750000000000000000, 0.5500000000000000444 ) ) ;
#6000 = LINE ( 'NONE', #9022, #942 ) ;
#6001 = CARTESIAN_POINT ( 'NONE',  ( -0.6999999999999999556, 4.799999999999999822, -2.449999999999999734 ) ) ;
#6002 = CARTESIAN_POINT ( 'NONE',  ( 6.700000000000000178, 2.250000000000000000, 0.000000000000000000 ) ) ;
#6003 = CARTESIAN_POINT ( 'NONE',  ( 4.780733988912470000E-16, -7.500000000000000000, -3.500000000000000000 ) ) ;
#6004 = AXIS2_PLACEMENT_3D ( 'NONE', #3328, #1068, #1806 ) ;
#6005 = DIRECTION ( 'NONE',  ( 0.1169059789102745300, 0.000000000000000000, -0.9931429867320367144 ) ) ;
#6006 = EDGE_CURVE ( 'NONE', #1055, #7208, #2605, .T. ) ;
#6007 = CARTESIAN_POINT ( 'NONE',  ( -12.69999999999999929, 1.699999999999999956, 0.5500000000000000444 ) ) ;
#6008 = CIRCLE ( 'NONE', #1735, 1.250000000000000222 ) ;
#6009 = EDGE_CURVE ( 'NONE', #6174, #3259, #6106, .T. ) ;
#6010 = ORIENTED_EDGE ( 'NONE', *, *, #2208, .F. ) ;
#6011 = AXIS2_PLACEMENT_3D ( 'NONE', #3340, #895, #1870 ) ;
#6012 = VERTEX_POINT ( 'NONE', #6163 ) ;
#6013 = VECTOR ( 'NONE', #7135, 1000.000000000000000 ) ;
#6014 = VERTEX_POINT ( 'NONE', #9037 ) ;
#6015 = DIRECTION ( 'NONE',  ( 0.000000000000000000, -1.000000000000000000, 0.000000000000000000 ) ) ;
#6016 = EDGE_CURVE ( 'NONE', #1687, #8417, #1412, .T. ) ;
#6017 = CARTESIAN_POINT ( 'NONE',  ( 0.4422425815216239342, 7.914357045297699678, -3.786772012209039584 ) ) ;
#6018 = CARTESIAN_POINT ( 'NONE',  ( -4.585778374337390773, -4.685836873317220430, 0.04999999999999586026 ) ) ;
#6019 = AXIS2_PLACEMENT_3D ( 'NONE', #8207, #5031, #6464 ) ;
#6020 = DIRECTION ( 'NONE',  ( -1.000000000000000000, 0.000000000000000000, 0.000000000000000000 ) ) ;
#6021 = CARTESIAN_POINT ( 'NONE',  ( 11.00000000000000000, -5.596261355944090354, 1.350000000000020073 ) ) ;
#6022 = DIRECTION ( 'NONE',  ( 1.000000000000000000, 0.000000000000000000, 1.365923996832129884E-16 ) ) ;
#6023 = ORIENTED_EDGE ( 'NONE', *, *, #128, .T. ) ;
#6024 = ORIENTED_EDGE ( 'NONE', *, *, #790, .T. ) ;
#6025 = LINE ( 'NONE', #8899, #2249 ) ;
#6026 = EDGE_CURVE ( 'NONE', #8824, #2719, #8157, .T. ) ;
#6027 = CARTESIAN_POINT ( 'NONE',  ( 0.000000000000000000, 8.000000000000000000, 0.000000000000000000 ) ) ;
#6028 = DIRECTION ( 'NONE',  ( 0.000000000000000000, 0.000000000000000000, -1.000000000000000000 ) ) ;
#6029 = DIRECTION ( 'NONE',  ( 1.365923996832129884E-16, 0.000000000000000000, -1.000000000000000000 ) ) ;
#6030 = DIRECTION ( 'NONE',  ( 1.000000000000000000, 0.000000000000000000, 0.000000000000000000 ) ) ;
#6031 = ORIENTED_EDGE ( 'NONE', *, *, #487, .F. ) ;
#6032 = VERTEX_POINT ( 'NONE', #5177 ) ;
#6033 = ORIENTED_EDGE ( 'NONE', *, *, #1494, .F. ) ;
#6034 = ORIENTED_EDGE ( 'NONE', *, *, #5917, .F. ) ;
#6035 = CARTESIAN_POINT ( 'NONE',  ( -3.726145790396850010, 3.250000000000000000, -0.4830620671561600132 ) ) ;
#6036 = EDGE_CURVE ( 'NONE', #4999, #1879, #4524, .T. ) ;
#6037 = EDGE_CURVE ( 'NONE', #1054, #9120, #9780, .T. ) ;
#6038 = CARTESIAN_POINT ( 'NONE',  ( -11.46738209570190037, -4.649999999999999467, -2.026314594173330264 ) ) ;
#6039 = CARTESIAN_POINT ( 'NONE',  ( 6.510499752699200116, 7.769467989694660126, -3.926640469382650434 ) ) ;
#6040 = CARTESIAN_POINT ( 'NONE',  ( 2.550000000000000266, -7.900000000000000355, 1.350000000000000089 ) ) ;
#6041 = DIRECTION ( 'NONE',  ( 0.000000000000000000, -1.000000000000000000, 0.000000000000000000 ) ) ;
#6042 = ORIENTED_EDGE ( 'NONE', *, *, #3512, .T. ) ;
#6043 = ORIENTED_EDGE ( 'NONE', *, *, #2218, .F. ) ;
#6044 = ORIENTED_EDGE ( 'NONE', *, *, #9306, .F. ) ;
#6045 = ORIENTED_EDGE ( 'NONE', *, *, #1707, .F. ) ;
#6046 = PLANE ( 'NONE',  #4665 ) ;
#6047 = LINE ( 'NONE', #6782, #5605 ) ;
#6048 = AXIS2_PLACEMENT_3D ( 'NONE', #5699, #3639, #8969 ) ;
#6049 = CARTESIAN_POINT ( 'NONE',  ( 1.807518844340070041, 6.200000000000000178, -6.505213034913029562E-16 ) ) ;
#6050 = DIRECTION ( 'NONE',  ( 0.004218976193202674495, 0.000000000000000000, 0.9999911000803363148 ) ) ;
#6051 = CARTESIAN_POINT ( 'NONE',  ( 2.550000000000000266, -7.900000000000000355, 1.350000000000000089 ) ) ;
#6052 = DIRECTION ( 'NONE',  ( 0.000000000000000000, -1.000000000000000000, 0.000000000000000000 ) ) ;
#6053 = CARTESIAN_POINT ( 'NONE',  ( 5.000000000000000000, -3.950000000000000178, -2.600000000000000089 ) ) ;
#6054 = DIRECTION ( 'NONE',  ( -1.000000000000000000, 0.000000000000000000, 9.343242246769421254E-16 ) ) ;
#6055 = ORIENTED_EDGE ( 'NONE', *, *, #3580, .F. ) ;
#6056 = AXIS2_PLACEMENT_3D ( 'NONE', #4865, #4813, #7041 ) ;
#6057 = ORIENTED_EDGE ( 'NONE', *, *, #1916, .F. ) ;
#6058 = CIRCLE ( 'NONE', #5107, 1.500000000000000000 ) ;
#6059 = EDGE_LOOP ( 'NONE', ( #7920, #6328 ) ) ;
#6060 = DIRECTION ( 'NONE',  ( 0.004218976193204164622, 0.000000000000000000, 0.9999911000803363148 ) ) ;
#6061 = EDGE_CURVE ( 'NONE', #4281, #1922, #4670, .T. ) ;
#6062 = EDGE_CURVE ( 'NONE', #1384, #6094, #4351, .T. ) ;
#6063 = CARTESIAN_POINT ( 'NONE',  ( 0.7999999999999999334, 3.950000000000000178, 2.850000000000000089 ) ) ;
#6064 = LINE ( 'NONE', #5123, #6997 ) ;
#6065 = CARTESIAN_POINT ( 'NONE',  ( -11.46738209570190037, 4.649999999999999467, -1.976314594173340211 ) ) ;
#6066 = FACE_BOUND ( 'NONE', #188, .T. ) ;
#6067 = AXIS2_PLACEMENT_3D ( 'NONE', #6542, #2730, #9625 ) ;
#6068 = DIRECTION ( 'NONE',  ( -1.656580215914899728E-16, 0.000000000000000000, 1.000000000000000000 ) ) ;
#6069 = EDGE_CURVE ( 'NONE', #4243, #626, #1601, .T. ) ;
#6070 = ORIENTED_EDGE ( 'NONE', *, *, #6971, .T. ) ;
#6071 = ORIENTED_EDGE ( 'NONE', *, *, #3034, .T. ) ;
#6072 = DIRECTION ( 'NONE',  ( 0.9999911000803364258, 0.000000000000000000, -0.004218976193205941846 ) ) ;
#6073 = DIRECTION ( 'NONE',  ( -0.000000000000000000, 1.000000000000000000, 0.000000000000000000 ) ) ;
#6074 = EDGE_CURVE ( 'NONE', #9554, #7397, #873, .T. ) ;
#6075 = LINE ( 'NONE', #1515, #6719 ) ;
#6076 = FACE_OUTER_BOUND ( 'NONE', #3683, .T. ) ;
#6077 = CARTESIAN_POINT ( 'NONE',  ( 2.899999999999999911, -3.550000000000000266, 1.649999999999999911 ) ) ;
#6078 = EDGE_CURVE ( 'NONE', #1358, #274, #8197, .T. ) ;
#6079 = LINE ( 'NONE', #8414, #2502 ) ;
#6080 = VERTEX_POINT ( 'NONE', #7794 ) ;
#6081 = EDGE_LOOP ( 'NONE', ( #296, #1414, #2791, #4887, #7293, #8585 ) ) ;
#6082 = ORIENTED_EDGE ( 'NONE', *, *, #3836, .T. ) ;
#6083 = VECTOR ( 'NONE', #1069, 1000.000000000000000 ) ;
#6084 = APPROVAL ( #8030, 'UNSPECIFIED' ) ;
#6085 = ORIENTED_EDGE ( 'NONE', *, *, #8377, .T. ) ;
#6086 = DIRECTION ( 'NONE',  ( 1.000000000000000000, 0.000000000000000000, 0.000000000000000000 ) ) ;
#6087 = VECTOR ( 'NONE', #4794, 1000.000000000000000 ) ;
#6088 = AXIS2_PLACEMENT_3D ( 'NONE', #87, #4695, #6091 ) ;
#6089 = CIRCLE ( 'NONE', #1817, 0.6999999999999999556 ) ;
#6090 = CARTESIAN_POINT ( 'NONE',  ( 6.200000000000000178, 6.150000000000000355, 0.05000000000002249867 ) ) ;
#6091 = DIRECTION ( 'NONE',  ( 0.000000000000000000, -1.000000000000000000, 0.000000000000000000 ) ) ;
#6092 = CARTESIAN_POINT ( 'NONE',  ( -12.69999999999999929, 7.500000000000000000, -3.500000000000000000 ) ) ;
#6093 = DIRECTION ( 'NONE',  ( 0.000000000000000000, -1.000000000000000000, 0.000000000000000000 ) ) ;
#6094 = VERTEX_POINT ( 'NONE', #8448 ) ;
#6095 = ORIENTED_EDGE ( 'NONE', *, *, #9138, .F. ) ;
#6096 = AXIS2_PLACEMENT_3D ( 'NONE', #4904, #343, #4252 ) ;
#6097 = ORIENTED_EDGE ( 'NONE', *, *, #4086, .T. ) ;
#6098 = EDGE_CURVE ( 'NONE', #3789, #6925, #6345, .T. ) ;
#6099 = DIRECTION ( 'NONE',  ( 0.000000000000000000, -1.000000000000000000, 0.000000000000000000 ) ) ;
#6100 = AXIS2_PLACEMENT_3D ( 'NONE', #4349, #7419, #5990 ) ;
#6101 = CARTESIAN_POINT ( 'NONE',  ( -11.43779095291031389, -4.673073295540827843, -2.500000000000000000 ) ) ;
#6102 = CARTESIAN_POINT ( 'NONE',  ( -12.69999999999999929, -8.000000000000000000, 4.000000000000000000 ) ) ;
#6103 = CARTESIAN_POINT ( 'NONE',  ( 3.299999999999999822, -3.950000000000000178, 2.350000000000000089 ) ) ;
#6104 = CARTESIAN_POINT ( 'NONE',  ( -2.228285685708569552, -7.500000000000000000, 4.000000000000000000 ) ) ;
#6105 = CARTESIAN_POINT ( 'NONE',  ( -11.46738209570190037, -4.750000000000000000, -2.403270492925979607 ) ) ;
#6106 = CIRCLE ( 'NONE', #8640, 1.250000000000000222 ) ;
#6107 = FACE_OUTER_BOUND ( 'NONE', #2484, .T. ) ;
#6108 = DIRECTION ( 'NONE',  ( 1.000000000000000000, 2.025682080082069818E-16, 9.387283644590649326E-16 ) ) ;
#6109 = ORIENTED_EDGE ( 'NONE', *, *, #5595, .T. ) ;
#6110 = ORIENTED_EDGE ( 'NONE', *, *, #6131, .F. ) ;
#6111 = EDGE_CURVE ( 'NONE', #4760, #878, #7205, .T. ) ;
#6112 = ADVANCED_FACE ( 'NONE', ( #1651 ), #8329, .T. ) ;
#6113 = ORIENTED_EDGE ( 'NONE', *, *, #6728, .F. ) ;
#6114 = ADVANCED_FACE ( 'NONE', ( #4071 ), #7893, .F. ) ;
#6115 = DIRECTION ( 'NONE',  ( 0.000000000000000000, -1.000000000000000000, 0.000000000000000000 ) ) ;
#6116 = CIRCLE ( 'NONE', #4203, 1.300000000000000711 ) ;
#6117 = CARTESIAN_POINT ( 'NONE',  ( -2.700000000000000178, -3.950000000000000178, 3.950000000000000178 ) ) ;
#6118 = PLANE ( 'NONE',  #212 ) ;
#6119 = DIRECTION ( 'NONE',  ( 0.000000000000000000, 0.000000000000000000, -1.000000000000000000 ) ) ;
#6120 = CARTESIAN_POINT ( 'NONE',  ( -0.2500000000000069944, 6.200000000000000178, 0.5500000000000160316 ) ) ;
#6121 = CARTESIAN_POINT ( 'NONE',  ( 4.000000000000000000, -8.000000000000000000, -1.470104640658310015E-16 ) ) ;
#6122 = DIRECTION ( 'NONE',  ( -1.000000000000000000, -5.551115123125729701E-17, -9.387283644590649326E-16 ) ) ;
#6123 = ORIENTED_EDGE ( 'NONE', *, *, #5618, .T. ) ;
#6124 = CARTESIAN_POINT ( 'NONE',  ( 3.299999999999999822, -3.550000000000000266, -3.649999999999999911 ) ) ;
#6125 = DIRECTION ( 'NONE',  ( 2.005404828807245491E-16, 1.000000000000000000, 0.000000000000000000 ) ) ;
#6126 = CARTESIAN_POINT ( 'NONE',  ( -5.059069437767100830, -3.250000000000000000, -0.3700132187965000097 ) ) ;
#6127 = DIRECTION ( 'NONE',  ( -0.2462931838462416589, 0.000000000000000000, 0.9691953712182499459 ) ) ;
#6128 = LINE ( 'NONE', #3677, #1439 ) ;
#6129 = CARTESIAN_POINT ( 'NONE',  ( -3.100000000000000089, -4.349999999999999645, 3.950000000000000178 ) ) ;
#6131 = EDGE_CURVE ( 'NONE', #6770, #6094, #1677, .T. ) ;
#6130 = VERTEX_POINT ( 'NONE', #1103 ) ;
#6132 = EDGE_LOOP ( 'NONE', ( #7900, #7133, #9562, #2475 ) ) ;
#6133 = EDGE_LOOP ( 'NONE', ( #2638, #6778, #9751, #478 ) ) ;
#6134 = EDGE_LOOP ( 'NONE', ( #2945, #7320, #951, #2117 ) ) ;
#6135 = PLANE ( 'NONE',  #4031 ) ;
#6136 = ADVANCED_FACE ( 'NONE', ( #7699 ), #3875, .T. ) ;
#6137 = LINE ( 'NONE', #8370, #6428 ) ;
#6138 = DIRECTION ( 'NONE',  ( 1.000000000000000000, -5.748638800407609888E-17, -3.128579780658979875E-16 ) ) ;
#6139 = LINE ( 'NONE', #6923, #26 ) ;
#6140 = DIRECTION ( 'NONE',  ( 0.000000000000000000, 0.000000000000000000, -1.000000000000000000 ) ) ;
#6141 = ORIENTED_EDGE ( 'NONE', *, *, #6661, .T. ) ;
#6142 = ORIENTED_EDGE ( 'NONE', *, *, #5274, .T. ) ;
#6143 = VECTOR ( 'NONE', #2986, 1000.000000000000000 ) ;
#6144 = ORIENTED_EDGE ( 'NONE', *, *, #762, .T. ) ;
#6145 = CARTESIAN_POINT ( 'NONE',  ( 3.299999999999999822, -3.950000000000000178, 0.5500000000000000444 ) ) ;
#6146 = CARTESIAN_POINT ( 'NONE',  ( -4.635857748931030642, 4.744032548946300665, 0.05000000000001050826 ) ) ;
#6147 = CIRCLE ( 'NONE', #6295, 2.600000000000000089 ) ;
#6148 = ADVANCED_FACE ( 'NONE', ( #908 ), #93, .T. ) ;
#6149 = DIRECTION ( 'NONE',  ( 0.000000000000000000, 0.000000000000000000, 1.000000000000000000 ) ) ;
#6150 = DIRECTION ( 'NONE',  ( 0.000000000000000000, 0.000000000000000000, -1.000000000000000000 ) ) ;
#6151 = ADVANCED_FACE ( 'NONE', ( #1060 ), #209, .F. ) ;
#6152 = CARTESIAN_POINT ( 'NONE',  ( -4.898978868267030329, 4.750000000000000000, -0.9499902100883750311 ) ) ;
#6153 = LINE ( 'NONE', #9130, #4020 ) ;
#6154 = CARTESIAN_POINT ( 'NONE',  ( -4.780733988912461125E-16, 8.000000000000000000, 3.500000000000000000 ) ) ;
#6155 = CARTESIAN_POINT ( 'NONE',  ( 6.200000000000000178, 6.200000000000000178, 1.800000000000000044 ) ) ;
#6156 = ORIENTED_EDGE ( 'NONE', *, *, #761, .F. ) ;
#6157 = ORIENTED_EDGE ( 'NONE', *, *, #5096, .F. ) ;
#6158 = CIRCLE ( 'NONE', #1881, 1.499999999999999556 ) ;
#6159 = DIRECTION ( 'NONE',  ( 0.000000000000000000, -1.000000000000000000, 0.000000000000000000 ) ) ;
#6160 = CARTESIAN_POINT ( 'NONE',  ( -6.359745509654959328, 3.149999999999999911, -1.754637193035429865 ) ) ;
#6161 = DIRECTION ( 'NONE',  ( -1.656580215914899728E-16, 0.000000000000000000, 1.000000000000000000 ) ) ;
#6162 = ADVANCED_FACE ( 'NONE', ( #4673 ), #1752, .F. ) ;
#6163 = CARTESIAN_POINT ( 'NONE',  ( 5.000000000000000000, -3.950000000000000178, 0.000000000000000000 ) ) ;
#6164 = ADVANCED_FACE ( 'NONE', ( #261 ), #4767, .F. ) ;
#6165 = PLANE ( 'NONE',  #7319 ) ;
#6166 = DIRECTION ( 'NONE',  ( 0.2544623675387890915, 0.000000000000000000, 0.9670826766655239437 ) ) ;
#6167 = ORIENTED_EDGE ( 'NONE', *, *, #4137, .T. ) ;
#6168 = VERTEX_POINT ( 'NONE', #3181 ) ;
#6169 = CARTESIAN_POINT ( 'NONE',  ( -2.000006106643640091, -7.999987786806330270, -3.504036432429010084 ) ) ;
#6170 = CARTESIAN_POINT ( 'NONE',  ( 3.299999999999999822, 3.950000000000000178, 0.5500000000000180300 ) ) ;
#6171 = DIRECTION ( 'NONE',  ( 3.523657060577860223E-15, -1.000000000000000000, -2.294126247091830304E-15 ) ) ;
#6172 = CARTESIAN_POINT ( 'NONE',  ( 3.000000000000000000, -3.198666677215172378E-16, 1.800000000000000044 ) ) ;
#6173 = DIRECTION ( 'NONE',  ( 1.000000000000000000, 0.000000000000000000, 0.000000000000000000 ) ) ;
#6174 = VERTEX_POINT ( 'NONE', #6205 ) ;
#6175 = ORIENTED_EDGE ( 'NONE', *, *, #2392, .T. ) ;
#6176 = ORIENTED_EDGE ( 'NONE', *, *, #9758, .F. ) ;
#6177 = LINE ( 'NONE', #7612, #9270 ) ;
#6178 = EDGE_CURVE ( 'NONE', #599, #1844, #9235, .T. ) ;
#6179 = DIRECTION ( 'NONE',  ( 0.000000000000000000, 0.000000000000000000, 1.000000000000000000 ) ) ;
#6180 = DIRECTION ( 'NONE',  ( 0.2462931838462505130, 0.000000000000000000, -0.9691953712182477254 ) ) ;
#6181 = LINE ( 'NONE', #4793, #1778 ) ;
#6182 = PLANE ( 'NONE',  #1023 ) ;
#6183 = ORIENTED_EDGE ( 'NONE', *, *, #4437, .F. ) ;
#6184 = ORIENTED_EDGE ( 'NONE', *, *, #2353, .F. ) ;
#6185 = ORIENTED_EDGE ( 'NONE', *, *, #7515, .T. ) ;
#6186 = ADVANCED_FACE ( 'NONE', ( #1703 ), #4718, .F. ) ;
#6187 = EDGE_LOOP ( 'NONE', ( #2734, #142, #7264, #177 ) ) ;
#6188 = CARTESIAN_POINT ( 'NONE',  ( -0.6999999999999999556, 0.000000000000000000, 0.000000000000000000 ) ) ;
#6189 = CALENDAR_DATE ( 2023, 2, 7 ) ;
#6190 = DIRECTION ( 'NONE',  ( 2.659480039017769634E-16, -1.110223024625160090E-15, 1.000000000000000000 ) ) ;
#6191 = DIRECTION ( 'NONE',  ( -0.2544623675387881478, 0.000000000000000000, -0.9670826766655240547 ) ) ;
#6192 = PLANE ( 'NONE',  #1175 ) ;
#6193 = FACE_OUTER_BOUND ( 'NONE', #8817, .T. ) ;
#6194 = CARTESIAN_POINT ( 'NONE',  ( 11.00000000000000000, 6.200000000000000178, 1.350000000000030065 ) ) ;
#6195 = VERTEX_POINT ( 'NONE', #3970 ) ;
#6196 = ADVANCED_FACE ( 'NONE', ( #6996 ), #9591, .T. ) ;
#6197 = ORIENTED_EDGE ( 'NONE', *, *, #180, .F. ) ;
#6198 = CONICAL_SURFACE ( 'NONE', #819, 1.299999999999999156, 0.7853981633974490562 ) ;
#6199 = CIRCLE ( 'NONE', #4778, 1.299999999999999156 ) ;
#6200 = ORIENTED_EDGE ( 'NONE', *, *, #8914, .F. ) ;
#6201 = VECTOR ( 'NONE', #4696, 1000.000000000000000 ) ;
#6202 = CYLINDRICAL_SURFACE ( 'NONE', #147, 1.700000000000000178 ) ;
#6203 = PLANE ( 'NONE',  #9334 ) ;
#6204 = CARTESIAN_POINT ( 'NONE',  ( 0.3000000000000000444, 7.306283484365847514, 4.000000000000001776 ) ) ;
#6205 = CARTESIAN_POINT ( 'NONE',  ( -3.950000000000000178, 3.950000000000000178, 3.500000000000000000 ) ) ;
#6206 = CARTESIAN_POINT ( 'NONE',  ( 12.69999999999999929, 2.250000000000000000, 0.000000000000000000 ) ) ;
#6207 = CARTESIAN_POINT ( 'NONE',  ( 3.299999999999999378, -5.299999999999999822, 0.04999999999999300143 ) ) ;
#6208 = CARTESIAN_POINT ( 'NONE',  ( 3.442242581455770001, -7.914357045433660254, -3.786772012011289767 ) ) ;
#6209 = VECTOR ( 'NONE', #7067, 1000.000000000000000 ) ;
#6210 = ORIENTED_EDGE ( 'NONE', *, *, #6016, .F. ) ;
#6211 = EDGE_CURVE ( 'NONE', #7466, #1645, #9288, .T. ) ;
#6212 = ADVANCED_FACE ( 'NONE', ( #2728 ), #404, .F. ) ;
#6213 = CARTESIAN_POINT ( 'NONE',  ( -4.402064153926899870, -3.149999999999999911, -1.322466285438819833 ) ) ;
#6214 = DIRECTION ( 'NONE',  ( 1.000000000000000000, 0.000000000000000000, 0.000000000000000000 ) ) ;
#6215 = AXIS2_PLACEMENT_3D ( 'NONE', #900, #1788, #7834 ) ;
#6216 = CARTESIAN_POINT ( 'NONE',  ( -0.6999999999999999556, 5.599999999999999645, -0.8499999999999999778 ) ) ;
#6217 = FACE_OUTER_BOUND ( 'NONE', #6941, .T. ) ;
#6218 = DIRECTION ( 'NONE',  ( 7.653191805780030487E-16, -1.000000000000000000, 1.327617149164019890E-31 ) ) ;
#6219 = EDGE_LOOP ( 'NONE', ( #7490, #7266, #7968, #7600 ) ) ;
#6220 = EDGE_LOOP ( 'NONE', ( #3643, #1549, #4786, #2988 ) ) ;
#6221 = VECTOR ( 'NONE', #4569, 1000.000000000000000 ) ;
#6222 = ADVANCED_FACE ( 'NONE', ( #8880 ), #6492, .F. ) ;
#6223 = ORIENTED_EDGE ( 'NONE', *, *, #4451, .T. ) ;
#6224 = LINE ( 'NONE', #6919, #8789 ) ;
#6225 = VECTOR ( 'NONE', #459, 1000.000000000000000 ) ;
#6226 = CARTESIAN_POINT ( 'NONE',  ( 3.299999999999999822, 3.950000000000000178, -6.505213034913029562E-16 ) ) ;
#6227 = CARTESIAN_POINT ( 'NONE',  ( 6.405188171479900383, 7.989681027797599810, -3.616495914793729671 ) ) ;
#6228 = DIRECTION ( 'NONE',  ( -1.365923996832129884E-16, 0.000000000000000000, 1.000000000000000000 ) ) ;
#6229 = CARTESIAN_POINT ( 'NONE',  ( 0.4000000000000000222, -8.000000000000000000, -3.500000000000000000 ) ) ;
#6230 = CIRCLE ( 'NONE', #7496, 1.250000000000000222 ) ;
#6231 = ORIENTED_EDGE ( 'NONE', *, *, #6685, .F. ) ;
#6232 = ORIENTED_EDGE ( 'NONE', *, *, #5720, .F. ) ;
#6233 = ORIENTED_EDGE ( 'NONE', *, *, #3227, .F. ) ;
#6234 = CIRCLE ( 'NONE', #1962, 0.02695589875264907398 ) ;
#6235 = DIRECTION ( 'NONE',  ( 1.000000000000000000, 0.000000000000000000, 0.000000000000000000 ) ) ;
#6236 = VECTOR ( 'NONE', #7276, 1000.000000000000000 ) ;
#6237 = VECTOR ( 'NONE', #3954, 1000.000000000000000 ) ;
#6238 = EDGE_CURVE ( 'NONE', #887, #7222, #4961, .T. ) ;
#6239 = FACE_OUTER_BOUND ( 'NONE', #8236, .T. ) ;
#6240 = LINE ( 'NONE', #1047, #3885 ) ;
#6241 = AXIS2_PLACEMENT_3D ( 'NONE', #4304, #2772, #7327 ) ;
#6242 = CARTESIAN_POINT ( 'NONE',  ( -12.69999999999999929, 3.100000000000000089, -2.449999999999999734 ) ) ;
#6243 = DIRECTION ( 'NONE',  ( 0.000000000000000000, -1.000000000000000000, 0.000000000000000000 ) ) ;
#6244 = DIRECTION ( 'NONE',  ( 0.000000000000000000, 0.000000000000000000, -1.000000000000000000 ) ) ;
#6245 = VERTEX_POINT ( 'NONE', #5814 ) ;
#6246 = CIRCLE ( 'NONE', #1187, 6.487680633323430257 ) ;
#6247 = ORIENTED_EDGE ( 'NONE', *, *, #8168, .F. ) ;
#6248 = CIRCLE ( 'NONE', #6100, 1.250000000000000222 ) ;
#6249 = PLANE ( 'NONE',  #5262 ) ;
#6250 = CIRCLE ( 'NONE', #1508, 0.1000000000000000056 ) ;
#6251 = DIRECTION ( 'NONE',  ( 0.9691953712182477254, 0.000000000000000000, 0.2462931838462509571 ) ) ;
#6252 = EDGE_CURVE ( 'NONE', #1744, #998, #1370, .T. ) ;
#6253 = CARTESIAN_POINT ( 'NONE',  ( 0.3000000000000000444, 7.823336306666676343, 3.694544309702486373 ) ) ;
#6254 = VECTOR ( 'NONE', #1116, 1000.000000000000000 ) ;
#6255 = VECTOR ( 'NONE', #4945, 1000.000000000000000 ) ;
#6256 = DIRECTION ( 'NONE',  ( 9.856383386231849706E-16, 9.856383386231849706E-16, -1.000000000000000000 ) ) ;
#6257 = CARTESIAN_POINT ( 'NONE',  ( 4.549999999999999822, -3.950000000000000178, -3.150000000000001243 ) ) ;
#6258 = DIRECTION ( 'NONE',  ( -1.000000000000000000, 0.000000000000000000, 0.000000000000000000 ) ) ;
#6259 = FACE_OUTER_BOUND ( 'NONE', #3843, .T. ) ;
#6260 = VECTOR ( 'NONE', #2480, 1000.000000000000000 ) ;
#6261 = ORIENTED_EDGE ( 'NONE', *, *, #9592, .T. ) ;
#6262 = ORIENTED_EDGE ( 'NONE', *, *, #270, .T. ) ;
#6263 = CARTESIAN_POINT ( 'NONE',  ( -11.46738209570190037, 3.250000000000000000, -1.976314594173340211 ) ) ;
#6264 = CARTESIAN_POINT ( 'NONE',  ( -11.45254019207970053, -4.750000000000000000, -2.152399954643779978 ) ) ;
#6265 = CARTESIAN_POINT ( 'NONE',  ( 4.792481155659919168, 1.699999999999999956, -6.505213034913029562E-16 ) ) ;
#6266 = ADVANCED_FACE ( 'NONE', ( #1149 ), #4365, .F. ) ;
#6267 = FACE_OUTER_BOUND ( 'NONE', #2798, .T. ) ;
#6268 = LINE ( 'NONE', #2504, #8872 ) ;
#6269 = AXIS2_PLACEMENT_3D ( 'NONE', #3408, #6433, #2666 ) ;
#6270 = EDGE_CURVE ( 'NONE', #6014, #9798, #7051, .T. ) ;
#6271 = EDGE_LOOP ( 'NONE', ( #6679, #2896, #7211, #7441, #7073, #175 ) ) ;
#6272 = EDGE_LOOP ( 'NONE', ( #7022, #5546, #4000, #9266 ) ) ;
#6273 = VERTEX_POINT ( 'NONE', #5661 ) ;
#6274 = CARTESIAN_POINT ( 'NONE',  ( -11.48090655678543826, 3.224634620814625929, -2.449999999999999734 ) ) ;
#6275 = CARTESIAN_POINT ( 'NONE',  ( 0.2999999999999999889, -1.699999999999999956, 1.800000000000000044 ) ) ;
#6276 = EDGE_CURVE ( 'NONE', #8776, #9395, #3560, .T. ) ;
#6277 = LINE ( 'NONE', #1227, #7837 ) ;
#6278 = EDGE_CURVE ( 'NONE', #2518, #4272, #8042, .T. ) ;
#6279 = LINE ( 'NONE', #9310, #504 ) ;
#6280 = DIRECTION ( 'NONE',  ( 1.334402673828309888E-16, 0.000000000000000000, -1.000000000000000000 ) ) ;
#6281 = VERTEX_POINT ( 'NONE', #3514 ) ;
#6282 = ORIENTED_EDGE ( 'NONE', *, *, #2071, .T. ) ;
#6283 = ORIENTED_EDGE ( 'NONE', *, *, #9459, .T. ) ;
#6284 = ORIENTED_EDGE ( 'NONE', *, *, #1552, .T. ) ;
#6285 = ORIENTED_EDGE ( 'NONE', *, *, #3874, .T. ) ;
#6286 = CARTESIAN_POINT ( 'NONE',  ( 0.4000000000000080158, -8.000000000000000000, -46.00000000000000000 ) ) ;
#6287 = DIRECTION ( 'NONE',  ( 0.000000000000000000, -1.000000000000000000, 0.000000000000000000 ) ) ;
#6288 = CARTESIAN_POINT ( 'NONE',  ( -4.894759892073825114, -4.750000000000000000, 8.899919711792547705E-07 ) ) ;
#6289 = VECTOR ( 'NONE', #1940, 1000.000000000000000 ) ;
#6290 = CARTESIAN_POINT ( 'NONE',  ( -12.69999999999999929, -4.799999999999999822, -0.8499999999999999778 ) ) ;
#6291 = CARTESIAN_POINT ( 'NONE',  ( 6.200000000000000178, -6.150000000000000355, 0.5499999999999910516 ) ) ;
#6292 = ORIENTED_EDGE ( 'NONE', *, *, #4884, .T. ) ;
#6293 = EDGE_LOOP ( 'NONE', ( #1077, #1303, #2273, #9785 ) ) ;
#6294 = ORIENTED_EDGE ( 'NONE', *, *, #8698, .F. ) ;
#6295 = AXIS2_PLACEMENT_3D ( 'NONE', #6815, #6859, #967 ) ;
#6296 = DIRECTION ( 'NONE',  ( 0.000000000000000000, -1.000000000000000000, -9.970989681626198491E-16 ) ) ;
#6297 = CARTESIAN_POINT ( 'NONE',  ( 2.200000000000000178, 8.900000000000000355, -4.000000000000000000 ) ) ;
#6298 = CYLINDRICAL_SURFACE ( 'NONE', #5754, 2.250000000000000000 ) ;
#6299 = EDGE_CURVE ( 'NONE', #3591, #6943, #565, .T. ) ;
#6300 = CARTESIAN_POINT ( 'NONE',  ( -4.898978868267030329, 4.649999999999999467, -0.9499902100883750311 ) ) ;
#6301 = CARTESIAN_POINT ( 'NONE',  ( -12.69999999999999929, -3.100000000000000089, -2.500000000000000000 ) ) ;
#6302 = AXIS2_PLACEMENT_3D ( 'NONE', #560, #3574, #5122 ) ;
#6303 = DIRECTION ( 'NONE',  ( -9.343242246769421254E-16, 2.294126247091830304E-15, -1.000000000000000000 ) ) ;
#6304 = CARTESIAN_POINT ( 'NONE',  ( -1.515728071767300067, -4.349999999999999645, 3.950000000000000178 ) ) ;
#6305 = ORIENTED_EDGE ( 'NONE', *, *, #7181, .T. ) ;
#6306 = EDGE_CURVE ( 'NONE', #6281, #6877, #7237, .T. ) ;
#6307 = VERTEX_POINT ( 'NONE', #2783 ) ;
#6308 = ORIENTED_EDGE ( 'NONE', *, *, #1866, .T. ) ;
#6309 = DIRECTION ( 'NONE',  ( -1.000000000000000000, 0.000000000000000000, 0.000000000000000000 ) ) ;
#6310 = LINE ( 'NONE', #7148, #9090 ) ;
#6311 = CYLINDRICAL_SURFACE ( 'NONE', #2026, 0.09999999999999997780 ) ;
#6312 = FACE_BOUND ( 'NONE', #8118, .T. ) ;
#6313 = CARTESIAN_POINT ( 'NONE',  ( 2.200000000000000178, -8.900000000000000355, -4.000000000000000000 ) ) ;
#6314 = VECTOR ( 'NONE', #6889, 1000.000000000000000 ) ;
#6315 = ORIENTED_EDGE ( 'NONE', *, *, #7958, .F. ) ;
#6316 = EDGE_CURVE ( 'NONE', #3496, #8330, #4749, .T. ) ;
#6317 = VECTOR ( 'NONE', #4115, 1000.000000000000000 ) ;
#6318 = ORIENTED_EDGE ( 'NONE', *, *, #3071, .F. ) ;
#6319 = EDGE_LOOP ( 'NONE', ( #1830, #8535, #1743, #7540 ) ) ;
#6320 = DIRECTION ( 'NONE',  ( -1.000000000000000000, 0.000000000000000000, 0.000000000000000000 ) ) ;
#6321 = CARTESIAN_POINT ( 'NONE',  ( -0.09999999999999982514, 1.224646799147349904E-15, 4.000000000000000000 ) ) ;
#6322 = VECTOR ( 'NONE', #572, 1000.000000000000114 ) ;
#6323 = DIRECTION ( 'NONE',  ( 0.000000000000000000, -1.000000000000000000, 0.000000000000000000 ) ) ;
#6324 = CARTESIAN_POINT ( 'NONE',  ( -1.400000000000000133, 1.224646799147349904E-15, -10.00000000000000000 ) ) ;
#6325 = DIRECTION ( 'NONE',  ( 0.000000000000000000, 0.000000000000000000, 1.000000000000000000 ) ) ;
#6326 = ORIENTED_EDGE ( 'NONE', *, *, #8155, .F. ) ;
#6327 = ORIENTED_EDGE ( 'NONE', *, *, #8313, .T. ) ;
#6328 = ORIENTED_EDGE ( 'NONE', *, *, #1691, .F. ) ;
#6329 = CIRCLE ( 'NONE', #4114, 0.1000000000000000472 ) ;
#6330 = EDGE_LOOP ( 'NONE', ( #7526, #3043, #3152 ) ) ;
#6331 = FACE_OUTER_BOUND ( 'NONE', #6830, .T. ) ;
#6332 = ADVANCED_FACE ( 'NONE', ( #8134 ), #5110, .F. ) ;
#6333 = APPROVAL_DATE_TIME ( #893, #1540 ) ;
#6334 = ADVANCED_FACE ( 'NONE', ( #9477 ), #9433, .F. ) ;
#6335 = CARTESIAN_POINT ( 'NONE',  ( 5.533526011560690350, 3.950000000000000178, -2.067919075144479812 ) ) ;
#6336 = CARTESIAN_POINT ( 'NONE',  ( 0.9156940325083818832, -7.825875356760941592, -3.885618546333650336 ) ) ;
#6337 = LINE ( 'NONE', #342, #2897 ) ;
#6338 = CARTESIAN_POINT ( 'NONE',  ( -4.616776270830606599, -4.750000000000000000, -1.288757631197275044 ) ) ;
#6339 = VERTEX_POINT ( 'NONE', #1206 ) ;
#6340 = EDGE_LOOP ( 'NONE', ( #5432, #3797 ) ) ;
#6341 = EDGE_LOOP ( 'NONE', ( #6631, #1475, #4330, #5152 ) ) ;
#6342 = CARTESIAN_POINT ( 'NONE',  ( 1.750000000000000000, 6.200000000000000178, 1.350000000000020073 ) ) ;
#6343 = CARTESIAN_POINT ( 'NONE',  ( -5.006731926153969781, 4.749899550184643715, 0.05000000000001009193 ) ) ;
#6344 = FACE_OUTER_BOUND ( 'NONE', #7269, .T. ) ;
#6345 = LINE ( 'NONE', #3369, #8484 ) ;
#6346 = CYLINDRICAL_SURFACE ( 'NONE', #277, 0.09999999999999996392 ) ;
#6347 = DIRECTION ( 'NONE',  ( -1.365923996832129884E-16, 0.000000000000000000, 1.000000000000000000 ) ) ;
#6348 = CARTESIAN_POINT ( 'NONE',  ( -4.898978868267030329, 3.250000000000000000, -0.9499902100883750311 ) ) ;
#6349 = EDGE_LOOP ( 'NONE', ( #5347, #7132, #1534, #3911 ) ) ;
#6350 = VERTEX_POINT ( 'NONE', #2231 ) ;
#6351 = ORIENTED_EDGE ( 'NONE', *, *, #8743, .F. ) ;
#6352 = CARTESIAN_POINT ( 'NONE',  ( 0.2999999999999999334, -7.416933315739435706, 3.983459035484363753 ) ) ;
#6353 = CARTESIAN_POINT ( 'NONE',  ( -12.69999999999999929, -5.200000000000000178, -0.8499999999999999778 ) ) ;
#6354 = VECTOR ( 'NONE', #3044, 1000.000000000000000 ) ;
#6355 = LOCAL_TIME ( 11, 54, 56.00000000000000000, #6981 ) ;
#6356 = DIRECTION ( 'NONE',  ( 1.000000000000000000, 0.000000000000000000, 1.365923996832129884E-16 ) ) ;
#6357 = CARTESIAN_POINT ( 'NONE',  ( 6.200000000000000178, 1.750000000000000000, 0.05000000000001820349 ) ) ;
#6358 = CARTESIAN_POINT ( 'NONE',  ( -4.896236533741446628, 4.649999999999999467, -0.2999959950361565930 ) ) ;
#6359 = CIRCLE ( 'NONE', #6669, 1.250000000000000222 ) ;
#6360 = EDGE_CURVE ( 'NONE', #3351, #5667, #9816, .T. ) ;
#6361 = VERTEX_POINT ( 'NONE', #643 ) ;
#6362 = VERTEX_POINT ( 'NONE', #6002 ) ;
#6363 = CIRCLE ( 'NONE', #2412, 6.487680633323430257 ) ;
#6364 = ORIENTED_EDGE ( 'NONE', *, *, #1368, .T. ) ;
#6365 = DIRECTION ( 'NONE',  ( -1.000000000000000000, 0.000000000000000000, 0.000000000000000000 ) ) ;
#6366 = CARTESIAN_POINT ( 'NONE',  ( -3.884271928232700066, -4.349999999999999645, 3.950000000000000178 ) ) ;
#6367 = EDGE_CURVE ( 'NONE', #1039, #7678, #6116, .T. ) ;
#6368 = PLANE ( 'NONE',  #6675 ) ;
#6369 = SPHERICAL_SURFACE ( 'NONE', #2598, 6.500000000000000000 ) ;
#6370 = FACE_OUTER_BOUND ( 'NONE', #9080, .T. ) ;
#6371 = EDGE_LOOP ( 'NONE', ( #3581, #1698, #8094, #2328 ) ) ;
#6372 = ORIENTED_EDGE ( 'NONE', *, *, #3524, .T. ) ;
#6373 = ORIENTED_EDGE ( 'NONE', *, *, #9537, .T. ) ;
#6374 = ORIENTED_EDGE ( 'NONE', *, *, #4949, .T. ) ;
#6375 = ORIENTED_EDGE ( 'NONE', *, *, #7865, .F. ) ;
#6376 = CARTESIAN_POINT ( 'NONE',  ( 2.299999999999999822, -4.055919436618319697E-16, 2.600000000000000089 ) ) ;
#6377 = FACE_OUTER_BOUND ( 'NONE', #1452, .T. ) ;
#6378 = DIRECTION ( 'NONE',  ( 0.000000000000000000, 0.000000000000000000, 1.000000000000000000 ) ) ;
#6379 = CARTESIAN_POINT ( 'NONE',  ( -0.6999999999999999556, -4.799999999999999822, -2.500000000000000000 ) ) ;
#6380 = DIRECTION ( 'NONE',  ( -4.219395837329611025E-15, 1.000000000000000000, 1.110223024625160090E-15 ) ) ;
#6381 = ADVANCED_FACE ( 'NONE', ( #9024 ), #7535, .F. ) ;
#6382 = VERTEX_POINT ( 'NONE', #4511 ) ;
#6383 = ORIENTED_EDGE ( 'NONE', *, *, #2218, .T. ) ;
#6384 = VERTEX_POINT ( 'NONE', #6104 ) ;
#6385 = VECTOR ( 'NONE', #6674, 1000.000000000000000 ) ;
#6386 = FACE_OUTER_BOUND ( 'NONE', #7885, .T. ) ;
#6387 = VECTOR ( 'NONE', #2059, 1000.000000000000000 ) ;
#6388 = DIRECTION ( 'NONE',  ( 0.000000000000000000, -1.000000000000000000, 0.000000000000000000 ) ) ;
#6389 = AXIS2_PLACEMENT_3D ( 'NONE', #5295, #4546, #5949 ) ;
#6390 = CARTESIAN_POINT ( 'NONE',  ( 4.549999999999999822, 3.550000000000000266, 1.649999999999999911 ) ) ;
#6391 = DIRECTION ( 'NONE',  ( 0.000000000000000000, 0.000000000000000000, 1.000000000000000000 ) ) ;
#6392 = CARTESIAN_POINT ( 'NONE',  ( -11.42255748043019814, 3.234691816657569774, -2.449999999999999734 ) ) ;
#6393 = CIRCLE ( 'NONE', #2130, 1.250000000000000222 ) ;
#6394 = LINE ( 'NONE', #9576, #3438 ) ;
#6395 = AXIS2_PLACEMENT_3D ( 'NONE', #8869, #2074, #3839 ) ;
#6396 = CYLINDRICAL_SURFACE ( 'NONE', #2894, 0.6499999999999996891 ) ;
#6397 = DIRECTION ( 'NONE',  ( 0.000000000000000000, -1.000000000000000000, 0.000000000000000000 ) ) ;
#6398 = VECTOR ( 'NONE', #4629, 1000.000000000000000 ) ;
#6399 = ADVANCED_FACE ( 'NONE', ( #9129 ), #5257, .T. ) ;
#6400 = ADVANCED_FACE ( 'NONE', ( #794 ), #4605, .T. ) ;
#6401 = ORIENTED_EDGE ( 'NONE', *, *, #9435, .T. ) ;
#6402 = ORIENTED_EDGE ( 'NONE', *, *, #4178, .F. ) ;
#6403 = EDGE_LOOP ( 'NONE', ( #4076, #323, #8440, #4320 ) ) ;
#6404 = VECTOR ( 'NONE', #454, 1000.000000000000000 ) ;
#6405 = CARTESIAN_POINT ( 'NONE',  ( 0.2999999999999999889, -7.791132877075650498, 3.742469621800552204 ) ) ;
#6406 = AXIS2_PLACEMENT_3D ( 'NONE', #3870, #113, #3138 ) ;
#6407 = AXIS2_PLACEMENT_3D ( 'NONE', #6432, #9556, #4998 ) ;
#6408 = CARTESIAN_POINT ( 'NONE',  ( 3.399999999999999911, -8.000000000000000000, -4.410313921974930168E-17 ) ) ;
#6409 = FACE_BOUND ( 'NONE', #5967, .T. ) ;
#6410 = CARTESIAN_POINT ( 'NONE',  ( -11.56022376417530140, 4.649999999999999467, -1.610970681948850070 ) ) ;
#6411 = AXIS2_PLACEMENT_3D ( 'NONE', #304, #2580, #9188 ) ;
#6412 = ORIENTED_EDGE ( 'NONE', *, *, #2797, .T. ) ;
#6413 = EDGE_LOOP ( 'NONE', ( #8984, #1999 ) ) ;
#6414 = EDGE_LOOP ( 'NONE', ( #4111, #6426, #385, #7586 ) ) ;
#6415 = DIRECTION ( 'NONE',  ( 1.000000000000000000, 0.000000000000000000, 0.000000000000000000 ) ) ;
#6416 = ORIENTED_EDGE ( 'NONE', *, *, #7823, .F. ) ;
#6417 = B_SPLINE_CURVE_WITH_KNOTS ( 'NONE', 3,
 ( #652, #9084, #9034, #707, #6017, #5267, #4521, #3722, #5365, #7544, #4423, #4568 ),
 .UNSPECIFIED., .F., .F.,
 ( 4, 2, 2, 2, 2, 4 ),
 ( 0.08234836418971649974, 0.1000276144751600094, 0.1197853286044550103, 0.1418390684936129964, 0.1647276641246959994, 0.1650775928175570173 ),
 .UNSPECIFIED. ) ;
#6418 = VECTOR ( 'NONE', #1882, 1000.000000000000000 ) ;
#6419 = CARTESIAN_POINT ( 'NONE',  ( -0.6999999999999999556, 4.799999999999999822, -2.449999999999999734 ) ) ;
#6420 = FACE_OUTER_BOUND ( 'NONE', #6427, .T. ) ;
#6421 = EDGE_CURVE ( 'NONE', #1453, #1317, #3102, .T. ) ;
#6422 = DIRECTION ( 'NONE',  ( -2.551063935260049934E-16, -1.000000000000000000, -2.294126247091830304E-15 ) ) ;
#6423 = EDGE_CURVE ( 'NONE', #8791, #9603, #3652, .T. ) ;
#6424 = DIRECTION ( 'NONE',  ( 0.004218976193202674495, 0.000000000000000000, 0.9999911000803363148 ) ) ;
#6425 = ORIENTED_EDGE ( 'NONE', *, *, #8635, .F. ) ;
#6426 = ORIENTED_EDGE ( 'NONE', *, *, #8475, .T. ) ;
#6427 = EDGE_LOOP ( 'NONE', ( #8314, #8666, #8805 ) ) ;
#6428 = VECTOR ( 'NONE', #6179, 1000.000000000000000 ) ;
#6429 = ORIENTED_EDGE ( 'NONE', *, *, #2936, .F. ) ;
#6430 = ORIENTED_EDGE ( 'NONE', *, *, #785, .T. ) ;
#6431 = EDGE_CURVE ( 'NONE', #4130, #5117, #1590, .T. ) ;
#6432 = CARTESIAN_POINT ( 'NONE',  ( -2.700000000000000178, 1.224646799147349904E-15, -2.700000000000000178 ) ) ;
#6433 = DIRECTION ( 'NONE',  ( 3.675261601645779967E-17, 0.000000000000000000, 1.000000000000000000 ) ) ;
#6434 = DIRECTION ( 'NONE',  ( 1.365923996832129884E-16, 0.000000000000000000, -1.000000000000000000 ) ) ;
#6435 = CARTESIAN_POINT ( 'NONE',  ( -0.6999999999999999556, 3.100000000000000089, -2.449999999999999734 ) ) ;
#6436 = CYLINDRICAL_SURFACE ( 'NONE', #9091, 0.5000000000000000000 ) ;
#6437 = EDGE_LOOP ( 'NONE', ( #5078, #3810, #5912, #344 ) ) ;
#6438 = ORIENTED_EDGE ( 'NONE', *, *, #9104, .F. ) ;
#6439 = EDGE_CURVE ( 'NONE', #5554, #7359, #4364, .T. ) ;
#6440 = CARTESIAN_POINT ( 'NONE',  ( 12.69999999999999929, 6.000000000000000000, -3.500000000000000000 ) ) ;
#6441 = EDGE_CURVE ( 'NONE', #8081, #479, #9075, .T. ) ;
#6442 = CARTESIAN_POINT ( 'NONE',  ( 7.000000000000000000, 1.699999999999999956, 1.350000000000020073 ) ) ;
#6443 = CYLINDRICAL_SURFACE ( 'NONE', #2406, 0.5000000000000000000 ) ;
#6444 = CARTESIAN_POINT ( 'NONE',  ( -11.43779095291021441, 3.226926704459142758, -2.449999999999999734 ) ) ;
#6445 = DIRECTION ( 'NONE',  ( 0.000000000000000000, 0.000000000000000000, -1.000000000000000000 ) ) ;
#6446 = DIRECTION ( 'NONE',  ( -3.878613693528650022E-15, -1.000000000000000000, -9.856383386231891121E-16 ) ) ;
#6447 = CARTESIAN_POINT ( 'NONE',  ( -11.47402114982909893, 4.750000000000000000, -1.950189061875239993 ) ) ;
#6448 = AXIS2_PLACEMENT_3D ( 'NONE', #5872, #6603, #1259 ) ;
#6449 = AXIS2_PLACEMENT_3D ( 'NONE', #5759, #7894, #3515 ) ;
#6450 = VERTEX_POINT ( 'NONE', #2284 ) ;
#6451 = ORIENTED_EDGE ( 'NONE', *, *, #6760, .F. ) ;
#6452 = ORIENTED_EDGE ( 'NONE', *, *, #6906, .T. ) ;
#6453 = DIRECTION ( 'NONE',  ( 0.000000000000000000, 1.000000000000000000, 0.000000000000000000 ) ) ;
#6454 = EDGE_CURVE ( 'NONE', #6927, #1039, #5308, .T. ) ;
#6455 = EDGE_CURVE ( 'NONE', #9507, #9301, #8926, .T. ) ;
#6456 = DIRECTION ( 'NONE',  ( -1.000000000000000000, 0.000000000000000000, 0.000000000000000000 ) ) ;
#6457 = AXIS2_PLACEMENT_3D ( 'NONE', #5719, #464, #2643 ) ;
#6458 = CARTESIAN_POINT ( 'NONE',  ( -4.898978868267030329, 4.750000000000000000, -0.9499902100883750311 ) ) ;
#6459 = CARTESIAN_POINT ( 'NONE',  ( -12.20000000000000107, -1.750000000000000000, 0.5500000000000000444 ) ) ;
#6460 = VERTEX_POINT ( 'NONE', #1397 ) ;
#6461 = VERTEX_POINT ( 'NONE', #1543 ) ;
#6462 = DIRECTION ( 'NONE',  ( -0.2462931838462421585, 0.000000000000000000, 0.9691953712182498348 ) ) ;
#6463 = ORIENTED_EDGE ( 'NONE', *, *, #3701, .F. ) ;
#6464 = DIRECTION ( 'NONE',  ( 1.000000000000000000, 0.000000000000000000, -9.540979117872440991E-16 ) ) ;
#6465 = DIRECTION ( 'NONE',  ( 0.000000000000000000, 1.000000000000000000, 0.000000000000000000 ) ) ;
#6466 = VECTOR ( 'NONE', #4274, 1000.000000000000000 ) ;
#6467 = AXIS2_PLACEMENT_3D ( 'NONE', #1567, #72, #6030 ) ;
#6468 = CARTESIAN_POINT ( 'NONE',  ( -3.100000000000000089, -2.700000000000000178, 3.950000000000000178 ) ) ;
#6469 = FACE_OUTER_BOUND ( 'NONE', #2237, .T. ) ;
#6470 = VECTOR ( 'NONE', #449, 1000.000000000000000 ) ;
#6471 = CARTESIAN_POINT ( 'NONE',  ( -11.51579293296729922, -3.237043900731360058, -2.500000000000000000 ) ) ;
#6472 = ORIENTED_EDGE ( 'NONE', *, *, #4771, .F. ) ;
#6473 = ORIENTED_EDGE ( 'NONE', *, *, #6074, .T. ) ;
#6474 = VECTOR ( 'NONE', #4567, 1000.000000000000000 ) ;
#6475 = ORIENTED_EDGE ( 'NONE', *, *, #5377, .F. ) ;
#6476 = EDGE_LOOP ( 'NONE', ( #2861, #8119, #2057 ) ) ;
#6477 = CARTESIAN_POINT ( 'NONE',  ( -12.69999999999999929, 5.599999999999999645, -0.8499999999999999778 ) ) ;
#6478 = ORIENTED_EDGE ( 'NONE', *, *, #4450, .F. ) ;
#6479 = EDGE_CURVE ( 'NONE', #2541, #6905, #45, .T. ) ;
#6480 = AXIS2_PLACEMENT_3D ( 'NONE', #4434, #7455, #8755 ) ;
#6481 = DIRECTION ( 'NONE',  ( 1.224646799147331020E-16, -1.000000000000000000, -2.322928174600330322E-15 ) ) ;
#6482 = CARTESIAN_POINT ( 'NONE',  ( -6.359745509654959328, 4.750000000000000000, -1.855327628688660191 ) ) ;
#6483 = EDGE_CURVE ( 'NONE', #4850, #4280, #7436, .T. ) ;
#6484 = PLANE ( 'NONE',  #9704 ) ;
#6485 = CARTESIAN_POINT ( 'NONE',  ( -11.42331369735220115, 3.149999999999999911, -2.350685701326800547 ) ) ;
#6486 = ORIENTED_EDGE ( 'NONE', *, *, #5881, .F. ) ;
#6487 = ORIENTED_EDGE ( 'NONE', *, *, #2402, .F. ) ;
#6488 = CARTESIAN_POINT ( 'NONE',  ( -0.6999999999999999556, -2.700000000000000178, -0.8499999999999999778 ) ) ;
#6489 = EDGE_CURVE ( 'NONE', #5969, #8801, #882, .T. ) ;
#6490 = CARTESIAN_POINT ( 'NONE',  ( 6.700000000000000178, -8.673617379884039416E-16, 0.000000000000000000 ) ) ;
#6491 = DIRECTION ( 'NONE',  ( 0.000000000000000000, 1.000000000000000000, 0.000000000000000000 ) ) ;
#6492 = PLANE ( 'NONE',  #5319 ) ;
#6493 = FACE_OUTER_BOUND ( 'NONE', #5326, .T. ) ;
#6494 = EDGE_CURVE ( 'NONE', #2517, #2157, #7689, .T. ) ;
#6495 = CARTESIAN_POINT ( 'NONE',  ( 4.549999999999999822, 3.950000000000000178, 0.5500000000000160316 ) ) ;
#6496 = DIRECTION ( 'NONE',  ( 0.000000000000000000, 0.000000000000000000, -1.000000000000000000 ) ) ;
#6497 = ORIENTED_EDGE ( 'NONE', *, *, #1247, .F. ) ;
#6498 = VERTEX_POINT ( 'NONE', #1693 ) ;
#6499 = EDGE_LOOP ( 'NONE', ( #1933, #1814, #902, #3294, #9121, #3762, #3798, #3389, #9229, #2735, #5654, #9373, #8718, #7071, #7170 ) ) ;
#6500 = CARTESIAN_POINT ( 'NONE',  ( -5.233354133029929578, -4.649999999999999467, 0.04999999999999599903 ) ) ;
#6501 = DIRECTION ( 'NONE',  ( -0.8160244811016559296, -1.549345671679829808E-15, -0.5780173407803379515 ) ) ;
#6502 = CARTESIAN_POINT ( 'NONE',  ( -11.52272792429850057, 4.653439470695190927, -2.449999999999999734 ) ) ;
#6503 = DIRECTION ( 'NONE',  ( 1.000000000000000000, -2.927845397290890110E-16, -2.659480039017769634E-16 ) ) ;
#6504 = ORIENTED_EDGE ( 'NONE', *, *, #6078, .F. ) ;
#6505 = EDGE_CURVE ( 'NONE', #4061, #2957, #3126, .T. ) ;
#6506 = EDGE_CURVE ( 'NONE', #5454, #861, #3907, .T. ) ;
#6507 = ORIENTED_EDGE ( 'NONE', *, *, #8526, .T. ) ;
#6508 = APPROVAL_PERSON_ORGANIZATION ( #5646, #6084, #6578 ) ;
#6509 = VERTEX_POINT ( 'NONE', #843 ) ;
#6510 = AXIS2_PLACEMENT_3D ( 'NONE', #3559, #5208, #693 ) ;
#6511 = DIRECTION ( 'NONE',  ( 0.2544623675387880923, 0.000000000000000000, 0.9670826766655241657 ) ) ;
#6512 = CIRCLE ( 'NONE', #4781, 2.499999999999999556 ) ;
#6513 = FACE_OUTER_BOUND ( 'NONE', #8694, .T. ) ;
#6514 = LINE ( 'NONE', #8853, #4103 ) ;
#6515 = DIRECTION ( 'NONE',  ( 0.000000000000000000, -1.000000000000000000, 0.000000000000000000 ) ) ;
#6516 = CARTESIAN_POINT ( 'NONE',  ( -4.898978868267030329, 4.649999999999999467, -0.9499902100883750311 ) ) ;
#6517 = VECTOR ( 'NONE', #8941, 1000.000000000000000 ) ;
#6518 = DIRECTION ( 'NONE',  ( 0.000000000000000000, -1.000000000000000000, 0.000000000000000000 ) ) ;
#6520 = ORIENTED_EDGE ( 'NONE', *, *, #7151, .F. ) ;
#6519 = EDGE_CURVE ( 'NONE', #1909, #3786, #4857, .T. ) ;
#6521 = ORIENTED_EDGE ( 'NONE', *, *, #3605, .F. ) ;
#6522 = VECTOR ( 'NONE', #2063, 1000.000000000000000 ) ;
#6523 = EDGE_CURVE ( 'NONE', #9795, #4540, #8490, .T. ) ;
#6524 = ORIENTED_EDGE ( 'NONE', *, *, #4834, .T. ) ;
#6525 = ORIENTED_EDGE ( 'NONE', *, *, #5596, .F. ) ;
#6526 = CARTESIAN_POINT ( 'NONE',  ( -6.359745509654959328, -4.649999999999999467, -1.905327628688650021 ) ) ;
#6527 = DATE_AND_TIME ( #1283, #8105 ) ;
#6528 = TOROIDAL_SURFACE ( 'NONE', #8915, 1.000000000000000000, 0.1000000000000000056 ) ;
#6529 = DIRECTION ( 'NONE',  ( -1.000000000000000000, -0.000000000000000000, -0.000000000000000000 ) ) ;
#6530 = LINE ( 'NONE', #7129, #4820 ) ;
#6531 = CARTESIAN_POINT ( 'NONE',  ( -2.700000000000000178, 3.950000000000000178, 3.500000000000000000 ) ) ;
#6532 = DIRECTION ( 'NONE',  ( -0.9670826766655241657, 0.000000000000000000, 0.2544623675387880923 ) ) ;
#6533 = ORIENTED_EDGE ( 'NONE', *, *, #2294, .F. ) ;
#6534 = ORIENTED_EDGE ( 'NONE', *, *, #4991, .T. ) ;
#6535 = DIRECTION ( 'NONE',  ( 1.741690236924499901E-16, 0.000000000000000000, -1.000000000000000000 ) ) ;
#6536 = DIRECTION ( 'NONE',  ( -3.212450881438530269E-16, -1.000000000000000000, -1.124357808503485693E-15 ) ) ;
#6537 = ADVANCED_FACE ( 'NONE', ( #7832 ), #7781, .F. ) ;
#6538 = CYLINDRICAL_SURFACE ( 'NONE', #5375, 1.700000000000000178 ) ;
#6539 = CYLINDRICAL_SURFACE ( 'NONE', #1612, 0.1000000000000000472 ) ;
#6540 = DIRECTION ( 'NONE',  ( -0.5780173407803390617, 0.000000000000000000, -0.8160244811016550415 ) ) ;
#6541 = CARTESIAN_POINT ( 'NONE',  ( 0.2999999999999999889, 5.150000000000000355, 1.350000000000000089 ) ) ;
#6542 = CARTESIAN_POINT ( 'NONE',  ( 3.299999999999999822, -3.950000000000000178, -6.505213034913029562E-16 ) ) ;
#6543 = CYLINDRICAL_SURFACE ( 'NONE', #4180, 1.250000000000000222 ) ;
#6544 = ORIENTED_EDGE ( 'NONE', *, *, #303, .T. ) ;
#6545 = VECTOR ( 'NONE', #3557, 1000.000000000000000 ) ;
#6546 = ORIENTED_EDGE ( 'NONE', *, *, #3364, .T. ) ;
#6547 = ORIENTED_EDGE ( 'NONE', *, *, #5538, .T. ) ;
#6548 = ORIENTED_EDGE ( 'NONE', *, *, #7008, .F. ) ;
#6549 = AXIS2_PLACEMENT_3D ( 'NONE', #9404, #4240, #8759 ) ;
#6550 = CYLINDRICAL_SURFACE ( 'NONE', #4414, 2.500000000000000000 ) ;
#6551 = EDGE_CURVE ( 'NONE', #5591, #781, #1993, .T. ) ;
#6552 = EDGE_CURVE ( 'NONE', #8559, #7345, #6240, .T. ) ;
#6553 = PLANE ( 'NONE',  #6448 ) ;
#6554 = AXIS2_PLACEMENT_3D ( 'NONE', #7880, #7927, #4058 ) ;
#6555 = VECTOR ( 'NONE', #9316, 1000.000000000000000 ) ;
#6556 = CARTESIAN_POINT ( 'NONE',  ( -11.52127450851680024, 4.656842106300859818, -2.449999999999999734 ) ) ;
#6557 = DIRECTION ( 'NONE',  ( 3.675261601645779967E-17, 0.000000000000000000, 1.000000000000000000 ) ) ;
#6558 = CIRCLE ( 'NONE', #5777, 2.000000000000000000 ) ;
#6559 = AXIS2_PLACEMENT_3D ( 'NONE', #7117, #426, #4990 ) ;
#6560 = ORIENTED_EDGE ( 'NONE', *, *, #8337, .T. ) ;
#6561 = VECTOR ( 'NONE', #276, 1000.000000000000114 ) ;
#6562 = FACE_OUTER_BOUND ( 'NONE', #9678, .T. ) ;
#6563 = EDGE_CURVE ( 'NONE', #1646, #4843, #7077, .T. ) ;
#6564 = DIRECTION ( 'NONE',  ( 0.9670826766655239437, 0.000000000000000000, -0.2544623675387890360 ) ) ;
#6565 = EDGE_CURVE ( 'NONE', #9109, #1867, #9321, .T. ) ;
#6566 = DIRECTION ( 'NONE',  ( 0.000000000000000000, 0.000000000000000000, -1.000000000000000000 ) ) ;
#6567 = DIRECTION ( 'NONE',  ( 0.000000000000000000, -1.000000000000000000, -9.637352644315594750E-16 ) ) ;
#6568 = AXIS2_PLACEMENT_3D ( 'NONE', #9142, #3769, #6701 ) ;
#6569 = DIRECTION ( 'NONE',  ( -0.9670826766655241657, 0.000000000000000000, 0.2544623675387880923 ) ) ;
#6570 = FACE_OUTER_BOUND ( 'NONE', #4098, .T. ) ;
#6571 = DIRECTION ( 'NONE',  ( 1.228473713028369864E-31, -1.000000000000000000, -9.970989681626198491E-16 ) ) ;
#6572 = ORIENTED_EDGE ( 'NONE', *, *, #9251, .T. ) ;
#6573 = ORIENTED_EDGE ( 'NONE', *, *, #3034, .F. ) ;
#6574 = EDGE_LOOP ( 'NONE', ( #9092, #1855, #4419, #4305 ) ) ;
#6575 = ORIENTED_EDGE ( 'NONE', *, *, #7607, .T. ) ;
#6576 = ORIENTED_EDGE ( 'NONE', *, *, #7006, .F. ) ;
#6577 = VECTOR ( 'NONE', #8499, 1000.000000000000000 ) ;
#6578 = APPROVAL_ROLE ( '' ) ;
#6579 = ADVANCED_FACE ( 'NONE', ( #4755 ), #6890, .F. ) ;
#6580 = EDGE_CURVE ( 'NONE', #5793, #8848, #946, .T. ) ;
#6581 = LINE ( 'NONE', #9558, #410 ) ;
#6582 = LINE ( 'NONE', #2029, #7670 ) ;
#6583 = VECTOR ( 'NONE', #7879, 1000.000000000000000 ) ;
#6584 = LINE ( 'NONE', #586, #5911 ) ;
#6585 = CARTESIAN_POINT ( 'NONE',  ( 2.050000000000000266, 3.550000000000000266, 2.850000000000000089 ) ) ;
#6586 = EDGE_LOOP ( 'NONE', ( #9136, #187, #4322, #1510 ) ) ;
#6587 = ORIENTED_EDGE ( 'NONE', *, *, #3507, .T. ) ;
#6588 = DIRECTION ( 'NONE',  ( 0.000000000000000000, 8.725142821606440391E-16, -1.000000000000000000 ) ) ;
#6589 = LINE ( 'NONE', #9618, #7819 ) ;
#6590 = CARTESIAN_POINT ( 'NONE',  ( -11.80000000000000071, 4.286263797015740046E-16, -4.000000000000000000 ) ) ;
#6591 = CARTESIAN_POINT ( 'NONE',  ( -4.376595962401234274, 4.693555849609451158, 0.05000000000001060541 ) ) ;
#6592 = CARTESIAN_POINT ( 'NONE',  ( 2.299999999999999822, -4.055919436618319697E-16, 2.600000000000000089 ) ) ;
#6593 = CARTESIAN_POINT ( 'NONE',  ( 1.807518844340070041, 6.200000000000000178, 1.800000000000000044 ) ) ;
#6594 = DIRECTION ( 'NONE',  ( 0.9999911000803364258, 0.000000000000000000, -0.004218976193204337227 ) ) ;
#6595 = CARTESIAN_POINT ( 'NONE',  ( 1.050000000000000044, -7.900000000000000355, 1.350000000000000089 ) ) ;
#6596 = ORIENTED_EDGE ( 'NONE', *, *, #5376, .T. ) ;
#6597 = ORIENTED_EDGE ( 'NONE', *, *, #2665, .F. ) ;
#6598 = ORIENTED_EDGE ( 'NONE', *, *, #7181, .F. ) ;
#6599 = ORIENTED_EDGE ( 'NONE', *, *, #4577, .T. ) ;
#6600 = ORIENTED_EDGE ( 'NONE', *, *, #5709, .F. ) ;
#6601 = PLANE ( 'NONE',  #2200 ) ;
#6602 = EDGE_CURVE ( 'NONE', #5383, #2464, #7032, .T. ) ;
#6603 = DIRECTION ( 'NONE',  ( 0.000000000000000000, -1.000000000000000000, 0.000000000000000000 ) ) ;
#6604 = CARTESIAN_POINT ( 'NONE',  ( 3.299999999999999822, -3.950000000000000178, 1.350000000000000089 ) ) ;
#6605 = CARTESIAN_POINT ( 'NONE',  ( 3.725000000000000089, -6.724999999999999645, 1.350000000000000089 ) ) ;
#6606 = DIRECTION ( 'NONE',  ( -1.100971166086609954E-15, -1.000000000000000000, -8.725142821606450252E-16 ) ) ;
#6607 = ORIENTED_EDGE ( 'NONE', *, *, #7944, .T. ) ;
#6608 = CIRCLE ( 'NONE', #6449, 1.250000000000000222 ) ;
#6609 = EDGE_CURVE ( 'NONE', #78, #6928, #2322, .T. ) ;
#6610 = EDGE_LOOP ( 'NONE', ( #3844, #2319, #8213, #6231 ) ) ;
#6611 = CARTESIAN_POINT ( 'NONE',  ( -0.8000000000000000444, -8.900000000000000355, -46.00000000000000000 ) ) ;
#6612 = AXIS2_PLACEMENT_3D ( 'NONE', #7659, #1617, #874 ) ;
#6613 = DIRECTION ( 'NONE',  ( -1.000000000000000000, 0.000000000000000000, 0.000000000000000000 ) ) ;
#6614 = FACE_OUTER_BOUND ( 'NONE', #4393, .T. ) ;
#6615 = CARTESIAN_POINT ( 'NONE',  ( 4.000000000000000000, 8.000000000000000000, 1.800000000000000044 ) ) ;
#6616 = CARTESIAN_POINT ( 'NONE',  ( 3.299999999999999822, -3.950000000000000178, 1.800000000000000044 ) ) ;
#6617 = CARTESIAN_POINT ( 'NONE',  ( -2.700000000000000178, 1.224646799147349904E-15, 2.700000000000000178 ) ) ;
#6618 = EDGE_CURVE ( 'NONE', #3589, #1358, #4685, .T. ) ;
#6619 = CARTESIAN_POINT ( 'NONE',  ( -12.20000000000000107, 6.150000000000000355, 0.5500000000000000444 ) ) ;
#6620 = ORIENTED_EDGE ( 'NONE', *, *, #6784, .F. ) ;
#6621 = EDGE_LOOP ( 'NONE', ( #8707, #3336, #5723, #684, #3301, #2508 ) ) ;
#6622 = VERTEX_POINT ( 'NONE', #1837 ) ;
#6623 = ADVANCED_FACE ( 'NONE', ( #9176 ), #198, .F. ) ;
#6624 = ORIENTED_EDGE ( 'NONE', *, *, #1284, .T. ) ;
#6625 = DIRECTION ( 'NONE',  ( 1.000000000000000000, 0.000000000000000000, 0.000000000000000000 ) ) ;
#6626 = DIRECTION ( 'NONE',  ( 9.343242246769421254E-16, -2.294126247091830304E-15, 1.000000000000000000 ) ) ;
#6627 = CARTESIAN_POINT ( 'NONE',  ( 3.299999999999999822, 3.950000000000000178, -2.600000000000000089 ) ) ;
#6628 = DIRECTION ( 'NONE',  ( 0.000000000000000000, 0.000000000000000000, 1.000000000000000000 ) ) ;
#6629 = DIRECTION ( 'NONE',  ( -1.741690236924499901E-16, 0.000000000000000000, 1.000000000000000000 ) ) ;
#6630 = ORIENTED_EDGE ( 'NONE', *, *, #3956, .F. ) ;
#6631 = ORIENTED_EDGE ( 'NONE', *, *, #9484, .T. ) ;
#6632 = AXIS2_PLACEMENT_3D ( 'NONE', #617, #5931, #9048 ) ;
#6633 = ADVANCED_FACE ( 'NONE', ( #1640 ), #5325, .T. ) ;
#6634 = EDGE_CURVE ( 'NONE', #2650, #580, #8625, .T. ) ;
#6635 = DIRECTION ( 'NONE',  ( -2.659480039017769634E-16, 1.110223024625160090E-15, -1.000000000000000000 ) ) ;
#6636 = CARTESIAN_POINT ( 'NONE',  ( 11.25000000000000000, -5.000000000000000000, -1.499999999999999778 ) ) ;
#6637 = DIRECTION ( 'NONE',  ( -1.000000000000000000, 0.000000000000000000, -1.334402673828309888E-16 ) ) ;
#6638 = LINE ( 'NONE', #5256, #5726 ) ;
#6639 = DIRECTION ( 'NONE',  ( 0.000000000000000000, 1.000000000000000000, 0.000000000000000000 ) ) ;
#6640 = CARTESIAN_POINT ( 'NONE',  ( -2.700000000000000178, -3.950000000000000178, 3.500000000000000000 ) ) ;
#6641 = CARTESIAN_POINT ( 'NONE',  ( -11.56022376417530140, 3.250000000000000000, -1.610970681948850070 ) ) ;
#6642 = PLANE ( 'NONE',  #2461 ) ;
#6643 = ORIENTED_EDGE ( 'NONE', *, *, #3629, .F. ) ;
#6644 = ORIENTED_EDGE ( 'NONE', *, *, #3726, .F. ) ;
#6645 = VERTEX_POINT ( 'NONE', #5697 ) ;
#6646 = ORIENTED_EDGE ( 'NONE', *, *, #7096, .F. ) ;
#6647 = VECTOR ( 'NONE', #4883, 1000.000000000000000 ) ;
#6648 = CARTESIAN_POINT ( 'NONE',  ( -4.894548371762245331, -4.736604447904547044, 0.04999940578955855419 ) ) ;
#6649 = DIRECTION ( 'NONE',  ( 1.000000000000000000, -2.876785723922740257E-16, -3.675261601645779967E-17 ) ) ;
#6650 = CARTESIAN_POINT ( 'NONE',  ( -5.059069437767100830, -3.149999999999999911, -0.3700132187965000097 ) ) ;
#6651 = DIRECTION ( 'NONE',  ( 6.377659838150020064E-17, 1.000000000000000000, 1.106347624303350091E-32 ) ) ;
#6652 = LINE ( 'NONE', #5227, #7923 ) ;
#6653 = VERTEX_POINT ( 'NONE', #7128 ) ;
#6654 = DIRECTION ( 'NONE',  ( 0.000000000000000000, -1.000000000000000000, 0.000000000000000000 ) ) ;
#6655 = CARTESIAN_POINT ( 'NONE',  ( -4.771190403914399525, 3.150237564606869434, 0.05000000000000873884 ) ) ;
#6656 = ADVANCED_FACE ( 'NONE', ( #2618, #6377 ), #5847, .F. ) ;
#6657 = DIRECTION ( 'NONE',  ( 0.8160244811016558186, 1.549345671679829611E-15, 0.5780173407803379515 ) ) ;
#6658 = DIRECTION ( 'NONE',  ( 0.000000000000000000, 0.000000000000000000, 1.000000000000000000 ) ) ;
#6659 = B_SPLINE_CURVE_WITH_KNOTS ( 'NONE', 3,
 ( #6229, #9262, #3994, #7019, #235, #3795, #9311, #1578, #2514, #6826, #35, #5346 ),
 .UNSPECIFIED., .F., .F.,
 ( 4, 2, 2, 2, 2, 4 ),
 ( -0.08244218547384621343, -0.06474943948684409867, -0.04497664299764689982, -0.02290606804067210622, 0.000000000000000000, 0.0003501958170281371796 ),
 .UNSPECIFIED. ) ;
#6660 = DIRECTION ( 'NONE',  ( -1.000000000000000000, -8.690087591498061461E-15, 9.358555867767143324E-16 ) ) ;
#6661 = EDGE_CURVE ( 'NONE', #6896, #5454, #1236, .T. ) ;
#6662 = DIRECTION ( 'NONE',  ( -2.181414771040840345E-16, -1.000000000000000000, -9.970989681626198491E-16 ) ) ;
#6663 = EDGE_CURVE ( 'NONE', #7144, #6907, #8076, .T. ) ;
#6664 = VERTEX_POINT ( 'NONE', #339 ) ;
#6665 = ORIENTED_EDGE ( 'NONE', *, *, #7305, .F. ) ;
#6666 = ORIENTED_EDGE ( 'NONE', *, *, #487, .T. ) ;
#6667 = VECTOR ( 'NONE', #44, 1000.000000000000114 ) ;
#6668 = EDGE_LOOP ( 'NONE', ( #9050, #3687, #2860, #6598 ) ) ;
#6669 = AXIS2_PLACEMENT_3D ( 'NONE', #6531, #488, #5650 ) ;
#6670 = ORIENTED_EDGE ( 'NONE', *, *, #7150, .F. ) ;
#6671 = DIRECTION ( 'NONE',  ( 0.000000000000000000, -1.000000000000000000, 0.000000000000000000 ) ) ;
#6672 = EDGE_CURVE ( 'NONE', #7512, #6796, #6581, .T. ) ;
#6673 = LINE ( 'NONE', #6730, #2620 ) ;
#6674 = DIRECTION ( 'NONE',  ( 1.334402673828309888E-16, 0.000000000000000000, -1.000000000000000000 ) ) ;
#6675 = AXIS2_PLACEMENT_3D ( 'NONE', #6468, #4141, #4989 ) ;
#6676 = DIRECTION ( 'NONE',  ( 0.000000000000000000, 0.000000000000000000, -1.000000000000000000 ) ) ;
#6677 = DIRECTION ( 'NONE',  ( 3.675261601645779967E-17, 0.000000000000000000, 1.000000000000000000 ) ) ;
#6678 = VERTEX_POINT ( 'NONE', #1190 ) ;
#6679 = ORIENTED_EDGE ( 'NONE', *, *, #8689, .F. ) ;
#6680 = DIRECTION ( 'NONE',  ( -0.9691953712182476144, 0.000000000000000000, -0.2462931838462509293 ) ) ;
#6682 = VECTOR ( 'NONE', #3217, 1000.000000000000000 ) ;
#6681 = DIRECTION ( 'NONE',  ( 0.000000000000000000, 1.000000000000000000, 0.000000000000000000 ) ) ;
#6683 = FACE_OUTER_BOUND ( 'NONE', #8720, .T. ) ;
#6684 = DIRECTION ( 'NONE',  ( -0.9670826766655241657, 0.000000000000000000, 0.2544623675387880923 ) ) ;
#6685 = EDGE_CURVE ( 'NONE', #8057, #3671, #1848, .T. ) ;
#6686 = CARTESIAN_POINT ( 'NONE',  ( 6.425910258926069929, -7.947719699359820922, -3.731823336406249858 ) ) ;
#6687 = DIRECTION ( 'NONE',  ( 1.000000000000000000, 5.551115123125729701E-17, 9.387283644590649326E-16 ) ) ;
#6688 = DIRECTION ( 'NONE',  ( 0.000000000000000000, -1.000000000000000000, 0.000000000000000000 ) ) ;
#6689 = CARTESIAN_POINT ( 'NONE',  ( 3.994811828527020658, 7.989681027811299963, -3.616495914717969828 ) ) ;
#6690 = AXIS2_PLACEMENT_3D ( 'NONE', #4709, #3961, #4860 ) ;
#6691 = ORIENTED_EDGE ( 'NONE', *, *, #7127, .F. ) ;
#6692 =( BOUNDED_CURVE ( )  B_SPLINE_CURVE ( 3, ( #114, #9189, #4719, #2397 ),
 .UNSPECIFIED., .F., .F. ) 
 B_SPLINE_CURVE_WITH_KNOTS ( ( 4, 4 ),
 ( 3.141592653589795336, 3.682396345557744866 ),
 .UNSPECIFIED. ) 
 CURVE ( )  GEOMETRIC_REPRESENTATION_ITEM ( )  RATIONAL_B_SPLINE_CURVE ( ( 1.000000000000000000, 0.9757757557314580277, 0.9757757557314580277, 1.000000000000000000 ) ) 
 REPRESENTATION_ITEM ( '' )  );
#6693 = VECTOR ( 'NONE', #8243, 1000.000000000000000 ) ;
#6694 = ORIENTED_EDGE ( 'NONE', *, *, #9161, .T. ) ;
#6695 = ORIENTED_EDGE ( 'NONE', *, *, #2816, .F. ) ;
#6696 = PLANE ( 'NONE',  #6947 ) ;
#6697 = AXIS2_PLACEMENT_3D ( 'NONE', #5718, #8600, #4079 ) ;
#6698 = CARTESIAN_POINT ( 'NONE',  ( 9.500000000000000000, 5.000000000000000000, 38.50000000000000000 ) ) ;
#6699 = DIRECTION ( 'NONE',  ( 1.000000000000000000, 0.000000000000000000, -9.540979117872440991E-16 ) ) ;
#6700 = EDGE_CURVE ( 'NONE', #6678, #2023, #5960, .T. ) ;
#6701 = DIRECTION ( 'NONE',  ( 0.000000000000000000, 0.000000000000000000, -1.000000000000000000 ) ) ;
#6702 = DIRECTION ( 'NONE',  ( -1.000000000000000000, 0.000000000000000000, 0.000000000000000000 ) ) ;
#6703 = ADVANCED_FACE ( 'NONE', ( #437 ), #8820, .T. ) ;
#6704 = ORIENTED_EDGE ( 'NONE', *, *, #3969, .T. ) ;
#6705 = CIRCLE ( 'NONE', #5289, 1.000000000000000222 ) ;
#6706 = ORIENTED_EDGE ( 'NONE', *, *, #5062, .T. ) ;
#6707 = DIRECTION ( 'NONE',  ( -9.343242246769421254E-16, 2.294126247091830304E-15, -1.000000000000000000 ) ) ;
#6708 = AXIS2_PLACEMENT_3D ( 'NONE', #6003, #3609, #3757 ) ;
#6709 = CARTESIAN_POINT ( 'NONE',  ( -4.772780583795554143, 3.150222153676219161, 0.05000000000000874578 ) ) ;
#6710 = AXIS2_PLACEMENT_3D ( 'NONE', #569, #5927, #5276 ) ;
#6711 = CARTESIAN_POINT ( 'NONE',  ( 3.510499752649219651, 7.769467989803650276, -3.926640469313309900 ) ) ;
#6712 = CARTESIAN_POINT ( 'NONE',  ( -2.025910258900449623, -7.947719699412049366, 3.731823336304449956 ) ) ;
#6713 = CIRCLE ( 'NONE', #545, 2.500000000000000000 ) ;
#6714 = DIRECTION ( 'NONE',  ( 3.675261601645779967E-17, 0.000000000000000000, 1.000000000000000000 ) ) ;
#6715 = AXIS2_PLACEMENT_3D ( 'NONE', #7816, #8713, #4045 ) ;
#6716 = CARTESIAN_POINT ( 'NONE',  ( 5.250000000000000000, -12.05000000000000071, 0.5500000000000000444 ) ) ;
#6717 = CIRCLE ( 'NONE', #3702, 0.09999999999999996392 ) ;
#6718 = DIRECTION ( 'NONE',  ( 3.675261601645779967E-17, 0.000000000000000000, 1.000000000000000000 ) ) ;
#6719 = VECTOR ( 'NONE', #9150, 1000.000000000000000 ) ;
#6720 = VERTEX_POINT ( 'NONE', #8868 ) ;
#6721 = ORIENTED_EDGE ( 'NONE', *, *, #3678, .T. ) ;
#6722 = ORIENTED_EDGE ( 'NONE', *, *, #1618, .T. ) ;
#6723 = LINE ( 'NONE', #1433, #77 ) ;
#6724 = VECTOR ( 'NONE', #4369, 1000.000000000000000 ) ;
#6725 = AXIS2_PLACEMENT_3D ( 'NONE', #710, #5367, #3724 ) ;
#6726 = EDGE_CURVE ( 'NONE', #5383, #771, #7060, .T. ) ;
#6727 = CIRCLE ( 'NONE', #8310, 0.1269558987526488991 ) ;
#6728 = EDGE_CURVE ( 'NONE', #3716, #5040, #7275, .T. ) ;
#6729 = B_SPLINE_CURVE_WITH_KNOTS ( 'NONE', 3,
 ( #7980, #392, #4251, #1192, #537, #8870, #4207, #8822, #8125, #1337, #1884, #440 ),
 .UNSPECIFIED., .F., .F.,
 ( 4, 1, 1, 1, 1, 2, 2, 4 ),
 ( 0.000000000000000000, 0.2499999999998554490, 0.3749999999997882805, 0.4374999999997590261, 0.4687499999997443156, 0.4843749999997369327, 0.4999999999997295497, 1.000000000000000000 ),
 .UNSPECIFIED. ) ;
#6730 = CARTESIAN_POINT ( 'NONE',  ( 4.780733988912470000E-16, 8.000000000000000000, -3.500000000000000000 ) ) ;
#6731 = LINE ( 'NONE', #7325, #388 ) ;
#6732 = DIRECTION ( 'NONE',  ( -3.128579780658979875E-16, 9.970989681626198491E-16, -1.000000000000000000 ) ) ;
#6733 = CYLINDRICAL_SURFACE ( 'NONE', #7825, 1.300000000000000711 ) ;
#6734 = ORIENTED_EDGE ( 'NONE', *, *, #730, .T. ) ;
#6735 = EDGE_CURVE ( 'NONE', #7563, #5247, #7534, .T. ) ;
#6736 = AXIS2_PLACEMENT_3D ( 'NONE', #2632, #2682, #7993 ) ;
#6737 = ORIENTED_EDGE ( 'NONE', *, *, #3266, .F. ) ;
#6738 = CARTESIAN_POINT ( 'NONE',  ( 3.700000000000000178, 3.550000000000000266, 1.649999999999999911 ) ) ;
#6739 = CARTESIAN_POINT ( 'NONE',  ( -11.41162309946109943, -4.649999999999999467, -2.500000000000000000 ) ) ;
#6740 = DIRECTION ( 'NONE',  ( -1.334402673828309888E-16, 0.000000000000000000, 1.000000000000000000 ) ) ;
#6741 = DIRECTION ( 'NONE',  ( 1.000000000000000000, 5.551115123125729701E-17, 9.387283644590649326E-16 ) ) ;
#6742 = AXIS2_PLACEMENT_3D ( 'NONE', #3060, #9756, #8916 ) ;
#6743 = CARTESIAN_POINT ( 'NONE',  ( 6.442242581488319964, -7.914357045366460675, -3.786772012109039576 ) ) ;
#6744 = LINE ( 'NONE', #3653, #7183 ) ;
#6745 = FACE_OUTER_BOUND ( 'NONE', #6271, .T. ) ;
#6746 = CARTESIAN_POINT ( 'NONE',  ( -11.46423078997079870, -3.149999999999999911, -2.053085655970579904 ) ) ;
#6747 = ORIENTED_EDGE ( 'NONE', *, *, #1293, .F. ) ;
#6748 = EDGE_CURVE ( 'NONE', #7705, #3413, #8770, .T. ) ;
#6749 = ORIENTED_EDGE ( 'NONE', *, *, #8217, .T. ) ;
#6750 = VERTEX_POINT ( 'NONE', #2818 ) ;
#6751 = ORIENTED_EDGE ( 'NONE', *, *, #1537, .T. ) ;
#6752 = EDGE_CURVE ( 'NONE', #3197, #2562, #8336, .T. ) ;
#6753 = DIRECTION ( 'NONE',  ( -0.9691953712182476144, 0.000000000000000000, -0.2462931838462509293 ) ) ;
#6754 = CARTESIAN_POINT ( 'NONE',  ( -4.898978868267030329, -3.149999999999999911, -0.9999902100883649725 ) ) ;
#6755 = CARTESIAN_POINT ( 'NONE',  ( 1.000000000000000000, -8.000000000000000000, -3.675261601645779967E-17 ) ) ;
#6756 = DIRECTION ( 'NONE',  ( 3.675261601645779967E-17, 0.000000000000000000, 1.000000000000000000 ) ) ;
#6757 = DIRECTION ( 'NONE',  ( 0.000000000000000000, -1.000000000000000000, 0.000000000000000000 ) ) ;
#6758 = ORIENTED_EDGE ( 'NONE', *, *, #1769, .F. ) ;
#6759 = ORIENTED_EDGE ( 'NONE', *, *, #3576, .T. ) ;
#6760 = EDGE_CURVE ( 'NONE', #5042, #491, #3549, .T. ) ;
#6761 = EDGE_CURVE ( 'NONE', #6622, #3056, #1092, .T. ) ;
#6762 = DIRECTION ( 'NONE',  ( -1.365923996832129884E-16, 0.000000000000000000, 1.000000000000000000 ) ) ;
#6763 = CARTESIAN_POINT ( 'NONE',  ( -11.52127450851669899, -4.656842106300850048, -2.500000000000000000 ) ) ;
#6764 = DIRECTION ( 'NONE',  ( -9.856383386231849706E-16, -9.856383386231849706E-16, 1.000000000000000000 ) ) ;
#6765 = FACE_OUTER_BOUND ( 'NONE', #8630, .T. ) ;
#6766 = DIRECTION ( 'NONE',  ( -1.000000000000000000, 0.000000000000000000, 0.000000000000000000 ) ) ;
#6767 = DIRECTION ( 'NONE',  ( -3.128579780658979875E-16, 9.970989681626198491E-16, -1.000000000000000000 ) ) ;
#6768 = EDGE_LOOP ( 'NONE', ( #2564, #8429, #2275, #5644 ) ) ;
#6769 = VECTOR ( 'NONE', #2547, 1000.000000000000000 ) ;
#6770 = VERTEX_POINT ( 'NONE', #1138 ) ;
#6771 = ORIENTED_EDGE ( 'NONE', *, *, #6563, .T. ) ;
#6772 = DIRECTION ( 'NONE',  ( 0.000000000000000000, 1.110223024625160090E-15, -1.000000000000000000 ) ) ;
#6773 = CARTESIAN_POINT ( 'NONE',  ( 0.8000000000000003775, 3.950000000000000178, 2.350000000000000089 ) ) ;
#6774 = DIRECTION ( 'NONE',  ( -1.656580215914899728E-16, 0.000000000000000000, 1.000000000000000000 ) ) ;
#6775 = CARTESIAN_POINT ( 'NONE',  ( 3.628285685708569908, 7.500000000000000000, -4.000000000000000000 ) ) ;
#6776 = CARTESIAN_POINT ( 'NONE',  ( 0.2999999999999999889, -1.699999999999999956, -6.505213034913029562E-16 ) ) ;
#6777 = ORIENTED_EDGE ( 'NONE', *, *, #3246, .F. ) ;
#6778 = ORIENTED_EDGE ( 'NONE', *, *, #6111, .T. ) ;
#6779 = ORIENTED_EDGE ( 'NONE', *, *, #95, .T. ) ;
#6780 = ADVANCED_FACE ( 'NONE', ( #4153 ), #390, .F. ) ;
#6781 = CARTESIAN_POINT ( 'NONE',  ( 0.2999999999999999889, 6.200000000000000178, 1.350000000000020073 ) ) ;
#6782 = CARTESIAN_POINT ( 'NONE',  ( 0.2999999999999999889, -1.699999999999999956, 1.350000000000000089 ) ) ;
#6783 = DIRECTION ( 'NONE',  ( 5.725107025726580140E-16, 0.000000000000000000, 1.000000000000000000 ) ) ;
#6784 = EDGE_CURVE ( 'NONE', #3107, #2646, #2122, .T. ) ;
#6785 = CARTESIAN_POINT ( 'NONE',  ( 5.785374374473379433, -0.7071067811865500152, -6.505213034913029562E-16 ) ) ;
#6786 = CARTESIAN_POINT ( 'NONE',  ( 6.597333865368360861, -7.573611609551670121, -3.999535118193529915 ) ) ;
#6787 = DIRECTION ( 'NONE',  ( -0.9931429867320367144, 0.000000000000000000, -0.1169059789102749741 ) ) ;
#6788 = CARTESIAN_POINT ( 'NONE',  ( 4.549999999999999822, 3.950000000000000178, -2.600000000000000089 ) ) ;
#6789 = LINE ( 'NONE', #6746, #1669 ) ;
#6790 = AXIS2_PLACEMENT_3D ( 'NONE', #8903, #6465, #9500 ) ;
#6791 = ORIENTED_EDGE ( 'NONE', *, *, #4183, .F. ) ;
#6792 = VECTOR ( 'NONE', #5958, 1000.000000000000000 ) ;
#6793 = VERTEX_POINT ( 'NONE', #1386 ) ;
#6794 = EDGE_CURVE ( 'NONE', #6012, #9157, #570, .T. ) ;
#6795 = ORIENTED_EDGE ( 'NONE', *, *, #1164, .F. ) ;
#6796 = VERTEX_POINT ( 'NONE', #584 ) ;
#6797 = DIRECTION ( 'NONE',  ( 1.334402673828309888E-16, 0.000000000000000000, -1.000000000000000000 ) ) ;
#6798 = FACE_OUTER_BOUND ( 'NONE', #1359, .T. ) ;
#6799 = EDGE_CURVE ( 'NONE', #2543, #7512, #9012, .T. ) ;
#6800 = DIRECTION ( 'NONE',  ( -1.000000000000000000, 0.000000000000000000, 3.675261601645779967E-17 ) ) ;
#6801 = AXIS2_PLACEMENT_3D ( 'NONE', #19, #6811, #721 ) ;
#6802 = DIRECTION ( 'NONE',  ( 3.675261601645779967E-17, 0.000000000000000000, 1.000000000000000000 ) ) ;
#6803 = DIRECTION ( 'NONE',  ( -8.730233800241777162E-16, 0.5780173407803409491, -0.8160244811016537092 ) ) ;
#6804 = DIRECTION ( 'NONE',  ( 0.000000000000000000, -1.000000000000000000, 0.000000000000000000 ) ) ;
#6805 = CIRCLE ( 'NONE', #3318, 2.000000000000000444 ) ;
#6806 = ORIENTED_EDGE ( 'NONE', *, *, #6942, .T. ) ;
#6807 = ORIENTED_EDGE ( 'NONE', *, *, #7367, .T. ) ;
#6808 = CARTESIAN_POINT ( 'NONE',  ( -11.46738209570190037, -3.250000000000000000, -2.026314594173330264 ) ) ;
#6809 = DIRECTION ( 'NONE',  ( -1.000000000000000000, 1.464973975462420099E-15, 3.128579780658990229E-16 ) ) ;
#6810 = DIRECTION ( 'NONE',  ( 0.000000000000000000, 0.000000000000000000, -1.000000000000000000 ) ) ;
#6811 = DIRECTION ( 'NONE',  ( -3.675261601645779967E-17, 0.000000000000000000, -1.000000000000000000 ) ) ;
#6812 = CARTESIAN_POINT ( 'NONE',  ( 3.299999999999999822, -3.950000000000000178, 0.000000000000000000 ) ) ;
#6813 = EDGE_CURVE ( 'NONE', #7021, #5142, #2477, .T. ) ;
#6814 = EDGE_CURVE ( 'NONE', #9147, #1790, #5097, .T. ) ;
#6815 = CARTESIAN_POINT ( 'NONE',  ( -2.700000000000000178, 1.224646799147349904E-15, 4.000000000000000000 ) ) ;
#6816 = ORIENTED_EDGE ( 'NONE', *, *, #4089, .T. ) ;
#6817 = ORIENTED_EDGE ( 'NONE', *, *, #6494, .F. ) ;
#6818 = ORIENTED_EDGE ( 'NONE', *, *, #5175, .F. ) ;
#6819 = ORIENTED_EDGE ( 'NONE', *, *, #7305, .T. ) ;
#6820 = CARTESIAN_POINT ( 'NONE',  ( -11.46738209570190037, -3.149999999999999911, -2.026314594173330264 ) ) ;
#6821 = DIRECTION ( 'NONE',  ( -1.000000000000000000, 0.000000000000000000, 0.000000000000000000 ) ) ;
#6822 = EDGE_CURVE ( 'NONE', #6168, #3496, #679, .T. ) ;
#6823 = DIRECTION ( 'NONE',  ( 1.000000000000000000, 0.000000000000000000, 0.000000000000000000 ) ) ;
#6824 = EDGE_CURVE ( 'NONE', #5317, #9109, #2912, .T. ) ;
#6825 = CARTESIAN_POINT ( 'NONE',  ( -1.515728071767300067, -3.550000000000000266, 3.500000000000000000 ) ) ;
#6826 = CARTESIAN_POINT ( 'NONE',  ( 0.6273813020673439933, -7.502152352689150483, -3.999996525281999560 ) ) ;
#6827 = ORIENTED_EDGE ( 'NONE', *, *, #831, .F. ) ;
#6828 = EDGE_LOOP ( 'NONE', ( #8128, #799, #5239, #5867 ) ) ;
#6829 = ORIENTED_EDGE ( 'NONE', *, *, #6238, .T. ) ;
#6830 = EDGE_LOOP ( 'NONE', ( #3860, #1290, #5521, #6043, #1621, #7608 ) ) ;
#6831 = LINE ( 'NONE', #9763, #7999 ) ;
#6832 = VECTOR ( 'NONE', #1710, 1000.000000000000000 ) ;
#6833 = FACE_OUTER_BOUND ( 'NONE', #6340, .T. ) ;
#6834 = DIRECTION ( 'NONE',  ( 0.000000000000000000, 0.000000000000000000, 1.000000000000000000 ) ) ;
#6835 = CARTESIAN_POINT ( 'NONE',  ( -4.898978868267030329, -3.149999999999999911, -0.9999902100883649725 ) ) ;
#6836 = DIRECTION ( 'NONE',  ( 6.776263578034400346E-15, 1.000000000000000000, 2.294126247091820443E-15 ) ) ;
#6837 = DIRECTION ( 'NONE',  ( 1.000000000000000000, 0.000000000000000000, 0.000000000000000000 ) ) ;
#6838 = DIRECTION ( 'NONE',  ( 1.000000000000000000, 0.000000000000000000, -3.675261601645779967E-17 ) ) ;
#6839 = LINE ( 'NONE', #5910, #5785 ) ;
#6840 = VERTEX_POINT ( 'NONE', #7469 ) ;
#6841 = ORIENTED_EDGE ( 'NONE', *, *, #2544, .T. ) ;
#6842 = CIRCLE ( 'NONE', #7800, 0.09999999999999997780 ) ;
#6843 = ORIENTED_EDGE ( 'NONE', *, *, #5334, .T. ) ;
#6844 = DIRECTION ( 'NONE',  ( -0.9691953712182477254, 0.000000000000000000, -0.2462931838462509571 ) ) ;
#6845 = CARTESIAN_POINT ( 'NONE',  ( 2.899999999999999911, -4.349999999999999645, 2.825337829024829883 ) ) ;
#6846 = CARTESIAN_POINT ( 'NONE',  ( 8.199999999999999289, -5.000000000000000000, -1.500000000000000222 ) ) ;
#6847 = ADVANCED_FACE ( 'NONE', ( #3008 ), #2628, .F. ) ;
#6848 = LINE ( 'NONE', #4571, #7846 ) ;
#6849 = FACE_OUTER_BOUND ( 'NONE', #5038, .T. ) ;
#6850 = CIRCLE ( 'NONE', #5114, 1.350000000000000533 ) ;
#6851 = LINE ( 'NONE', #115, #4466 ) ;
#6852 = EDGE_CURVE ( 'NONE', #3281, #7574, #3596, .T. ) ;
#6853 = ORIENTED_EDGE ( 'NONE', *, *, #5333, .T. ) ;
#6854 = VERTEX_POINT ( 'NONE', #6773 ) ;
#6855 = LINE ( 'NONE', #7652, #7416 ) ;
#6856 = CARTESIAN_POINT ( 'NONE',  ( -2.081491338952309977, -7.831843087473819409, -3.879805598308909698 ) ) ;
#6857 = CARTESIAN_POINT ( 'NONE',  ( -0.8000000000000000444, -8.900000000000000355, 4.000000000000000000 ) ) ;
#6858 = DIRECTION ( 'NONE',  ( 1.000000000000000000, -1.913297951445009840E-16, -9.343242246769421254E-16 ) ) ;
#6859 = DIRECTION ( 'NONE',  ( 1.365923996832129884E-16, 0.000000000000000000, -1.000000000000000000 ) ) ;
#6860 = EDGE_LOOP ( 'NONE', ( #1357, #3663, #5041, #9762, #1360, #1381, #983 ) ) ;
#6861 = EDGE_LOOP ( 'NONE', ( #4967, #435, #2365, #9551 ) ) ;
#6862 = EDGE_CURVE ( 'NONE', #2448, #4966, #630, .T. ) ;
#6863 = VECTOR ( 'NONE', #1237, 1000.000000000000000 ) ;
#6864 = ORIENTED_EDGE ( 'NONE', *, *, #5009, .F. ) ;
#6865 = CIRCLE ( 'NONE', #7020, 2.000000000000000000 ) ;
#6866 = ORIENTED_EDGE ( 'NONE', *, *, #3536, .F. ) ;
#6867 = CARTESIAN_POINT ( 'NONE',  ( -11.46738209570190037, 4.649999999999999467, -1.976314594173340211 ) ) ;
#6868 = EDGE_CURVE ( 'NONE', #971, #3588, #3637, .T. ) ;
#6869 = CIRCLE ( 'NONE', #3533, 1.749999999999999778 ) ;
#6870 = AXIS2_PLACEMENT_3D ( 'NONE', #3398, #9454, #2705 ) ;
#6871 = AXIS2_PLACEMENT_3D ( 'NONE', #3114, #6138, #3947 ) ;
#6872 = CIRCLE ( 'NONE', #8624, 1.250000000000000222 ) ;
#6873 = CARTESIAN_POINT ( 'NONE',  ( -2.799489434133520138, -4.750000000000000000, -2.500000000000000000 ) ) ;
#6874 = FACE_OUTER_BOUND ( 'NONE', #5966, .T. ) ;
#6875 = FACE_OUTER_BOUND ( 'NONE', #1129, .T. ) ;
#6876 = DIRECTION ( 'NONE',  ( -1.000000000000000000, 0.000000000000000000, 0.000000000000000000 ) ) ;
#6877 = VERTEX_POINT ( 'NONE', #4495 ) ;
#6878 = EDGE_LOOP ( 'NONE', ( #39, #5681, #6210, #4357 ) ) ;
#6879 = ORIENTED_EDGE ( 'NONE', *, *, #6971, .F. ) ;
#6880 = ORIENTED_EDGE ( 'NONE', *, *, #2426, .F. ) ;
#6881 = CIRCLE ( 'NONE', #7037, 0.6500000000000000222 ) ;
#6882 = DIRECTION ( 'NONE',  ( 1.365923996832129884E-16, 0.000000000000000000, -1.000000000000000000 ) ) ;
#6883 = AXIS2_PLACEMENT_3D ( 'NONE', #5226, #6802, #655 ) ;
#6884 = VECTOR ( 'NONE', #229, 1000.000000000000000 ) ;
#6885 = ADVANCED_FACE ( 'NONE', ( #9115 ), #1688, .T. ) ;
#6886 = DIRECTION ( 'NONE',  ( -1.000000000000000000, 0.000000000000000000, 0.000000000000000000 ) ) ;
#6887 = ADVANCED_FACE ( 'NONE', ( #2220 ), #9060, .T. ) ;
#6888 = DIRECTION ( 'NONE',  ( 1.000000000000000000, 5.551115123125729701E-17, 9.387283644590649326E-16 ) ) ;
#6889 = DIRECTION ( 'NONE',  ( -1.000000000000000000, 1.100971166086609954E-15, -9.387283644590639465E-16 ) ) ;
#6890 = CYLINDRICAL_SURFACE ( 'NONE', #3257, 0.6499999999999996891 ) ;
#6891 = CARTESIAN_POINT ( 'NONE',  ( -12.69999999999999929, 7.500000000000000000, -4.000000000000000000 ) ) ;
#6892 = VECTOR ( 'NONE', #8338, 1000.000000000000000 ) ;
#6893 = FACE_BOUND ( 'NONE', #5782, .T. ) ;
#6894 = CARTESIAN_POINT ( 'NONE',  ( 6.750000000000000000, -12.05000000000000071, 0.5500000000000000444 ) ) ;
#6895 = ORIENTED_EDGE ( 'NONE', *, *, #7405, .F. ) ;
#6896 = VERTEX_POINT ( 'NONE', #4444 ) ;
#6897 = LINE ( 'NONE', #110, #9491 ) ;
#6898 = CARTESIAN_POINT ( 'NONE',  ( -4.976607962617061176, 4.749974352881774387, 0.05000000000001009887 ) ) ;
#6899 = CARTESIAN_POINT ( 'NONE',  ( -12.69999999999999929, -4.799999999999999822, -2.500000000000000000 ) ) ;
#6900 = CYLINDRICAL_SURFACE ( 'NONE', #6883, 1.000000000000000000 ) ;
#6901 = PLANE ( 'NONE',  #7881 ) ;
#6902 = DIRECTION ( 'NONE',  ( 0.9878995680665040302, 0.000000000000000000, -0.1550949496728210031 ) ) ;
#6903 = DIRECTION ( 'NONE',  ( 0.000000000000000000, 0.000000000000000000, -1.000000000000000000 ) ) ;
#6904 = VECTOR ( 'NONE', #1435, 1000.000000000000000 ) ;
#6905 = VERTEX_POINT ( 'NONE', #3693 ) ;
#6906 = EDGE_CURVE ( 'NONE', #4323, #1054, #2269, .T. ) ;
#6907 = VERTEX_POINT ( 'NONE', #8322 ) ;
#6908 = EDGE_CURVE ( 'NONE', #3671, #3591, #6673, .T. ) ;
#6909 = CARTESIAN_POINT ( 'NONE',  ( 5.200000000000000178, 8.900000000000000355, -4.000000000000000000 ) ) ;
#6910 = CARTESIAN_POINT ( 'NONE',  ( -2.005895514556249815, -7.988264166245840237, -3.622210364267810068 ) ) ;
#6911 = CARTESIAN_POINT ( 'NONE',  ( -11.46738209570189859, 3.224634620814619712, -2.449999999999999734 ) ) ;
#6912 = DIRECTION ( 'NONE',  ( 0.000000000000000000, 0.000000000000000000, -1.000000000000000000 ) ) ;
#6913 = DIRECTION ( 'NONE',  ( 0.1169059789102828151, 0.000000000000000000, -0.9931429867320357152 ) ) ;
#6914 = EDGE_CURVE ( 'NONE', #2146, #2551, #3410, .T. ) ;
#6915 = DIRECTION ( 'NONE',  ( 1.365923996832129884E-16, 0.000000000000000000, -1.000000000000000000 ) ) ;
#6916 = ORIENTED_EDGE ( 'NONE', *, *, #4378, .F. ) ;
#6917 = ORIENTED_EDGE ( 'NONE', *, *, #709, .T. ) ;
#6918 = VERTEX_POINT ( 'NONE', #6090 ) ;
#6919 = CARTESIAN_POINT ( 'NONE',  ( -11.46423078997079870, 4.750000000000000000, -2.003085655970589851 ) ) ;
#6920 = EDGE_CURVE ( 'NONE', #6450, #4530, #8122, .T. ) ;
#6921 = DIRECTION ( 'NONE',  ( -1.000000000000000000, 0.000000000000000000, -1.365923996832129884E-16 ) ) ;
#6922 = CARTESIAN_POINT ( 'NONE',  ( -12.69999999999999929, -8.000000000000000000, 3.500000000000000000 ) ) ;
#6923 = CARTESIAN_POINT ( 'NONE',  ( -0.6999999999999999556, 3.100000000000000089, -2.449999999999999734 ) ) ;
#6924 = DIRECTION ( 'NONE',  ( 0.000000000000000000, -1.000000000000000000, 0.000000000000000000 ) ) ;
#6925 = VERTEX_POINT ( 'NONE', #6275 ) ;
#6926 = ADVANCED_FACE ( 'NONE', ( #1723 ), #3946, .F. ) ;
#6927 = VERTEX_POINT ( 'NONE', #4592 ) ;
#6928 = VERTEX_POINT ( 'NONE', #3298 ) ;
#6929 = VECTOR ( 'NONE', #1753, 1000.000000000000000 ) ;
#6930 = VERTEX_POINT ( 'NONE', #1680 ) ;
#6931 = FACE_BOUND ( 'NONE', #4574, .T. ) ;
#6932 = APPROVAL_ROLE ( '' ) ;
#6933 = CIRCLE ( 'NONE', #4231, 5.895623928210659948 ) ;
#6934 = CARTESIAN_POINT ( 'NONE',  ( -0.6999999999999999556, 4.799999999999999822, -0.8499999999999999778 ) ) ;
#6935 = CARTESIAN_POINT ( 'NONE',  ( -11.41499140248969901, 4.658889626095859882, -2.449999999999999734 ) ) ;
#6936 = DIRECTION ( 'NONE',  ( 0.9691953712182479475, 0.000000000000000000, 0.2462931838462499856 ) ) ;
#6937 = DIRECTION ( 'NONE',  ( 0.000000000000000000, -1.000000000000000000, 0.000000000000000000 ) ) ;
#6938 = DIRECTION ( 'NONE',  ( 0.000000000000000000, -1.000000000000000000, 0.000000000000000000 ) ) ;
#6939 = DIRECTION ( 'NONE',  ( -9.343242246769421254E-16, -2.262157680088885032E-47, -1.000000000000000000 ) ) ;
#6940 = EDGE_CURVE ( 'NONE', #5390, #6498, #3113, .T. ) ;
#6941 = EDGE_LOOP ( 'NONE', ( #310, #4199, #9170, #8727 ) ) ;
#6942 = EDGE_CURVE ( 'NONE', #7396, #1867, #1575, .T. ) ;
#6943 = VERTEX_POINT ( 'NONE', #2324 ) ;
#6944 = ORIENTED_EDGE ( 'NONE', *, *, #1857, .F. ) ;
#6945 = LINE ( 'NONE', #159, #2678 ) ;
#6946 = DIRECTION ( 'NONE',  ( 1.334402673828309888E-16, 0.000000000000000000, -1.000000000000000000 ) ) ;
#6947 = AXIS2_PLACEMENT_3D ( 'NONE', #8193, #2840, #2098 ) ;
#6948 = LINE ( 'NONE', #1554, #6221 ) ;
#6949 = AXIS2_PLACEMENT_3D ( 'NONE', #4986, #423, #2111 ) ;
#6950 = DIRECTION ( 'NONE',  ( 0.000000000000000000, 1.000000000000000000, 0.000000000000000000 ) ) ;
#6951 = DIRECTION ( 'NONE',  ( -0.9670826766655243878, 0.000000000000000000, 0.2544623675387871486 ) ) ;
#6952 = AXIS2_PLACEMENT_3D ( 'NONE', #6102, #1124, #5354 ) ;
#6953 = CARTESIAN_POINT ( 'NONE',  ( -0.6999999999999999556, -6.200000000000000178, 0.5500000000000000444 ) ) ;
#6954 = DIRECTION ( 'NONE',  ( 2.659480039017769634E-16, -1.110223024625160090E-15, 1.000000000000000000 ) ) ;
#6955 = AXIS2_PLACEMENT_3D ( 'NONE', #7742, #2346, #5363 ) ;
#6956 = ORIENTED_EDGE ( 'NONE', *, *, #2046, .F. ) ;
#6957 = DIRECTION ( 'NONE',  ( -5.748638800407640703E-17, -1.000000000000000000, -9.970989681626198491E-16 ) ) ;
#6958 = DIRECTION ( 'NONE',  ( -1.000000000000000000, -0.000000000000000000, -0.000000000000000000 ) ) ;
#6959 = CIRCLE ( 'NONE', #2685, 2.000000000000000000 ) ;
#6960 = DIRECTION ( 'NONE',  ( 1.365923996832129884E-16, 0.000000000000000000, -1.000000000000000000 ) ) ;
#6961 = DIRECTION ( 'NONE',  ( 2.927845397290890110E-16, 1.000000000000000000, 1.110223024625160090E-15 ) ) ;
#6962 = CARTESIAN_POINT ( 'NONE',  ( 0.000000000000000000, -8.000000000000000000, 0.000000000000000000 ) ) ;
#6963 = DIRECTION ( 'NONE',  ( 1.000000000000000000, 0.000000000000000000, 9.387283644590649326E-16 ) ) ;
#6964 = ORIENTED_EDGE ( 'NONE', *, *, #5808, .F. ) ;
#6965 = ORIENTED_EDGE ( 'NONE', *, *, #4096, .T. ) ;
#6966 = EDGE_LOOP ( 'NONE', ( #3717, #1842, #6620, #7371 ) ) ;
#6967 = EDGE_CURVE ( 'NONE', #5471, #6361, #4742, .T. ) ;
#6968 = PLANE ( 'NONE',  #1355 ) ;
#6969 = VECTOR ( 'NONE', #2104, 1000.000000000000000 ) ;
#6970 = EDGE_CURVE ( 'NONE', #8258, #5619, #5169, .T. ) ;
#6971 = EDGE_CURVE ( 'NONE', #5338, #7824, #4692, .T. ) ;
#6972 = CARTESIAN_POINT ( 'NONE',  ( -12.20000000000000107, 6.150000000000000355, 0.05000000000000440203 ) ) ;
#6973 = CARTESIAN_POINT ( 'NONE',  ( -0.6999999999999999556, 2.299999999999999822, -0.8499999999999999778 ) ) ;
#6974 = DIRECTION ( 'NONE',  ( -1.000000000000000000, 1.913297951445009840E-16, 9.343242246769421254E-16 ) ) ;
#6975 = CARTESIAN_POINT ( 'NONE',  ( -0.6999999999999999556, -3.149999999999999911, -1.903670561864000188 ) ) ;
#6976 = ORIENTED_EDGE ( 'NONE', *, *, #5941, .F. ) ;
#6977 = ORIENTED_EDGE ( 'NONE', *, *, #4566, .T. ) ;
#6978 = ORIENTED_EDGE ( 'NONE', *, *, #2725, .F. ) ;
#6979 = EDGE_CURVE ( 'NONE', #8365, #7270, #3893, .T. ) ;
#6980 = LINE ( 'NONE', #2423, #5458 ) ;
#6981 = COORDINATED_UNIVERSAL_TIME_OFFSET ( 1, 0, .AHEAD. ) ;
#6982 = DIRECTION ( 'NONE',  ( -9.343242246769421254E-16, 2.294126247091830304E-15, -1.000000000000000000 ) ) ;
#6983 = DIRECTION ( 'NONE',  ( -1.000000000000000000, 0.000000000000000000, -1.239088197126290817E-16 ) ) ;
#6984 = CARTESIAN_POINT ( 'NONE',  ( 6.200000000000000178, -6.150000000000000355, 0.5499999999999910516 ) ) ;
#6985 = DIRECTION ( 'NONE',  ( 5.551115123125809819E-17, -1.000000000000000000, -8.725142821606440391E-16 ) ) ;
#6986 = PLANE ( 'NONE',  #5145 ) ;
#6987 = ORIENTED_EDGE ( 'NONE', *, *, #892, .T. ) ;
#6988 = ORIENTED_EDGE ( 'NONE', *, *, #6360, .T. ) ;
#6989 = TOROIDAL_SURFACE ( 'NONE', #3648, 0.7500000000000000000, 0.1000000000000000056 ) ;
#6990 = ADVANCED_FACE ( 'NONE', ( #9259 ), #5343, .T. ) ;
#6991 = VECTOR ( 'NONE', #6732, 1000.000000000000000 ) ;
#6992 = CARTESIAN_POINT ( 'NONE',  ( -4.898978868267030329, 3.149999999999999911, 0.05000000000000860007 ) ) ;
#6993 = EDGE_CURVE ( 'NONE', #8271, #4243, #6137, .T. ) ;
#6994 = CARTESIAN_POINT ( 'NONE',  ( -4.768600664696140967, 3.250000000000000000, -1.214922013198409978 ) ) ;
#6995 = CARTESIAN_POINT ( 'NONE',  ( 0.2999999999999999889, 7.716816038060695604, 3.820085711850306431 ) ) ;
#6996 = FACE_OUTER_BOUND ( 'NONE', #2235, .T. ) ;
#6997 = VECTOR ( 'NONE', #3575, 1000.000000000000000 ) ;
#6998 = DIRECTION ( 'NONE',  ( 0.8160244811016558186, 1.549345671679829611E-15, 0.5780173407803379515 ) ) ;
#6999 = EDGE_CURVE ( 'NONE', #3445, #6678, #3354, .T. ) ;
#7000 = CARTESIAN_POINT ( 'NONE',  ( -0.6999999999999999556, 2.299999999999999822, -0.8499999999999999778 ) ) ;
#7001 = AXIS2_PLACEMENT_3D ( 'NONE', #808, #3819, #7701 ) ;
#7002 = ORIENTED_EDGE ( 'NONE', *, *, #365, .T. ) ;
#7003 = EDGE_LOOP ( 'NONE', ( #6292, #1946, #5068, #5641 ) ) ;
#7004 = FACE_OUTER_BOUND ( 'NONE', #7637, .T. ) ;
#7005 = PLANE ( 'NONE',  #7343 ) ;
#7006 = EDGE_CURVE ( 'NONE', #9651, #8860, #5746, .T. ) ;
#7007 = AXIS2_PLACEMENT_3D ( 'NONE', #2833, #6594, #3472 ) ;
#7008 = EDGE_CURVE ( 'NONE', #287, #3520, #8565, .T. ) ;
#7009 = CARTESIAN_POINT ( 'NONE',  ( -3.662530198512150115, 3.250000000000000000, -0.2412913979897799988 ) ) ;
#7010 = CARTESIAN_POINT ( 'NONE',  ( -2.227833584853240456, -7.501076215300280126, 4.000000000000000000 ) ) ;
#7011 = CARTESIAN_POINT ( 'NONE',  ( -0.6999999999999999556, -2.700000000000000178, -0.8499999999999999778 ) ) ;
#7012 = ORIENTED_EDGE ( 'NONE', *, *, #8702, .F. ) ;
#7013 = VERTEX_POINT ( 'NONE', #827 ) ;
#7014 = ORIENTED_EDGE ( 'NONE', *, *, #8014, .F. ) ;
#7015 = DIRECTION ( 'NONE',  ( 0.000000000000000000, 1.000000000000000000, 0.000000000000000000 ) ) ;
#7016 = DIRECTION ( 'NONE',  ( -1.656580215914899728E-16, 0.000000000000000000, 1.000000000000000000 ) ) ;
#7017 = FACE_OUTER_BOUND ( 'NONE', #8885, .T. ) ;
#7018 = DIRECTION ( 'NONE',  ( 9.387283644590649326E-16, 8.725142821606440391E-16, -1.000000000000000000 ) ) ;
#7019 = CARTESIAN_POINT ( 'NONE',  ( 0.4259102588746839779, -7.947719699464560250, -3.731823336202099828 ) ) ;
#7021 = VERTEX_POINT ( 'NONE', #134 ) ;
#7020 = AXIS2_PLACEMENT_3D ( 'NONE', #8410, #1609, #6214 ) ;
#7022 = ORIENTED_EDGE ( 'NONE', *, *, #9347, .T. ) ;
#7023 = ORIENTED_EDGE ( 'NONE', *, *, #1, .T. ) ;
#7024 = ORIENTED_EDGE ( 'NONE', *, *, #4790, .F. ) ;
#7025 = VECTOR ( 'NONE', #329, 1000.000000000000000 ) ;
#7026 = ORIENTED_EDGE ( 'NONE', *, *, #2895, .T. ) ;
#7027 = DIRECTION ( 'NONE',  ( 1.334402673828309888E-16, 0.000000000000000000, -1.000000000000000000 ) ) ;
#7028 = EDGE_CURVE ( 'NONE', #5142, #7021, #196, .T. ) ;
#7029 = AXIS2_PLACEMENT_3D ( 'NONE', #844, #5550, #6837 ) ;
#7030 = AXIS2_PLACEMENT_3D ( 'NONE', #7384, #4504, #3703 ) ;
#7031 = CARTESIAN_POINT ( 'NONE',  ( -2.299999999999999822, 5.200000000000000178, 3.950000000000000178 ) ) ;
#7032 = LINE ( 'NONE', #3959, #7861 ) ;
#7033 = DIRECTION ( 'NONE',  ( 9.343242246769421254E-16, -2.294126247091830304E-15, 1.000000000000000000 ) ) ;
#7034 = EDGE_CURVE ( 'NONE', #8093, #8649, #3203, .T. ) ;
#7035 = DIRECTION ( 'NONE',  ( -1.000000000000000000, -9.149931283457318678E-17, 3.128579780658979875E-16 ) ) ;
#7036 = ORIENTED_EDGE ( 'NONE', *, *, #3914, .T. ) ;
#7037 = AXIS2_PLACEMENT_3D ( 'NONE', #2804, #7313, #4390 ) ;
#7038 = VERTEX_POINT ( 'NONE', #8420 ) ;
#7039 = ORIENTED_EDGE ( 'NONE', *, *, #1725, .T. ) ;
#7040 = AXIS2_PLACEMENT_3D ( 'NONE', #8912, #8120, #6772 ) ;
#7041 = DIRECTION ( 'NONE',  ( 0.000000000000000000, 1.000000000000000000, 0.000000000000000000 ) ) ;
#7042 = CARTESIAN_POINT ( 'NONE',  ( -3.950000000000000178, 3.950000000000000178, 4.000000000000000000 ) ) ;
#7043 = CARTESIAN_POINT ( 'NONE',  ( 0.3000000000000001554, 7.793523433047997884, 3.739644306786902739 ) ) ;
#7044 = CIRCLE ( 'NONE', #7519, 1.749999999999999778 ) ;
#7045 = DIRECTION ( 'NONE',  ( 0.000000000000000000, -1.000000000000000000, 0.000000000000000000 ) ) ;
#7046 = CARTESIAN_POINT ( 'NONE',  ( -6.359745509654959328, 3.191421356237309492, -1.855327628688660857 ) ) ;
#7047 = EDGE_CURVE ( 'NONE', #346, #2518, #1625, .T. ) ;
#7048 = CARTESIAN_POINT ( 'NONE',  ( 3.299999999999999822, -3.950000000000000178, 0.04999999999999450023 ) ) ;
#7049 = DIRECTION ( 'NONE',  ( -1.000000000000000000, 0.000000000000000000, 0.000000000000000000 ) ) ;
#7050 = EDGE_CURVE ( 'NONE', #2776, #9470, #1771, .T. ) ;
#7051 = CIRCLE ( 'NONE', #2782, 0.6999999999999999556 ) ;
#7052 = ORIENTED_EDGE ( 'NONE', *, *, #2556, .T. ) ;
#7053 = VERTEX_POINT ( 'NONE', #278 ) ;
#7054 = EDGE_LOOP ( 'NONE', ( #1089, #1197, #2224, #3428 ) ) ;
#7055 = DIRECTION ( 'NONE',  ( -0.5780173407803390617, -5.013501252866700501E-15, 0.8160244811016550415 ) ) ;
#7056 = CARTESIAN_POINT ( 'NONE',  ( 0.7721664151459050052, 7.501076215298229322, -4.000000000000000000 ) ) ;
#7057 = DIRECTION ( 'NONE',  ( -1.000000000000000000, 0.000000000000000000, 0.000000000000000000 ) ) ;
#7058 = CARTESIAN_POINT ( 'NONE',  ( -7.900000000000000355, 4.286263797015740046E-16, -10.00000000000000000 ) ) ;
#7059 = CARTESIAN_POINT ( 'NONE',  ( 11.00000000000000000, 6.200000000000000178, 1.350000000000030065 ) ) ;
#7060 = CIRCLE ( 'NONE', #5161, 1.700000000000000178 ) ;
#7062 = ORIENTED_EDGE ( 'NONE', *, *, #9695, .T. ) ;
#7061 = EDGE_CURVE ( 'NONE', #6032, #963, #1082, .T. ) ;
#7063 = ADVANCED_FACE ( 'NONE', ( #8064 ), #6368, .F. ) ;
#7064 = ORIENTED_EDGE ( 'NONE', *, *, #9069, .F. ) ;
#7065 = VERTEX_POINT ( 'NONE', #2017 ) ;
#7066 = CARTESIAN_POINT ( 'NONE',  ( 1.066473988439310183, -3.950000000000000178, -2.067919075144499796 ) ) ;
#7067 = DIRECTION ( 'NONE',  ( -2.659480039017769634E-16, 1.110223024625160090E-15, -1.000000000000000000 ) ) ;
#7068 = DIRECTION ( 'NONE',  ( 1.000000000000000000, 0.000000000000000000, 0.000000000000000000 ) ) ;
#7069 = CARTESIAN_POINT ( 'NONE',  ( -12.20000000000000107, 1.750000000000000000, 0.05000000000000000278 ) ) ;
#7070 = CARTESIAN_POINT ( 'NONE',  ( 1.000000000000000000, -8.000000000000000000, -46.00000000000000000 ) ) ;
#7071 = ORIENTED_EDGE ( 'NONE', *, *, #2046, .T. ) ;
#7072 = VERTEX_POINT ( 'NONE', #5636 ) ;
#7073 = ORIENTED_EDGE ( 'NONE', *, *, #5595, .F. ) ;
#7074 = VERTEX_POINT ( 'NONE', #4094 ) ;
#7075 = ORIENTED_EDGE ( 'NONE', *, *, #8802, .T. ) ;
#7076 = FACE_BOUND ( 'NONE', #2192, .T. ) ;
#7077 = LINE ( 'NONE', #247, #7213 ) ;
#7078 = CARTESIAN_POINT ( 'NONE',  ( 1.000000000000000000, -8.000000000000000000, -3.558691488137309733 ) ) ;
#7079 = AXIS2_PLACEMENT_3D ( 'NONE', #5411, #959, #7795 ) ;
#7080 = DIRECTION ( 'NONE',  ( 0.000000000000000000, -1.000000000000000000, 0.000000000000000000 ) ) ;
#7081 = CARTESIAN_POINT ( 'NONE',  ( 0.2999999999999999889, 12.00000000000000000, 4.000000000000000000 ) ) ;
#7082 = EDGE_CURVE ( 'NONE', #9120, #7392, #5264, .T. ) ;
#7083 = ORIENTED_EDGE ( 'NONE', *, *, #665, .T. ) ;
#7084 = EDGE_LOOP ( 'NONE', ( #9194, #3964, #2561 ) ) ;
#7085 = ORIENTED_EDGE ( 'NONE', *, *, #2891, .F. ) ;
#7086 = AXIS2_PLACEMENT_3D ( 'NONE', #8553, #1760, #7103 ) ;
#7087 = CARTESIAN_POINT ( 'NONE',  ( -12.69999999999999929, 7.500000000000000000, -3.500000000000000000 ) ) ;
#7088 = ADVANCED_FACE ( 'NONE', ( #3535, #3397 ), #9401, .F. ) ;
#7089 = DIRECTION ( 'NONE',  ( 0.5780173407803390617, 0.000000000000000000, -0.8160244811016550415 ) ) ;
#7090 = DIRECTION ( 'NONE',  ( 0.000000000000000000, 1.000000000000000000, 0.000000000000000000 ) ) ;
#7091 = CARTESIAN_POINT ( 'NONE',  ( 1.050000000000000044, -11.90000000000000036, 1.350000000000000089 ) ) ;
#7092 = DIRECTION ( 'NONE',  ( 0.9670826766655239437, 0.000000000000000000, -0.2544623675387890360 ) ) ;
#7093 = VECTOR ( 'NONE', #3031, 1000.000000000000000 ) ;
#7094 = CARTESIAN_POINT ( 'NONE',  ( -2.700000000000000178, 3.950000000000000178, 3.950000000000000178 ) ) ;
#7095 = EDGE_CURVE ( 'NONE', #169, #971, #7312, .T. ) ;
#7096 = EDGE_CURVE ( 'NONE', #3901, #1098, #6363, .T. ) ;
#7097 = CARTESIAN_POINT ( 'NONE',  ( -11.41162309946109943, 3.250000000000000000, -2.449999999999999734 ) ) ;
#7098 = ORIENTED_EDGE ( 'NONE', *, *, #6609, .T. ) ;
#7099 = VERTEX_POINT ( 'NONE', #1125 ) ;
#7100 = CARTESIAN_POINT ( 'NONE',  ( 0.3000000000000000444, -7.521148858222282740, 3.942106624195280240 ) ) ;
#7101 = EDGE_CURVE ( 'NONE', #6014, #1818, #2704, .T. ) ;
#7102 = CARTESIAN_POINT ( 'NONE',  ( -2.700000000000000178, 3.950000000000000178, 3.950000000000000178 ) ) ;
#7103 = DIRECTION ( 'NONE',  ( -0.5780173407803390617, 0.000000000000000000, 0.8160244811016550415 ) ) ;
#7104 = PRODUCT_DEFINITION ( 'UNKNOWN', '', #4928, #2536 ) ;
#7105 = LINE ( 'NONE', #317, #8319 ) ;
#7106 = CARTESIAN_POINT ( 'NONE',  ( 7.000000000000000000, -6.339637028918160055, 0.5500000000000120348 ) ) ;
#7107 = AXIS2_PLACEMENT_3D ( 'NONE', #2802, #4935, #7960 ) ;
#7108 = ORIENTED_EDGE ( 'NONE', *, *, #8689, .T. ) ;
#7109 = CIRCLE ( 'NONE', #2844, 0.1000000000000003109 ) ;
#7110 = VERTEX_POINT ( 'NONE', #7162 ) ;
#7111 = ORIENTED_EDGE ( 'NONE', *, *, #5364, .T. ) ;
#7112 = CARTESIAN_POINT ( 'NONE',  ( -2.700000000000000178, -3.950000000000000178, 3.950000000000000178 ) ) ;
#7113 = EDGE_LOOP ( 'NONE', ( #3857, #9303, #5690, #5640 ) ) ;
#7114 = ADVANCED_FACE ( 'NONE', ( #3491 ), #8021, .F. ) ;
#7115 = FACE_BOUND ( 'NONE', #4907, .T. ) ;
#7116 = DIRECTION ( 'NONE',  ( 1.464973975462420099E-15, 1.000000000000000000, 9.970989681626198491E-16 ) ) ;
#7117 = CARTESIAN_POINT ( 'NONE',  ( 6.200000000000000178, -1.699999999999999956, 1.350000000000000089 ) ) ;
#7118 = ORIENTED_EDGE ( 'NONE', *, *, #9320, .F. ) ;
#7119 = VERTEX_POINT ( 'NONE', #8757 ) ;
#7120 = ORIENTED_EDGE ( 'NONE', *, *, #1017, .T. ) ;
#7121 = ORIENTED_EDGE ( 'NONE', *, *, #8313, .F. ) ;
#7122 = AXIS2_PLACEMENT_3D ( 'NONE', #9492, #6606, #2695 ) ;
#7123 = ORIENTED_EDGE ( 'NONE', *, *, #1364, .F. ) ;
#7124 = CARTESIAN_POINT ( 'NONE',  ( -11.46738209570190037, 3.250000000000000000, -1.976314594173340211 ) ) ;
#7125 = DATE_AND_TIME ( #6189, #6355 ) ;
#7126 = EDGE_CURVE ( 'NONE', #6918, #7396, #9453, .T. ) ;
#7127 = EDGE_CURVE ( 'NONE', #6720, #8298, #7914, .T. ) ;
#7128 = CARTESIAN_POINT ( 'NONE',  ( 4.474246853664577195, -3.950000000000015277, 2.743054381644103312 ) ) ;
#7129 = CARTESIAN_POINT ( 'NONE',  ( 4.792481155659919168, 1.699999999999999956, -6.505213034913029562E-16 ) ) ;
#7130 = LINE ( 'NONE', #6290, #1001 ) ;
#7131 = DIRECTION ( 'NONE',  ( 1.000000000000000000, 0.000000000000000000, 0.000000000000000000 ) ) ;
#7132 = ORIENTED_EDGE ( 'NONE', *, *, #3478, .T. ) ;
#7133 = ORIENTED_EDGE ( 'NONE', *, *, #8377, .F. ) ;
#7134 = EDGE_LOOP ( 'NONE', ( #1096, #3715, #2047, #5404 ) ) ;
#7135 = DIRECTION ( 'NONE',  ( -1.000000000000000000, 0.000000000000000000, 3.675261601645779967E-17 ) ) ;
#7136 = DIRECTION ( 'NONE',  ( 0.000000000000000000, -1.000000000000000000, 0.000000000000000000 ) ) ;
#7137 = LINE ( 'NONE', #352, #7788 ) ;
#7138 = CARTESIAN_POINT ( 'NONE',  ( -2.700000000000000178, -3.950000000000000178, 3.500000000000000000 ) ) ;
#7139 = LINE ( 'NONE', #2633, #124 ) ;
#7140 = CARTESIAN_POINT ( 'NONE',  ( 5.533526011560690350, -3.950000000000000178, -2.067919075144499796 ) ) ;
#7141 = CARTESIAN_POINT ( 'NONE',  ( -6.359745509654959328, -3.191421356237309492, -1.905327628688651354 ) ) ;
#7142 = VECTOR ( 'NONE', #5160, 1000.000000000000000 ) ;
#7143 = AXIS2_PLACEMENT_3D ( 'NONE', #780, #1481, #8223 ) ;
#7144 = VERTEX_POINT ( 'NONE', #1172 ) ;
#7145 = ORIENTED_EDGE ( 'NONE', *, *, #3726, .T. ) ;
#7146 = ORIENTED_EDGE ( 'NONE', *, *, #6367, .F. ) ;
#7147 = CARTESIAN_POINT ( 'NONE',  ( -0.6999999999999999556, 4.799999999999999822, -0.8499999999999999778 ) ) ;
#7148 = CARTESIAN_POINT ( 'NONE',  ( 11.00000000000000000, -5.596261355944090354, 1.350000000000020073 ) ) ;
#7149 = TOROIDAL_SURFACE ( 'NONE', #817, 2.000000000000000000, 0.5000000000000000000 ) ;
#7150 = EDGE_CURVE ( 'NONE', #7270, #4371, #4193, .T. ) ;
#7151 = EDGE_CURVE ( 'NONE', #4689, #6382, #375, .T. ) ;
#7152 = PLANE ( 'NONE',  #3140 ) ;
#7153 = DIRECTION ( 'NONE',  ( 1.000000000000000000, -5.551115123125779621E-17, -3.128579780658979875E-16 ) ) ;
#7154 = ADVANCED_FACE ( 'NONE', ( #4236 ), #7260, .T. ) ;
#7155 = EDGE_LOOP ( 'NONE', ( #9019, #5844 ) ) ;
#7156 = ORIENTED_EDGE ( 'NONE', *, *, #128, .F. ) ;
#7157 = CIRCLE ( 'NONE', #1153, 0.5000000000000000000 ) ;
#7158 = CARTESIAN_POINT ( 'NONE',  ( -6.359745509654959328, 4.774999999999999467, -2.449999999999999734 ) ) ;
#7159 = DIRECTION ( 'NONE',  ( -0.9670826766655241657, 0.000000000000000000, 0.2544623675387880923 ) ) ;
#7160 = ORIENTED_EDGE ( 'NONE', *, *, #9770, .T. ) ;
#7161 = FACE_OUTER_BOUND ( 'NONE', #647, .T. ) ;
#7162 = CARTESIAN_POINT ( 'NONE',  ( 5.000000000000000000, -3.950000000000000178, -2.600000000000000089 ) ) ;
#7163 = FACE_OUTER_BOUND ( 'NONE', #4796, .T. ) ;
#7164 = AXIS2_PLACEMENT_3D ( 'NONE', #1840, #6243, #3172 ) ;
#7165 = ADVANCED_FACE ( 'NONE', ( #7216 ), #424, .T. ) ;
#7166 = CARTESIAN_POINT ( 'NONE',  ( -3.100000000000000089, 2.765728071767299845, 3.500000000000000000 ) ) ;
#7167 = ORIENTED_EDGE ( 'NONE', *, *, #3656, .F. ) ;
#7168 = ORIENTED_EDGE ( 'NONE', *, *, #6479, .F. ) ;
#7169 = ORIENTED_EDGE ( 'NONE', *, *, #4510, .F. ) ;
#7170 = ORIENTED_EDGE ( 'NONE', *, *, #7095, .T. ) ;
#7171 = VECTOR ( 'NONE', #2648, 1000.000000000000000 ) ;
#7172 = ADVANCED_FACE ( 'NONE', ( #7870, #2753 ), #5585, .F. ) ;
#7173 = ORIENTED_EDGE ( 'NONE', *, *, #3244, .F. ) ;
#7174 = DIRECTION ( 'NONE',  ( -1.656580215914899728E-16, 0.000000000000000000, 1.000000000000000000 ) ) ;
#7175 = CARTESIAN_POINT ( 'NONE',  ( -11.46738209570190037, -3.250000000000000000, -2.026314594173330264 ) ) ;
#7176 = DIRECTION ( 'NONE',  ( -0.9931429867320367144, 0.000000000000000000, -0.1169059789102749741 ) ) ;
#7177 = LINE ( 'NONE', #7277, #1159 ) ;
#7178 = CARTESIAN_POINT ( 'NONE',  ( -4.402064153926899870, -4.750000000000000000, -1.322466285438819833 ) ) ;
#7179 = ORIENTED_EDGE ( 'NONE', *, *, #8434, .F. ) ;
#7180 = EDGE_LOOP ( 'NONE', ( #9607, #1471, #9483, #8172 ) ) ;
#7181 = EDGE_CURVE ( 'NONE', #1453, #9029, #6851, .T. ) ;
#7182 = EDGE_CURVE ( 'NONE', #4997, #1645, #1466, .T. ) ;
#7183 = VECTOR ( 'NONE', #8339, 999.9999999999998863 ) ;
#7184 = CARTESIAN_POINT ( 'NONE',  ( -11.45385763461839801, -3.224634620814659680, -2.499999999999999556 ) ) ;
#7185 = VECTOR ( 'NONE', #4627, 1000.000000000000000 ) ;
#7186 = AXIS2_PLACEMENT_3D ( 'NONE', #4848, #4097, #2560 ) ;
#7187 = CARTESIAN_POINT ( 'NONE',  ( -4.635857748931030642, 3.155967451053700135, 0.05000000000000909967 ) ) ;
#7188 = CARTESIAN_POINT ( 'NONE',  ( 6.400000000000000355, -8.000000000000000000, 0.000000000000000000 ) ) ;
#7189 = DIRECTION ( 'NONE',  ( 1.741690236924499901E-16, 0.000000000000000000, -1.000000000000000000 ) ) ;
#7190 = VECTOR ( 'NONE', #355, 1000.000000000000000 ) ;
#7191 = DIRECTION ( 'NONE',  ( 1.000000000000000000, 0.000000000000000000, 0.000000000000000000 ) ) ;
#7192 = VECTOR ( 'NONE', #7470, 1000.000000000000000 ) ;
#7193 = CARTESIAN_POINT ( 'NONE',  ( -5.430110566984439835, 5.450000000000000178, 0.05000000000001059847 ) ) ;
#7194 = LINE ( 'NONE', #1853, #8004 ) ;
#7195 = AXIS2_PLACEMENT_3D ( 'NONE', #6145, #4752, #5547 ) ;
#7196 = VERTEX_POINT ( 'NONE', #9144 ) ;
#7197 = VERTEX_POINT ( 'NONE', #59 ) ;
#7198 = ORIENTED_EDGE ( 'NONE', *, *, #1487, .F. ) ;
#7199 = DIRECTION ( 'NONE',  ( 0.000000000000000000, 0.000000000000000000, -1.000000000000000000 ) ) ;
#7200 = AXIS2_PLACEMENT_3D ( 'NONE', #1555, #2351, #7494 ) ;
#7201 = AXIS2_PLACEMENT_3D ( 'NONE', #2414, #3249, #7718 ) ;
#7202 = CARTESIAN_POINT ( 'NONE',  ( -2.700000000000000178, -3.950000000000000178, 3.950000000000000178 ) ) ;
#7203 = LINE ( 'NONE', #416, #3093 ) ;
#7204 = PLANE ( 'NONE',  #5707 ) ;
#7205 = CIRCLE ( 'NONE', #9122, 1.500000000000000000 ) ;
#7206 = EDGE_CURVE ( 'NONE', #1212, #1166, #1507, .T. ) ;
#7207 = EDGE_CURVE ( 'NONE', #936, #346, #7548, .T. ) ;
#7208 = VERTEX_POINT ( 'NONE', #6121 ) ;
#7209 = LINE ( 'NONE', #3672, #366 ) ;
#7210 = CARTESIAN_POINT ( 'NONE',  ( 3.299999999999999822, 3.950000000000000178, -2.600000000000000089 ) ) ;
#7211 = ORIENTED_EDGE ( 'NONE', *, *, #831, .T. ) ;
#7212 = ADVANCED_FACE ( 'NONE', ( #2246 ), #3585, .T. ) ;
#7213 = VECTOR ( 'NONE', #8488, 1000.000000000000000 ) ;
#7214 = FACE_OUTER_BOUND ( 'NONE', #5765, .T. ) ;
#7215 = DIRECTION ( 'NONE',  ( -1.656580215914899728E-16, 0.000000000000000000, 1.000000000000000000 ) ) ;
#7216 = FACE_OUTER_BOUND ( 'NONE', #6371, .T. ) ;
#7217 = CARTESIAN_POINT ( 'NONE',  ( -2.228285685708569552, 7.500000000000000000, -4.000000000000000000 ) ) ;
#7218 = CARTESIAN_POINT ( 'NONE',  ( -0.8000000000000000444, 8.900000000000000355, -3.500000000000000000 ) ) ;
#7219 = ORIENTED_EDGE ( 'NONE', *, *, #6618, .T. ) ;
#7220 = ORIENTED_EDGE ( 'NONE', *, *, #4662, .F. ) ;
#7221 = ORIENTED_EDGE ( 'NONE', *, *, #2805, .T. ) ;
#7222 = VERTEX_POINT ( 'NONE', #5369 ) ;
#7223 = ORIENTED_EDGE ( 'NONE', *, *, #6483, .T. ) ;
#7224 = FACE_OUTER_BOUND ( 'NONE', #9799, .T. ) ;
#7225 = ORIENTED_EDGE ( 'NONE', *, *, #3990, .F. ) ;
#7226 = EDGE_CURVE ( 'NONE', #9677, #5939, #8901, .T. ) ;
#7227 = DIRECTION ( 'NONE',  ( -1.656580215914899728E-16, 0.000000000000000000, 1.000000000000000000 ) ) ;
#7228 = CARTESIAN_POINT ( 'NONE',  ( 3.299999999999999822, 4.349999999999999645, 1.649999999999999911 ) ) ;
#7229 = DIRECTION ( 'NONE',  ( 1.000000000000000000, 0.000000000000000000, 0.000000000000000000 ) ) ;
#7230 = DIRECTION ( 'NONE',  ( 1.000000000000000000, 0.000000000000000000, 0.000000000000000000 ) ) ;
#7231 = ORIENTED_EDGE ( 'NONE', *, *, #1135, .F. ) ;
#7232 = ORIENTED_EDGE ( 'NONE', *, *, #4611, .F. ) ;
#7233 = FACE_OUTER_BOUND ( 'NONE', #8570, .T. ) ;
#7234 = CARTESIAN_POINT ( 'NONE',  ( -5.145272052113280203, -4.649999999999999467, -0.03079483887012009896 ) ) ;
#7235 = CARTESIAN_POINT ( 'NONE',  ( -4.898978868267030329, -3.250000000000000000, -0.9999902100883649725 ) ) ;
#7236 = ADVANCED_FACE ( 'NONE', ( #2854 ), #6165, .F. ) ;
#7237 = LINE ( 'NONE', #4313, #1839 ) ;
#7238 = DIRECTION ( 'NONE',  ( 0.9670826766655241657, 0.000000000000000000, -0.2544623675387880923 ) ) ;
#7239 = EDGE_CURVE ( 'NONE', #2420, #6461, #8402, .T. ) ;
#7240 = APPLICATION_CONTEXT ( 'configuration controlled 3d designs of mechanical parts and assemblies' ) ;
#7241 = CARTESIAN_POINT ( 'NONE',  ( 3.994811828547700117, -7.989681027852250317, -3.616495914491439923 ) ) ;
#7242 = DIRECTION ( 'NONE',  ( 1.000000000000000000, 0.000000000000000000, -3.675261601645779967E-17 ) ) ;
#7243 = VECTOR ( 'NONE', #6767, 1000.000000000000000 ) ;
#7244 = ORIENTED_EDGE ( 'NONE', *, *, #2625, .F. ) ;
#7245 = EDGE_LOOP ( 'NONE', ( #7785, #1143, #4374, #6544 ) ) ;
#7246 = EDGE_LOOP ( 'NONE', ( #5632, #7811, #3435, #2011 ) ) ;
#7247 = CARTESIAN_POINT ( 'NONE',  ( 12.69999999999999929, -8.000000000000000000, -3.500000000000000000 ) ) ;
#7248 = CARTESIAN_POINT ( 'NONE',  ( 3.700000000000000178, -5.116394465975020012, 2.731968657847110293 ) ) ;
#7249 = VECTOR ( 'NONE', #8242, 1000.000000000000000 ) ;
#7250 = ADVANCED_FACE ( 'NONE', ( #9190 ), #5413, .F. ) ;
#7251 = CYLINDRICAL_SURFACE ( 'NONE', #1509, 0.1000000000000003109 ) ;
#7252 = DIRECTION ( 'NONE',  ( 0.000000000000000000, 0.000000000000000000, -1.000000000000000000 ) ) ;
#7253 = ORIENTED_EDGE ( 'NONE', *, *, #3154, .F. ) ;
#7254 = VERTEX_POINT ( 'NONE', #4338 ) ;
#7255 = CARTESIAN_POINT ( 'NONE',  ( -11.47402114982909893, 3.250000000000000000, -1.950189061875239993 ) ) ;
#7256 = CARTESIAN_POINT ( 'NONE',  ( 3.700000000000000178, -2.700000000000000178, 1.649999999999999911 ) ) ;
#7257 = CARTESIAN_POINT ( 'NONE',  ( 2.210275264114839988, 1.699999999999999956, 1.350000000000000089 ) ) ;
#7258 = CIRCLE ( 'NONE', #2987, 0.4769558987526489324 ) ;
#7259 = CIRCLE ( 'NONE', #9346, 0.1000000000000003109 ) ;
#7260 = PLANE ( 'NONE',  #5740 ) ;
#7261 = CARTESIAN_POINT ( 'NONE',  ( -4.898978868267030329, 3.250000000000000000, -0.9499902100883750311 ) ) ;
#7262 = AXIS2_PLACEMENT_3D ( 'NONE', #9073, #4457, #6783 ) ;
#7263 = CARTESIAN_POINT ( 'NONE',  ( -12.69999999999999929, 2.299999999999999822, 0.000000000000000000 ) ) ;
#7264 = ORIENTED_EDGE ( 'NONE', *, *, #5044, .F. ) ;
#7265 = EDGE_LOOP ( 'NONE', ( #1390, #1109, #3427, #2079 ) ) ;
#7266 = ORIENTED_EDGE ( 'NONE', *, *, #9770, .F. ) ;
#7267 = CIRCLE ( 'NONE', #6955, 1.300000000000000711 ) ;
#7268 = ADVANCED_FACE ( 'NONE', ( #1604 ), #8352, .F. ) ;
#7269 = EDGE_LOOP ( 'NONE', ( #8189, #6747, #6142, #1132, #3976, #2189 ) ) ;
#7270 = VERTEX_POINT ( 'NONE', #4621 ) ;
#7271 = VERTEX_POINT ( 'NONE', #856 ) ;
#7272 = AXIS2_PLACEMENT_3D ( 'NONE', #4583, #8305, #7604 ) ;
#7273 = EDGE_CURVE ( 'NONE', #5591, #5126, #6842, .T. ) ;
#7274 = EDGE_CURVE ( 'NONE', #3426, #4168, #574, .T. ) ;
#7275 = LINE ( 'NONE', #485, #9755 ) ;
#7276 = DIRECTION ( 'NONE',  ( 1.000000000000000000, 0.000000000000000000, 1.365923996832129884E-16 ) ) ;
#7277 = CARTESIAN_POINT ( 'NONE',  ( -12.69999999999999929, -1.699999999999999956, 0.5500000000000000444 ) ) ;
#7278 = DIRECTION ( 'NONE',  ( -0.9691953712182476144, 0.000000000000000000, -0.2462931838462509293 ) ) ;
#7279 = VECTOR ( 'NONE', #1614, 1000.000000000000000 ) ;
#7280 = VERTEX_POINT ( 'NONE', #5324 ) ;
#7281 = EDGE_CURVE ( 'NONE', #1358, #3589, #3200, .T. ) ;
#7282 = ORIENTED_EDGE ( 'NONE', *, *, #6006, .F. ) ;
#7283 = ADVANCED_FACE ( 'NONE', ( #1654 ), #8450, .T. ) ;
#7284 = CARTESIAN_POINT ( 'NONE',  ( -11.43779095291030146, -3.226926704459180062, -2.500000000000000000 ) ) ;
#7285 = DIRECTION ( 'NONE',  ( 0.7071067811865470176, 0.7071067811865480168, 4.838314440631900573E-16 ) ) ;
#7286 = FACE_OUTER_BOUND ( 'NONE', #8246, .T. ) ;
#7287 = DIRECTION ( 'NONE',  ( 0.000000000000000000, 1.000000000000000000, 0.000000000000000000 ) ) ;
#7288 = LINE ( 'NONE', #9478, #754 ) ;
#7289 = CARTESIAN_POINT ( 'NONE',  ( 3.802666134661869979, -7.573611609617589835, -3.999535118193099592 ) ) ;
#7290 = DIRECTION ( 'NONE',  ( -2.005404828807244998E-16, 1.000000000000000000, 2.272792139314877862E-15 ) ) ;
#7291 = ORIENTED_EDGE ( 'NONE', *, *, #9219, .F. ) ;
#7292 = EDGE_CURVE ( 'NONE', #8559, #3027, #9599, .T. ) ;
#7293 = ORIENTED_EDGE ( 'NONE', *, *, #7515, .F. ) ;
#7294 = ORIENTED_EDGE ( 'NONE', *, *, #5096, .T. ) ;
#7295 = EDGE_LOOP ( 'NONE', ( #1278, #9203, #2320, #3727 ) ) ;
#7296 = EDGE_CURVE ( 'NONE', #9627, #5168, #9384, .T. ) ;
#7297 = CARTESIAN_POINT ( 'NONE',  ( -4.768600664696140967, -3.250000000000000000, -1.264922013198400252 ) ) ;
#7298 = PERSON ( 'UNSPECIFIED', 'UNSPECIFIED', 'UNSPECIFIED', ('UNSPECIFIED'), ('UNSPECIFIED'), ('UNSPECIFIED') ) ;
#7299 = DIRECTION ( 'NONE',  ( 1.734723475976839881E-16, 0.000000000000000000, -1.000000000000000000 ) ) ;
#7300 = LINE ( 'NONE', #2053, #9113 ) ;
#7301 = CARTESIAN_POINT ( 'NONE',  ( 5.785374374473379433, -0.7071067811865500152, -6.505213034913029562E-16 ) ) ;
#7302 = ORIENTED_EDGE ( 'NONE', *, *, #4688, .F. ) ;
#7303 = ORIENTED_EDGE ( 'NONE', *, *, #6431, .F. ) ;
#7304 = CC_DESIGN_APPROVAL ( #9775, ( #7104 ) ) ;
#7305 = EDGE_CURVE ( 'NONE', #1879, #7013, #4915, .T. ) ;
#7306 = EDGE_CURVE ( 'NONE', #8533, #5143, #8432, .T. ) ;
#7307 = DIRECTION ( 'NONE',  ( 0.9670826766655241657, 0.000000000000000000, -0.2544623675387880923 ) ) ;
#7308 = DIRECTION ( 'NONE',  ( 1.000000000000000000, 0.000000000000000000, 1.776356839400249824E-16 ) ) ;
#7309 = CIRCLE ( 'NONE', #4932, 1.500000000000000000 ) ;
#7310 = CARTESIAN_POINT ( 'NONE',  ( -0.6999999999999999556, -3.100000000000000089, -0.8499999999999999778 ) ) ;
#7311 = CARTESIAN_POINT ( 'NONE',  ( -11.46738209570190037, 3.149999999999999911, -2.103270492925989110 ) ) ;
#7312 = LINE ( 'NONE', #8612, #7639 ) ;
#7313 = DIRECTION ( 'NONE',  ( 0.000000000000000000, -1.000000000000000000, 0.000000000000000000 ) ) ;
#7314 = CIRCLE ( 'NONE', #8592, 0.1000000000000003109 ) ;
#7315 = DIRECTION ( 'NONE',  ( -9.343242246769421254E-16, 2.294126247091830304E-15, -1.000000000000000000 ) ) ;
#7316 = EDGE_LOOP ( 'NONE', ( #3916, #4748, #5179, #5249 ) ) ;
#7317 = ORIENTED_EDGE ( 'NONE', *, *, #5975, .F. ) ;
#7318 = ORIENTED_EDGE ( 'NONE', *, *, #4787, .T. ) ;
#7319 = AXIS2_PLACEMENT_3D ( 'NONE', #8295, #2803, #1325 ) ;
#7320 = ORIENTED_EDGE ( 'NONE', *, *, #6441, .T. ) ;
#7321 = ORIENTED_EDGE ( 'NONE', *, *, #7369, .F. ) ;
#7322 = DIRECTION ( 'NONE',  ( 0.000000000000000000, -1.000000000000000000, 0.000000000000000000 ) ) ;
#7323 = AXIS2_PLACEMENT_3D ( 'NONE', #747, #6688, #8340 ) ;
#7324 = DIRECTION ( 'NONE',  ( 0.000000000000000000, -1.000000000000000000, 0.000000000000000000 ) ) ;
#7325 = CARTESIAN_POINT ( 'NONE',  ( -4.768600664696140967, 3.149999999999999911, -1.214922013198409978 ) ) ;
#7326 = DIRECTION ( 'NONE',  ( -0.2544623675387880923, 0.000000000000000000, -0.9670826766655241657 ) ) ;
#7327 = DIRECTION ( 'NONE',  ( -1.000000000000000000, 0.000000000000000000, 0.000000000000000000 ) ) ;
#7328 = ORIENTED_EDGE ( 'NONE', *, *, #8582, .F. ) ;
#7330 = EDGE_CURVE ( 'NONE', #2699, #5703, #4785, .T. ) ;
#7329 = ORIENTED_EDGE ( 'NONE', *, *, #5798, .T. ) ;
#7331 = EDGE_CURVE ( 'NONE', #8026, #6281, #8501, .T. ) ;
#7332 = CARTESIAN_POINT ( 'NONE',  ( -11.41162309946119890, -3.248415947012090133, -2.500000000000000000 ) ) ;
#7333 = DIRECTION ( 'NONE',  ( 0.000000000000000000, -1.000000000000000000, 0.000000000000000000 ) ) ;
#7334 = FACE_OUTER_BOUND ( 'NONE', #3912, .T. ) ;
#7335 = EDGE_CURVE ( 'NONE', #7622, #1790, #2444, .T. ) ;
#7336 = DIRECTION ( 'NONE',  ( 0.000000000000000000, 1.000000000000000000, 0.000000000000000000 ) ) ;
#7337 = CARTESIAN_POINT ( 'NONE',  ( -11.41348968288690102, 3.243157893699139649, -2.449999999999999734 ) ) ;
#7338 = DIRECTION ( 'NONE',  ( 0.2544623675387881478, 0.000000000000000000, 0.9670826766655240547 ) ) ;
#7339 = DIRECTION ( 'NONE',  ( 0.000000000000000000, 0.000000000000000000, -1.000000000000000000 ) ) ;
#7340 = DIRECTION ( 'NONE',  ( 9.149931283457289096E-17, -1.000000000000000000, -9.970989681626198491E-16 ) ) ;
#7341 = AXIS2_PLACEMENT_3D ( 'NONE', #2429, #9274, #1544 ) ;
#7342 = VERTEX_POINT ( 'NONE', #1705 ) ;
#7343 = AXIS2_PLACEMENT_3D ( 'NONE', #7756, #6809, #7602 ) ;
#7344 = EDGE_LOOP ( 'NONE', ( #6630, #8003, #1012, #5631 ) ) ;
#7345 = VERTEX_POINT ( 'NONE', #307 ) ;
#7346 = ORIENTED_EDGE ( 'NONE', *, *, #913, .F. ) ;
#7347 = AXIS2_PLACEMENT_3D ( 'NONE', #7723, #6280, #4645 ) ;
#7348 = CARTESIAN_POINT ( 'NONE',  ( 3.299999999999999822, -3.950000000000000178, 2.850000000000000089 ) ) ;
#7349 = PLANE ( 'NONE',  #6302 ) ;
#7350 = EDGE_CURVE ( 'NONE', #7038, #2464, #8268, .T. ) ;
#7351 = CARTESIAN_POINT ( 'NONE',  ( -4.622701564166350252, -4.701482515911149740, 0.04999999999999589495 ) ) ;
#7352 = VECTOR ( 'NONE', #4402, 1000.000000000000114 ) ;
#7353 = AXIS2_PLACEMENT_3D ( 'NONE', #2257, #8357, #7504 ) ;
#7354 = CARTESIAN_POINT ( 'NONE',  ( -11.52314109194260006, 4.651584052987910667, -2.449999999999999734 ) ) ;
#7355 = DIRECTION ( 'NONE',  ( 0.004218976193204164622, 0.000000000000000000, 0.9999911000803363148 ) ) ;
#7356 = EDGE_CURVE ( 'NONE', #7541, #7196, #4119, .T. ) ;
#7357 = AXIS2_PLACEMENT_3D ( 'NONE', #3504, #6532, #1885 ) ;
#7358 = AXIS2_PLACEMENT_3D ( 'NONE', #5686, #4893, #3252 ) ;
#7359 = VERTEX_POINT ( 'NONE', #5468 ) ;
#7360 = AXIS2_PLACEMENT_3D ( 'NONE', #4397, #6671, #28 ) ;
#7361 = FACE_OUTER_BOUND ( 'NONE', #6966, .T. ) ;
#7362 = CARTESIAN_POINT ( 'NONE',  ( -11.52314109194249880, -4.651584052987910667, -2.500000000000000000 ) ) ;
#7363 = PLANE ( 'NONE',  #3315 ) ;
#7364 = DIRECTION ( 'NONE',  ( 0.000000000000000000, -1.000000000000000000, 0.000000000000000000 ) ) ;
#7365 = CIRCLE ( 'NONE', #1986, 0.1000000000000003109 ) ;
#7366 = DIRECTION ( 'NONE',  ( 1.000000000000000000, 0.000000000000000000, 0.000000000000000000 ) ) ;
#7367 = EDGE_CURVE ( 'NONE', #1523, #4689, #6058, .T. ) ;
#7368 = LINE ( 'NONE', #5371, #4829 ) ;
#7369 = EDGE_CURVE ( 'NONE', #1579, #1097, #5415, .T. ) ;
#7370 = DIRECTION ( 'NONE',  ( -0.9931429867320367144, 0.000000000000000000, -0.1169059789102749741 ) ) ;
#7371 = ORIENTED_EDGE ( 'NONE', *, *, #2472, .T. ) ;
#7372 = VERTEX_POINT ( 'NONE', #9383 ) ;
#7373 = EDGE_LOOP ( 'NONE', ( #8070, #226, #5017, #4531 ) ) ;
#7374 = VERTEX_POINT ( 'NONE', #2582 ) ;
#7375 = LINE ( 'NONE', #1333, #2766 ) ;
#7376 = AXIS2_PLACEMENT_3D ( 'NONE', #1349, #7189, #594 ) ;
#7377 = DIRECTION ( 'NONE',  ( -0.9931429867320367144, 0.000000000000000000, -0.1169059789102749741 ) ) ;
#7378 = CARTESIAN_POINT ( 'NONE',  ( -11.46738209570190037, 4.649999999999999467, -1.976314594173340211 ) ) ;
#7379 = VECTOR ( 'NONE', #5992, 1000.000000000000000 ) ;
#7380 = DIRECTION ( 'NONE',  ( -1.000000000000000000, 0.000000000000000000, 0.000000000000000000 ) ) ;
#7381 = CARTESIAN_POINT ( 'NONE',  ( 6.200000000000000178, -6.150000000000000355, 0.04999999999999129446 ) ) ;
#7382 = VERTEX_POINT ( 'NONE', #4721 ) ;
#7383 = ORIENTED_EDGE ( 'NONE', *, *, #1584, .T. ) ;
#7384 = CARTESIAN_POINT ( 'NONE',  ( 4.792481155659919168, -1.699999999999999956, -6.505213034913029562E-16 ) ) ;
#7385 = CARTESIAN_POINT ( 'NONE',  ( -2.299999999999999822, 2.765728071767299845, 3.950000000000000178 ) ) ;
#7386 = DIRECTION ( 'NONE',  ( 0.000000000000000000, 0.000000000000000000, -1.000000000000000000 ) ) ;
#7387 = CARTESIAN_POINT ( 'NONE',  ( -4.898978868267030329, -4.649999999999999467, -0.9999902100883649725 ) ) ;
#7388 = CARTESIAN_POINT ( 'NONE',  ( -11.41162309946109943, 3.248415947012090133, -2.449999999999999734 ) ) ;
#7389 = CARTESIAN_POINT ( 'NONE',  ( 2.899999999999999911, -4.349999999999999645, 1.649999999999999911 ) ) ;
#7390 = DIRECTION ( 'NONE',  ( 1.000000000000000000, 4.891920202254590090E-16, 9.387283644590649326E-16 ) ) ;
#7391 = CARTESIAN_POINT ( 'NONE',  ( 3.889500247350480056, 7.769467989803009900, -3.926640469313710469 ) ) ;
#7392 = VERTEX_POINT ( 'NONE', #9290 ) ;
#7393 = ORIENTED_EDGE ( 'NONE', *, *, #1279, .F. ) ;
#7394 = ADVANCED_FACE ( 'NONE', ( #7798 ), #3276, .T. ) ;
#7395 = EDGE_LOOP ( 'NONE', ( #4196, #7121, #9456, #7168 ) ) ;
#7396 = VERTEX_POINT ( 'NONE', #166 ) ;
#7397 = VERTEX_POINT ( 'NONE', #4821 ) ;
#7398 = CARTESIAN_POINT ( 'NONE',  ( -12.69999999999999929, 4.799999999999999822, -2.449999999999999734 ) ) ;
#7399 = CARTESIAN_POINT ( 'NONE',  ( -11.46738209570190037, 4.750000000000000000, -2.353270492925989110 ) ) ;
#7400 = CARTESIAN_POINT ( 'NONE',  ( 5.785374374473379433, 0.7071067811865480168, -6.505213034913029562E-16 ) ) ;
#7401 = EDGE_CURVE ( 'NONE', #4272, #6350, #3183, .T. ) ;
#7402 = CARTESIAN_POINT ( 'NONE',  ( -11.52314109194260006, 4.649999999999999467, -2.449999999999999734 ) ) ;
#7403 = DIRECTION ( 'NONE',  ( 0.000000000000000000, -1.000000000000000000, -8.725142821606440391E-16 ) ) ;
#7404 = CIRCLE ( 'NONE', #9153, 2.700000000000000178 ) ;
#7405 = EDGE_CURVE ( 'NONE', #7563, #6793, #8602, .T. ) ;
#7406 = ORIENTED_EDGE ( 'NONE', *, *, #694, .T. ) ;
#7407 = LINE ( 'NONE', #5181, #4750 ) ;
#7408 = CIRCLE ( 'NONE', #7086, 5.895623928210659948 ) ;
#7409 = CARTESIAN_POINT ( 'NONE',  ( -12.69999999999999929, -8.000000000000000000, 4.000000000000000000 ) ) ;
#7410 = DIRECTION ( 'NONE',  ( 0.000000000000000000, 0.000000000000000000, -1.000000000000000000 ) ) ;
#7411 = LINE ( 'NONE', #9792, #5373 ) ;
#7412 = CARTESIAN_POINT ( 'NONE',  ( 7.000000000000000000, 1.699999999999999956, 1.350000000000020073 ) ) ;
#7413 = CARTESIAN_POINT ( 'NONE',  ( -5.430110566984449605, 3.250000000000000000, 0.05000000000000820455 ) ) ;
#7414 = VERTEX_POINT ( 'NONE', #6207 ) ;
#7415 = ORIENTED_EDGE ( 'NONE', *, *, #8408, .T. ) ;
#7416 = VECTOR ( 'NONE', #65, 1000.000000000000000 ) ;
#7417 = EDGE_LOOP ( 'NONE', ( #7223, #1167, #2663, #481 ) ) ;
#7418 = ORIENTED_EDGE ( 'NONE', *, *, #2335, .T. ) ;
#7419 = DIRECTION ( 'NONE',  ( 1.734723475976839881E-16, 0.000000000000000000, -1.000000000000000000 ) ) ;
#7420 = ADVANCED_FACE ( 'NONE', ( #3371 ), #6396, .F. ) ;
#7421 = EDGE_CURVE ( 'NONE', #578, #7772, #2494, .T. ) ;
#7422 = CARTESIAN_POINT ( 'NONE',  ( -12.69999999999999929, -8.000000000000000000, 4.000000000000000000 ) ) ;
#7423 = CARTESIAN_POINT ( 'NONE',  ( -3.726145790396850010, 4.649999999999999467, -0.4830620671561600132 ) ) ;
#7424 = DIRECTION ( 'NONE',  ( 0.000000000000000000, 0.000000000000000000, -1.000000000000000000 ) ) ;
#7425 = DIRECTION ( 'NONE',  ( -1.000000000000000000, -9.149931283457318678E-17, 3.128579780658979875E-16 ) ) ;
#7426 = ORIENTED_EDGE ( 'NONE', *, *, #3773, .F. ) ;
#7427 = ORIENTED_EDGE ( 'NONE', *, *, #9609, .F. ) ;
#7428 = ORIENTED_EDGE ( 'NONE', *, *, #2918, .F. ) ;
#7429 = LINE ( 'NONE', #8276, #9098 ) ;
#7430 = VECTOR ( 'NONE', #9667, 1000.000000000000000 ) ;
#7431 = ADVANCED_FACE ( 'NONE', ( #1754 ), #8443, .T. ) ;
#7432 = CARTESIAN_POINT ( 'NONE',  ( -11.41348968288699872, -4.656842106300850048, -2.500000000000000000 ) ) ;
#7433 = EDGE_CURVE ( 'NONE', #1820, #7414, #6850, .T. ) ;
#7434 = CARTESIAN_POINT ( 'NONE',  ( 6.400000000000000355, -8.000000000000000000, -46.00000000000000000 ) ) ;
#7435 = PLANE ( 'NONE',  #813 ) ;
#7436 = LINE ( 'NONE', #2926, #249 ) ;
#7437 = CARTESIAN_POINT ( 'NONE',  ( -0.1000000000000002554, 1.224646799147349904E-15, 4.000000000000000000 ) ) ;
#7438 = CARTESIAN_POINT ( 'NONE',  ( -0.6999999999999999556, -6.200000000000000178, -1.397680857941120327E-16 ) ) ;
#7439 = DIRECTION ( 'NONE',  ( 0.9999911000803364258, 0.000000000000000000, -0.004218976193204337227 ) ) ;
#7440 = ORIENTED_EDGE ( 'NONE', *, *, #1644, .T. ) ;
#7441 = ORIENTED_EDGE ( 'NONE', *, *, #7330, .F. ) ;
#7442 = EDGE_LOOP ( 'NONE', ( #6976, #6157, #3988, #6843, #3057 ) ) ;
#7443 = ORIENTED_EDGE ( 'NONE', *, *, #1732, .T. ) ;
#7444 = AXIS2_PLACEMENT_3D ( 'NONE', #8845, #5021, #5721 ) ;
#7445 = DIRECTION ( 'NONE',  ( -1.000000000000000000, 0.000000000000000000, 0.000000000000000000 ) ) ;
#7446 = CARTESIAN_POINT ( 'NONE',  ( -6.359745509654959328, 4.750000000000000000, -1.754637193035429865 ) ) ;
#7447 = CARTESIAN_POINT ( 'NONE',  ( 3.299999999999999822, 3.950000000000000178, -3.149999999999999911 ) ) ;
#7448 = FACE_OUTER_BOUND ( 'NONE', #7265, .T. ) ;
#7449 = DIRECTION ( 'NONE',  ( 0.000000000000000000, -1.000000000000000000, 0.000000000000000000 ) ) ;
#7450 = ORIENTED_EDGE ( 'NONE', *, *, #2891, .T. ) ;
#7451 = ORIENTED_EDGE ( 'NONE', *, *, #9732, .T. ) ;
#7452 = DIRECTION ( 'NONE',  ( 0.000000000000000000, 0.000000000000000000, -1.000000000000000000 ) ) ;
#7453 = CARTESIAN_POINT ( 'NONE',  ( -4.714450442015186482, 3.150922450669756625, 0.05000000000000879435 ) ) ;
#7454 = LINE ( 'NONE', #3099, #824 ) ;
#7455 = DIRECTION ( 'NONE',  ( -1.000000000000000000, 0.000000000000000000, 0.000000000000000000 ) ) ;
#7456 = CARTESIAN_POINT ( 'NONE',  ( 6.400000000000000355, 8.000000000000000000, 0.000000000000000000 ) ) ;
#7457 = EDGE_CURVE ( 'NONE', #1922, #1407, #9071, .T. ) ;
#7458 = CARTESIAN_POINT ( 'NONE',  ( -0.6999999999999999556, 2.299999999999999822, -0.8499999999999999778 ) ) ;
#7459 = CARTESIAN_POINT ( 'NONE',  ( -5.108132460475458991, 3.152179562593857565, 0.05000000000000838496 ) ) ;
#7460 = VECTOR ( 'NONE', #5157, 1000.000000000000000 ) ;
#7461 = VERTEX_POINT ( 'NONE', #6495 ) ;
#7462 = ORIENTED_EDGE ( 'NONE', *, *, #2260, .T. ) ;
#7463 = VECTOR ( 'NONE', #1102, 1000.000000000000000 ) ;
#7464 = EDGE_LOOP ( 'NONE', ( #2528, #6643, #1076, #2789 ) ) ;
#7465 = AXIS2_PLACEMENT_3D ( 'NONE', #3840, #4497, #2914 ) ;
#7466 = VERTEX_POINT ( 'NONE', #5164 ) ;
#7467 = LINE ( 'NONE', #9754, #4832 ) ;
#7468 = EDGE_CURVE ( 'NONE', #9265, #5372, #1208, .T. ) ;
#7469 = CARTESIAN_POINT ( 'NONE',  ( -6.599999999999999645, 4.286263797015740046E-16, 4.000000000000000000 ) ) ;
#7470 = DIRECTION ( 'NONE',  ( 0.000000000000000000, -1.000000000000000000, 0.000000000000000000 ) ) ;
#7471 = B_SPLINE_CURVE_WITH_KNOTS ( 'NONE', 3,
 ( #2407, #8458, #4683, #6712, #9746, #2951, #4729, #3981, #2548, #8604, #7010, #5627 ),
 .UNSPECIFIED., .F., .F.,
 ( 4, 2, 2, 2, 2, 4 ),
 ( -0.08244218544192410958, -0.06474943945078749652, -0.04497664296824389896, -0.02290606801894680411, 0.000000000000000000, 0.0003501958167013152767 ),
 .UNSPECIFIED. ) ;
#7472 = CARTESIAN_POINT ( 'NONE',  ( 3.299999999999999822, 3.950000000000000178, 1.350000000000020073 ) ) ;
#7473 = PLANE ( 'NONE',  #1170 ) ;
#7474 = ORIENTED_EDGE ( 'NONE', *, *, #7101, .F. ) ;
#7475 = ORIENTED_EDGE ( 'NONE', *, *, #8564, .T. ) ;
#7476 = CARTESIAN_POINT ( 'NONE',  ( 7.000000000000000000, -6.339637028918160055, 0.5500000000000120348 ) ) ;
#7478 = AXIS2_PLACEMENT_3D ( 'NONE', #406, #5760, #7339 ) ;
#7477 = CYLINDRICAL_SURFACE ( 'NONE', #5571, 1.749999999999999778 ) ;
#7479 = CARTESIAN_POINT ( 'NONE',  ( 12.20000000000000107, 6.000000000000000000, -4.000000000000000000 ) ) ;
#7480 = CARTESIAN_POINT ( 'NONE',  ( -4.376595962401239603, 4.649999999999999467, 0.05000000000001059847 ) ) ;
#7481 = DIRECTION ( 'NONE',  ( -3.675261601645779967E-17, 0.000000000000000000, -1.000000000000000000 ) ) ;
#7482 = CARTESIAN_POINT ( 'NONE',  ( -11.46738209570190037, 4.750000000000000000, -2.003270492925989021 ) ) ;
#7483 = CARTESIAN_POINT ( 'NONE',  ( -11.46738209570190037, 3.149999999999999911, -2.353270492925989110 ) ) ;
#7484 = DIRECTION ( 'NONE',  ( -9.343242246769421254E-16, 2.294126247091830304E-15, -1.000000000000000000 ) ) ;
#7485 = EDGE_CURVE ( 'NONE', #6750, #7392, #1473, .T. ) ;
#7486 = ORIENTED_EDGE ( 'NONE', *, *, #5426, .F. ) ;
#7487 = ADVANCED_FACE ( 'NONE', ( #551 ), #9524, .T. ) ;
#7488 = ORIENTED_EDGE ( 'NONE', *, *, #4385, .F. ) ;
#7489 = AXIS2_PLACEMENT_3D ( 'NONE', #1313, #4326, #3225 ) ;
#7490 = ORIENTED_EDGE ( 'NONE', *, *, #8188, .T. ) ;
#7491 = CARTESIAN_POINT ( 'NONE',  ( 2.899999999999999911, 3.550000000000000266, 1.649999999999999911 ) ) ;
#7492 = DIRECTION ( 'NONE',  ( -5.551115123125809819E-17, 1.000000000000000000, 8.725142821606440391E-16 ) ) ;
#7493 = LINE ( 'NONE', #9779, #8745 ) ;
#7494 = DIRECTION ( 'NONE',  ( -1.000000000000000000, 2.673873105076326664E-16, 0.000000000000000000 ) ) ;
#7495 = LINE ( 'NONE', #8992, #6969 ) ;
#7496 = AXIS2_PLACEMENT_3D ( 'NONE', #7102, #2037, #1345 ) ;
#7497 = AXIS2_PLACEMENT_3D ( 'NONE', #1684, #6924, #8568 ) ;
#7498 = ORIENTED_EDGE ( 'NONE', *, *, #5904, .F. ) ;
#7499 = EDGE_LOOP ( 'NONE', ( #3543, #2107, #579, #7488, #4321, #5116, #5023, #6751, #3209, #7440, #8002, #7179, #648, #1229, #7428, #4376, #2486, #1804, #4827 ) ) ;
#7500 = CARTESIAN_POINT ( 'NONE',  ( -11.46738209570190037, 3.250000000000000000, -1.976314594173340211 ) ) ;
#7501 = AXIS2_PLACEMENT_3D ( 'NONE', #5111, #1449, #1398 ) ;
#7502 = CARTESIAN_POINT ( 'NONE',  ( -0.6999999999999999556, 6.200000000000000178, 0.5500000000000000444 ) ) ;
#7503 = VECTOR ( 'NONE', #8684, 1000.000000000000000 ) ;
#7504 = DIRECTION ( 'NONE',  ( 1.000000000000000000, 0.000000000000000000, 0.000000000000000000 ) ) ;
#7505 = CARTESIAN_POINT ( 'NONE',  ( 1.807518844340070041, 6.200000000000000178, -6.505213034913029562E-16 ) ) ;
#7506 = VECTOR ( 'NONE', #7278, 1000.000000000000114 ) ;
#7507 = PLANE ( 'NONE',  #5854 ) ;
#7508 = ADVANCED_FACE ( 'NONE', ( #4218 ), #6528, .T. ) ;
#7509 = CIRCLE ( 'NONE', #1824, 0.09999999999999997780 ) ;
#7510 = CARTESIAN_POINT ( 'NONE',  ( 0.2999999999999999889, -7.900000000000000355, 1.350000000000000089 ) ) ;
#7511 = TOROIDAL_SURFACE ( 'NONE', #399, 0.1269558987526489824, 0.1000000000000000056 ) ;
#7512 = VERTEX_POINT ( 'NONE', #8044 ) ;
#7513 = ORIENTED_EDGE ( 'NONE', *, *, #3808, .F. ) ;
#7514 = ORIENTED_EDGE ( 'NONE', *, *, #5341, .T. ) ;
#7515 = EDGE_CURVE ( 'NONE', #191, #8466, #9699, .T. ) ;
#7516 = CARTESIAN_POINT ( 'NONE',  ( -11.46738209570190037, -3.149999999999999911, -2.026314594173330264 ) ) ;
#7517 = AXIS2_PLACEMENT_3D ( 'NONE', #8788, #4120, #3565 ) ;
#7518 = VECTOR ( 'NONE', #7759, 1000.000000000000114 ) ;
#7519 = AXIS2_PLACEMENT_3D ( 'NONE', #8661, #1122, #6365 ) ;
#7520 = EDGE_CURVE ( 'NONE', #5215, #4449, #298, .T. ) ;
#7521 = EDGE_CURVE ( 'NONE', #241, #3281, #840, .T. ) ;
#7522 = DIRECTION ( 'NONE',  ( -1.000000000000000000, 0.000000000000000000, -3.336006684570782608E-16 ) ) ;
#7523 = DIRECTION ( 'NONE',  ( -9.343242246769421254E-16, 2.294126247091830304E-15, -1.000000000000000000 ) ) ;
#7524 = LINE ( 'NONE', #9117, #2084 ) ;
#7525 = CARTESIAN_POINT ( 'NONE',  ( 1.807518844340070041, -1.699999999999999956, -6.505213034913029562E-16 ) ) ;
#7526 = ORIENTED_EDGE ( 'NONE', *, *, #7944, .F. ) ;
#7527 = ORIENTED_EDGE ( 'NONE', *, *, #5059, .F. ) ;
#7528 = ORIENTED_EDGE ( 'NONE', *, *, #9042, .F. ) ;
#7529 = EDGE_CURVE ( 'NONE', #2576, #5842, #4002, .T. ) ;
#7530 = LINE ( 'NONE', #3068, #543 ) ;
#7531 = DIRECTION ( 'NONE',  ( 0.000000000000000000, 0.000000000000000000, -1.000000000000000000 ) ) ;
#7532 = DIRECTION ( 'NONE',  ( 1.365923996832129884E-16, 0.000000000000000000, -1.000000000000000000 ) ) ;
#7533 = DIRECTION ( 'NONE',  ( 0.000000000000000000, 0.000000000000000000, 1.000000000000000000 ) ) ;
#7534 = CIRCLE ( 'NONE', #2788, 6.499999999999999112 ) ;
#7535 = PLANE ( 'NONE',  #3250 ) ;
#7536 = FACE_OUTER_BOUND ( 'NONE', #7726, .T. ) ;
#7537 = LINE ( 'NONE', #7438, #7646 ) ;
#7538 = LINE ( 'NONE', #7584, #4188 ) ;
#7539 = ORIENTED_EDGE ( 'NONE', *, *, #4922, .F. ) ;
#7540 = ORIENTED_EDGE ( 'NONE', *, *, #2965, .F. ) ;
#7541 = VERTEX_POINT ( 'NONE', #5816 ) ;
#7542 = ADVANCED_FACE ( 'NONE', ( #8835 ), #4635, .T. ) ;
#7543 = EDGE_CURVE ( 'NONE', #1607, #3281, #4792, .T. ) ;
#7544 = CARTESIAN_POINT ( 'NONE',  ( 0.6273813020657129647, 7.502152352691890513, -3.999996525281980020 ) ) ;
#7545 = DIRECTION ( 'NONE',  ( 1.000000000000000000, 0.000000000000000000, 0.000000000000000000 ) ) ;
#7546 = PLANE ( 'NONE',  #6568 ) ;
#7547 = CARTESIAN_POINT ( 'NONE',  ( 2.200000000000000178, -8.900000000000000355, -3.500000000000000000 ) ) ;
#7548 = LINE ( 'NONE', #9089, #6522 ) ;
#7549 = ORIENTED_EDGE ( 'NONE', *, *, #3927, .T. ) ;
#7550 = DIRECTION ( 'NONE',  ( -0.000000000000000000, 1.000000000000000000, 0.000000000000000000 ) ) ;
#7551 = DIRECTION ( 'NONE',  ( 0.000000000000000000, 0.000000000000000000, -1.000000000000000000 ) ) ;
#7552 = EDGE_CURVE ( 'NONE', #4449, #7574, #4166, .T. ) ;
#7553 = EDGE_CURVE ( 'NONE', #2176, #5240, #5713, .T. ) ;
#7554 = CARTESIAN_POINT ( 'NONE',  ( 6.700000000000000178, -8.673617379884039416E-16, -2.250000000000000000 ) ) ;
#7555 = CARTESIAN_POINT ( 'NONE',  ( -12.69999999999999929, -2.700000000000000178, 4.392893407799020269E-17 ) ) ;
#7556 = CARTESIAN_POINT ( 'NONE',  ( -11.46738209570190037, -3.224634620814659680, -2.500000000000000000 ) ) ;
#7557 = VECTOR ( 'NONE', #8642, 1000.000000000000000 ) ;
#7558 = FACE_OUTER_BOUND ( 'NONE', #4795, .T. ) ;
#7559 = ORIENTED_EDGE ( 'NONE', *, *, #108, .F. ) ;
#7560 = ORIENTED_EDGE ( 'NONE', *, *, #5030, .F. ) ;
#7561 = VECTOR ( 'NONE', #9750, 1000.000000000000114 ) ;
#7562 = ORIENTED_EDGE ( 'NONE', *, *, #6519, .T. ) ;
#7563 = VERTEX_POINT ( 'NONE', #5311 ) ;
#7564 = FACE_OUTER_BOUND ( 'NONE', #6476, .T. ) ;
#7565 = VECTOR ( 'NONE', #803, 1000.000000000000000 ) ;
#7566 = DIRECTION ( 'NONE',  ( 3.336006684570780143E-16, 0.000000000000000000, -1.000000000000000000 ) ) ;
#7567 = DIRECTION ( 'NONE',  ( 0.1169059789102828151, 0.000000000000000000, -0.9931429867320357152 ) ) ;
#7568 = EDGE_CURVE ( 'NONE', #6907, #5471, #2342, .T. ) ;
#7569 = DIRECTION ( 'NONE',  ( 1.000000000000000000, 0.000000000000000000, 1.365923996832129884E-16 ) ) ;
#7570 = DIRECTION ( 'NONE',  ( 1.000000000000000000, 2.520308862559590033E-32, -9.343242246769421254E-16 ) ) ;
#7571 = ORIENTED_EDGE ( 'NONE', *, *, #8046, .T. ) ;
#7572 = EDGE_LOOP ( 'NONE', ( #3830, #2265, #2588, #553, #1907, #5739, #7801, #9722, #749, #4255, #6524, #6282 ) ) ;
#7573 = ORIENTED_EDGE ( 'NONE', *, *, #5904, .T. ) ;
#7574 = VERTEX_POINT ( 'NONE', #1492 ) ;
#7575 = SPHERICAL_SURFACE ( 'NONE', #9736, 6.500000000000000000 ) ;
#7576 = CARTESIAN_POINT ( 'NONE',  ( -5.169901370497909099, 4.750000000000000000, 0.1161246982517000065 ) ) ;
#7577 = CARTESIAN_POINT ( 'NONE',  ( -11.45254019207970053, -3.149999999999999911, -2.152399954643779978 ) ) ;
#7578 = DIRECTION ( 'NONE',  ( 0.000000000000000000, -1.000000000000000000, 0.000000000000000000 ) ) ;
#7579 = CARTESIAN_POINT ( 'NONE',  ( -5.083698756151719955, -3.149999999999999911, -0.2730936816746800111 ) ) ;
#7580 = DIRECTION ( 'NONE',  ( -1.000000000000000000, 0.000000000000000000, -1.365923996832129884E-16 ) ) ;
#7581 = EDGE_CURVE ( 'NONE', #9630, #1198, #1399, .T. ) ;
#7582 = CARTESIAN_POINT ( 'NONE',  ( 3.299999999999999822, 3.950000000000000178, -2.600000000000000089 ) ) ;
#7583 = ADVANCED_FACE ( 'NONE', ( #3654 ), #845, .F. ) ;
#7584 = CARTESIAN_POINT ( 'NONE',  ( -3.950000000000000178, 3.950000000000000178, 3.500000000000000000 ) ) ;
#7585 = VECTOR ( 'NONE', #4234, 1000.000000000000000 ) ;
#7586 = ORIENTED_EDGE ( 'NONE', *, *, #1525, .F. ) ;
#7587 = AXIS2_PLACEMENT_3D ( 'NONE', #849, #6251, #2488 ) ;
#7588 = ORIENTED_EDGE ( 'NONE', *, *, #7763, .T. ) ;
#7589 = ORIENTED_EDGE ( 'NONE', *, *, #6940, .F. ) ;
#7590 = FACE_OUTER_BOUND ( 'NONE', #773, .T. ) ;
#7591 = CARTESIAN_POINT ( 'NONE',  ( 1.050000000000000044, -11.90000000000000036, 0.5499999999999880540 ) ) ;
#7592 = CARTESIAN_POINT ( 'NONE',  ( 1.066473988439310183, -3.950000000000000178, -2.067919075144499796 ) ) ;
#7593 = DIRECTION ( 'NONE',  ( -9.856383386231849706E-16, -9.856383386231849706E-16, 1.000000000000000000 ) ) ;
#7594 = CARTESIAN_POINT ( 'NONE',  ( -0.6999999999999999556, -3.100000000000000089, -2.500000000000000000 ) ) ;
#7595 = EDGE_CURVE ( 'NONE', #9213, #6339, #2233, .T. ) ;
#7596 = DIRECTION ( 'NONE',  ( -1.000000000000000000, 0.000000000000000000, -1.239088197126290817E-16 ) ) ;
#7597 = VECTOR ( 'NONE', #8996, 1000.000000000000000 ) ;
#7598 = VECTOR ( 'NONE', #8656, 1000.000000000000000 ) ;
#7599 = EDGE_CURVE ( 'NONE', #9753, #8815, #7537, .T. ) ;
#7600 = ORIENTED_EDGE ( 'NONE', *, *, #3271, .T. ) ;
#7601 = CARTESIAN_POINT ( 'NONE',  ( 11.25000000000000000, 5.000000000000000000, -4.000000000000000000 ) ) ;
#7602 = DIRECTION ( 'NONE',  ( 3.128579780658990229E-16, 0.000000000000000000, 1.000000000000000000 ) ) ;
#7603 = DIRECTION ( 'NONE',  ( 3.675261601645779967E-17, 0.000000000000000000, 1.000000000000000000 ) ) ;
#7604 = DIRECTION ( 'NONE',  ( -0.2544623675387880923, 0.000000000000000000, -0.9670826766655241657 ) ) ;
#7605 = PLANE ( 'NONE',  #2674 ) ;
#7606 = CARTESIAN_POINT ( 'NONE',  ( 0.000000000000000000, 8.000000000000000000, 0.000000000000000000 ) ) ;
#7608 = ORIENTED_EDGE ( 'NONE', *, *, #7335, .T. ) ;
#7607 = EDGE_CURVE ( 'NONE', #6094, #2934, #4948, .T. ) ;
#7609 = EDGE_CURVE ( 'NONE', #7110, #6012, #5358, .T. ) ;
#7610 = ORIENTED_EDGE ( 'NONE', *, *, #61, .T. ) ;
#7611 = VERTEX_POINT ( 'NONE', #7483 ) ;
#7612 = CARTESIAN_POINT ( 'NONE',  ( -11.52314109194249880, -3.149999999999999911, -2.500000000000000000 ) ) ;
#7613 = CARTESIAN_POINT ( 'NONE',  ( -6.359745509654959328, -4.708578643762690419, -1.905327628688651354 ) ) ;
#7614 = PLANE ( 'NONE',  #1815 ) ;
#7615 = VECTOR ( 'NONE', #1297, 1000.000000000000000 ) ;
#7616 = CARTESIAN_POINT ( 'NONE',  ( 3.299999999999999822, 3.950000000000000178, 1.350000000000020073 ) ) ;
#7617 = CARTESIAN_POINT ( 'NONE',  ( 12.69999999999999929, -8.000000000000000000, -4.000000000000000000 ) ) ;
#7618 = EDGE_LOOP ( 'NONE', ( #2295, #9460, #1984, #3401, #3283, #2097 ) ) ;
#7619 = EDGE_LOOP ( 'NONE', ( #5418, #1674, #6917, #4539, #4625, #1619, #7786, #820 ) ) ;
#7620 = ORIENTED_EDGE ( 'NONE', *, *, #1445, .T. ) ;
#7621 = TOROIDAL_SURFACE ( 'NONE', #1140, 0.3769558987526489546, 0.1000000000000000056 ) ;
#7622 = VERTEX_POINT ( 'NONE', #9818 ) ;
#7623 = B_SPLINE_CURVE_WITH_KNOTS ( 'NONE', 3,
 ( #438, #7078, #486, #4858, #9466, #6336, #1093, #2715, #2667, #1139, #5698, #8723 ),
 .UNSPECIFIED., .F., .F.,
 ( 4, 2, 2, 2, 2, 4 ),
 ( 0.08234836409560189474, 0.1000276143251370015, 0.1197853284260679968, 0.1418390682843299888, 0.1647276639249889985, 0.1650775926179710029 ),
 .UNSPECIFIED. ) ;
#7624 = DIRECTION ( 'NONE',  ( 0.000000000000000000, -1.000000000000000000, 0.000000000000000000 ) ) ;
#7625 = AXIS2_PLACEMENT_3D ( 'NONE', #6263, #3776, #9148 ) ;
#7626 = CC_DESIGN_APPROVAL ( #1540, ( #4928 ) ) ;
#7627 = PLANE ( 'NONE',  #5095 ) ;
#7628 = CIRCLE ( 'NONE', #5099, 1.350000000000000089 ) ;
#7629 = PLANE ( 'NONE',  #8067 ) ;
#7630 = DIRECTION ( 'NONE',  ( 1.000000000000000000, 0.000000000000000000, 0.000000000000000000 ) ) ;
#7631 = CARTESIAN_POINT ( 'NONE',  ( 5.078267593286840409, -9.622294280808849880E-16, 1.800000000000000044 ) ) ;
#7632 = DIRECTION ( 'NONE',  ( 0.000000000000000000, 0.000000000000000000, -1.000000000000000000 ) ) ;
#7633 = FACE_OUTER_BOUND ( 'NONE', #2225, .T. ) ;
#7634 = LINE ( 'NONE', #6155, #3698 ) ;
#7635 = EDGE_CURVE ( 'NONE', #1768, #2543, #1545, .T. ) ;
#7636 = EDGE_LOOP ( 'NONE', ( #7221, #8167 ) ) ;
#7637 = EDGE_LOOP ( 'NONE', ( #6095, #7418, #4010, #1403, #2389 ) ) ;
#7638 = EDGE_LOOP ( 'NONE', ( #3889, #6183, #5868, #6284 ) ) ;
#7639 = VECTOR ( 'NONE', #3342, 1000.000000000000000 ) ;
#7640 = CARTESIAN_POINT ( 'NONE',  ( -11.46738209570190037, 4.649999999999999467, -2.353270492925989110 ) ) ;
#7641 = ADVANCED_FACE ( 'NONE', ( #6893, #7633 ), #2929, .F. ) ;
#7642 = CARTESIAN_POINT ( 'NONE',  ( -11.46738209570190037, -3.149999999999999911, -2.153270492925979163 ) ) ;
#7643 = DIRECTION ( 'NONE',  ( 1.000000000000000000, 4.713922489067369425E-17, 9.856383386231849706E-16 ) ) ;
#7644 = DIRECTION ( 'NONE',  ( 0.000000000000000000, 0.000000000000000000, 1.000000000000000000 ) ) ;
#7645 = CARTESIAN_POINT ( 'NONE',  ( -6.359745509654959328, 3.149999999999999911, -1.754637193035429865 ) ) ;
#7646 = VECTOR ( 'NONE', #8234, 1000.000000000000000 ) ;
#7647 = CARTESIAN_POINT ( 'NONE',  ( 12.20000000000000107, -8.000000000000000000, -3.500000000000000000 ) ) ;
#7648 = DIRECTION ( 'NONE',  ( -0.9691953712182477254, 0.000000000000000000, -0.2462931838462509571 ) ) ;
#7649 = ORIENTED_EDGE ( 'NONE', *, *, #8879, .F. ) ;
#7650 = ADVANCED_BREP_SHAPE_REPRESENTATION ( 'CMJ-xxPS', ( #5022, #9207 ), #3188 ) ;
#7651 = ORIENTED_EDGE ( 'NONE', *, *, #7581, .F. ) ;
#7652 = CARTESIAN_POINT ( 'NONE',  ( -3.100000000000000089, -2.765728071767299845, 3.500000000000000000 ) ) ;
#7653 = EDGE_CURVE ( 'NONE', #5939, #6925, #796, .T. ) ;
#7654 = CARTESIAN_POINT ( 'NONE',  ( -2.025910258978310008, 7.947719699253350534, 3.731823336613759867 ) ) ;
#7655 = CARTESIAN_POINT ( 'NONE',  ( -3.100000000000000089, -2.765728071767299845, 3.950000000000000178 ) ) ;
#7656 = EDGE_CURVE ( 'NONE', #2935, #3174, #42, .T. ) ;
#7657 = CYLINDRICAL_SURFACE ( 'NONE', #7272, 0.09999999999999997780 ) ;
#7658 = DIRECTION ( 'NONE',  ( 0.000000000000000000, 0.000000000000000000, 1.000000000000000000 ) ) ;
#7659 = CARTESIAN_POINT ( 'NONE',  ( 6.700000000000000178, -8.673617379884039416E-16, 0.000000000000000000 ) ) ;
#7660 = EDGE_LOOP ( 'NONE', ( #7318, #480, #369, #6233 ) ) ;
#7661 = AXIS2_PLACEMENT_3D ( 'NONE', #8135, #697, #2232 ) ;
#7662 = ORIENTED_EDGE ( 'NONE', *, *, #4491, .T. ) ;
#7663 = AXIS2_PLACEMENT_3D ( 'NONE', #1465, #8107, #662 ) ;
#7664 = VERTEX_POINT ( 'NONE', #6788 ) ;
#7665 = LINE ( 'NONE', #9256, #6884 ) ;
#7666 = VECTOR ( 'NONE', #9760, 1000.000000000000000 ) ;
#7667 = EDGE_CURVE ( 'NONE', #8873, #912, #4415, .T. ) ;
#7668 = VECTOR ( 'NONE', #167, 1000.000000000000000 ) ;
#7669 = ADVANCED_FACE ( 'NONE', ( #6107 ), #8385, .T. ) ;
#7670 = VECTOR ( 'NONE', #680, 1000.000000000000000 ) ;
#7671 = CIRCLE ( 'NONE', #8779, 2.499999999999999556 ) ;
#7672 = CARTESIAN_POINT ( 'NONE',  ( -6.359745509654959328, -4.750000000000000000, -1.863620284639827318 ) ) ;
#7673 = CYLINDRICAL_SURFACE ( 'NONE', #8623, 0.1000000000000000333 ) ;
#7674 = CARTESIAN_POINT ( 'NONE',  ( -4.566620657608410738, -4.649999999999999467, 0.04999999999999579781 ) ) ;
#7675 = FACE_OUTER_BOUND ( 'NONE', #6668, .T. ) ;
#7676 = VERTEX_POINT ( 'NONE', #8186 ) ;
#7677 = ORIENTED_EDGE ( 'NONE', *, *, #9375, .T. ) ;
#7678 = VERTEX_POINT ( 'NONE', #4461 ) ;
#7679 = EDGE_LOOP ( 'NONE', ( #4701, #3153, #922, #9168 ) ) ;
#7680 = AXIS2_PLACEMENT_3D ( 'NONE', #7081, #201, #2431 ) ;
#7681 = CARTESIAN_POINT ( 'NONE',  ( -2.700000000000000178, 3.950000000000000178, 3.500000000000000000 ) ) ;
#7682 = VECTOR ( 'NONE', #2153, 1000.000000000000000 ) ;
#7683 = AXIS2_PLACEMENT_3D ( 'NONE', #3155, #880, #4788 ) ;
#7684 = APPROVAL_STATUS ( 'not_yet_approved' ) ;
#7685 = DIRECTION ( 'NONE',  ( 0.000000000000000000, -1.000000000000000000, 0.000000000000000000 ) ) ;
#7686 = CARTESIAN_POINT ( 'NONE',  ( -4.898978868267030329, 4.750000000000000000, -0.9499902100883750311 ) ) ;
#7687 = DIRECTION ( 'NONE',  ( 0.000000000000000000, 0.000000000000000000, 1.000000000000000000 ) ) ;
#7688 = CARTESIAN_POINT ( 'NONE',  ( 6.400000000000000355, -7.500000000000000000, -4.000000000000000000 ) ) ;
#7689 = CIRCLE ( 'NONE', #5000, 0.1000000000000000056 ) ;
#7690 = CYLINDRICAL_SURFACE ( 'NONE', #7164, 0.4769558987526489324 ) ;
#7691 = DIRECTION ( 'NONE',  ( -0.9670826766655243878, 0.000000000000000000, 0.2544623675387871486 ) ) ;
#7692 = EDGE_LOOP ( 'NONE', ( #9674, #8071, #7662, #7610 ) ) ;
#7693 = ORIENTED_EDGE ( 'NONE', *, *, #8036, .F. ) ;
#7694 = ORIENTED_EDGE ( 'NONE', *, *, #1250, .T. ) ;
#7695 = FACE_OUTER_BOUND ( 'NONE', #4782, .T. ) ;
#7696 = AXIS2_PLACEMENT_3D ( 'NONE', #8966, #7377, #8174 ) ;
#7697 = DIRECTION ( 'NONE',  ( -1.000000000000000000, -0.000000000000000000, -0.000000000000000000 ) ) ;
#7698 = CARTESIAN_POINT ( 'NONE',  ( -4.895814636122127084, 4.750000000000000000, -0.1999968850281229060 ) ) ;
#7699 = FACE_OUTER_BOUND ( 'NONE', #8191, .T. ) ;
#7700 = DIRECTION ( 'NONE',  ( 0.000000000000000000, -1.000000000000000000, 0.000000000000000000 ) ) ;
#7701 = DIRECTION ( 'NONE',  ( 0.000000000000000000, 3.305392082442659944E-16, -1.000000000000000000 ) ) ;
#7702 = LINE ( 'NONE', #9336, #7668 ) ;
#7703 = ADVANCED_FACE ( 'NONE', ( #6745 ), #2287, .T. ) ;
#7704 = AXIS2_PLACEMENT_3D ( 'NONE', #7719, #929, #9307 ) ;
#7705 = VERTEX_POINT ( 'NONE', #1450 ) ;
#7706 = FACE_OUTER_BOUND ( 'NONE', #1003, .T. ) ;
#7707 = CARTESIAN_POINT ( 'NONE',  ( -2.105911024599909975, -7.779393097267150559, -3.919620838745569991 ) ) ;
#7708 = ADVANCED_FACE ( 'NONE', ( #698 ), #3711, .T. ) ;
#7709 = DIRECTION ( 'NONE',  ( -1.000000000000000000, 0.000000000000000000, -1.334402673828309888E-16 ) ) ;
#7710 = CARTESIAN_POINT ( 'NONE',  ( -12.20000000000000107, -6.150000000000000355, 0.5500000000000000444 ) ) ;
#7711 = CARTESIAN_POINT ( 'NONE',  ( -11.42331369735220115, 3.250000000000000000, -2.350685701326800547 ) ) ;
#7712 = EDGE_CURVE ( 'NONE', #7945, #5876, #9227, .T. ) ;
#7713 = DIRECTION ( 'NONE',  ( 0.000000000000000000, 0.000000000000000000, 1.000000000000000000 ) ) ;
#7714 = VERTEX_POINT ( 'NONE', #8578 ) ;
#7715 = VERTEX_POINT ( 'NONE', #1741 ) ;
#7716 =( BOUNDED_CURVE ( )  B_SPLINE_CURVE ( 3, ( #7413, #724, #2806, #3682 ),
 .UNSPECIFIED., .F., .F. ) 
 B_SPLINE_CURVE_WITH_KNOTS ( ( 4, 4 ),
 ( 1.789957306930654956E-31, 1.247455392501577887 ),
 .UNSPECIFIED. ) 
 CURVE ( )  GEOMETRIC_REPRESENTATION_ITEM ( )  RATIONAL_B_SPLINE_CURVE ( ( 1.000000000000000000, 0.8744712562549585844, 0.8744712562549585844, 1.000000000000000000 ) ) 
 REPRESENTATION_ITEM ( '' )  );
#7717 = ORIENTED_EDGE ( 'NONE', *, *, #5678, .T. ) ;
#7718 = DIRECTION ( 'NONE',  ( 0.1169059789102745300, 0.000000000000000000, -0.9931429867320367144 ) ) ;
#7719 = CARTESIAN_POINT ( 'NONE',  ( -4.895814636122127084, -4.649999999999999467, -0.2499968850281130139 ) ) ;
#7720 = PLANE ( 'NONE',  #6871 ) ;
#7721 = CIRCLE ( 'NONE', #5198, 1.250000000000000222 ) ;
#7722 = CARTESIAN_POINT ( 'NONE',  ( 6.700000000000000178, -8.673617379884039416E-16, -2.250000000000000000 ) ) ;
#7723 = CARTESIAN_POINT ( 'NONE',  ( -2.700000000000000178, -3.950000000000000178, 3.500000000000000000 ) ) ;
#7724 = ORIENTED_EDGE ( 'NONE', *, *, #6, .T. ) ;
#7725 = EDGE_LOOP ( 'NONE', ( #5566, #8179, #3622, #4202 ) ) ;
#7726 = EDGE_LOOP ( 'NONE', ( #1430, #3373, #6791 ) ) ;
#7727 = VECTOR ( 'NONE', #3871, 999.9999999999998863 ) ;
#7728 = ORIENTED_EDGE ( 'NONE', *, *, #6421, .F. ) ;
#7729 = ADVANCED_FACE ( 'NONE', ( #4757 ), #996, .T. ) ;
#7730 = DIRECTION ( 'NONE',  ( 0.000000000000000000, -1.000000000000000000, 0.000000000000000000 ) ) ;
#7731 = PERSON_AND_ORGANIZATION_ROLE ( 'design_owner' ) ;
#7732 = VECTOR ( 'NONE', #8445, 1000.000000000000000 ) ;
#7733 = FACE_OUTER_BOUND ( 'NONE', #9638, .T. ) ;
#7734 = DIRECTION ( 'NONE',  ( 0.000000000000000000, -1.000000000000000000, 1.836970198721029688E-16 ) ) ;
#7735 = CARTESIAN_POINT ( 'NONE',  ( 3.299999999999999822, 3.950000000000000178, -2.600000000000000089 ) ) ;
#7736 = FACE_OUTER_BOUND ( 'NONE', #7084, .T. ) ;
#7737 = DIRECTION ( 'NONE',  ( -0.9931429867320364924, 0.000000000000000000, -0.1169059789102759456 ) ) ;
#7738 = EDGE_LOOP ( 'NONE', ( #8908, #9281, #834, #8426 ) ) ;
#7739 = VERTEX_POINT ( 'NONE', #4108 ) ;
#7740 = EDGE_CURVE ( 'NONE', #7254, #2434, #673, .T. ) ;
#7741 = ADVANCED_FACE ( 'NONE', ( #4806 ), #1051, .T. ) ;
#7742 = CARTESIAN_POINT ( 'NONE',  ( 9.500000000000000000, -5.000000000000000000, 0.000000000000000000 ) ) ;
#7743 = CARTESIAN_POINT ( 'NONE',  ( -5.023295839892003123, 4.749803308500213817, 0.05000000000001006417 ) ) ;
#7744 = CIRCLE ( 'NONE', #3933, 0.02695589875264907398 ) ;
#7745 = CARTESIAN_POINT ( 'NONE',  ( 6.700000000000000178, -8.673617379884039416E-16, 0.000000000000000000 ) ) ;
#7746 = VECTOR ( 'NONE', #9127, 1000.000000000000000 ) ;
#7747 = CARTESIAN_POINT ( 'NONE',  ( 3.299999999999999822, 3.950000000000000178, 0.5500000000000180300 ) ) ;
#7748 = FACE_OUTER_BOUND ( 'NONE', #334, .T. ) ;
#7749 = VECTOR ( 'NONE', #5708, 1000.000000000000000 ) ;
#7750 = DIRECTION ( 'NONE',  ( 1.000000000000000000, 0.000000000000000000, 0.000000000000000000 ) ) ;
#7751 = DIRECTION ( 'NONE',  ( 1.000000000000000000, 0.000000000000000000, 0.000000000000000000 ) ) ;
#7752 = VECTOR ( 'NONE', #3134, 1000.000000000000000 ) ;
#7753 = ORIENTED_EDGE ( 'NONE', *, *, #3350, .T. ) ;
#7754 = ORIENTED_EDGE ( 'NONE', *, *, #6663, .T. ) ;
#7755 = DIRECTION ( 'NONE',  ( 1.000000000000000000, 0.000000000000000000, 0.000000000000000000 ) ) ;
#7756 = CARTESIAN_POINT ( 'NONE',  ( 2.550000000000000266, -11.90000000000000036, 1.350000000000000089 ) ) ;
#7757 = VECTOR ( 'NONE', #8955, 1000.000000000000000 ) ;
#7758 = DIRECTION ( 'NONE',  ( -1.000000000000000000, -9.149931283457379075E-17, 9.343242246769421254E-16 ) ) ;
#7759 = DIRECTION ( 'NONE',  ( -0.9670826766655238327, 0.000000000000000000, 0.2544623675387890360 ) ) ;
#7760 = CARTESIAN_POINT ( 'NONE',  ( 3.299999999999999822, 3.950000000000000178, 1.350000000000020073 ) ) ;
#7761 = ADVANCED_FACE ( 'NONE', ( #7736 ), #5271, .T. ) ;
#7763 = EDGE_CURVE ( 'NONE', #4418, #2963, #5402, .T. ) ;
#7762 = ORIENTED_EDGE ( 'NONE', *, *, #9532, .T. ) ;
#7764 = ORIENTED_EDGE ( 'NONE', *, *, #4083, .F. ) ;
#7765 = ORIENTED_EDGE ( 'NONE', *, *, #6455, .F. ) ;
#7766 = CARTESIAN_POINT ( 'NONE',  ( -11.52314109194260006, 3.248415947012090133, -2.449999999999999734 ) ) ;
#7767 = EDGE_CURVE ( 'NONE', #782, #8573, #5451, .T. ) ;
#7768 = CARTESIAN_POINT ( 'NONE',  ( -6.359745509654959328, -4.649999999999999467, -1.905327628688650021 ) ) ;
#7769 = CARTESIAN_POINT ( 'NONE',  ( 6.628285685708569908, 7.500000000000000000, -4.000000000000000000 ) ) ;
#7770 = DIRECTION ( 'NONE',  ( -1.000000000000000000, 0.000000000000000000, 0.000000000000000000 ) ) ;
#7771 = CARTESIAN_POINT ( 'NONE',  ( -4.898978868267030329, -4.750000000000000000, -0.9999902100883649725 ) ) ;
#7772 = VERTEX_POINT ( 'NONE', #8438 ) ;
#7773 = ORIENTED_EDGE ( 'NONE', *, *, #1416, .T. ) ;
#7774 = VERTEX_POINT ( 'NONE', #8491 ) ;
#7775 = ORIENTED_EDGE ( 'NONE', *, *, #7767, .F. ) ;
#7776 = ORIENTED_EDGE ( 'NONE', *, *, #7917, .F. ) ;
#7777 = LINE ( 'NONE', #9218, #2922 ) ;
#7778 = EDGE_CURVE ( 'NONE', #8839, #7099, #7130, .T. ) ;
#7779 = B_SPLINE_CURVE_WITH_KNOTS ( 'NONE', 3,
 ( #2489, #8447, #957, #1650, #9330, #6253, #7043, #5321, #6995, #5512, #9141, #8539, #1007, #259, #8497, #850, #6204, #55 ),
 .UNSPECIFIED., .F., .F.,
 ( 4, 1, 2, 2, 1, 2, 2, 2, 2, 4 ),
 ( 0.000000000000000000, 0.1249999999999982514, 0.1874999999999989730, 0.2499999999999997224, 0.3749999999999995004, 0.4374999999999988898, 0.4999999999999982236, 0.6249999999999993339, 0.7500000000000004441, 1.000000000000000000 ),
 .UNSPECIFIED. ) ;
#7780 = CARTESIAN_POINT ( 'NONE',  ( 11.25000000000000000, 5.000000000000000000, -1.499999999999999778 ) ) ;
#7781 = PLANE ( 'NONE',  #723 ) ;
#7782 = LINE ( 'NONE', #4007, #5291 ) ;
#7783 = DIRECTION ( 'NONE',  ( -1.000000000000000000, -5.551115123125729701E-17, -9.387283644590649326E-16 ) ) ;
#7784 = DIRECTION ( 'NONE',  ( 0.004218976193206252362, 0.000000000000000000, 0.9999911000803363148 ) ) ;
#7785 = ORIENTED_EDGE ( 'NONE', *, *, #6760, .T. ) ;
#7786 = ORIENTED_EDGE ( 'NONE', *, *, #8526, .F. ) ;
#7787 = LOCAL_TIME ( 11, 54, 56.00000000000000000, #4753 ) ;
#7788 = VECTOR ( 'NONE', #8731, 1000.000000000000000 ) ;
#7789 = CIRCLE ( 'NONE', #8586, 2.000000000000000000 ) ;
#7790 = PLANE ( 'NONE',  #6056 ) ;
#7791 = DIRECTION ( 'NONE',  ( 3.675261601645779967E-17, 0.000000000000000000, 1.000000000000000000 ) ) ;
#7792 = DIRECTION ( 'NONE',  ( 1.000000000000000000, 0.000000000000000000, 0.000000000000000000 ) ) ;
#7793 = EDGE_CURVE ( 'NONE', #1198, #3786, #154, .T. ) ;
#7794 = CARTESIAN_POINT ( 'NONE',  ( -4.402064153926899870, 4.750000000000000000, -1.272466285438830003 ) ) ;
#7795 = DIRECTION ( 'NONE',  ( 1.000000000000000000, 0.000000000000000000, 0.000000000000000000 ) ) ;
#7796 = EDGE_CURVE ( 'NONE', #5485, #599, #7157, .T. ) ;
#7797 = CIRCLE ( 'NONE', #3508, 2.499999999999999556 ) ;
#7798 = FACE_OUTER_BOUND ( 'NONE', #8695, .T. ) ;
#7799 = CARTESIAN_POINT ( 'NONE',  ( -0.6999999999999999556, -4.799999999999999822, -0.8499999999999999778 ) ) ;
#7800 = AXIS2_PLACEMENT_3D ( 'NONE', #3141, #6569, #3038 ) ;
#7801 = ORIENTED_EDGE ( 'NONE', *, *, #1200, .T. ) ;
#7802 = ORIENTED_EDGE ( 'NONE', *, *, #8768, .F. ) ;
#7803 = ORIENTED_EDGE ( 'NONE', *, *, #8652, .F. ) ;
#7804 = FACE_OUTER_BOUND ( 'NONE', #5533, .T. ) ;
#7805 = CARTESIAN_POINT ( 'NONE',  ( -0.6999999999999999556, 6.200000000000000178, 0.000000000000000000 ) ) ;
#7806 = AXIS2_PLACEMENT_3D ( 'NONE', #2539, #3564, #2141 ) ;
#7807 = CARTESIAN_POINT ( 'NONE',  ( -9.199999999999999289, 4.286263797015740046E-16, 4.000000000000000000 ) ) ;
#7808 = CARTESIAN_POINT ( 'NONE',  ( 1.050000000000000044, -11.90000000000000036, 1.350000000000000089 ) ) ;
#7809 = CARTESIAN_POINT ( 'NONE',  ( 1.599999999999999867, -4.055919436618319697E-16, 2.600000000000000089 ) ) ;
#7810 = ORIENTED_EDGE ( 'NONE', *, *, #9572, .T. ) ;
#7811 = ORIENTED_EDGE ( 'NONE', *, *, #3216, .F. ) ;
#7812 = ORIENTED_EDGE ( 'NONE', *, *, #8802, .F. ) ;
#7813 = DIRECTION ( 'NONE',  ( 0.000000000000000000, 0.000000000000000000, 1.000000000000000000 ) ) ;
#7814 = EDGE_CURVE ( 'NONE', #5360, #7065, #7882, .T. ) ;
#7815 = DIRECTION ( 'NONE',  ( -1.000000000000000000, 0.000000000000000000, 0.000000000000000000 ) ) ;
#7816 = CARTESIAN_POINT ( 'NONE',  ( -4.898978868267030329, -3.250000000000000000, -0.9999902100883649725 ) ) ;
#7817 = LINE ( 'NONE', #4046, #4138 ) ;
#7818 = DIRECTION ( 'NONE',  ( -0.2462931838462591727, 0.000000000000000000, 0.9691953712182456160 ) ) ;
#7820 = ORIENTED_EDGE ( 'NONE', *, *, #3927, .F. ) ;
#7819 = VECTOR ( 'NONE', #8876, 1000.000000000000000 ) ;
#7821 = ORIENTED_EDGE ( 'NONE', *, *, #8351, .T. ) ;
#7822 = ORIENTED_EDGE ( 'NONE', *, *, #4067, .T. ) ;
#7823 = EDGE_CURVE ( 'NONE', #3233, #2576, #6337, .T. ) ;
#7824 = VERTEX_POINT ( 'NONE', #9369 ) ;
#7825 = AXIS2_PLACEMENT_3D ( 'NONE', #633, #2867, #3744 ) ;
#7826 = ORIENTED_EDGE ( 'NONE', *, *, #7935, .T. ) ;
#7827 = DIRECTION ( 'NONE',  ( 9.387283644590649326E-16, 8.725142821606440391E-16, -1.000000000000000000 ) ) ;
#7828 = APPROVAL_STATUS ( 'not_yet_approved' ) ;
#7829 = VECTOR ( 'NONE', #8627, 1000.000000000000000 ) ;
#7830 = EDGE_CURVE ( 'NONE', #1607, #7611, #2425, .T. ) ;
#7831 = VECTOR ( 'NONE', #40, 1000.000000000000000 ) ;
#7832 = FACE_OUTER_BOUND ( 'NONE', #5497, .T. ) ;
#7833 = VECTOR ( 'NONE', #1289, 1000.000000000000000 ) ;
#7834 = DIRECTION ( 'NONE',  ( 0.000000000000000000, -1.000000000000000000, 0.000000000000000000 ) ) ;
#7835 = CYLINDRICAL_SURFACE ( 'NONE', #1972, 1.250000000000000000 ) ;
#7836 = ORIENTED_EDGE ( 'NONE', *, *, #5890, .T. ) ;
#7837 = VECTOR ( 'NONE', #7871, 1000.000000000000000 ) ;
#7838 = ADVANCED_FACE ( 'NONE', ( #2571 ), #7690, .T. ) ;
#7839 = ORIENTED_EDGE ( 'NONE', *, *, #2725, .T. ) ;
#7840 = EDGE_LOOP ( 'NONE', ( #5088, #6141, #3185, #6964 ) ) ;
#7841 = AXIS2_PLACEMENT_3D ( 'NONE', #6867, #7015, #3202 ) ;
#7842 = CC_DESIGN_PERSON_AND_ORGANIZATION_ASSIGNMENT ( #1782, #941, ( #5724 ) ) ;
#7843 = CARTESIAN_POINT ( 'NONE',  ( 1.600000000000000089, -3.950000000000000178, -2.600000000000000089 ) ) ;
#7844 = CARTESIAN_POINT ( 'NONE',  ( -4.677741943181173312, -4.724805043089585155, 0.04999999999999578393 ) ) ;
#7845 = DIRECTION ( 'NONE',  ( 0.9931429867320367144, 0.000000000000000000, 0.1169059789102749741 ) ) ;
#7846 = VECTOR ( 'NONE', #3036, 1000.000000000000000 ) ;
#7847 = DIRECTION ( 'NONE',  ( 1.656580215914899728E-16, 0.000000000000000000, -1.000000000000000000 ) ) ;
#7848 = DIRECTION ( 'NONE',  ( -1.741690236924499901E-16, 0.000000000000000000, 1.000000000000000000 ) ) ;
#7849 = DIRECTION ( 'NONE',  ( 0.000000000000000000, 1.000000000000000000, 0.000000000000000000 ) ) ;
#7850 = CARTESIAN_POINT ( 'NONE',  ( 3.510499752500829906, -7.769467990127299828, -3.926640469107379960 ) ) ;
#7851 = VECTOR ( 'NONE', #3469, 1000.000000000000000 ) ;
#7852 = ORIENTED_EDGE ( 'NONE', *, *, #6672, .T. ) ;
#7853 = VERTEX_POINT ( 'NONE', #9276 ) ;
#7854 = ORIENTED_EDGE ( 'NONE', *, *, #7712, .T. ) ;
#7855 = ADVANCED_FACE ( 'NONE', ( #6193 ), #1695, .F. ) ;
#7856 = LINE ( 'NONE', #2692, #9242 ) ;
#7857 = DIRECTION ( 'NONE',  ( -0.8660254037844387076, -0.4999999999999998890, -1.249219751954890073E-15 ) ) ;
#7858 = CARTESIAN_POINT ( 'NONE',  ( 3.299999999999999822, 6.183526011560689817, -2.067919075144479812 ) ) ;
#7859 = CARTESIAN_POINT ( 'NONE',  ( -11.42331369735220115, 3.250000000000000000, -2.350685701326800547 ) ) ;
#7860 = DIRECTION ( 'NONE',  ( 2.025682080082079925E-16, -1.000000000000000000, -8.725142821606440391E-16 ) ) ;
#7861 = VECTOR ( 'NONE', #2569, 1000.000000000000000 ) ;
#7862 = ORIENTED_EDGE ( 'NONE', *, *, #8442, .F. ) ;
#7863 = ORIENTED_EDGE ( 'NONE', *, *, #3344, .T. ) ;
#7864 = ADVANCED_FACE ( 'NONE', ( #8531 ), #1094, .F. ) ;
#7865 = EDGE_CURVE ( 'NONE', #8037, #1918, #6584, .T. ) ;
#7866 = ORIENTED_EDGE ( 'NONE', *, *, #9220, .F. ) ;
#7867 = CARTESIAN_POINT ( 'NONE',  ( -1.449999999999999956, -3.550000000000000266, 3.500000000000000000 ) ) ;
#7868 = EDGE_LOOP ( 'NONE', ( #2274, #3951, #4157, #9137 ) ) ;
#7869 = DIRECTION ( 'NONE',  ( 0.000000000000000000, 8.725142821606440391E-16, -1.000000000000000000 ) ) ;
#7870 = FACE_BOUND ( 'NONE', #5828, .T. ) ;
#7871 = DIRECTION ( 'NONE',  ( -5.464591506921780946E-31, 1.000000000000000000, 9.856383386231849706E-16 ) ) ;
#7872 = CARTESIAN_POINT ( 'NONE',  ( 9.500000000000000000, -5.000000000000000000, -4.000000000000000000 ) ) ;
#7873 = ORIENTED_EDGE ( 'NONE', *, *, #1469, .T. ) ;
#7874 = ORIENTED_EDGE ( 'NONE', *, *, #2339, .T. ) ;
#7875 = EDGE_LOOP ( 'NONE', ( #5590, #4348, #4383, #9741, #3269 ) ) ;
#7876 = VERTEX_POINT ( 'NONE', #2771 ) ;
#7877 = VERTEX_POINT ( 'NONE', #5749 ) ;
#7878 = DIRECTION ( 'NONE',  ( -9.343242246769421254E-16, 0.000000000000000000, -1.000000000000000000 ) ) ;
#7879 = DIRECTION ( 'NONE',  ( 0.000000000000000000, 0.000000000000000000, -1.000000000000000000 ) ) ;
#7880 = CARTESIAN_POINT ( 'NONE',  ( 2.200000000000000178, 8.900000000000000355, 1.800000000000000044 ) ) ;
#7881 = AXIS2_PLACEMENT_3D ( 'NONE', #3922, #2538, #57 ) ;
#7882 = LINE ( 'NONE', #4059, #6682 ) ;
#7883 = DIRECTION ( 'NONE',  ( -3.675261601645779967E-17, 0.000000000000000000, -1.000000000000000000 ) ) ;
#7884 = EDGE_LOOP ( 'NONE', ( #3452, #8114, #6232, #4797 ) ) ;
#7885 = EDGE_LOOP ( 'NONE', ( #1308, #6956, #3119, #1932 ) ) ;
#7886 = ORIENTED_EDGE ( 'NONE', *, *, #4089, .F. ) ;
#7887 = ADVANCED_FACE ( 'NONE', ( #2075 ), #6484, .F. ) ;
#7888 = AXIS2_PLACEMENT_3D ( 'NONE', #1275, #7315, #4391 ) ;
#7889 = FACE_OUTER_BOUND ( 'NONE', #2809, .T. ) ;
#7890 = CARTESIAN_POINT ( 'NONE',  ( 3.299999999999999822, 3.950000000000000178, -3.649999999999999911 ) ) ;
#7891 = EDGE_CURVE ( 'NONE', #7222, #5793, #7177, .T. ) ;
#7892 = CARTESIAN_POINT ( 'NONE',  ( 6.200000000000000178, -8.000000000000000000, 0.000000000000000000 ) ) ;
#7893 = PLANE ( 'NONE',  #9431 ) ;
#7894 = DIRECTION ( 'NONE',  ( 1.334402673828309888E-16, 0.000000000000000000, -1.000000000000000000 ) ) ;
#7895 = DIRECTION ( 'NONE',  ( 0.000000000000000000, 0.000000000000000000, 1.000000000000000000 ) ) ;
#7896 = PLANE ( 'NONE',  #3234 ) ;
#7897 = AXIS2_PLACEMENT_3D ( 'NONE', #4125, #9340, #4830 ) ;
#7898 = ORIENTED_EDGE ( 'NONE', *, *, #3216, .T. ) ;
#7899 = ORIENTED_EDGE ( 'NONE', *, *, #4916, .F. ) ;
#7900 = ORIENTED_EDGE ( 'NONE', *, *, #9546, .F. ) ;
#7901 = DIRECTION ( 'NONE',  ( -1.000000000000000000, 0.000000000000000000, 0.000000000000000000 ) ) ;
#7902 = CARTESIAN_POINT ( 'NONE',  ( 0.7726186979342600791, 7.502152352691820347, -3.999996525281980020 ) ) ;
#7903 = DIRECTION ( 'NONE',  ( 1.365923996832129884E-16, 0.000000000000000000, -1.000000000000000000 ) ) ;
#7904 = ADVANCED_FACE ( 'NONE', ( #2030 ), #5802, .F. ) ;
#7905 = CARTESIAN_POINT ( 'NONE',  ( -5.145272052113280203, 4.649999999999999467, 0.01920516112986990140 ) ) ;
#7906 = CARTESIAN_POINT ( 'NONE',  ( -5.145272052113280203, 3.250000000000000000, 0.01920516112986990140 ) ) ;
#7907 = EDGE_CURVE ( 'NONE', #4968, #3029, #8262, .T. ) ;
#7908 = AXIS2_PLACEMENT_3D ( 'NONE', #1468, #3734, #2210 ) ;
#7909 = ORIENTED_EDGE ( 'NONE', *, *, #1831, .F. ) ;
#7910 = ORIENTED_EDGE ( 'NONE', *, *, #2785, .F. ) ;
#7911 = EDGE_LOOP ( 'NONE', ( #5172, #2552, #1213 ) ) ;
#7912 = CARTESIAN_POINT ( 'NONE',  ( 3.700000000000000178, 3.550000000000000266, 1.649999999999999911 ) ) ;
#7913 = FACE_OUTER_BOUND ( 'NONE', #7911, .T. ) ;
#7914 = LINE ( 'NONE', #327, #5579 ) ;
#7915 = ADVANCED_FACE ( 'NONE', ( #3551 ), #2669, .T. ) ;
#7916 = CARTESIAN_POINT ( 'NONE',  ( -2.700000000000000178, 1.224646799147349904E-15, -2.700000000000000178 ) ) ;
#7917 = EDGE_CURVE ( 'NONE', #241, #3641, #9612, .T. ) ;
#7918 = CYLINDRICAL_SURFACE ( 'NONE', #1657, 0.6499999999999996891 ) ;
#7919 = ORIENTED_EDGE ( 'NONE', *, *, #1123, .T. ) ;
#7920 = ORIENTED_EDGE ( 'NONE', *, *, #6794, .F. ) ;
#7921 = EDGE_LOOP ( 'NONE', ( #457, #5996, #8932, #4982 ) ) ;
#7922 = ORIENTED_EDGE ( 'NONE', *, *, #9592, .F. ) ;
#7923 = VECTOR ( 'NONE', #6803, 1000.000000000000114 ) ;
#7924 = ORIENTED_EDGE ( 'NONE', *, *, #2278, .T. ) ;
#7925 = DIRECTION ( 'NONE',  ( -1.000000000000000000, 0.000000000000000000, 0.000000000000000000 ) ) ;
#7926 = DIRECTION ( 'NONE',  ( 1.365923996832129884E-16, 0.000000000000000000, -1.000000000000000000 ) ) ;
#7927 = DIRECTION ( 'NONE',  ( 3.675261601645779967E-17, 0.000000000000000000, 1.000000000000000000 ) ) ;
#7928 = CARTESIAN_POINT ( 'NONE',  ( 10.80000000000000071, -5.000000000000000000, 0.000000000000000000 ) ) ;
#7929 = DIRECTION ( 'NONE',  ( -1.365923996832129884E-16, 0.000000000000000000, 1.000000000000000000 ) ) ;
#7930 = ORIENTED_EDGE ( 'NONE', *, *, #4399, .T. ) ;
#7931 = ORIENTED_EDGE ( 'NONE', *, *, #6299, .F. ) ;
#7932 = CARTESIAN_POINT ( 'NONE',  ( 1.807518844340070041, -1.699999999999999956, -6.505213034913029562E-16 ) ) ;
#7933 = DIRECTION ( 'NONE',  ( 0.000000000000000000, 0.000000000000000000, 1.000000000000000000 ) ) ;
#7934 = DIRECTION ( 'NONE',  ( -0.000000000000000000, 1.000000000000000000, 0.000000000000000000 ) ) ;
#7935 = EDGE_CURVE ( 'NONE', #3494, #5969, #1929, .T. ) ;
#7936 = ADVANCED_FACE ( 'NONE', ( #3598 ), #5048, .F. ) ;
#7937 = CARTESIAN_POINT ( 'NONE',  ( 2.899999999999999911, -2.700000000000000178, 2.850000000000000089 ) ) ;
#7938 = PLANE ( 'NONE',  #9467 ) ;
#7939 = DIRECTION ( 'NONE',  ( 1.000000000000000000, 0.000000000000000000, -9.540979117872440991E-16 ) ) ;
#7940 = AXIS2_PLACEMENT_3D ( 'NONE', #9765, #6681, #9715 ) ;
#7941 = CARTESIAN_POINT ( 'NONE',  ( 10.69999999999999929, -6.000000000000000000, 0.000000000000000000 ) ) ;
#7942 = AXIS2_PLACEMENT_3D ( 'NONE', #3803, #7630, #945 ) ;
#7943 = VECTOR ( 'NONE', #5278, 1000.000000000000000 ) ;
#7944 = EDGE_CURVE ( 'NONE', #9676, #5143, #6729, .T. ) ;
#7945 = VERTEX_POINT ( 'NONE', #6435 ) ;
#7946 = ORIENTED_EDGE ( 'NONE', *, *, #989, .F. ) ;
#7947 = LINE ( 'NONE', #414, #460 ) ;
#7948 = DIRECTION ( 'NONE',  ( 0.1169059789102828151, 0.000000000000000000, -0.9931429867320357152 ) ) ;
#7949 = DIRECTION ( 'NONE',  ( 0.000000000000000000, 0.000000000000000000, -1.000000000000000000 ) ) ;
#7950 = LINE ( 'NONE', #1163, #1589 ) ;
#7951 = AXIS2_PLACEMENT_3D ( 'NONE', #1897, #7849, #263 ) ;
#7952 = EDGE_CURVE ( 'NONE', #7853, #6130, #7789, .T. ) ;
#7953 = ORIENTED_EDGE ( 'NONE', *, *, #1951, .F. ) ;
#7954 = AXIS2_PLACEMENT_3D ( 'NONE', #8928, #9671, #2880 ) ;
#7955 = CARTESIAN_POINT ( 'NONE',  ( -5.299999999999999822, 1.543054966925661723E-15, 4.000000000000000000 ) ) ;
#7956 = CARTESIAN_POINT ( 'NONE',  ( -4.894549081312812078, -3.163395424712505122, 0.04999940599232582938 ) ) ;
#7957 = ORIENTED_EDGE ( 'NONE', *, *, #162, .T. ) ;
#7958 = EDGE_CURVE ( 'NONE', #2008, #6174, #6359, .T. ) ;
#7959 = DIRECTION ( 'NONE',  ( -2.927845397290890110E-16, -1.000000000000000000, 0.000000000000000000 ) ) ;
#7960 = DIRECTION ( 'NONE',  ( -1.000000000000000000, 0.000000000000000000, 0.000000000000000000 ) ) ;
#7961 = DIRECTION ( 'NONE',  ( 0.8660254037844387076, 0.4999999999999998890, 1.249219751954890073E-15 ) ) ;
#7962 = CARTESIAN_POINT ( 'NONE',  ( -2.084305967624889622, 7.825875356476331035, -3.885618546575519971 ) ) ;
#7963 = AXIS2_PLACEMENT_3D ( 'NONE', #1642, #9420, #4658 ) ;
#7964 = CARTESIAN_POINT ( 'NONE',  ( -11.51977278891389922, -3.241110373904149800, -2.500000000000000000 ) ) ;
#7965 = VECTOR ( 'NONE', #7643, 1000.000000000000000 ) ;
#7966 = VERTEX_POINT ( 'NONE', #2717 ) ;
#7967 = VERTEX_POINT ( 'NONE', #3503 ) ;
#7968 = ORIENTED_EDGE ( 'NONE', *, *, #9794, .F. ) ;
#7969 = VERTEX_POINT ( 'NONE', #8678 ) ;
#7970 = ORIENTED_EDGE ( 'NONE', *, *, #6726, .T. ) ;
#7971 = DIRECTION ( 'NONE',  ( 1.334402673828309888E-16, 0.000000000000000000, -1.000000000000000000 ) ) ;
#7972 = VERTEX_POINT ( 'NONE', #7928 ) ;
#7973 = EDGE_CURVE ( 'NONE', #1186, #1596, #984, .T. ) ;
#7974 = VECTOR ( 'NONE', #5522, 1000.000000000000000 ) ;
#7975 = APPROVAL_DATE_TIME ( #6527, #6084 ) ;
#7976 = EDGE_CURVE ( 'NONE', #2095, #8790, #9216, .T. ) ;
#7977 = CIRCLE ( 'NONE', #5763, 1.699999999999999956 ) ;
#7978 = CARTESIAN_POINT ( 'NONE',  ( 9.500000000000000000, -5.000000000000000000, -1.500000000000000000 ) ) ;
#7979 = DIRECTION ( 'NONE',  ( -1.776356839400249824E-16, 0.000000000000000000, 1.000000000000000000 ) ) ;
#7980 = CARTESIAN_POINT ( 'NONE',  ( -4.635857748931030642, 4.744032548946300665, 0.05000000000001050826 ) ) ;
#7981 = LINE ( 'NONE', #393, #5449 ) ;
#7982 = ORIENTED_EDGE ( 'NONE', *, *, #7096, .T. ) ;
#7983 = VECTOR ( 'NONE', #2327, 1000.000000000000000 ) ;
#7984 = EDGE_LOOP ( 'NONE', ( #2822, #5427, #9193, #4723 ) ) ;
#7985 = ORIENTED_EDGE ( 'NONE', *, *, #7740, .F. ) ;
#7986 = VECTOR ( 'NONE', #5450, 1000.000000000000000 ) ;
#7987 = DIRECTION ( 'NONE',  ( -9.343242246769421254E-16, 2.294126247091830304E-15, -1.000000000000000000 ) ) ;
#7988 = AXIS2_PLACEMENT_3D ( 'NONE', #765, #3777, #3824 ) ;
#7989 = EDGE_CURVE ( 'NONE', #3613, #9371, #2247, .T. ) ;
#7990 = TOROIDAL_SURFACE ( 'NONE', #4023, 1.000000000000000000, 0.1000000000000000056 ) ;
#7991 = CARTESIAN_POINT ( 'NONE',  ( -2.799489434133520138, -3.149999999999999911, -2.500000000000000000 ) ) ;
#7992 = CARTESIAN_POINT ( 'NONE',  ( -6.371436107545989991, -4.750000000000000000, -1.806013330015449947 ) ) ;
#7993 = DIRECTION ( 'NONE',  ( 1.000000000000000000, 0.000000000000000000, 0.000000000000000000 ) ) ;
#7994 = VECTOR ( 'NONE', #6122, 1000.000000000000000 ) ;
#7995 = DIRECTION ( 'NONE',  ( -0.000000000000000000, 1.000000000000000000, 0.000000000000000000 ) ) ;
#7996 = AXIS2_PLACEMENT_3D ( 'NONE', #2416, #3793, #6823 ) ;
#7997 = CARTESIAN_POINT ( 'NONE',  ( -5.153097676478189726, 4.744817917622470738, 0.05000000000001000172 ) ) ;
#7998 = CARTESIAN_POINT ( 'NONE',  ( -0.8000000000000000444, -8.900000000000000355, 0.000000000000000000 ) ) ;
#7999 = VECTOR ( 'NONE', #6635, 1000.000000000000000 ) ;
#8000 = ORIENTED_EDGE ( 'NONE', *, *, #7468, .T. ) ;
#8001 = EDGE_CURVE ( 'NONE', #4323, #7382, #1461, .T. ) ;
#8002 = ORIENTED_EDGE ( 'NONE', *, *, #2006, .T. ) ;
#8003 = ORIENTED_EDGE ( 'NONE', *, *, #6761, .F. ) ;
#8004 = VECTOR ( 'NONE', #6496, 1000.000000000000000 ) ;
#8005 = DIRECTION ( 'NONE',  ( 0.000000000000000000, -3.404146536317930089E-32, -1.000000000000000000 ) ) ;
#8006 = VECTOR ( 'NONE', #4033, 1000.000000000000000 ) ;
#8007 = AXIS2_PLACEMENT_3D ( 'NONE', #1234, #7174, #5743 ) ;
#8008 = DIRECTION ( 'NONE',  ( -1.000000000000000000, 0.000000000000000000, 0.000000000000000000 ) ) ;
#8009 = CARTESIAN_POINT ( 'NONE',  ( 3.771714314291430004, -7.500000000000000000, -4.000000000000000000 ) ) ;
#8010 = PLANE ( 'NONE',  #7444 ) ;
#8011 = ADVANCED_FACE ( 'NONE', ( #832 ), #4545, .T. ) ;
#8012 = VECTOR ( 'NONE', #3707, 1000.000000000000000 ) ;
#8013 = ORIENTED_EDGE ( 'NONE', *, *, #739, .F. ) ;
#8014 = EDGE_CURVE ( 'NONE', #1328, #2612, #9759, .T. ) ;
#8015 = ORIENTED_EDGE ( 'NONE', *, *, #2045, .T. ) ;
#8016 = CARTESIAN_POINT ( 'NONE',  ( -9.199999999999999289, 4.286263797015740046E-16, -2.700000000000000178 ) ) ;
#8017 = AXIS2_PLACEMENT_3D ( 'NONE', #732, #4401, #4543 ) ;
#8018 = PLANE ( 'NONE',  #2056 ) ;
#8019 = FACE_OUTER_BOUND ( 'NONE', #6220, .T. ) ;
#8020 = EDGE_CURVE ( 'NONE', #6770, #1212, #2716, .T. ) ;
#8021 = PLANE ( 'NONE',  #33 ) ;
#8022 = DIRECTION ( 'NONE',  ( -2.169805097108462272E-30, -1.000000000000000000, -2.322928174600330322E-15 ) ) ;
#8023 = CARTESIAN_POINT ( 'NONE',  ( 2.299999999999999822, -4.055919436618319697E-16, 2.600000000000000089 ) ) ;
#8024 = ORIENTED_EDGE ( 'NONE', *, *, #2573, .T. ) ;
#8025 = ORIENTED_EDGE ( 'NONE', *, *, #761, .T. ) ;
#8026 = VERTEX_POINT ( 'NONE', #3062 ) ;
#8027 = ORIENTED_EDGE ( 'NONE', *, *, #1135, .T. ) ;
#8028 = ORIENTED_EDGE ( 'NONE', *, *, #2277, .T. ) ;
#8029 = CARTESIAN_POINT ( 'NONE',  ( 0.4000000000000000222, 8.000000000000000000, 1.800000000000000044 ) ) ;
#8030 = APPROVAL_STATUS ( 'not_yet_approved' ) ;
#8031 = EDGE_CURVE ( 'NONE', #8298, #3997, #8176, .T. ) ;
#8032 = DIRECTION ( 'NONE',  ( 1.000000000000000000, 0.000000000000000000, 1.365923996832129884E-16 ) ) ;
#8033 = LINE ( 'NONE', #2619, #8777 ) ;
#8034 = DIRECTION ( 'NONE',  ( 0.000000000000000000, -1.000000000000000000, 0.000000000000000000 ) ) ;
#8035 = CARTESIAN_POINT ( 'NONE',  ( -11.47402114982909893, -4.649999999999999467, -2.000189061875230045 ) ) ;
#8036 = EDGE_CURVE ( 'NONE', #5372, #6245, #7524, .T. ) ;
#8037 = VERTEX_POINT ( 'NONE', #2326 ) ;
#8038 = ORIENTED_EDGE ( 'NONE', *, *, #9249, .T. ) ;
#8039 = CARTESIAN_POINT ( 'NONE',  ( -5.165803741279989758, -4.705232633034410306, 0.04999999999999619332 ) ) ;
#8040 = LINE ( 'NONE', #9475, #3464 ) ;
#8041 = FACE_OUTER_BOUND ( 'NONE', #3457, .T. ) ;
#8042 = LINE ( 'NONE', #2041, #4844 ) ;
#8043 = DIRECTION ( 'NONE',  ( 0.9691953712182476144, 0.000000000000000000, 0.2462931838462509293 ) ) ;
#8044 = CARTESIAN_POINT ( 'NONE',  ( -12.69999999999999929, -3.100000000000000089, -0.8499999999999999778 ) ) ;
#8045 = CARTESIAN_POINT ( 'NONE',  ( 0.4000000000000000222, -8.000000000000000000, -4.410313921974930168E-17 ) ) ;
#8046 = EDGE_CURVE ( 'NONE', #2869, #1697, #7309, .T. ) ;
#8047 = EDGE_CURVE ( 'NONE', #8522, #6877, #3743, .T. ) ;
#8048 = AXIS2_PLACEMENT_3D ( 'NONE', #9202, #7713, #2315 ) ;
#8049 = ORIENTED_EDGE ( 'NONE', *, *, #7814, .T. ) ;
#8050 = ORIENTED_EDGE ( 'NONE', *, *, #4978, .T. ) ;
#8051 = EDGE_LOOP ( 'NONE', ( #5767, #3255, #6318, #9509 ) ) ;
#8052 = LINE ( 'NONE', #8096, #3458 ) ;
#8053 = CARTESIAN_POINT ( 'NONE',  ( 2.050000000000000266, -4.349999999999999645, 2.850000000000000089 ) ) ;
#8054 = VECTOR ( 'NONE', #8291, 1000.000000000000000 ) ;
#8055 = FACE_OUTER_BOUND ( 'NONE', #4229, .T. ) ;
#8056 = CARTESIAN_POINT ( 'NONE',  ( 2.550000000000000266, -11.90000000000000036, 0.5499999999999870548 ) ) ;
#8057 = VERTEX_POINT ( 'NONE', #4594 ) ;
#8058 = ORIENTED_EDGE ( 'NONE', *, *, #516, .T. ) ;
#8059 = ORIENTED_EDGE ( 'NONE', *, *, #4096, .F. ) ;
#8060 = CARTESIAN_POINT ( 'NONE',  ( -11.56022376417530140, -4.649999999999999467, -1.660970681948839900 ) ) ;
#8061 = CARTESIAN_POINT ( 'NONE',  ( 6.078267593286840409, -9.622294280808849880E-16, 1.800000000000000044 ) ) ;
#8062 = PLANE ( 'NONE',  #5053 ) ;
#8063 = VECTOR ( 'NONE', #8756, 1000.000000000000000 ) ;
#8064 = FACE_OUTER_BOUND ( 'NONE', #9169, .T. ) ;
#8065 = ADVANCED_FACE ( 'NONE', ( #4403 ), #3695, .T. ) ;
#8066 = CARTESIAN_POINT ( 'NONE',  ( 3.299999999999999822, -3.950000000000000178, -2.600000000000000089 ) ) ;
#8067 = AXIS2_PLACEMENT_3D ( 'NONE', #1823, #3392, #7869 ) ;
#8068 = CARTESIAN_POINT ( 'NONE',  ( -6.359745509654959328, 4.750000000000000000, -1.813620284639837488 ) ) ;
#8069 = ORIENTED_EDGE ( 'NONE', *, *, #7401, .F. ) ;
#8070 = ORIENTED_EDGE ( 'NONE', *, *, #336, .F. ) ;
#8071 = ORIENTED_EDGE ( 'NONE', *, *, #5253, .F. ) ;
#8072 = ORIENTED_EDGE ( 'NONE', *, *, #2335, .F. ) ;
#8073 = ADVANCED_FACE ( 'NONE', ( #2271 ), #5948, .F. ) ;
#8074 = CYLINDRICAL_SURFACE ( 'NONE', #8007, 1.250000000000000000 ) ;
#8075 = VECTOR ( 'NONE', #1613, 1000.000000000000000 ) ;
#8076 = LINE ( 'NONE', #1980, #3111 ) ;
#8077 = PLANE ( 'NONE',  #1662 ) ;
#8078 = DIRECTION ( 'NONE',  ( 0.000000000000000000, 1.000000000000000000, 0.000000000000000000 ) ) ;
#8079 = CARTESIAN_POINT ( 'NONE',  ( 5.200000000000000178, -8.900000000000000355, -4.000000000000000000 ) ) ;
#8080 = AXIS2_PLACEMENT_3D ( 'NONE', #7711, #5574, #6913 ) ;
#8081 = VERTEX_POINT ( 'NONE', #5201 ) ;
#8082 = ORIENTED_EDGE ( 'NONE', *, *, #4787, .F. ) ;
#8083 = EDGE_CURVE ( 'NONE', #383, #8273, #8269, .T. ) ;
#8084 = PLANE ( 'NONE',  #2135 ) ;
#8085 = DIRECTION ( 'NONE',  ( -0.2462931838462505130, 0.000000000000000000, 0.9691953712182477254 ) ) ;
#8086 = DIRECTION ( 'NONE',  ( 2.927845397290890110E-16, 1.000000000000000000, 1.110223024625160090E-15 ) ) ;
#8087 = FACE_OUTER_BOUND ( 'NONE', #3738, .T. ) ;
#8088 = CARTESIAN_POINT ( 'NONE',  ( -11.41203626710519892, 3.246560529304809872, -2.449999999999999734 ) ) ;
#8089 = CARTESIAN_POINT ( 'NONE',  ( 2.899999999999999911, -4.349999999999999645, 1.649999999999999911 ) ) ;
#8090 = CARTESIAN_POINT ( 'NONE',  ( -3.884271928232700066, -4.349999999999999645, 3.500000000000000000 ) ) ;
#8091 = CARTESIAN_POINT ( 'NONE',  ( 3.299999999999999822, -3.950000000000000178, -3.149999999999999911 ) ) ;
#8092 = ORIENTED_EDGE ( 'NONE', *, *, #7599, .F. ) ;
#8093 = VERTEX_POINT ( 'NONE', #6775 ) ;
#8094 = ORIENTED_EDGE ( 'NONE', *, *, #2100, .T. ) ;
#8095 = VERTEX_POINT ( 'NONE', #9659 ) ;
#8096 = CARTESIAN_POINT ( 'NONE',  ( -5.169901370497909099, -3.250000000000000000, 0.06612469825171000959 ) ) ;
#8097 = EDGE_CURVE ( 'NONE', #4561, #936, #3794, .T. ) ;
#8098 = EDGE_CURVE ( 'NONE', #8874, #4587, #2866, .T. ) ;
#8099 = CARTESIAN_POINT ( 'NONE',  ( -11.46738209570190037, -4.649999999999999467, -2.026314594173330264 ) ) ;
#8100 = CARTESIAN_POINT ( 'NONE',  ( -1.449999999999999956, -3.550000000000000266, 3.950000000000000178 ) ) ;
#8101 = DIRECTION ( 'NONE',  ( 0.9691953712182477254, 0.000000000000000000, 0.2462931838462509571 ) ) ;
#8102 = DIRECTION ( 'NONE',  ( -0.9878995680665040302, 0.000000000000000000, 0.1550949496728210031 ) ) ;
#8103 = ORIENTED_EDGE ( 'NONE', *, *, #216, .T. ) ;
#8104 = AXIS2_PLACEMENT_3D ( 'NONE', #6909, #2451, #7755 ) ;
#8105 = LOCAL_TIME ( 11, 54, 56.00000000000000000, #1977 ) ;
#8106 = DIRECTION ( 'NONE',  ( -1.365923996832129884E-16, 0.000000000000000000, 1.000000000000000000 ) ) ;
#8107 = DIRECTION ( 'NONE',  ( 0.000000000000000000, 0.000000000000000000, 1.000000000000000000 ) ) ;
#8108 = CIRCLE ( 'NONE', #3820, 2.000000000000000000 ) ;
#8109 = DIRECTION ( 'NONE',  ( 1.000000000000000000, 0.000000000000000000, 0.000000000000000000 ) ) ;
#8110 = CARTESIAN_POINT ( 'NONE',  ( 6.400000000000000355, -8.000000000000000000, -3.500000000000000000 ) ) ;
#8111 = DIRECTION ( 'NONE',  ( 0.000000000000000000, 0.000000000000000000, 1.000000000000000000 ) ) ;
#8112 = DIRECTION ( 'NONE',  ( -1.000000000000000000, 0.000000000000000000, 3.675261601645779967E-17 ) ) ;
#8113 = CARTESIAN_POINT ( 'NONE',  ( -6.359745509654959328, 4.649999999999999467, -1.855327628688660191 ) ) ;
#8114 = ORIENTED_EDGE ( 'NONE', *, *, #5668, .F. ) ;
#8115 = ORIENTED_EDGE ( 'NONE', *, *, #516, .F. ) ;
#8116 = ORIENTED_EDGE ( 'NONE', *, *, #6868, .F. ) ;
#8117 = VECTOR ( 'NONE', #3924, 1000.000000000000000 ) ;
#8118 = EDGE_LOOP ( 'NONE', ( #9386, #5820 ) ) ;
#8119 = ORIENTED_EDGE ( 'NONE', *, *, #6862, .F. ) ;
#8120 = DIRECTION ( 'NONE',  ( -1.277972526117299718E-16, -1.000000000000000000, -1.110223024625160090E-15 ) ) ;
#8121 = VECTOR ( 'NONE', #6838, 1000.000000000000000 ) ;
#8122 = LINE ( 'NONE', #1335, #5003 ) ;
#8123 = CARTESIAN_POINT ( 'NONE',  ( -2.299999999999999822, -4.349999999999999645, 3.950000000000000178 ) ) ;
#8124 = EDGE_CURVE ( 'NONE', #3151, #4012, #4446, .T. ) ;
#8125 = CARTESIAN_POINT ( 'NONE',  ( -4.768838349046008673, 4.749735908381363281, 0.05000000000001032091 ) ) ;
#8126 = LINE ( 'NONE', #8970, #1813 ) ;
#8127 = EDGE_LOOP ( 'NONE', ( #9363, #8190, #9041, #5349 ) ) ;
#8128 = ORIENTED_EDGE ( 'NONE', *, *, #1318, .F. ) ;
#8129 = DIRECTION ( 'NONE',  ( 1.309956946228516012E-15, 0.000000000000000000, 1.000000000000000000 ) ) ;
#8130 = EDGE_CURVE ( 'NONE', #5102, #3566, #6512, .T. ) ;
#8131 = CARTESIAN_POINT ( 'NONE',  ( 0.8026661346009449360, 7.573611609484670382, -3.999535118193980221 ) ) ;
#8132 = CARTESIAN_POINT ( 'NONE',  ( 10.69999999999999929, 6.000000000000000000, -3.500000000000000000 ) ) ;
#8133 = CARTESIAN_POINT ( 'NONE',  ( -12.20000000000000107, -6.150000000000000355, 0.5500000000000000444 ) ) ;
#8134 = FACE_OUTER_BOUND ( 'NONE', #275, .T. ) ;
#8135 = CARTESIAN_POINT ( 'NONE',  ( -4.898978868267030329, -3.149999999999999911, -0.9999902100883649725 ) ) ;
#8136 = ADVANCED_FACE ( 'NONE', ( #2418 ), #9211, .T. ) ;
#8137 = DIRECTION ( 'NONE',  ( 0.000000000000000000, -1.000000000000000000, 0.000000000000000000 ) ) ;
#8138 = CARTESIAN_POINT ( 'NONE',  ( 7.750000000000000000, 5.000000000000000000, -1.500000000000000222 ) ) ;
#8139 = VECTOR ( 'NONE', #7580, 1000.000000000000000 ) ;
#8140 = ORIENTED_EDGE ( 'NONE', *, *, #2932, .F. ) ;
#8141 = AXIS2_PLACEMENT_3D ( 'NONE', #4283, #5680, #7308 ) ;
#8142 = CC_DESIGN_PERSON_AND_ORGANIZATION_ASSIGNMENT ( #1635, #7731, ( #5459 ) ) ;
#8143 = ORIENTED_EDGE ( 'NONE', *, *, #203, .T. ) ;
#8144 = ORIENTED_EDGE ( 'NONE', *, *, #1618, .F. ) ;
#8145 = ORIENTED_EDGE ( 'NONE', *, *, #6920, .F. ) ;
#8146 = AXIS2_PLACEMENT_3D ( 'NONE', #138, #3116, #2375 ) ;
#8147 = DIRECTION ( 'NONE',  ( 3.128579780658979875E-16, -9.970989681626198491E-16, 1.000000000000000000 ) ) ;
#8148 = CIRCLE ( 'NONE', #4661, 1.350000000000000533 ) ;
#8149 = DIRECTION ( 'NONE',  ( -0.2462931838462505130, 0.000000000000000000, 0.9691953712182477254 ) ) ;
#8150 = CARTESIAN_POINT ( 'NONE',  ( 1.050000000000000044, -7.900000000000000355, 1.350000000000000089 ) ) ;
#8151 = CIRCLE ( 'NONE', #8470, 0.3769558987526491212 ) ;
#8152 = VECTOR ( 'NONE', #144, 1000.000000000000000 ) ;
#8153 = LINE ( 'NONE', #6605, #4358 ) ;
#8154 = DIRECTION ( 'NONE',  ( 0.000000000000000000, 0.5780173407803390617, -0.8160244811016550415 ) ) ;
#8155 = EDGE_CURVE ( 'NONE', #5693, #5102, #6279, .T. ) ;
#8156 = TOROIDAL_SURFACE ( 'NONE', #4667, 0.7500000000000000000, 0.1000000000000000056 ) ;
#8157 = CIRCLE ( 'NONE', #3868, 1.350000000000000089 ) ;
#8158 = ORIENTED_EDGE ( 'NONE', *, *, #2607, .T. ) ;
#8159 = AXIS2_PLACEMENT_3D ( 'NONE', #4042, #4691, #132 ) ;
#8160 = PLANE ( 'NONE',  #8452 ) ;
#8161 = CYLINDRICAL_SURFACE ( 'NONE', #6710, 1.749999999999999778 ) ;
#8162 = FACE_OUTER_BOUND ( 'NONE', #2906, .T. ) ;
#8163 = FACE_OUTER_BOUND ( 'NONE', #7738, .T. ) ;
#8164 = VECTOR ( 'NONE', #4412, 1000.000000000000114 ) ;
#8165 = CARTESIAN_POINT ( 'NONE',  ( -3.100000000000000089, 5.134271928232699622, 3.500000000000000000 ) ) ;
#8166 = FACE_OUTER_BOUND ( 'NONE', #8362, .T. ) ;
#8167 = ORIENTED_EDGE ( 'NONE', *, *, #1620, .T. ) ;
#8169 = ORIENTED_EDGE ( 'NONE', *, *, #5642, .F. ) ;
#8168 = EDGE_CURVE ( 'NONE', #9301, #9630, #6181, .T. ) ;
#8170 = EDGE_CURVE ( 'NONE', #5126, #3497, #2336, .T. ) ;
#8171 = ORIENTED_EDGE ( 'NONE', *, *, #6813, .T. ) ;
#8172 = ORIENTED_EDGE ( 'NONE', *, *, #913, .T. ) ;
#8173 = AXIS2_PLACEMENT_3D ( 'NONE', #3852, #8529, #4707 ) ;
#8174 = DIRECTION ( 'NONE',  ( -0.1169059789102745300, 0.000000000000000000, 0.9931429867320367144 ) ) ;
#8175 = VECTOR ( 'NONE', #4640, 1000.000000000000000 ) ;
#8176 = LINE ( 'NONE', #6040, #6991 ) ;
#8177 = CARTESIAN_POINT ( 'NONE',  ( -11.58485308255990098, 4.649999999999999467, -1.514051144827030182 ) ) ;
#8178 = EDGE_LOOP ( 'NONE', ( #9604, #3359 ) ) ;
#8179 = ORIENTED_EDGE ( 'NONE', *, *, #6252, .T. ) ;
#8180 = CARTESIAN_POINT ( 'NONE',  ( -5.083698756151719955, -3.250000000000000000, -0.2730936816746800111 ) ) ;
#8181 = CARTESIAN_POINT ( 'NONE',  ( -3.100000000000000089, -2.700000000000000178, 3.950000000000000178 ) ) ;
#8182 = FACE_OUTER_BOUND ( 'NONE', #2688, .T. ) ;
#8183 = CARTESIAN_POINT ( 'NONE',  ( 3.299999999999999822, 3.950000000000000178, 1.800000000000000044 ) ) ;
#8184 = DIRECTION ( 'NONE',  ( 0.000000000000000000, 9.970989681626198491E-16, -1.000000000000000000 ) ) ;
#8185 = LINE ( 'NONE', #4513, #1496 ) ;
#8186 = CARTESIAN_POINT ( 'NONE',  ( 10.69999999999999929, 7.500000000000000000, -4.000000000000000000 ) ) ;
#8187 = CARTESIAN_POINT ( 'NONE',  ( -2.299999999999999822, -3.550000000000000266, 3.950000000000000178 ) ) ;
#8188 = EDGE_CURVE ( 'NONE', #5018, #106, #931, .T. ) ;
#8189 = ORIENTED_EDGE ( 'NONE', *, *, #6423, .F. ) ;
#8190 = ORIENTED_EDGE ( 'NONE', *, *, #6761, .T. ) ;
#8191 = EDGE_LOOP ( 'NONE', ( #9241, #9314, #737, #6572, #9065 ) ) ;
#8192 = EDGE_LOOP ( 'NONE', ( #5026, #2690, #1341, #3208 ) ) ;
#8193 = CARTESIAN_POINT ( 'NONE',  ( 4.549999999999999822, 4.349999999999999645, 2.850000000000000089 ) ) ;
#8194 = EDGE_CURVE ( 'NONE', #507, #3494, #7817, .T. ) ;
#8195 = CARTESIAN_POINT ( 'NONE',  ( 2.616011560693640270, 4.349999999999999645, 2.050924855491349952 ) ) ;
#8196 = CYLINDRICAL_SURFACE ( 'NONE', #1464, 1.250000000000000222 ) ;
#8197 = LINE ( 'NONE', #4426, #8947 ) ;
#8198 = DIRECTION ( 'NONE',  ( 0.000000000000000000, 0.000000000000000000, 1.000000000000000000 ) ) ;
#8199 = AXIS2_PLACEMENT_3D ( 'NONE', #1799, #4819, #3091 ) ;
#8200 = ORIENTED_EDGE ( 'NONE', *, *, #7917, .T. ) ;
#8201 = DIRECTION ( 'NONE',  ( -1.365923996832129884E-16, 0.000000000000000000, 1.000000000000000000 ) ) ;
#8202 = AXIS2_PLACEMENT_3D ( 'NONE', #2842, #362, #8149 ) ;
#8203 = EDGE_CURVE ( 'NONE', #7945, #3258, #6139, .T. ) ;
#8204 = CARTESIAN_POINT ( 'NONE',  ( -4.770981418386398332, 3.150237959857731251, 0.05000000000000871803 ) ) ;
#8205 = DIRECTION ( 'NONE',  ( 0.000000000000000000, -1.000000000000000000, -9.637352644315594750E-16 ) ) ;
#8206 = EDGE_CURVE ( 'NONE', #1867, #8311, #4644, .T. ) ;
#8207 = CARTESIAN_POINT ( 'NONE',  ( 3.299999999999999822, -3.950000000000000178, 1.350000000000000089 ) ) ;
#8208 = CARTESIAN_POINT ( 'NONE',  ( -1.450000000000000178, 3.950000000000000178, 4.000000000000000000 ) ) ;
#8209 = LINE ( 'NONE', #6716, #5621 ) ;
#8210 = CARTESIAN_POINT ( 'NONE',  ( -2.299999999999999822, -2.765728071767299845, 3.500000000000000000 ) ) ;
#8211 = VERTEX_POINT ( 'NONE', #7674 ) ;
#8212 = ORIENTED_EDGE ( 'NONE', *, *, #3972, .T. ) ;
#8213 = ORIENTED_EDGE ( 'NONE', *, *, #3594, .F. ) ;
#8214 = DIRECTION ( 'NONE',  ( 0.000000000000000000, -1.000000000000000000, -9.970989681626198491E-16 ) ) ;
#8215 = VECTOR ( 'NONE', #9584, 1000.000000000000000 ) ;
#8216 = AXIS2_PLACEMENT_3D ( 'NONE', #769, #2163, #5185 ) ;
#8217 = EDGE_CURVE ( 'NONE', #2957, #1406, #5575, .T. ) ;
#8218 = EDGE_CURVE ( 'NONE', #9029, #1472, #8108, .T. ) ;
#8219 = AXIS2_PLACEMENT_3D ( 'NONE', #7234, #2829, #5858 ) ;
#8220 = CARTESIAN_POINT ( 'NONE',  ( -0.6999999999999999556, 1.699999999999999956, 0.5500000000000000444 ) ) ;
#8221 = AXIS2_PLACEMENT_3D ( 'NONE', #3030, #3766, #9083 ) ;
#8222 = CARTESIAN_POINT ( 'NONE',  ( 3.700000000000000178, 4.349999999999999645, 1.649999999999999911 ) ) ;
#8223 = DIRECTION ( 'NONE',  ( 0.000000000000000000, -1.000000000000000000, 0.000000000000000000 ) ) ;
#8224 = DIRECTION ( 'NONE',  ( -1.365923996832129884E-16, 0.000000000000000000, 1.000000000000000000 ) ) ;
#8225 = EDGE_LOOP ( 'NONE', ( #9631, #9255, #6097, #2147 ) ) ;
#8226 = ORIENTED_EDGE ( 'NONE', *, *, #3040, .T. ) ;
#8227 = FACE_OUTER_BOUND ( 'NONE', #5362, .T. ) ;
#8228 = AXIS2_PLACEMENT_3D ( 'NONE', #8253, #814, #768 ) ;
#8229 = CARTESIAN_POINT ( 'NONE',  ( -0.6999999999999999556, -4.799999999999999822, -0.8499999999999999778 ) ) ;
#8230 = LINE ( 'NONE', #9716, #3156 ) ;
#8231 = CARTESIAN_POINT ( 'NONE',  ( -11.42331369735220115, -4.750000000000000000, -2.400685701326789712 ) ) ;
#8232 = CARTESIAN_POINT ( 'NONE',  ( 9.500000000000000000, -5.000000000000000000, -1.500000000000000000 ) ) ;
#8233 = CARTESIAN_POINT ( 'NONE',  ( 0.1999999999999879929, 6.200000000000000178, 1.350000000000020073 ) ) ;
#8234 = DIRECTION ( 'NONE',  ( -1.000000000000000000, 0.000000000000000000, 0.000000000000000000 ) ) ;
#8235 = CARTESIAN_POINT ( 'NONE',  ( -5.018581985029446635, -3.163194046482526556, 0.04999999999999760192 ) ) ;
#8236 = EDGE_LOOP ( 'NONE', ( #5203, #7724, #1899, #5027 ) ) ;
#8237 = ORIENTED_EDGE ( 'NONE', *, *, #9138, .T. ) ;
#8238 = ORIENTED_EDGE ( 'NONE', *, *, #9094, .F. ) ;
#8239 = AXIS2_PLACEMENT_3D ( 'NONE', #8800, #417, #7355 ) ;
#8240 = LINE ( 'NONE', #3573, #5211 ) ;
#8241 = EDGE_CURVE ( 'NONE', #9006, #4061, #3897, .T. ) ;
#8242 = DIRECTION ( 'NONE',  ( 0.000000000000000000, 0.000000000000000000, -1.000000000000000000 ) ) ;
#8243 = DIRECTION ( 'NONE',  ( 3.675261601645779967E-17, 0.000000000000000000, 1.000000000000000000 ) ) ;
#8244 = DIRECTION ( 'NONE',  ( 0.000000000000000000, -1.000000000000000000, 0.000000000000000000 ) ) ;
#8245 = CYLINDRICAL_SURFACE ( 'NONE', #9621, 1.250000000000000222 ) ;
#8246 = EDGE_LOOP ( 'NONE', ( #671, #1369, #3403, #2808 ) ) ;
#8247 = EDGE_CURVE ( 'NONE', #8327, #2551, #1682, .T. ) ;
#8248 = ORIENTED_EDGE ( 'NONE', *, *, #1666, .F. ) ;
#8249 = DIRECTION ( 'NONE',  ( -0.2544623675387871486, 0.000000000000000000, -0.9670826766655243878 ) ) ;
#8250 = CARTESIAN_POINT ( 'NONE',  ( -11.52272792429839932, -4.653439470695190927, -2.500000000000000000 ) ) ;
#8251 = EDGE_CURVE ( 'NONE', #4690, #2021, #9261, .T. ) ;
#8252 = DIRECTION ( 'NONE',  ( 0.000000000000000000, -1.000000000000000000, 0.000000000000000000 ) ) ;
#8253 = CARTESIAN_POINT ( 'NONE',  ( 6.200000000000000178, 6.150000000000000355, 0.05000000000002249867 ) ) ;
#8254 = PLANE ( 'NONE',  #4575 ) ;
#8255 = ADVANCED_FACE ( 'NONE', ( #6875 ), #979, .F. ) ;
#8256 = DIRECTION ( 'NONE',  ( 9.856383386231849706E-16, 9.856383386231849706E-16, -1.000000000000000000 ) ) ;
#8257 = VERTEX_POINT ( 'NONE', #5539 ) ;
#8258 = VERTEX_POINT ( 'NONE', #1773 ) ;
#8259 = ORIENTED_EDGE ( 'NONE', *, *, #4550, .F. ) ;
#8260 = AXIS2_PLACEMENT_3D ( 'NONE', #4263, #4867, #1059 ) ;
#8261 = ORIENTED_EDGE ( 'NONE', *, *, #5186, .T. ) ;
#8262 = CIRCLE ( 'NONE', #3649, 0.09999999999999997780 ) ;
#8263 = ORIENTED_EDGE ( 'NONE', *, *, #5429, .T. ) ;
#8264 = CYLINDRICAL_SURFACE ( 'NONE', #2302, 0.02695589875264907398 ) ;
#8265 = VECTOR ( 'NONE', #255, 1000.000000000000000 ) ;
#8266 = CARTESIAN_POINT ( 'NONE',  ( -2.700000000000000178, 1.224646799147349904E-15, -2.700000000000000178 ) ) ;
#8267 = DIRECTION ( 'NONE',  ( -3.675261601645779967E-17, 0.000000000000000000, -1.000000000000000000 ) ) ;
#8268 = CIRCLE ( 'NONE', #9692, 1.699999999999999956 ) ;
#8269 = LINE ( 'NONE', #632, #3983 ) ;
#8270 = PLANE ( 'NONE',  #9563 ) ;
#8271 = VERTEX_POINT ( 'NONE', #283 ) ;
#8272 = ORIENTED_EDGE ( 'NONE', *, *, #8098, .T. ) ;
#8273 = VERTEX_POINT ( 'NONE', #3115 ) ;
#8274 = ADVANCED_FACE ( 'NONE', ( #720 ), #7621, .T. ) ;
#8275 = ADVANCED_FACE ( 'NONE', ( #3826 ), #812, .F. ) ;
#8276 = CARTESIAN_POINT ( 'NONE',  ( -4.825520160104019851, 4.750000000000000000, -1.574038710486200143 ) ) ;
#8278 = AXIS2_PLACEMENT_3D ( 'NONE', #5064, #7390, #2043 ) ;
#8277 = CARTESIAN_POINT ( 'NONE',  ( -4.708132092612940411, -4.750000000000000000, -0.2746782025892200441 ) ) ;
#8279 = LINE ( 'NONE', #2229, #2993 ) ;
#8280 = CARTESIAN_POINT ( 'NONE',  ( -0.6999999999999999556, -5.200000000000000178, -0.8499999999999999778 ) ) ;
#8281 = DIRECTION ( 'NONE',  ( -9.343242246769421254E-16, 2.294126247091830304E-15, -1.000000000000000000 ) ) ;
#8282 = DIRECTION ( 'NONE',  ( 0.000000000000000000, -1.000000000000000000, 0.000000000000000000 ) ) ;
#8283 = DIRECTION ( 'NONE',  ( 0.000000000000000000, -1.000000000000000000, 0.000000000000000000 ) ) ;
#8284 = LINE ( 'NONE', #1493, #6724 ) ;
#8285 = ORIENTED_EDGE ( 'NONE', *, *, #2016, .T. ) ;
#8286 = ORIENTED_EDGE ( 'NONE', *, *, #9640, .T. ) ;
#8287 = AXIS2_PLACEMENT_3D ( 'NONE', #7592, #8398, #9234 ) ;
#8288 = EDGE_CURVE ( 'NONE', #4773, #611, #7628, .T. ) ;
#8289 = EDGE_LOOP ( 'NONE', ( #2236, #9458, #4699, #6042, #8344, #8285, #4679, #228, #7754, #8569, #1919, #1088 ) ) ;
#8290 = FACE_OUTER_BOUND ( 'NONE', #9553, .T. ) ;
#8291 = DIRECTION ( 'NONE',  ( -1.000000000000000000, 0.000000000000000000, -1.365923996832129884E-16 ) ) ;
#8292 = CARTESIAN_POINT ( 'NONE',  ( 0.000000000000000000, 8.000000000000000000, 0.000000000000000000 ) ) ;
#8293 = CARTESIAN_POINT ( 'NONE',  ( -11.58485308255990098, -3.149999999999999911, -1.564051144827020012 ) ) ;
#8294 = CARTESIAN_POINT ( 'NONE',  ( 7.000000000000000000, 1.699999999999999956, 0.5500000000000190292 ) ) ;
#8295 = CARTESIAN_POINT ( 'NONE',  ( -0.6999999999999999556, 3.100000000000000089, -2.449999999999999734 ) ) ;
#8296 = CIRCLE ( 'NONE', #4812, 0.09999999999999982514 ) ;
#8297 = VECTOR ( 'NONE', #9807, 1000.000000000000000 ) ;
#8298 = VERTEX_POINT ( 'NONE', #70 ) ;
#8299 = CARTESIAN_POINT ( 'NONE',  ( 9.500000000000000000, -5.000000000000000000, -1.500000000000000000 ) ) ;
#8300 = CIRCLE ( 'NONE', #2443, 6.487680633323429369 ) ;
#8301 = FACE_OUTER_BOUND ( 'NONE', #4826, .T. ) ;
#8302 = VECTOR ( 'NONE', #4600, 1000.000000000000000 ) ;
#8303 = CARTESIAN_POINT ( 'NONE',  ( -5.083698756151719955, 4.750000000000000000, -0.2230936816746900142 ) ) ;
#8304 = EDGE_CURVE ( 'NONE', #1918, #6307, #7454, .T. ) ;
#8305 = DIRECTION ( 'NONE',  ( 0.9670826766655243878, 0.000000000000000000, -0.2544623675387871486 ) ) ;
#8306 = CIRCLE ( 'NONE', #2447, 0.7500000000000000000 ) ;
#8307 = CARTESIAN_POINT ( 'NONE',  ( -11.56022376417530140, 3.149999999999999911, -1.610970681948850070 ) ) ;
#8308 = TOROIDAL_SURFACE ( 'NONE', #9575, 1.000000000000000000, 0.1000000000000000056 ) ;
#8309 = LINE ( 'NONE', #3829, #4881 ) ;
#8311 = VERTEX_POINT ( 'NONE', #3048 ) ;
#8310 = AXIS2_PLACEMENT_3D ( 'NONE', #6820, #5092, #5534 ) ;
#8313 = EDGE_CURVE ( 'NONE', #8801, #4041, #4582, .T. ) ;
#8312 = EDGE_LOOP ( 'NONE', ( #3461, #1383, #9593, #202, #8069, #8571 ) ) ;
#8314 = ORIENTED_EDGE ( 'NONE', *, *, #920, .F. ) ;
#8315 = ORIENTED_EDGE ( 'NONE', *, *, #5416, .F. ) ;
#8316 = ORIENTED_EDGE ( 'NONE', *, *, #7239, .T. ) ;
#8317 = CARTESIAN_POINT ( 'NONE',  ( 3.300000000000000266, -2.600000000000000533, 0.5500000000000015987 ) ) ;
#8318 = EDGE_CURVE ( 'NONE', #479, #4061, #9790, .T. ) ;
#8319 = VECTOR ( 'NONE', #2644, 1000.000000000000000 ) ;
#8320 = EDGE_CURVE ( 'NONE', #5143, #383, #8896, .T. ) ;
#8321 = CIRCLE ( 'NONE', #1512, 1.250000000000000222 ) ;
#8322 = CARTESIAN_POINT ( 'NONE',  ( -0.6999999999999999556, 5.599999999999999645, -0.8499999999999999778 ) ) ;
#8323 = FACE_OUTER_BOUND ( 'NONE', #3325, .T. ) ;
#8324 = DIRECTION ( 'NONE',  ( -1.000000000000000000, 0.000000000000000000, 0.000000000000000000 ) ) ;
#8325 = CARTESIAN_POINT ( 'NONE',  ( -3.637083961758269979, -3.149999999999999911, -0.1945831303232199994 ) ) ;
#8326 = EDGE_LOOP ( 'NONE', ( #8846, #7002, #1038, #6156, #7922 ) ) ;
#8327 = VERTEX_POINT ( 'NONE', #7554 ) ;
#8328 = VERTEX_POINT ( 'NONE', #9100 ) ;
#8329 = TOROIDAL_SURFACE ( 'NONE', #6411, 1.500000000000000000, 0.5000000000000000000 ) ;
#8330 = VERTEX_POINT ( 'NONE', #6911 ) ;
#8331 = DIRECTION ( 'NONE',  ( -0.000000000000000000, 1.000000000000000000, 0.000000000000000000 ) ) ;
#8332 = PLANE ( 'NONE',  #3033 ) ;
#8333 = ADVANCED_FACE ( 'NONE', ( #5929 ), #2994, .F. ) ;
#8334 = DIRECTION ( 'NONE',  ( -1.000000000000000000, 0.000000000000000000, 0.000000000000000000 ) ) ;
#8335 = CARTESIAN_POINT ( 'NONE',  ( 6.750000000000000000, -12.05000000000000071, 0.5500000000000000444 ) ) ;
#8336 = CIRCLE ( 'NONE', #1057, 0.09999999999999982514 ) ;
#8337 = EDGE_CURVE ( 'NONE', #3413, #8328, #6075, .T. ) ;
#8338 = DIRECTION ( 'NONE',  ( 9.387283644590649326E-16, 8.725142821606440391E-16, -1.000000000000000000 ) ) ;
#8339 = DIRECTION ( 'NONE',  ( -0.9670826766655243878, 0.000000000000000000, 0.2544623675387871486 ) ) ;
#8340 = DIRECTION ( 'NONE',  ( 0.000000000000000000, 0.000000000000000000, -1.000000000000000000 ) ) ;
#8341 = DIRECTION ( 'NONE',  ( 0.000000000000000000, 0.000000000000000000, 1.000000000000000000 ) ) ;
#8342 = ORIENTED_EDGE ( 'NONE', *, *, #3189, .T. ) ;
#8343 = ORIENTED_EDGE ( 'NONE', *, *, #8351, .F. ) ;
#8344 = ORIENTED_EDGE ( 'NONE', *, *, #8203, .T. ) ;
#8345 = CYLINDRICAL_SURFACE ( 'NONE', #4737, 0.02695589875264907398 ) ;
#8346 = FACE_OUTER_BOUND ( 'NONE', #6319, .T. ) ;
#8347 = CARTESIAN_POINT ( 'NONE',  ( -4.896236533741448405, -3.149999999999999911, -0.3499959950361466454 ) ) ;
#8348 = ADVANCED_FACE ( 'NONE', ( #664 ), #2310, .T. ) ;
#8349 = DIRECTION ( 'NONE',  ( 1.334402673828309888E-16, 0.000000000000000000, -1.000000000000000000 ) ) ;
#8350 = CARTESIAN_POINT ( 'NONE',  ( -12.69999999999999929, -5.200000000000000178, 0.000000000000000000 ) ) ;
#8351 = EDGE_CURVE ( 'NONE', #1646, #1596, #8411, .T. ) ;
#8352 = CYLINDRICAL_SURFACE ( 'NONE', #1316, 1.299999999999999156 ) ;
#8353 = ORIENTED_EDGE ( 'NONE', *, *, #2392, .F. ) ;
#8354 = ORIENTED_EDGE ( 'NONE', *, *, #9764, .T. ) ;
#8355 = CARTESIAN_POINT ( 'NONE',  ( 5.200000000000000178, -8.900000000000000355, -3.500000000000000000 ) ) ;
#8356 = CARTESIAN_POINT ( 'NONE',  ( -2.110499752649219740, 7.769467989803639618, 3.926640469313300574 ) ) ;
#8357 = DIRECTION ( 'NONE',  ( -1.656580215914899728E-16, 0.000000000000000000, 1.000000000000000000 ) ) ;
#8358 = LINE ( 'NONE', #1566, #3945 ) ;
#8359 = DIRECTION ( 'NONE',  ( 0.000000000000000000, 0.000000000000000000, 1.000000000000000000 ) ) ;
#8360 = VECTOR ( 'NONE', #2729, 1000.000000000000000 ) ;
#8361 = CARTESIAN_POINT ( 'NONE',  ( 2.200000000000000178, -8.900000000000000355, -3.500000000000000000 ) ) ;
#8362 = EDGE_LOOP ( 'NONE', ( #5914, #2465, #2357, #4636 ) ) ;
#8363 = ORIENTED_EDGE ( 'NONE', *, *, #9053, .T. ) ;
#8364 = CIRCLE ( 'NONE', #9782, 1.500000000000000000 ) ;
#8365 = VERTEX_POINT ( 'NONE', #7655 ) ;
#8366 = VERTEX_POINT ( 'NONE', #8303 ) ;
#8367 = FACE_BOUND ( 'NONE', #1864, .T. ) ;
#8368 = EDGE_CURVE ( 'NONE', #3591, #8093, #217, .T. ) ;
#8369 = VECTOR ( 'NONE', #9233, 1000.000000000000000 ) ;
#8370 = CARTESIAN_POINT ( 'NONE',  ( 6.200000000000000178, 6.200000000000000178, 0.000000000000000000 ) ) ;
#8371 = CARTESIAN_POINT ( 'NONE',  ( -4.733578329366819659, 3.250000000000000000, -0.3213864702557799879 ) ) ;
#8372 = CARTESIAN_POINT ( 'NONE',  ( -2.799489434133520138, 3.149999999999999911, -2.449999999999999734 ) ) ;
#8373 = FACE_OUTER_BOUND ( 'NONE', #6860, .T. ) ;
#8374 = ORIENTED_EDGE ( 'NONE', *, *, #5538, .F. ) ;
#8375 = VERTEX_POINT ( 'NONE', #8999 ) ;
#8376 = ORIENTED_EDGE ( 'NONE', *, *, #8564, .F. ) ;
#8377 = EDGE_CURVE ( 'NONE', #5168, #9339, #2207, .T. ) ;
#8378 = ORIENTED_EDGE ( 'NONE', *, *, #3130, .F. ) ;
#8379 = LINE ( 'NONE', #4452, #2454 ) ;
#8380 = CARTESIAN_POINT ( 'NONE',  ( -4.898978868267030329, 4.750000000000000000, -0.9499902100883750311 ) ) ;
#8381 = CARTESIAN_POINT ( 'NONE',  ( 6.200000000000000178, 6.150000000000000355, 0.5500000000000230260 ) ) ;
#8382 = DIRECTION ( 'NONE',  ( 6.377659838150020064E-17, 1.000000000000000000, 0.000000000000000000 ) ) ;
#8383 = DIRECTION ( 'NONE',  ( 3.675261601645779967E-17, 0.000000000000000000, 1.000000000000000000 ) ) ;
#8384 = CARTESIAN_POINT ( 'NONE',  ( -11.56022376417530140, -4.750000000000000000, -1.660970681948839900 ) ) ;
#8385 = CYLINDRICAL_SURFACE ( 'NONE', #3832, 0.09999999999999997780 ) ;
#8386 = DIRECTION ( 'NONE',  ( 3.675261601645779967E-17, 0.000000000000000000, 1.000000000000000000 ) ) ;
#8387 = VECTOR ( 'NONE', #5032, 1000.000000000000000 ) ;
#8388 = ORIENTED_EDGE ( 'NONE', *, *, #7952, .T. ) ;
#8389 = EDGE_CURVE ( 'NONE', #5430, #2517, #1890, .T. ) ;
#8390 = VECTOR ( 'NONE', #7532, 1000.000000000000000 ) ;
#8391 = EDGE_LOOP ( 'NONE', ( #506, #3161, #6024, #3220 ) ) ;
#8392 = ORIENTED_EDGE ( 'NONE', *, *, #881, .T. ) ;
#8393 = ORIENTED_EDGE ( 'NONE', *, *, #1764, .T. ) ;
#8394 = ORIENTED_EDGE ( 'NONE', *, *, #8124, .T. ) ;
#8395 = ADVANCED_FACE ( 'NONE', ( #7233 ), #8084, .F. ) ;
#8396 = DIRECTION ( 'NONE',  ( 0.000000000000000000, 0.000000000000000000, -1.000000000000000000 ) ) ;
#8397 = CARTESIAN_POINT ( 'NONE',  ( -0.2500000000000080491, 6.200000000000000178, 1.350000000000020073 ) ) ;
#8398 = DIRECTION ( 'NONE',  ( -0.8160244811016547084, 4.203552217315169332E-15, 0.5780173407803398389 ) ) ;
#8399 = EDGE_CURVE ( 'NONE', #1689, #1646, #687, .T. ) ;
#8400 = CARTESIAN_POINT ( 'NONE',  ( -11.46738209570190037, 4.649999999999999467, -2.103270492925989110 ) ) ;
#8401 = DIRECTION ( 'NONE',  ( 0.000000000000000000, 0.000000000000000000, -1.000000000000000000 ) ) ;
#8402 = LINE ( 'NONE', #759, #5895 ) ;
#8403 = DIRECTION ( 'NONE',  ( 0.000000000000000000, 0.000000000000000000, 1.000000000000000000 ) ) ;
#8404 = VECTOR ( 'NONE', #8509, 1000.000000000000000 ) ;
#8405 = EDGE_LOOP ( 'NONE', ( #6044, #2647, #822 ) ) ;
#8406 = VERTEX_POINT ( 'NONE', #1989 ) ;
#8407 = EDGE_CURVE ( 'NONE', #4839, #1339, #7671, .T. ) ;
#8408 = EDGE_CURVE ( 'NONE', #6460, #4850, #9518, .T. ) ;
#8409 = CARTESIAN_POINT ( 'NONE',  ( -12.69999999999999929, -6.200000000000000178, 0.5500000000000000444 ) ) ;
#8410 = CARTESIAN_POINT ( 'NONE',  ( -0.8000000000000000444, 8.900000000000000355, -4.000000000000000000 ) ) ;
#8411 = LINE ( 'NONE', #1611, #6398 ) ;
#8412 = DIRECTION ( 'NONE',  ( -1.000000000000000000, 0.000000000000000000, 0.000000000000000000 ) ) ;
#8413 = CYLINDRICAL_SURFACE ( 'NONE', #2533, 2.500000000000000000 ) ;
#8414 = CARTESIAN_POINT ( 'NONE',  ( -0.2500000000000080491, 6.200000000000000178, 1.350000000000020073 ) ) ;
#8415 = ORIENTED_EDGE ( 'NONE', *, *, #9356, .T. ) ;
#8416 = ORIENTED_EDGE ( 'NONE', *, *, #7273, .F. ) ;
#8417 = VERTEX_POINT ( 'NONE', #8728 ) ;
#8418 = CARTESIAN_POINT ( 'NONE',  ( 2.299999999999999822, -4.055919436618319697E-16, 1.800000000000000044 ) ) ;
#8419 = VECTOR ( 'NONE', #3704, 1000.000000000000000 ) ;
#8420 = CARTESIAN_POINT ( 'NONE',  ( 5.000000000000000000, 3.950000000000000178, 0.000000000000000000 ) ) ;
#8421 = CARTESIAN_POINT ( 'NONE',  ( 6.400000000000000355, 8.000000000000000000, -3.558691488331600095 ) ) ;
#8422 = CIRCLE ( 'NONE', #338, 0.5000000000000000000 ) ;
#8423 = CARTESIAN_POINT ( 'NONE',  ( -4.474903985908541770, 3.170788475267746431, 0.05000000000000900252 ) ) ;
#8424 = CARTESIAN_POINT ( 'NONE',  ( 5.651664818918639810, -4.798335181081359480, 1.350000000000000089 ) ) ;
#8425 = ORIENTED_EDGE ( 'NONE', *, *, #7543, .F. ) ;
#8426 = ORIENTED_EDGE ( 'NONE', *, *, #2946, .T. ) ;
#8427 = ORIENTED_EDGE ( 'NONE', *, *, #6316, .F. ) ;
#8428 = AXIS2_PLACEMENT_3D ( 'NONE', #7616, #7424, #2125 ) ;
#8429 = ORIENTED_EDGE ( 'NONE', *, *, #6563, .F. ) ;
#8430 = LINE ( 'NONE', #4650, #6237 ) ;
#8431 = CIRCLE ( 'NONE', #3341, 0.1000000000000000056 ) ;
#8432 = CIRCLE ( 'NONE', #7951, 1.000000000000000000 ) ;
#8433 = LINE ( 'NONE', #9353, #4900 ) ;
#8434 = EDGE_CURVE ( 'NONE', #4012, #5090, #4213, .T. ) ;
#8435 = DIRECTION ( 'NONE',  ( 0.000000000000000000, 0.000000000000000000, 1.000000000000000000 ) ) ;
#8436 = DIRECTION ( 'NONE',  ( 0.000000000000000000, 0.000000000000000000, -1.000000000000000000 ) ) ;
#8437 = DIRECTION ( 'NONE',  ( 6.684682762690817893E-17, -1.000000000000000000, -2.272792139314878256E-15 ) ) ;
#8438 = CARTESIAN_POINT ( 'NONE',  ( 3.700000000000000178, 3.550000000000000266, 1.649999999999999911 ) ) ;
#8439 = DIRECTION ( 'NONE',  ( 0.000000000000000000, 1.000000000000000000, 0.000000000000000000 ) ) ;
#8440 = ORIENTED_EDGE ( 'NONE', *, *, #1005, .F. ) ;
#8441 = ORIENTED_EDGE ( 'NONE', *, *, #8812, .T. ) ;
#8442 = EDGE_CURVE ( 'NONE', #331, #8659, #3331, .T. ) ;
#8443 = TOROIDAL_SURFACE ( 'NONE', #7806, 2.000000000000000000, 0.5000000000000000000 ) ;
#8444 = CYLINDRICAL_SURFACE ( 'NONE', #8546, 0.1000000000000000333 ) ;
#8445 = DIRECTION ( 'NONE',  ( -1.000000000000000000, 0.000000000000000000, 3.675261601645779967E-17 ) ) ;
#8446 = EDGE_CURVE ( 'NONE', #1768, #9158, #9474, .T. ) ;
#8447 = CARTESIAN_POINT ( 'NONE',  ( 0.3000000000000000444, 7.880196097281451095, 3.536176189843694750 ) ) ;
#8448 = CARTESIAN_POINT ( 'NONE',  ( -11.46738209570190037, 4.750000000000000000, -2.103270492925989110 ) ) ;
#8449 = LINE ( 'NONE', #1652, #3280 ) ;
#8450 = PLANE ( 'NONE',  #7001 ) ;
#8451 = CARTESIAN_POINT ( 'NONE',  ( -4.402064153926899870, -3.149999999999999911, -1.322466285438819833 ) ) ;
#8452 = AXIS2_PLACEMENT_3D ( 'NONE', #718, #8249, #4384 ) ;
#8453 = EDGE_LOOP ( 'NONE', ( #6507, #9204, #5553, #3899 ) ) ;
#8454 = EDGE_LOOP ( 'NONE', ( #5580, #2882, #1887, #8494 ) ) ;
#8455 = CARTESIAN_POINT ( 'NONE',  ( 0.2999999999999999889, -1.699999999999999956, 0.5500000000000000444 ) ) ;
#8456 = CARTESIAN_POINT ( 'NONE',  ( -2.005188171472939818, 7.989681027811370129, 3.616495914717519966 ) ) ;
#8457 = DIRECTION ( 'NONE',  ( -1.000000000000000000, 0.000000000000000000, 0.000000000000000000 ) ) ;
#8458 = CARTESIAN_POINT ( 'NONE',  ( -2.000000000000000000, -8.000000000000000000, 3.558691488176049855 ) ) ;
#8459 = CARTESIAN_POINT ( 'NONE',  ( -4.616776270830606599, 3.149999999999999023, -1.238757631197285214 ) ) ;
#8460 = EDGE_CURVE ( 'NONE', #9554, #8095, #8828, .T. ) ;
#8461 = PLANE ( 'NONE',  #9464 ) ;
#8462 = ORIENTED_EDGE ( 'NONE', *, *, #7331, .F. ) ;
#8463 = CIRCLE ( 'NONE', #1025, 1.250000000000000222 ) ;
#8464 = VERTEX_POINT ( 'NONE', #1344 ) ;
#8465 = CIRCLE ( 'NONE', #3692, 6.500000000000000000 ) ;
#8466 = VERTEX_POINT ( 'NONE', #7932 ) ;
#8467 = DIRECTION ( 'NONE',  ( 0.000000000000000000, -1.000000000000000000, 0.000000000000000000 ) ) ;
#8468 = AXIS2_PLACEMENT_3D ( 'NONE', #8023, #1228, #477 ) ;
#8469 = AXIS2_PLACEMENT_3D ( 'NONE', #7261, #3630, #9145 ) ;
#8470 = AXIS2_PLACEMENT_3D ( 'NONE', #4496, #1336, #1287 ) ;
#8471 = VECTOR ( 'NONE', #3211, 1000.000000000000000 ) ;
#8472 = DIRECTION ( 'NONE',  ( 1.000000000000000000, 0.000000000000000000, 0.000000000000000000 ) ) ;
#8473 = EDGE_CURVE ( 'NONE', #7461, #7969, #6872, .T. ) ;
#8474 = CARTESIAN_POINT ( 'NONE',  ( 3.700000000000000178, -3.550000000000000266, 1.649999999999999911 ) ) ;
#8475 = EDGE_CURVE ( 'NONE', #1144, #9181, #2036, .T. ) ;
#8476 = CARTESIAN_POINT ( 'NONE',  ( -4.376595962401235163, 3.206444150390550085, 0.05000000000000913436 ) ) ;
#8477 = DIRECTION ( 'NONE',  ( -1.000000000000000000, 4.250237838716940347E-31, -9.856383386231849706E-16 ) ) ;
#8478 = EDGE_LOOP ( 'NONE', ( #4799, #726, #3247, #4253 ) ) ;
#8479 = VERTEX_POINT ( 'NONE', #1934 ) ;
#8480 = ORIENTED_EDGE ( 'NONE', *, *, #6431, .T. ) ;
#8481 = ORIENTED_EDGE ( 'NONE', *, *, #279, .F. ) ;
#8482 = AXIS2_PLACEMENT_3D ( 'NONE', #7941, #1152, #4167 ) ;
#8483 = CARTESIAN_POINT ( 'NONE',  ( 4.389724735885169871, 1.699999999999999956, 1.350000000000020073 ) ) ;
#8484 = VECTOR ( 'NONE', #3921, 1000.000000000000000 ) ;
#8485 = VECTOR ( 'NONE', #8721, 1000.000000000000114 ) ;
#8486 = CARTESIAN_POINT ( 'NONE',  ( -4.644516500728250286, -3.250000000000000000, -0.03290753342284009897 ) ) ;
#8487 = CARTESIAN_POINT ( 'NONE',  ( 4.299999999999999822, -6.150000000000000355, 0.5499999999999929390 ) ) ;
#8488 = DIRECTION ( 'NONE',  ( 0.9931429867320367144, 0.000000000000000000, 0.1169059789102749741 ) ) ;
#8489 = LINE ( 'NONE', #8384, #3691 ) ;
#8490 = CIRCLE ( 'NONE', #5470, 0.09999999999999996392 ) ;
#8491 = CARTESIAN_POINT ( 'NONE',  ( -5.153097676478189726, 3.155182082377530062, 0.05000000000000850292 ) ) ;
#8492 = FACE_OUTER_BOUND ( 'NONE', #9302, .T. ) ;
#8493 = ORIENTED_EDGE ( 'NONE', *, *, #2797, .F. ) ;
#8494 = ORIENTED_EDGE ( 'NONE', *, *, #5918, .F. ) ;
#8495 = DIRECTION ( 'NONE',  ( 0.000000000000000000, -1.000000000000000000, 0.000000000000000000 ) ) ;
#8496 = CARTESIAN_POINT ( 'NONE',  ( 4.792481155659919168, -1.699999999999999956, -6.505213034913029562E-16 ) ) ;
#8497 = CARTESIAN_POINT ( 'NONE',  ( 0.2999999999999999889, 7.486602367807373426, 3.955202509814073508 ) ) ;
#8498 = ADVANCED_FACE ( 'NONE', ( #1243 ), #5855, .F. ) ;
#8499 = DIRECTION ( 'NONE',  ( 1.000000000000000000, 0.000000000000000000, 1.365923996832129884E-16 ) ) ;
#8500 = DIRECTION ( 'NONE',  ( 9.343242246769421254E-16, -2.294126247091830304E-15, 1.000000000000000000 ) ) ;
#8501 = LINE ( 'NONE', #8593, #4146 ) ;
#8502 = DIRECTION ( 'NONE',  ( 0.000000000000000000, -1.000000000000000000, 0.000000000000000000 ) ) ;
#8503 = EDGE_CURVE ( 'NONE', #5393, #8618, #2292, .T. ) ;
#8504 = ORIENTED_EDGE ( 'NONE', *, *, #6908, .T. ) ;
#8505 = DIRECTION ( 'NONE',  ( 1.000000000000000000, 0.000000000000000000, 0.000000000000000000 ) ) ;
#8506 = CARTESIAN_POINT ( 'NONE',  ( 1.807518844340070041, 1.699999999999999956, -6.505213034913029562E-16 ) ) ;
#8507 = DIRECTION ( 'NONE',  ( -1.000000000000000000, 0.000000000000000000, 0.000000000000000000 ) ) ;
#8508 = CARTESIAN_POINT ( 'NONE',  ( -4.733578329366819659, -4.649999999999999467, -0.3713864702557699848 ) ) ;
#8509 = DIRECTION ( 'NONE',  ( -5.551115123125809819E-17, 1.000000000000000000, 8.725142821606440391E-16 ) ) ;
#8510 = ORIENTED_EDGE ( 'NONE', *, *, #8288, .F. ) ;
#8511 = ADVANCED_FACE ( 'NONE', ( #6386 ), #9427, .T. ) ;
#8512 = ORIENTED_EDGE ( 'NONE', *, *, #3232, .F. ) ;
#8513 = ORIENTED_EDGE ( 'NONE', *, *, #2294, .T. ) ;
#8514 = DIRECTION ( 'NONE',  ( -0.5780173407803396168, 1.912554588140334419E-15, -0.8160244811016544864 ) ) ;
#8515 = DIRECTION ( 'NONE',  ( 0.000000000000000000, 0.000000000000000000, -1.000000000000000000 ) ) ;
#8516 = CARTESIAN_POINT ( 'NONE',  ( 6.442242581587169781, 7.914357045162370596, -3.786772012405879906 ) ) ;
#8517 = CIRCLE ( 'NONE', #4400, 2.600000000000000089 ) ;
#8518 = DIRECTION ( 'NONE',  ( 1.000000000000000000, 0.000000000000000000, 1.334402673828309888E-16 ) ) ;
#8519 = FACE_OUTER_BOUND ( 'NONE', #3316, .T. ) ;
#8520 = EDGE_LOOP ( 'NONE', ( #5336, #1462, #8144, #6223, #6597, #3953 ) ) ;
#8521 = VERTEX_POINT ( 'NONE', #6440 ) ;
#8522 = VERTEX_POINT ( 'NONE', #2675 ) ;
#8523 = CARTESIAN_POINT ( 'NONE',  ( -0.6999999999999999556, -2.700000000000000178, 0.000000000000000000 ) ) ;
#8524 = ADVANCED_FACE ( 'NONE', ( #8227 ), #1442, .T. ) ;
#8525 = CALENDAR_DATE ( 2023, 2, 7 ) ;
#8526 = EDGE_CURVE ( 'NONE', #8479, #8948, #8379, .T. ) ;
#8527 = CIRCLE ( 'NONE', #9788, 1.500000000000000000 ) ;
#8528 = CARTESIAN_POINT ( 'NONE',  ( -11.45385763461830209, 4.675365379185381087, -2.450000000000000178 ) ) ;
#8529 = DIRECTION ( 'NONE',  ( 0.000000000000000000, -1.000000000000000000, 0.000000000000000000 ) ) ;
#8530 = FACE_OUTER_BOUND ( 'NONE', #9056, .T. ) ;
#8531 = FACE_OUTER_BOUND ( 'NONE', #2067, .T. ) ;
#8532 = DIRECTION ( 'NONE',  ( 0.000000000000000000, -1.000000000000000000, 0.000000000000000000 ) ) ;
#8533 = VERTEX_POINT ( 'NONE', #2870 ) ;
#8534 = ORIENTED_EDGE ( 'NONE', *, *, #1018, .F. ) ;
#8535 = ORIENTED_EDGE ( 'NONE', *, *, #9520, .T. ) ;
#8536 = DIRECTION ( 'NONE',  ( 0.000000000000000000, 0.000000000000000000, -1.000000000000000000 ) ) ;
#8537 = CARTESIAN_POINT ( 'NONE',  ( -4.934400383151363201, 4.749999999520791327, 0.05000000000001016826 ) ) ;
#8538 = TOROIDAL_SURFACE ( 'NONE', #4254, 0.7500000000000000000, 0.1000000000000000056 ) ;
#8539 = CARTESIAN_POINT ( 'NONE',  ( 0.2999999999999999889, 7.625255306593452964, 3.888210818655966516 ) ) ;
#8540 = AXIS2_PLACEMENT_3D ( 'NONE', #4706, #2479, #5501 ) ;
#8541 = DIRECTION ( 'NONE',  ( 0.000000000000000000, -1.000000000000000000, 0.000000000000000000 ) ) ;
#8542 = PLANE ( 'NONE',  #7079 ) ;
#8543 = AXIS2_PLACEMENT_3D ( 'NONE', #8132, #4410, #2969 ) ;
#8544 = CARTESIAN_POINT ( 'NONE',  ( 5.200000000000000178, 8.900000000000000355, 1.800000000000000044 ) ) ;
#8545 = CARTESIAN_POINT ( 'NONE',  ( 3.628285685708569908, -7.500000000000000000, -4.000000000000000000 ) ) ;
#8546 = AXIS2_PLACEMENT_3D ( 'NONE', #2298, #6844, #5460 ) ;
#8547 = ORIENTED_EDGE ( 'NONE', *, *, #1916, .T. ) ;
#8548 = ORIENTED_EDGE ( 'NONE', *, *, #6735, .F. ) ;
#8549 = ADVANCED_FACE ( 'NONE', ( #1486 ), #6046, .F. ) ;
#8550 = DIRECTION ( 'NONE',  ( -0.8160244811016550415, 5.529596970073570267E-15, 0.5780173407803390617 ) ) ;
#8551 = CARTESIAN_POINT ( 'NONE',  ( -2.162999038591349787, -7.652073068334090955, -3.977798345675040093 ) ) ;
#8552 = AXIS2_PLACEMENT_3D ( 'NONE', #7256, #5784, #521 ) ;
#8553 = CARTESIAN_POINT ( 'NONE',  ( 5.533526011560690350, 3.950000000000000178, -2.067919075144479812 ) ) ;
#8554 = LINE ( 'NONE', #5478, #3710 ) ;
#8555 = DIRECTION ( 'NONE',  ( 0.000000000000000000, -1.000000000000000000, 0.000000000000000000 ) ) ;
#8556 = EDGE_CURVE ( 'NONE', #7772, #8670, #4407, .T. ) ;
#8557 = VECTOR ( 'NONE', #5925, 1000.000000000000000 ) ;
#8558 = VECTOR ( 'NONE', #1022, 1000.000000000000000 ) ;
#8559 = VERTEX_POINT ( 'NONE', #741 ) ;
#8560 = ORIENTED_EDGE ( 'NONE', *, *, #6098, .F. ) ;
#8561 = EDGE_CURVE ( 'NONE', #4551, #7414, #6831, .T. ) ;
#8562 = ORIENTED_EDGE ( 'NONE', *, *, #8001, .F. ) ;
#8563 = LINE ( 'NONE', #9112, #4988 ) ;
#8564 = EDGE_CURVE ( 'NONE', #8366, #6770, #7530, .T. ) ;
#8565 = LINE ( 'NONE', #3895, #9536 ) ;
#8566 = FACE_OUTER_BOUND ( 'NONE', #5382, .T. ) ;
#8567 = DIRECTION ( 'NONE',  ( 1.000000000000000000, 0.000000000000000000, 0.000000000000000000 ) ) ;
#8568 = DIRECTION ( 'NONE',  ( 0.000000000000000000, 0.000000000000000000, -1.000000000000000000 ) ) ;
#8569 = ORIENTED_EDGE ( 'NONE', *, *, #7568, .T. ) ;
#8570 = EDGE_LOOP ( 'NONE', ( #4993, #1220, #419, #1181 ) ) ;
#8571 = ORIENTED_EDGE ( 'NONE', *, *, #6278, .F. ) ;
#8572 = ORIENTED_EDGE ( 'NONE', *, *, #8083, .T. ) ;
#8573 = VERTEX_POINT ( 'NONE', #7476 ) ;
#8574 = DIRECTION ( 'NONE',  ( -1.000000000000000000, 0.000000000000000000, 0.000000000000000000 ) ) ;
#8575 = SECURITY_CLASSIFICATION_LEVEL ( 'unclassified' ) ;
#8576 = DIRECTION ( 'NONE',  ( 0.2462931838462505685, 0.000000000000000000, -0.9691953712182477254 ) ) ;
#8577 = CARTESIAN_POINT ( 'NONE',  ( 4.148335181081379552, -6.301664818918629507, 1.350000000000000089 ) ) ;
#8578 = CARTESIAN_POINT ( 'NONE',  ( 6.750000000000000000, -8.050000000000000711, 1.350000000000000089 ) ) ;
#8579 = DIRECTION ( 'NONE',  ( 0.000000000000000000, 0.000000000000000000, -1.000000000000000000 ) ) ;
#8580 = EDGE_CURVE ( 'NONE', #7382, #5166, #9124, .T. ) ;
#8581 = ORIENTED_EDGE ( 'NONE', *, *, #3813, .F. ) ;
#8582 = EDGE_CURVE ( 'NONE', #2719, #8824, #5936, .T. ) ;
#8583 = ORIENTED_EDGE ( 'NONE', *, *, #5732, .F. ) ;
#8584 = VECTOR ( 'NONE', #3752, 1000.000000000000000 ) ;
#8585 = ORIENTED_EDGE ( 'NONE', *, *, #1707, .T. ) ;
#8586 = AXIS2_PLACEMENT_3D ( 'NONE', #4355, #6628, #7380 ) ;
#8587 = LINE ( 'NONE', #3618, #6517 ) ;
#8588 = CARTESIAN_POINT ( 'NONE',  ( -5.153097676478189726, 4.744817917622470738, 0.05000000000001000172 ) ) ;
#8589 = CYLINDRICAL_SURFACE ( 'NONE', #2713, 1.300000000000000044 ) ;
#8590 = DIRECTION ( 'NONE',  ( 0.000000000000000000, -1.000000000000000000, 0.000000000000000000 ) ) ;
#8591 = CARTESIAN_POINT ( 'NONE',  ( -3.637083961758269979, -4.649999999999999467, -0.1945831303232199994 ) ) ;
#8592 = AXIS2_PLACEMENT_3D ( 'NONE', #9035, #9734, #5268 ) ;
#8593 = CARTESIAN_POINT ( 'NONE',  ( -3.100000000000000089, -3.550000000000000266, 3.950000000000000178 ) ) ;
#8594 = DIRECTION ( 'NONE',  ( 0.000000000000000000, 2.294126247091830304E-15, -1.000000000000000000 ) ) ;
#8595 = ADVANCED_FACE ( 'NONE', ( #9068 ), #1583, .F. ) ;
#8596 = EDGE_CURVE ( 'NONE', #2023, #5519, #2279, .T. ) ;
#8597 = ORIENTED_EDGE ( 'NONE', *, *, #1683, .F. ) ;
#8598 = ORIENTED_EDGE ( 'NONE', *, *, #179, .F. ) ;
#8599 = ORIENTED_EDGE ( 'NONE', *, *, #3028, .F. ) ;
#8600 = DIRECTION ( 'NONE',  ( 1.365923996832129884E-16, 0.000000000000000000, -1.000000000000000000 ) ) ;
#8601 = DIRECTION ( 'NONE',  ( -5.400556037744197279E-16, -0.8160244811016537092, -0.5780173407803409491 ) ) ;
#8602 = CIRCLE ( 'NONE', #9389, 5.895623928210660836 ) ;
#8603 = CARTESIAN_POINT ( 'NONE',  ( -0.6999999999999999556, -5.200000000000000178, 0.000000000000000000 ) ) ;
#8604 = CARTESIAN_POINT ( 'NONE',  ( -2.227381302066799851, -7.502152352690059978, 3.999996525281980020 ) ) ;
#8605 = CARTESIAN_POINT ( 'NONE',  ( 2.899999999999999911, 4.349999999999999645, 2.825337829024849867 ) ) ;
#8606 = ORIENTED_EDGE ( 'NONE', *, *, #1049, .F. ) ;
#8607 = ORIENTED_EDGE ( 'NONE', *, *, #8407, .T. ) ;
#8608 = ORIENTED_EDGE ( 'NONE', *, *, #2641, .F. ) ;
#8609 = CARTESIAN_POINT ( 'NONE',  ( -11.48090655678533700, -4.675365379185336678, -2.500000000000000000 ) ) ;
#8610 = ORIENTED_EDGE ( 'NONE', *, *, #6131, .T. ) ;
#8611 = DIRECTION ( 'NONE',  ( -0.9691953712182476144, 0.000000000000000000, -0.2462931838462509293 ) ) ;
#8612 = CARTESIAN_POINT ( 'NONE',  ( 7.000000000000000000, 1.699999999999999956, 0.5500000000000190292 ) ) ;
#8613 = LINE ( 'NONE', #7412, #7994 ) ;
#8614 = LINE ( 'NONE', #5883, #5353 ) ;
#8615 = VECTOR ( 'NONE', #2554, 1000.000000000000000 ) ;
#8616 = ORIENTED_EDGE ( 'NONE', *, *, #677, .T. ) ;
#8617 = ORIENTED_EDGE ( 'NONE', *, *, #5059, .T. ) ;
#8618 = VERTEX_POINT ( 'NONE', #5156 ) ;
#8619 = CIRCLE ( 'NONE', #1340, 2.500000000000000000 ) ;
#8620 = ORIENTED_EDGE ( 'NONE', *, *, #6661, .F. ) ;
#8621 = ADVANCED_FACE ( 'NONE', ( #5250 ), #9020, .F. ) ;
#8622 = CARTESIAN_POINT ( 'NONE',  ( -0.6999999999999999556, 2.299999999999999822, 0.000000000000000000 ) ) ;
#8623 = AXIS2_PLACEMENT_3D ( 'NONE', #32, #183, #6180 ) ;
#8624 = AXIS2_PLACEMENT_3D ( 'NONE', #1202, #6588, #9616 ) ;
#8625 = LINE ( 'NONE', #2073, #4529 ) ;
#8626 = VECTOR ( 'NONE', #7691, 999.9999999999998863 ) ;
#8627 = DIRECTION ( 'NONE',  ( 1.000000000000000000, 5.551115123125729701E-17, 9.387283644590649326E-16 ) ) ;
#8628 = CARTESIAN_POINT ( 'NONE',  ( -12.69999999999999929, -7.500000000000000000, -3.500000000000000000 ) ) ;
#8629 = DIRECTION ( 'NONE',  ( 1.000000000000000000, 0.000000000000000000, 1.365923996832129884E-16 ) ) ;
#8630 = EDGE_LOOP ( 'NONE', ( #1356, #9761, #5913, #4955 ) ) ;
#8631 = AXIS2_PLACEMENT_3D ( 'NONE', #8856, #8904, #3681 ) ;
#8632 = ORIENTED_EDGE ( 'NONE', *, *, #9463, .F. ) ;
#8633 = ORIENTED_EDGE ( 'NONE', *, *, #6728, .T. ) ;
#8634 = CIRCLE ( 'NONE', #3869, 1.250000000000000222 ) ;
#8635 = EDGE_CURVE ( 'NONE', #2541, #4041, #9258, .T. ) ;
#8636 = LINE ( 'NONE', #2487, #991 ) ;
#8637 = EDGE_CURVE ( 'NONE', #933, #985, #2227, .T. ) ;
#8638 = CARTESIAN_POINT ( 'NONE',  ( -5.119845408966520850, 4.747562333038388260, 0.05000000000000996703 ) ) ;
#8639 = PLANE ( 'NONE',  #1926 ) ;
#8640 = AXIS2_PLACEMENT_3D ( 'NONE', #757, #8349, #9737 ) ;
#8641 = DIRECTION ( 'NONE',  ( -0.7071067811865450192, -0.7071067811865500152, 2.598802401158249468E-17 ) ) ;
#8642 = DIRECTION ( 'NONE',  ( 0.000000000000000000, -1.000000000000000000, 0.000000000000000000 ) ) ;
#8643 = CARTESIAN_POINT ( 'NONE',  ( 0.3000000000000079825, -7.880196097281438661, -46.00000000000000000 ) ) ;
#8644 = LINE ( 'NONE', #1209, #7190 ) ;
#8645 = ORIENTED_EDGE ( 'NONE', *, *, #2768, .T. ) ;
#8646 = AXIS2_PLACEMENT_3D ( 'NONE', #3608, #3756, #3804 ) ;
#8647 = ORIENTED_EDGE ( 'NONE', *, *, #6098, .T. ) ;
#8648 = EDGE_LOOP ( 'NONE', ( #6576, #4053, #5665, #5715 ) ) ;
#8649 = VERTEX_POINT ( 'NONE', #1392 ) ;
#8650 = CARTESIAN_POINT ( 'NONE',  ( 0.3000000000000000999, -7.686639150010101673, 3.846334967091584733 ) ) ;
#8651 = CARTESIAN_POINT ( 'NONE',  ( -12.69999999999999929, -8.000000000000000000, 3.500000000000000000 ) ) ;
#8652 = EDGE_CURVE ( 'NONE', #4944, #7715, #7429, .T. ) ;
#8653 = ADVANCED_FACE ( 'NONE', ( #3749 ), #7575, .T. ) ;
#8654 = DIRECTION ( 'NONE',  ( 1.334402673828309888E-16, 0.000000000000000000, -1.000000000000000000 ) ) ;
#8655 = DIRECTION ( 'NONE',  ( 1.000000000000000000, 0.000000000000000000, -3.675261601645777502E-17 ) ) ;
#8656 = DIRECTION ( 'NONE',  ( 1.000000000000000000, 0.000000000000000000, 1.734723475976839881E-16 ) ) ;
#8657 = AXIS2_PLACEMENT_3D ( 'NONE', #4204, #4950, #535 ) ;
#8658 = ORIENTED_EDGE ( 'NONE', *, *, #4550, .T. ) ;
#8659 = VERTEX_POINT ( 'NONE', #3645 ) ;
#8660 = ORIENTED_EDGE ( 'NONE', *, *, #9537, .F. ) ;
#8661 = CARTESIAN_POINT ( 'NONE',  ( 9.500000000000000000, -5.000000000000000000, -4.000000000000000000 ) ) ;
#8662 = PLANE ( 'NONE',  #5055 ) ;
#8663 = CARTESIAN_POINT ( 'NONE',  ( 6.200000000000000178, -6.150000000000000355, 0.5499999999999910516 ) ) ;
#8664 = LINE ( 'NONE', #1872, #3858 ) ;
#8665 = CARTESIAN_POINT ( 'NONE',  ( -11.51220671097340009, -3.234691816657589758, -2.500000000000000000 ) ) ;
#8666 = ORIENTED_EDGE ( 'NONE', *, *, #9291, .F. ) ;
#8667 = VERTEX_POINT ( 'NONE', #6781 ) ;
#8668 = EDGE_LOOP ( 'NONE', ( #7560, #8884, #3714, #8059 ) ) ;
#8669 = ORIENTED_EDGE ( 'NONE', *, *, #8046, .F. ) ;
#8670 = VERTEX_POINT ( 'NONE', #5954 ) ;
#8671 = LINE ( 'NONE', #1185, #9107 ) ;
#8672 = ADVANCED_FACE ( 'NONE', ( #5394 ), #2566, .F. ) ;
#8673 = EDGE_CURVE ( 'NONE', #7397, #9554, #9254, .T. ) ;
#8674 = CARTESIAN_POINT ( 'NONE',  ( 3.299999999999999822, 3.950000000000000178, -2.600000000000000089 ) ) ;
#8675 = LINE ( 'NONE', #4205, #2290 ) ;
#8676 = CIRCLE ( 'NONE', #439, 0.5000000000000000000 ) ;
#8677 = EDGE_CURVE ( 'NONE', #5751, #4280, #4801, .T. ) ;
#8678 = CARTESIAN_POINT ( 'NONE',  ( 2.049999999999999822, 3.950000000000000178, 0.5500000000000160316 ) ) ;
#8679 = DIRECTION ( 'NONE',  ( 0.9931429867320367144, 0.000000000000000000, 0.1169059789102749741 ) ) ;
#8680 = ORIENTED_EDGE ( 'NONE', *, *, #133, .F. ) ;
#8681 = ORIENTED_EDGE ( 'NONE', *, *, #6211, .T. ) ;
#8682 = ORIENTED_EDGE ( 'NONE', *, *, #179, .T. ) ;
#8683 = VECTOR ( 'NONE', #8889, 1000.000000000000000 ) ;
#8684 = DIRECTION ( 'NONE',  ( 1.656580215914899728E-16, 0.000000000000000000, -1.000000000000000000 ) ) ;
#8685 = DIRECTION ( 'NONE',  ( 9.387283644590649326E-16, 8.725142821606440391E-16, -1.000000000000000000 ) ) ;
#8686 = DIRECTION ( 'NONE',  ( 0.9691953712182477254, 0.000000000000000000, 0.2462931838462509571 ) ) ;
#8687 = DIRECTION ( 'NONE',  ( 0.000000000000000000, 9.856383386231849706E-16, -1.000000000000000000 ) ) ;
#8688 = DIRECTION ( 'NONE',  ( 9.343242246769421254E-16, -2.294126247091830304E-15, 1.000000000000000000 ) ) ;
#8689 = EDGE_CURVE ( 'NONE', #8933, #6273, #3122, .T. ) ;
#8690 = DIRECTION ( 'NONE',  ( 3.675261601645779967E-17, 0.000000000000000000, 1.000000000000000000 ) ) ;
#8691 = DIRECTION ( 'NONE',  ( 1.000000000000000000, 0.000000000000000000, -1.040834085586084059E-15 ) ) ;
#8692 = CIRCLE ( 'NONE', #4408, 1.300000000000000711 ) ;
#8693 = EDGE_CURVE ( 'NONE', #8749, #4690, #1043, .T. ) ;
#8694 = EDGE_LOOP ( 'NONE', ( #9325, #7450, #4440 ) ) ;
#8695 = EDGE_LOOP ( 'NONE', ( #3304, #6853, #6864, #2366 ) ) ;
#8696 = EDGE_LOOP ( 'NONE', ( #1030, #4940, #926, #4062 ) ) ;
#8697 = CARTESIAN_POINT ( 'NONE',  ( 0.2999999999999999889, -7.880196097281438661, 3.500000000000000000 ) ) ;
#8698 = EDGE_CURVE ( 'NONE', #5117, #118, #7777, .T. ) ;
#8699 = DIRECTION ( 'NONE',  ( -1.000000000000000000, 0.000000000000000000, -1.365923996832129884E-16 ) ) ;
#8700 = PLANE ( 'NONE',  #1196 ) ;
#8701 = PLANE ( 'NONE',  #4273 ) ;
#8703 = EDGE_LOOP ( 'NONE', ( #7098, #444, #5592, #4906, #432 ) ) ;
#8702 = EDGE_CURVE ( 'NONE', #2146, #6362, #6980, .T. ) ;
#8704 = EDGE_CURVE ( 'NONE', #6307, #1472, #8430, .T. ) ;
#8705 = AXIS2_PLACEMENT_3D ( 'NONE', #1446, #6834, #5158 ) ;
#8706 = ORIENTED_EDGE ( 'NONE', *, *, #9496, .F. ) ;
#8707 = ORIENTED_EDGE ( 'NONE', *, *, #9640, .F. ) ;
#8708 = CARTESIAN_POINT ( 'NONE',  ( 11.00000000000000000, 6.200000000000000178, 0.5500000000000260236 ) ) ;
#8709 = ORIENTED_EDGE ( 'NONE', *, *, #7433, .T. ) ;
#8710 = DIRECTION ( 'NONE',  ( 0.000000000000000000, 1.000000000000000000, 0.000000000000000000 ) ) ;
#8711 = CARTESIAN_POINT ( 'NONE',  ( -3.751592027150730146, 4.750000000000000000, -0.5797703348227100095 ) ) ;
#8712 = DIRECTION ( 'NONE',  ( -1.000000000000000000, -1.224646799147350002E-16, -9.856383386231849706E-16 ) ) ;
#8713 = DIRECTION ( 'NONE',  ( 0.000000000000000000, -1.000000000000000000, 0.000000000000000000 ) ) ;
#8714 = DIRECTION ( 'NONE',  ( -1.365923996832129884E-16, 0.000000000000000000, 1.000000000000000000 ) ) ;
#8715 = ORIENTED_EDGE ( 'NONE', *, *, #2120, .T. ) ;
#8716 = EDGE_LOOP ( 'NONE', ( #7694, #9710, #6010, #9516, #8261, #6624 ) ) ;
#8717 = ORIENTED_EDGE ( 'NONE', *, *, #6523, .F. ) ;
#8718 = ORIENTED_EDGE ( 'NONE', *, *, #1797, .T. ) ;
#8719 = AXIS2_PLACEMENT_3D ( 'NONE', #7760, #318, #969 ) ;
#8720 = EDGE_LOOP ( 'NONE', ( #738, #6548, #1000, #5348 ) ) ;
#8721 = DIRECTION ( 'NONE',  ( 0.9670826766655238327, 0.000000000000000000, -0.2544623675387890360 ) ) ;
#8722 = DIRECTION ( 'NONE',  ( 1.000000000000000000, 0.000000000000000000, 0.000000000000000000 ) ) ;
#8723 = CARTESIAN_POINT ( 'NONE',  ( 0.7717143142914320020, -7.500000000000000000, -4.000000000000000000 ) ) ;
#8724 = DIRECTION ( 'NONE',  ( 1.000000000000000000, 0.000000000000000000, 0.000000000000000000 ) ) ;
#8725 = CARTESIAN_POINT ( 'NONE',  ( -6.359745509654959328, 3.250000000000000000, -1.855327628688660191 ) ) ;
#8726 = VERTEX_POINT ( 'NONE', #2519 ) ;
#8727 = ORIENTED_EDGE ( 'NONE', *, *, #1903, .F. ) ;
#8728 = CARTESIAN_POINT ( 'NONE',  ( -11.58485308255990098, -4.649999999999999467, -1.564051144827020012 ) ) ;
#8729 = ADVANCED_FACE ( 'NONE', ( #192 ), #939, .F. ) ;
#8730 = DIRECTION ( 'NONE',  ( 0.000000000000000000, -1.000000000000000000, 0.000000000000000000 ) ) ;
#8731 = DIRECTION ( 'NONE',  ( 0.000000000000000000, -1.000000000000000000, 0.000000000000000000 ) ) ;
#8732 = DIRECTION ( 'NONE',  ( 0.9999911000803364258, 0.000000000000000000, -0.004218976193204337227 ) ) ;
#8733 = CARTESIAN_POINT ( 'NONE',  ( -0.6999999999999999556, -1.699999999999999956, 0.5500000000000000444 ) ) ;
#8734 = CARTESIAN_POINT ( 'NONE',  ( -3.751592027150730146, 4.750000000000000000, -0.5797703348227100095 ) ) ;
#8735 = VECTOR ( 'NONE', #3647, 1000.000000000000000 ) ;
#8736 = FACE_OUTER_BOUND ( 'NONE', #9698, .T. ) ;
#8737 = TOROIDAL_SURFACE ( 'NONE', #2083, 0.1269558987526489824, 0.1000000000000000056 ) ;
#8738 = VECTOR ( 'NONE', #5294, 1000.000000000000000 ) ;
#8739 = ORIENTED_EDGE ( 'NONE', *, *, #785, .F. ) ;
#8740 = EDGE_LOOP ( 'NONE', ( #6607, #6706, #716, #1371, #7930, #4711, #7677, #4488, #9327, #1280 ) ) ;
#8741 = ORIENTED_EDGE ( 'NONE', *, *, #6609, .F. ) ;
#8742 = CARTESIAN_POINT ( 'NONE',  ( 2.899999999999999911, 4.349999999999999645, 1.649999999999999911 ) ) ;
#8743 = EDGE_CURVE ( 'NONE', #6195, #7966, #1690, .T. ) ;
#8744 = DIRECTION ( 'NONE',  ( 0.000000000000000000, 0.000000000000000000, -1.000000000000000000 ) ) ;
#8745 = VECTOR ( 'NONE', #2152, 1000.000000000000000 ) ;
#8746 = DIRECTION ( 'NONE',  ( 0.2462931838462505685, 0.000000000000000000, -0.9691953712182477254 ) ) ;
#8747 = LINE ( 'NONE', #7301, #3169 ) ;
#8748 = AXIS2_PLACEMENT_3D ( 'NONE', #3772, #5837, #4675 ) ;
#8749 = VERTEX_POINT ( 'NONE', #8523 ) ;
#8750 = VECTOR ( 'NONE', #7895, 1000.000000000000000 ) ;
#8751 = VERTEX_POINT ( 'NONE', #1634 ) ;
#8752 = ADVANCED_FACE ( 'NONE', ( #4054 ), #4974, .T. ) ;
#8753 = DIRECTION ( 'NONE',  ( 1.000000000000000000, 0.000000000000000000, 0.000000000000000000 ) ) ;
#8754 = ADVANCED_FACE ( 'NONE', ( #838, #7076, #290, #6931, #6331 ), #3846, .F. ) ;
#8755 = DIRECTION ( 'NONE',  ( 0.000000000000000000, 0.000000000000000000, 1.000000000000000000 ) ) ;
#8756 = DIRECTION ( 'NONE',  ( 0.000000000000000000, -1.000000000000000000, 0.000000000000000000 ) ) ;
#8757 = CARTESIAN_POINT ( 'NONE',  ( -4.644516500728250286, -4.750000000000000000, -0.03290753342284009897 ) ) ;
#8758 = CARTESIAN_POINT ( 'NONE',  ( -4.768600664696140967, -4.649999999999999467, -1.264922013198400252 ) ) ;
#8759 = DIRECTION ( 'NONE',  ( 3.212450881438531255E-16, 1.000000000000000000, 1.124357808503486087E-15 ) ) ;
#8760 = AXIS2_PLACEMENT_3D ( 'NONE', #4960, #4817, #1148 ) ;
#8761 = EDGE_LOOP ( 'NONE', ( #139, #2262, #601, #4092 ) ) ;
#8762 = ORIENTED_EDGE ( 'NONE', *, *, #5128, .T. ) ;
#8763 = EDGE_LOOP ( 'NONE', ( #8116, #7559, #3774, #5950 ) ) ;
#8764 = ORIENTED_EDGE ( 'NONE', *, *, #8203, .F. ) ;
#8765 = EDGE_LOOP ( 'NONE', ( #3748, #4784, #4598, #8715, #1816, #7232, #2976, #3995 ) ) ;
#8766 = CARTESIAN_POINT ( 'NONE',  ( -4.768600664696140967, 4.649999999999999467, -1.214922013198409978 ) ) ;
#8767 = EDGE_CURVE ( 'NONE', #7466, #8792, #4022, .T. ) ;
#8768 = EDGE_CURVE ( 'NONE', #7972, #7678, #4001, .T. ) ;
#8769 = CIRCLE ( 'NONE', #4653, 1.299999999999999156 ) ;
#8770 = LINE ( 'NONE', #3500, #6418 ) ;
#8771 = DIRECTION ( 'NONE',  ( 0.000000000000000000, 1.000000000000000000, 0.000000000000000000 ) ) ;
#8772 = DIRECTION ( 'NONE',  ( 0.000000000000000000, 0.000000000000000000, -1.000000000000000000 ) ) ;
#8773 = CARTESIAN_POINT ( 'NONE',  ( -4.854746654831579633, -3.149999999999999911, -1.375752963803180018 ) ) ;
#8774 = ORIENTED_EDGE ( 'NONE', *, *, #894, .F. ) ;
#8775 = AXIS2_PLACEMENT_3D ( 'NONE', #4697, #3898, #833 ) ;
#8776 = VERTEX_POINT ( 'NONE', #5498 ) ;
#8777 = VECTOR ( 'NONE', #4902, 1000.000000000000000 ) ;
#8778 = DIRECTION ( 'NONE',  ( -1.000000000000000000, 0.000000000000000000, 0.000000000000000000 ) ) ;
#8779 = AXIS2_PLACEMENT_3D ( 'NONE', #5706, #7987, #3416 ) ;
#8780 = B_SPLINE_CURVE_WITH_KNOTS ( 'NONE', 3,
 ( #7402, #7354, #6502, #6556, #5124, #511, #8892, #9534, #1952, #2103 ),
 .UNSPECIFIED., .F., .F.,
 ( 4, 2, 2, 2, 4 ),
 ( -0.006239537281644859205, -0.005764321385271771285, -0.005129523234460619738, -0.004057338325051527105, -2.775557561562891351E-16 ),
 .UNSPECIFIED. ) ;
#8781 = CIRCLE ( 'NONE', #4825, 1.000000000000000222 ) ;
#8782 = DIRECTION ( 'NONE',  ( 1.000000000000000000, 8.928723773410041156E-16, 1.334402673828309888E-16 ) ) ;
#8783 = FACE_OUTER_BOUND ( 'NONE', #2659, .T. ) ;
#8784 = DIRECTION ( 'NONE',  ( 0.000000000000000000, 0.000000000000000000, -1.000000000000000000 ) ) ;
#8785 = CIRCLE ( 'NONE', #549, 0.6500000000000000222 ) ;
#8786 = CARTESIAN_POINT ( 'NONE',  ( -9.199999999999999289, 4.286263797015740046E-16, 4.000000000000000000 ) ) ;
#8787 = CARTESIAN_POINT ( 'NONE',  ( 4.000000000000000000, -8.000000000000000000, -3.558691488175799833 ) ) ;
#8788 = CARTESIAN_POINT ( 'NONE',  ( -4.708132092612940411, 4.649999999999999467, -0.2246782025892299917 ) ) ;
#8789 = VECTOR ( 'NONE', #8467, 1000.000000000000000 ) ;
#8790 = VERTEX_POINT ( 'NONE', #8483 ) ;
#8791 = VERTEX_POINT ( 'NONE', #988 ) ;
#8792 = VERTEX_POINT ( 'NONE', #242 ) ;
#8793 = AXIS2_PLACEMENT_3D ( 'NONE', #9626, #1942, #1898 ) ;
#8794 = CARTESIAN_POINT ( 'NONE',  ( -2.228285685708569552, 7.500000000000000000, -4.000000000000000000 ) ) ;
#8795 = AXIS2_PLACEMENT_3D ( 'NONE', #3577, #8101, #8746 ) ;
#8796 = AXIS2_PLACEMENT_3D ( 'NONE', #8060, #1868, #6462 ) ;
#8797 = EDGE_CURVE ( 'NONE', #3460, #2020, #3260, .T. ) ;
#8798 = DIRECTION ( 'NONE',  ( -0.5780173407803379515, 0.000000000000000000, 0.8160244811016559296 ) ) ;
#8799 = DIRECTION ( 'NONE',  ( 3.675261601645779967E-17, 0.000000000000000000, 1.000000000000000000 ) ) ;
#8800 = CARTESIAN_POINT ( 'NONE',  ( -4.898978868267030329, -3.250000000000000000, -0.9999902100883649725 ) ) ;
#8801 = VERTEX_POINT ( 'NONE', #2664 ) ;
#8802 = EDGE_CURVE ( 'NONE', #9798, #6014, #6089, .T. ) ;
#8803 = AXIS2_PLACEMENT_3D ( 'NONE', #5561, #1798, #2396 ) ;
#8804 = ORIENTED_EDGE ( 'NONE', *, *, #3296, .T. ) ;
#8805 = ORIENTED_EDGE ( 'NONE', *, *, #8556, .T. ) ;
#8806 = DIRECTION ( 'NONE',  ( 0.000000000000000000, 0.000000000000000000, -1.000000000000000000 ) ) ;
#8807 = AXIS2_PLACEMENT_3D ( 'NONE', #101, #2385, #6983 ) ;
#8808 = PLANE ( 'NONE',  #5216 ) ;
#8809 = CYLINDRICAL_SURFACE ( 'NONE', #9331, 1.300000000000000044 ) ;
#8810 = DIRECTION ( 'NONE',  ( -1.000000000000000000, 2.927845397290890110E-16, 2.659480039017769634E-16 ) ) ;
#8811 = DIRECTION ( 'NONE',  ( 0.000000000000000000, -1.000000000000000000, 0.000000000000000000 ) ) ;
#8812 = EDGE_CURVE ( 'NONE', #1744, #8751, #4342, .T. ) ;
#8813 = CARTESIAN_POINT ( 'NONE',  ( -11.46738209570190037, -3.224634620814659680, -2.500000000000000000 ) ) ;
#8814 = VERTEX_POINT ( 'NONE', #2814 ) ;
#8815 = VERTEX_POINT ( 'NONE', #9412 ) ;
#8816 = ORIENTED_EDGE ( 'NONE', *, *, #4771, .T. ) ;
#8817 = EDGE_LOOP ( 'NONE', ( #1232, #7549, #4210, #7693 ) ) ;
#8818 = ORIENTED_EDGE ( 'NONE', *, *, #9619, .F. ) ;
#8819 = DIRECTION ( 'NONE',  ( 0.000000000000000000, 0.000000000000000000, -1.000000000000000000 ) ) ;
#8820 = CYLINDRICAL_SURFACE ( 'NONE', #1374, 0.5000000000000000000 ) ;
#8821 = PLANE ( 'NONE',  #4181 ) ;
#8822 = CARTESIAN_POINT ( 'NONE',  ( -4.765834305488541034, 4.749696942557709356, 0.05000000000001032091 ) ) ;
#8823 = ORIENTED_EDGE ( 'NONE', *, *, #9058, .T. ) ;
#8824 = VERTEX_POINT ( 'NONE', #4294 ) ;
#8825 = EDGE_LOOP ( 'NONE', ( #5287, #3095, #2773, #6880 ) ) ;
#8826 = ADVANCED_FACE ( 'NONE', ( #1974 ), #717, .F. ) ;
#8827 = EDGE_CURVE ( 'NONE', #2859, #8479, #9608, .T. ) ;
#8828 = LINE ( 'NONE', #5010, #7503 ) ;
#8829 = DIRECTION ( 'NONE',  ( 2.221880419439068228E-30, 1.000000000000000000, 2.322928174600330322E-15 ) ) ;
#8830 = CARTESIAN_POINT ( 'NONE',  ( 5.250000000000000000, -7.349999999999999645, 1.350000000000000089 ) ) ;
#8831 = CIRCLE ( 'NONE', #2347, 0.09999999999999997780 ) ;
#8832 = CARTESIAN_POINT ( 'NONE',  ( -4.895814636122127084, 3.149999999999999911, -0.1999968850281229060 ) ) ;
#8833 = CARTESIAN_POINT ( 'NONE',  ( -11.41162309946109943, 3.250000000000000000, -2.449999999999999734 ) ) ;
#8834 = CARTESIAN_POINT ( 'NONE',  ( -3.726145790396850010, -4.649999999999999467, -0.5330620671561500101 ) ) ;
#8835 = FACE_OUTER_BOUND ( 'NONE', #1417, .T. ) ;
#8836 = CARTESIAN_POINT ( 'NONE',  ( -0.6999999999999999556, 3.100000000000000089, -0.8499999999999999778 ) ) ;
#8837 = CIRCLE ( 'NONE', #3288, 2.000000000000000000 ) ;
#8838 = ORIENTED_EDGE ( 'NONE', *, *, #9284, .F. ) ;
#8839 = VERTEX_POINT ( 'NONE', #2025 ) ;
#8840 = ORIENTED_EDGE ( 'NONE', *, *, #270, .F. ) ;
#8841 = DIRECTION ( 'NONE',  ( -9.343242246769421254E-16, 2.294126247091830304E-15, -1.000000000000000000 ) ) ;
#8842 = LINE ( 'NONE', #509, #3292 ) ;
#8843 = CIRCLE ( 'NONE', #2035, 0.7500000000000000000 ) ;
#8844 = CARTESIAN_POINT ( 'NONE',  ( 4.792481155659929826, 6.200000000000000178, -6.505213034913029562E-16 ) ) ;
#8845 = CARTESIAN_POINT ( 'NONE',  ( -11.41162309946109943, 4.750000000000000000, -2.449999999999999734 ) ) ;
#8846 = ORIENTED_EDGE ( 'NONE', *, *, #4870, .F. ) ;
#8847 = EDGE_CURVE ( 'NONE', #6498, #4406, #1825, .T. ) ;
#8848 = VERTEX_POINT ( 'NONE', #3498 ) ;
#8849 = DIRECTION ( 'NONE',  ( -0.2544623675387880923, 0.000000000000000000, -0.9670826766655240547 ) ) ;
#8850 = DIRECTION ( 'NONE',  ( -0.2544623675387881478, 0.000000000000000000, -0.9670826766655240547 ) ) ;
#8851 = ADVANCED_FACE ( 'NONE', ( #1880 ), #4671, .T. ) ;
#8852 = DIRECTION ( 'NONE',  ( 0.000000000000000000, -1.000000000000000000, 0.000000000000000000 ) ) ;
#8853 = CARTESIAN_POINT ( 'NONE',  ( 3.700000000000000178, 4.349999999999999645, 1.649999999999999911 ) ) ;
#8854 = CIRCLE ( 'NONE', #7908, 2.499999999999999556 ) ;
#8855 = CARTESIAN_POINT ( 'NONE',  ( 9.500000000000000000, 5.000000000000000000, -1.500000000000000000 ) ) ;
#8856 = CARTESIAN_POINT ( 'NONE',  ( -2.299999999999999822, -5.200000000000000178, 3.950000000000000178 ) ) ;
#8857 = VECTOR ( 'NONE', #4362, 1000.000000000000000 ) ;
#8858 = DIRECTION ( 'NONE',  ( 0.004218976193206252362, 0.000000000000000000, 0.9999911000803363148 ) ) ;
#8859 = EDGE_CURVE ( 'NONE', #4843, #8860, #8671, .T. ) ;
#8860 = VERTEX_POINT ( 'NONE', #6526 ) ;
#8861 = ORIENTED_EDGE ( 'NONE', *, *, #2738, .T. ) ;
#8862 = VERTEX_POINT ( 'NONE', #3405 ) ;
#8863 = ORIENTED_EDGE ( 'NONE', *, *, #3760, .F. ) ;
#8864 = ORIENTED_EDGE ( 'NONE', *, *, #9277, .T. ) ;
#8865 = CARTESIAN_POINT ( 'NONE',  ( -3.662530198512150115, 4.649999999999999467, -0.2412913979897799988 ) ) ;
#8866 = EDGE_CURVE ( 'NONE', #6080, #3716, #5370, .T. ) ;
#8867 = CIRCLE ( 'NONE', #6801, 1.700000000000000178 ) ;
#8868 = CARTESIAN_POINT ( 'NONE',  ( 2.550000000000000266, -11.90000000000000036, 1.350000000000000089 ) ) ;
#8869 = CARTESIAN_POINT ( 'NONE',  ( -2.700000000000000178, -3.950000000000000178, 3.500000000000000000 ) ) ;
#8870 = CARTESIAN_POINT ( 'NONE',  ( -4.757358283853747594, 4.749573624488664159, 0.05000000000001031397 ) ) ;
#8871 = FACE_OUTER_BOUND ( 'NONE', #6414, .T. ) ;
#8872 = VECTOR ( 'NONE', #9247, 1000.000000000000000 ) ;
#8873 = VERTEX_POINT ( 'NONE', #8029 ) ;
#8874 = VERTEX_POINT ( 'NONE', #1090 ) ;
#8875 = CARTESIAN_POINT ( 'NONE',  ( -5.083698756151719955, -4.750000000000000000, -0.2730936816746800111 ) ) ;
#8876 = DIRECTION ( 'NONE',  ( -1.000000000000000000, 0.000000000000000000, 0.000000000000000000 ) ) ;
#8877 = DIRECTION ( 'NONE',  ( 0.9691953712182477254, 0.000000000000000000, 0.2462931838462509571 ) ) ;
#8878 = LINE ( 'NONE', #8133, #978 ) ;
#8879 = EDGE_CURVE ( 'NONE', #491, #5876, #4149, .T. ) ;
#8880 = FACE_OUTER_BOUND ( 'NONE', #333, .T. ) ;
#8881 = CYLINDRICAL_SURFACE ( 'NONE', #225, 1.749999999999999778 ) ;
#8882 = CARTESIAN_POINT ( 'NONE',  ( 4.000000000000000000, -8.000000000000000000, -3.500000000000000000 ) ) ;
#8883 = ADVANCED_FACE ( 'NONE', ( #3451 ), #8074, .F. ) ;
#8884 = ORIENTED_EDGE ( 'NONE', *, *, #1585, .F. ) ;
#8885 = EDGE_LOOP ( 'NONE', ( #7513, #6520, #9752, #3106, #1924, #2167, #1087, #8316, #589, #7985 ) ) ;
#8886 = ORIENTED_EDGE ( 'NONE', *, *, #8218, .T. ) ;
#8887 = ORIENTED_EDGE ( 'NONE', *, *, #8936, .T. ) ;
#8888 = CARTESIAN_POINT ( 'NONE',  ( -11.46738209570190037, -4.649999999999999467, -2.026314594173330264 ) ) ;
#8889 = DIRECTION ( 'NONE',  ( -0.7071067811865480168, 0.000000000000000000, -0.7071067811865470176 ) ) ;
#8890 = FACE_OUTER_BOUND ( 'NONE', #3657, .T. ) ;
#8891 = ADVANCED_FACE ( 'NONE', ( #1282 ), #3546, .T. ) ;
#8892 = CARTESIAN_POINT ( 'NONE',  ( -11.51220671097350134, 4.665308183342429693, -2.449999999999999734 ) ) ;
#8893 = DIRECTION ( 'NONE',  ( 9.387283644590649326E-16, 8.725142821606440391E-16, -1.000000000000000000 ) ) ;
#8894 = EDGE_CURVE ( 'NONE', #4406, #6498, #8949, .T. ) ;
#8895 = AXIS2_PLACEMENT_3D ( 'NONE', #7686, #4754, #6050 ) ;
#8896 = CIRCLE ( 'NONE', #4613, 1.000000000000000000 ) ;
#8897 = ORIENTED_EDGE ( 'NONE', *, *, #272, .T. ) ;
#8898 = AXIS2_PLACEMENT_3D ( 'NONE', #9294, #7550, #8505 ) ;
#8899 = CARTESIAN_POINT ( 'NONE',  ( -3.751592027150730146, 4.649999999999999467, -0.5797703348227100095 ) ) ;
#8900 = CYLINDRICAL_SURFACE ( 'NONE', #1656, 1.499999999999999556 ) ;
#8901 = CIRCLE ( 'NONE', #1146, 2.700000000000000178 ) ;
#8902 = PLANE ( 'NONE',  #9493 ) ;
#8903 = CARTESIAN_POINT ( 'NONE',  ( -11.46738209570190037, -4.750000000000000000, -2.026314594173330264 ) ) ;
#8904 = DIRECTION ( 'NONE',  ( -1.000000000000000000, 6.377659838150029925E-17, -1.334402673828309888E-16 ) ) ;
#8905 = CARTESIAN_POINT ( 'NONE',  ( -5.024489796525506868, 3.150209448031176418, 0.05000000000000848210 ) ) ;
#8906 = ORIENTED_EDGE ( 'NONE', *, *, #2824, .T. ) ;
#8907 = EDGE_LOOP ( 'NONE', ( #531, #9796, #5869, #4918 ) ) ;
#8908 = ORIENTED_EDGE ( 'NONE', *, *, #9348, .T. ) ;
#8909 = VECTOR ( 'NONE', #3092, 1000.000000000000114 ) ;
#8910 = ORIENTED_EDGE ( 'NONE', *, *, #3720, .T. ) ;
#8911 = ORIENTED_EDGE ( 'NONE', *, *, #4578, .T. ) ;
#8912 = CARTESIAN_POINT ( 'NONE',  ( 6.200000000000000178, -1.750000000000000000, 0.5500000000000000444 ) ) ;
#8913 = ADVANCED_FACE ( 'NONE', ( #7224 ), #7511, .T. ) ;
#8914 = EDGE_CURVE ( 'NONE', #4839, #27, #4102, .T. ) ;
#8915 = AXIS2_PLACEMENT_3D ( 'NONE', #4963, #8137, #1301 ) ;
#8916 = DIRECTION ( 'NONE',  ( 1.000000000000000000, 0.000000000000000000, 0.000000000000000000 ) ) ;
#8917 = FACE_OUTER_BOUND ( 'NONE', #9457, .T. ) ;
#8918 = DIRECTION ( 'NONE',  ( -0.2462931838462416589, 0.000000000000000000, 0.9691953712182499459 ) ) ;
#8919 = LINE ( 'NONE', #2915, #8297 ) ;
#8920 = VERTEX_POINT ( 'NONE', #6477 ) ;
#8921 = ADVANCED_FACE ( 'NONE', ( #2908 ), #4352, .T. ) ;
#8922 = ORIENTED_EDGE ( 'NONE', *, *, #6316, .T. ) ;
#8923 = CARTESIAN_POINT ( 'NONE',  ( -5.145272052113280203, -3.149999999999999911, -0.03079483887012009896 ) ) ;
#8924 = FACE_OUTER_BOUND ( 'NONE', #798, .T. ) ;
#8925 = FACE_OUTER_BOUND ( 'NONE', #9564, .T. ) ;
#8926 = LINE ( 'NONE', #2137, #6892 ) ;
#8927 = CYLINDRICAL_SURFACE ( 'NONE', #2910, 0.1000000000000003109 ) ;
#8928 = CARTESIAN_POINT ( 'NONE',  ( -4.898978868267030329, 3.250000000000000000, -0.9499902100883750311 ) ) ;
#8929 = CARTESIAN_POINT ( 'NONE',  ( 3.771714314291430004, 7.500000000000000000, -4.000000000000000000 ) ) ;
#8930 = ADVANCED_FACE ( 'NONE', ( #2958 ), #729, .F. ) ;
#8931 = AXIS2_PLACEMENT_3D ( 'NONE', #9817, #8981, #7338 ) ;
#8932 = ORIENTED_EDGE ( 'NONE', *, *, #4315, .F. ) ;
#8933 = VERTEX_POINT ( 'NONE', #3739 ) ;
#8934 = ORIENTED_EDGE ( 'NONE', *, *, #860, .F. ) ;
#8935 = VERTEX_POINT ( 'NONE', #2267 ) ;
#8936 = EDGE_CURVE ( 'NONE', #3570, #4323, #6723, .T. ) ;
#8937 = AXIS2_PLACEMENT_3D ( 'NONE', #7617, #6876, #4992 ) ;
#8938 = PLANE ( 'NONE',  #9486 ) ;
#8939 = VECTOR ( 'NONE', #3925, 1000.000000000000000 ) ;
#8940 = CARTESIAN_POINT ( 'NONE',  ( 1.050000000000000044, -11.90000000000000036, 0.5499999999999880540 ) ) ;
#8941 = DIRECTION ( 'NONE',  ( 1.656580215914899728E-16, 0.000000000000000000, -1.000000000000000000 ) ) ;
#8942 = TOROIDAL_SURFACE ( 'NONE', #5456, 0.1269558987526489824, 0.1000000000000000056 ) ;
#8943 = VECTOR ( 'NONE', #3017, 999.9999999999998863 ) ;
#8944 = DIRECTION ( 'NONE',  ( 0.9931429867320367144, 0.000000000000000000, 0.1169059789102749741 ) ) ;
#8945 = FACE_OUTER_BOUND ( 'NONE', #4486, .T. ) ;
#8946 = VECTOR ( 'NONE', #2288, 1000.000000000000000 ) ;
#8947 = VECTOR ( 'NONE', #7847, 1000.000000000000000 ) ;
#8948 = VERTEX_POINT ( 'NONE', #3593 ) ;
#8949 = CIRCLE ( 'NONE', #5781, 1.250000000000000222 ) ;
#8950 = EDGE_CURVE ( 'NONE', #6361, #51, #1385, .T. ) ;
#8951 = EDGE_CURVE ( 'NONE', #395, #888, #6248, .T. ) ;
#8952 = DIRECTION ( 'NONE',  ( 1.000000000000000000, 0.000000000000000000, -9.540979117872440991E-16 ) ) ;
#8953 = DIRECTION ( 'NONE',  ( -1.000000000000000000, 0.000000000000000000, 0.000000000000000000 ) ) ;
#8954 = CARTESIAN_POINT ( 'NONE',  ( 3.399999999999999911, 8.000000000000000000, -3.558691488292319960 ) ) ;
#8955 = DIRECTION ( 'NONE',  ( -1.365923996832129884E-16, 0.000000000000000000, 1.000000000000000000 ) ) ;
#8956 = DIRECTION ( 'NONE',  ( -0.1169059789102828151, 0.000000000000000000, 0.9931429867320357152 ) ) ;
#8957 = VECTOR ( 'NONE', #3310, 1000.000000000000000 ) ;
#8958 = DIRECTION ( 'NONE',  ( 0.9931429867320367144, 0.000000000000000000, 0.1169059789102749741 ) ) ;
#8959 = CARTESIAN_POINT ( 'NONE',  ( 0.4000000000000080158, 8.000000000000000000, -46.00000000000000000 ) ) ;
#8960 = VERTEX_POINT ( 'NONE', #5891 ) ;
#8961 = VERTEX_POINT ( 'NONE', #8317 ) ;
#8962 = ORIENTED_EDGE ( 'NONE', *, *, #2850, .T. ) ;
#8963 = ORIENTED_EDGE ( 'NONE', *, *, #3488, .F. ) ;
#8964 = PLANE ( 'NONE',  #1672 ) ;
#8965 = AXIS2_PLACEMENT_3D ( 'NONE', #7978, #1927, #1286 ) ;
#8966 = CARTESIAN_POINT ( 'NONE',  ( -4.825520160104019851, -3.250000000000000000, -1.624038710486189974 ) ) ;
#8967 = LINE ( 'NONE', #2221, #7192 ) ;
#8968 = AXIS2_PLACEMENT_3D ( 'NONE', #5490, #2511, #1034 ) ;
#8969 = DIRECTION ( 'NONE',  ( 0.1169059789102828151, 0.000000000000000000, -0.9931429867320357152 ) ) ;
#8970 = CARTESIAN_POINT ( 'NONE',  ( -2.000000000000000000, 8.000000000000000000, -46.00000000000000000 ) ) ;
#8971 = ORIENTED_EDGE ( 'NONE', *, *, #5771, .F. ) ;
#8972 = ORIENTED_EDGE ( 'NONE', *, *, #6454, .F. ) ;
#8973 = ORIENTED_EDGE ( 'NONE', *, *, #1865, .F. ) ;
#8974 = EDGE_CURVE ( 'NONE', #9440, #331, #5940, .T. ) ;
#8975 = DIRECTION ( 'NONE',  ( -0.2462931838462505130, 0.000000000000000000, 0.9691953712182477254 ) ) ;
#8976 = CARTESIAN_POINT ( 'NONE',  ( -9.199999999999999289, 4.286263797015740046E-16, -2.700000000000000178 ) ) ;
#8977 = DIRECTION ( 'NONE',  ( 1.275531967630009929E-16, 1.000000000000000000, 0.000000000000000000 ) ) ;
#8978 = EDGE_CURVE ( 'NONE', #8920, #5042, #7375, .T. ) ;
#8979 = CARTESIAN_POINT ( 'NONE',  ( 0.3000000000000079825, 7.880196097281438661, -46.00000000000000000 ) ) ;
#8980 = DIRECTION ( 'NONE',  ( -1.000000000000000000, 0.000000000000000000, -1.668003342285390565E-16 ) ) ;
#8981 = DIRECTION ( 'NONE',  ( 0.9670826766655241657, 0.000000000000000000, -0.2544623675387880923 ) ) ;
#8982 = DIRECTION ( 'NONE',  ( 3.675261601645779967E-17, 0.000000000000000000, 1.000000000000000000 ) ) ;
#8983 = CARTESIAN_POINT ( 'NONE',  ( 3.772618697934799759, 7.502152352692740500, -3.999996525281970250 ) ) ;
#8984 = ORIENTED_EDGE ( 'NONE', *, *, #3823, .T. ) ;
#8985 = EDGE_CURVE ( 'NONE', #8273, #3107, #9579, .T. ) ;
#8986 = ORIENTED_EDGE ( 'NONE', *, *, #3750, .F. ) ;
#8987 = DIRECTION ( 'NONE',  ( 0.000000000000000000, -1.000000000000000000, 0.000000000000000000 ) ) ;
#8988 = LINE ( 'NONE', #2195, #2826 ) ;
#8989 = ADVANCED_FACE ( 'NONE', ( #3635 ), #5197, .F. ) ;
#8990 = CARTESIAN_POINT ( 'NONE',  ( 1.000000000000000000, 8.000000000000000000, 1.800000000000000044 ) ) ;
#8991 = CARTESIAN_POINT ( 'NONE',  ( -4.708132092612940411, -3.149999999999999911, -0.2746782025892200441 ) ) ;
#8992 = CARTESIAN_POINT ( 'NONE',  ( -6.371436107545989991, 3.149999999999999911, -1.756013330015460117 ) ) ;
#8993 = VECTOR ( 'NONE', #3887, 1000.000000000000000 ) ;
#8994 = AXIS2_PLACEMENT_3D ( 'NONE', #9143, #7848, #164 ) ;
#8995 = EDGE_LOOP ( 'NONE', ( #2919, #1956, #8887, #6452, #1524, #636, #6374, #3477, #5968, #1432, #4700, #2145, #3659, #9067, #5742, #5923, #4211, #5818, #2933 ) ) ;
#8996 = DIRECTION ( 'NONE',  ( 3.675261601645779967E-17, 0.000000000000000000, 1.000000000000000000 ) ) ;
#8997 = AXIS2_PLACEMENT_3D ( 'NONE', #8099, #2003, #8744 ) ;
#8998 = CARTESIAN_POINT ( 'NONE',  ( 1.000000000000000000, -8.000000000000000000, -3.500000000000000000 ) ) ;
#8999 = CARTESIAN_POINT ( 'NONE',  ( -3.637083961758269979, -4.649999999999999467, -0.1945831303232199994 ) ) ;
#9000 = DIRECTION ( 'NONE',  ( 9.856383386231849706E-16, 9.856383386231849706E-16, -1.000000000000000000 ) ) ;
#9001 = CARTESIAN_POINT ( 'NONE',  ( -6.359745509654959328, 4.750000000000000000, -1.855327628688660191 ) ) ;
#9002 = ADVANCED_FACE ( 'NONE', ( #7564 ), #1476, .T. ) ;
#9003 = EDGE_CURVE ( 'NONE', #7280, #5240, #1979, .T. ) ;
#9004 = DIRECTION ( 'NONE',  ( 0.000000000000000000, -1.000000000000000000, 0.000000000000000000 ) ) ;
#9005 = EDGE_LOOP ( 'NONE', ( #6895, #4048, #4147, #8660, #8238, #7982, #381, #7910, #6372, #4946 ) ) ;
#9006 = VERTEX_POINT ( 'NONE', #2217 ) ;
#9007 = ORIENTED_EDGE ( 'NONE', *, *, #6454, .T. ) ;
#9008 = DIRECTION ( 'NONE',  ( 1.000000000000000000, 8.673617379884041783E-15, 0.000000000000000000 ) ) ;
#9009 = AXIS2_PLACEMENT_3D ( 'NONE', #1257, #9729, #5871 ) ;
#9010 = CIRCLE ( 'NONE', #6790, 0.1269558987526488991 ) ;
#9011 = TOROIDAL_SURFACE ( 'NONE', #8705, 1.500000000000000000, 0.5000000000000000000 ) ;
#9012 = LINE ( 'NONE', #3740, #7379 ) ;
#9013 = ADVANCED_FACE ( 'NONE', ( #9703 ), #8964, .T. ) ;
#9014 = AXIS2_PLACEMENT_3D ( 'NONE', #2238, #5408, #8396 ) ;
#9015 = FACE_OUTER_BOUND ( 'NONE', #94, .T. ) ;
#9016 = DIRECTION ( 'NONE',  ( 0.000000000000000000, -0.8160244811016550415, 0.5780173407803390617 ) ) ;
#9017 = DIRECTION ( 'NONE',  ( 0.000000000000000000, 0.000000000000000000, -1.000000000000000000 ) ) ;
#9018 = ORIENTED_EDGE ( 'NONE', *, *, #4947, .F. ) ;
#9019 = ORIENTED_EDGE ( 'NONE', *, *, #6618, .F. ) ;
#9020 = CYLINDRICAL_SURFACE ( 'NONE', #2757, 2.700000000000000178 ) ;
#9021 = CARTESIAN_POINT ( 'NONE',  ( -12.69999999999999929, -6.200000000000000178, -1.397680857941120327E-16 ) ) ;
#9022 = CARTESIAN_POINT ( 'NONE',  ( -3.726145790396850010, 3.149999999999999911, -0.4830620671561600132 ) ) ;
#9023 = DIRECTION ( 'NONE',  ( 0.000000000000000000, 0.000000000000000000, -1.000000000000000000 ) ) ;
#9024 = FACE_OUTER_BOUND ( 'NONE', #9361, .T. ) ;
#9025 = DIRECTION ( 'NONE',  ( -1.000000000000000000, 0.000000000000000000, -1.239088197126290817E-16 ) ) ;
#9026 = DIRECTION ( 'NONE',  ( -0.2462931838462509293, 0.000000000000000000, 0.9691953712182476144 ) ) ;
#9027 = CARTESIAN_POINT ( 'NONE',  ( 3.802666134570240164, 7.573611609417559620, -3.999535118194430083 ) ) ;
#9028 = VERTEX_POINT ( 'NONE', #5241 ) ;
#9029 = VERTEX_POINT ( 'NONE', #4443 ) ;
#9030 = EDGE_CURVE ( 'NONE', #3497, #7372, #7467, .T. ) ;
#9031 = ORIENTED_EDGE ( 'NONE', *, *, #8251, .F. ) ;
#9032 = ORIENTED_EDGE ( 'NONE', *, *, #5963, .T. ) ;
#9033 = CARTESIAN_POINT ( 'NONE',  ( -12.69999999999999929, -8.000000000000000000, -3.500000000000000000 ) ) ;
#9034 = CARTESIAN_POINT ( 'NONE',  ( 0.4051881714661269562, 7.989681027824879322, -3.616495914642829934 ) ) ;
#9035 = CARTESIAN_POINT ( 'NONE',  ( -11.49865046821370207, -4.649999999999999467, -1.903269524753409936 ) ) ;
#9036 = ADVANCED_FACE ( 'NONE', ( #5288 ), #8264, .F. ) ;
#9037 = CARTESIAN_POINT ( 'NONE',  ( 3.000000000000000000, -3.198666677215172378E-16, 2.600000000000000089 ) ) ;
#9038 = CARTESIAN_POINT ( 'NONE',  ( 3.700000000000000178, 2.700000000000000178, 2.850000000000000089 ) ) ;
#9039 = CARTESIAN_POINT ( 'NONE',  ( -2.700000000000000178, 3.950000000000000178, 4.000000000000000000 ) ) ;
#9040 = EDGE_CURVE ( 'NONE', #5086, #5263, #6727, .T. ) ;
#9041 = ORIENTED_EDGE ( 'NONE', *, *, #3658, .F. ) ;
#9042 = EDGE_CURVE ( 'NONE', #3613, #7053, #5466, .T. ) ;
#9043 = ORIENTED_EDGE ( 'NONE', *, *, #1745, .T. ) ;
#9044 = CARTESIAN_POINT ( 'NONE',  ( -12.69999999999999929, 5.599999999999999645, 0.000000000000000000 ) ) ;
#9045 = CARTESIAN_POINT ( 'NONE',  ( -4.669980238826742180, 3.152825367019807867, 0.05000000000000884293 ) ) ;
#9046 = CARTESIAN_POINT ( 'NONE',  ( 3.299999999999999822, 3.950000000000000178, -6.505213034913029562E-16 ) ) ;
#9047 = CYLINDRICAL_SURFACE ( 'NONE', #4741, 2.500000000000000000 ) ;
#9048 = DIRECTION ( 'NONE',  ( 0.000000000000000000, 0.000000000000000000, -1.000000000000000000 ) ) ;
#9049 = LINE ( 'NONE', #5335, #8993 ) ;
#9050 = ORIENTED_EDGE ( 'NONE', *, *, #6421, .T. ) ;
#9051 = ORIENTED_EDGE ( 'NONE', *, *, #7421, .T. ) ;
#9052 = CIRCLE ( 'NONE', #3192, 0.6500000000000000222 ) ;
#9053 = EDGE_CURVE ( 'NONE', #1776, #4733, #6177, .T. ) ;
#9054 = ORIENTED_EDGE ( 'NONE', *, *, #1960, .F. ) ;
#9055 = AXIS2_PLACEMENT_3D ( 'NONE', #3012, #735, #8918 ) ;
#9056 = EDGE_LOOP ( 'NONE', ( #3360, #3404, #430, #4885 ) ) ;
#9057 = DIRECTION ( 'NONE',  ( 0.9670826766655241657, 0.000000000000000000, -0.2544623675387880923 ) ) ;
#9058 = EDGE_CURVE ( 'NONE', #2839, #8464, #6224, .T. ) ;
#9059 = VECTOR ( 'NONE', #1410, 1000.000000000000114 ) ;
#9060 = CYLINDRICAL_SURFACE ( 'NONE', #7696, 0.09999999999999997780 ) ;
#9061 = CARTESIAN_POINT ( 'NONE',  ( -5.300000000000000711, 1.224646799147349904E-15, -4.000000000000000000 ) ) ;
#9062 = VECTOR ( 'NONE', #6902, 1000.000000000000000 ) ;
#9063 = CARTESIAN_POINT ( 'NONE',  ( -3.100000000000000089, -3.550000000000000266, 3.500000000000000000 ) ) ;
#9064 = CARTESIAN_POINT ( 'NONE',  ( 6.628285685708569908, 7.500000000000000000, -4.000000000000000000 ) ) ;
#9065 = ORIENTED_EDGE ( 'NONE', *, *, #5401, .F. ) ;
#9066 = ORIENTED_EDGE ( 'NONE', *, *, #4067, .F. ) ;
#9067 = ORIENTED_EDGE ( 'NONE', *, *, #5219, .F. ) ;
#9068 = FACE_OUTER_BOUND ( 'NONE', #1041, .T. ) ;
#9069 = EDGE_CURVE ( 'NONE', #2839, #1384, #4505, .T. ) ;
#9071 = CIRCLE ( 'NONE', #2417, 1.000000000000000000 ) ;
#9070 = DIRECTION ( 'NONE',  ( -5.748638800407640703E-17, -1.000000000000000000, -9.970989681626198491E-16 ) ) ;
#9072 = ADVANCED_FACE ( 'NONE', ( #3892 ), #6968, .F. ) ;
#9073 = CARTESIAN_POINT ( 'NONE',  ( 5.250000000000000000, -7.349999999999999645, 1.350000000000000089 ) ) ;
#9074 = CARTESIAN_POINT ( 'NONE',  ( -11.41897125843630079, 4.662956099268659393, -2.449999999999999734 ) ) ;
#9075 = LINE ( 'NONE', #5907, #3719 ) ;
#9076 = DIRECTION ( 'NONE',  ( -3.128579780658979875E-16, 9.970989681626198491E-16, -1.000000000000000000 ) ) ;
#9077 = DIRECTION ( 'NONE',  ( -0.9670826766655243878, 0.000000000000000000, 0.2544623675387871486 ) ) ;
#9078 = CARTESIAN_POINT ( 'NONE',  ( -4.768600664696140967, -3.149999999999999911, -1.264922013198400252 ) ) ;
#9079 = ORIENTED_EDGE ( 'NONE', *, *, #3750, .T. ) ;
#9080 = EDGE_LOOP ( 'NONE', ( #890, #3891, #5852, #8934 ) ) ;
#9081 = ORIENTED_EDGE ( 'NONE', *, *, #6360, .F. ) ;
#9082 = ORIENTED_EDGE ( 'NONE', *, *, #2293, .F. ) ;
#9083 = DIRECTION ( 'NONE',  ( 0.2544623675387880923, 0.000000000000000000, 0.9670826766655241657 ) ) ;
#9084 = CARTESIAN_POINT ( 'NONE',  ( 0.4000000000000000222, 8.000000000000000000, -3.558691488253829860 ) ) ;
#9085 = DIRECTION ( 'NONE',  ( -3.128579780658979875E-16, 9.970989681626198491E-16, -1.000000000000000000 ) ) ;
#9086 = CARTESIAN_POINT ( 'NONE',  ( 0.3000000000000079825, -7.880196097281438661, -46.00000000000000000 ) ) ;
#9087 = CARTESIAN_POINT ( 'NONE',  ( 12.20000000000000107, -6.000000000000000000, -4.000000000000000000 ) ) ;
#9088 = VECTOR ( 'NONE', #5861, 1000.000000000000000 ) ;
#9089 = CARTESIAN_POINT ( 'NONE',  ( -0.6999999999999999556, -4.750000000000000000, -0.4999951050441829303 ) ) ;
#9090 = VECTOR ( 'NONE', #7857, 1000.000000000000000 ) ;
#9091 = AXIS2_PLACEMENT_3D ( 'NONE', #9370, #8629, #1841 ) ;
#9092 = ORIENTED_EDGE ( 'NONE', *, *, #3836, .F. ) ;
#9093 = EDGE_CURVE ( 'NONE', #4052, #4406, #7665, .T. ) ;
#9094 = EDGE_CURVE ( 'NONE', #3901, #6653, #3396, .T. ) ;
#9095 = CARTESIAN_POINT ( 'NONE',  ( -2.299999999999999822, -4.349999999999999645, 3.950000000000000178 ) ) ;
#9096 = VECTOR ( 'NONE', #1191, 1000.000000000000000 ) ;
#9097 = CARTESIAN_POINT ( 'NONE',  ( 5.200000000000000178, 8.900000000000000355, -46.00000000000000000 ) ) ;
#9098 = VECTOR ( 'NONE', #590, 1000.000000000000000 ) ;
#9099 = B_SPLINE_CURVE_WITH_KNOTS ( 'NONE', 3,
 ( #4878, #4921, #6352, #7100, #313, #9387, #8650, #1112, #3376, #6405, #2640, #5669, #8697 ),
 .UNSPECIFIED., .F., .F.,
 ( 4, 1, 2, 2, 2, 2, 4 ),
 ( 0.000000000000000000, 0.2500000000000030531, 0.3750000000000027200, 0.5000000000000024425, 0.6250000000000021094, 0.7500000000000017764, 1.000000000000000000 ),
 .UNSPECIFIED. ) ;
#9100 = CARTESIAN_POINT ( 'NONE',  ( 4.792481155659909398, -1.699999999999999956, 0.5500000000000000444 ) ) ;
#9101 = CARTESIAN_POINT ( 'NONE',  ( -5.018871304652138043, -4.736698232144779475, 0.04999999999999586026 ) ) ;
#9102 = AXIS2_PLACEMENT_3D ( 'NONE', #901, #6939, #155 ) ;
#9103 = DIRECTION ( 'NONE',  ( -9.343242246769421254E-16, 0.000000000000000000, -1.000000000000000000 ) ) ;
#9104 = EDGE_CURVE ( 'NONE', #3589, #2673, #8563, .T. ) ;
#9105 = VECTOR ( 'NONE', #2356, 1000.000000000000000 ) ;
#9106 = LINE ( 'NONE', #818, #1084 ) ;
#9107 = VECTOR ( 'NONE', #7322, 1000.000000000000000 ) ;
#9108 = EDGE_LOOP ( 'NONE', ( #141, #5889, #8572, #6023, #4270, #7451, #3476, #7475, #8610, #6575, #4896, #8263, #4099, #8115, #2807, #347, #8906, #1673, #727 ) ) ;
#9109 = VERTEX_POINT ( 'NONE', #5486 ) ;
#9110 = ORIENTED_EDGE ( 'NONE', *, *, #7793, .F. ) ;
#9111 = EDGE_LOOP ( 'NONE', ( #9326, #7036, #4565, #6327 ) ) ;
#9112 = CARTESIAN_POINT ( 'NONE',  ( 7.750000000000000000, 5.000000000000000000, -1.500000000000000222 ) ) ;
#9113 = VECTOR ( 'NONE', #6651, 1000.000000000000000 ) ;
#9114 = ADVANCED_FACE ( 'NONE', ( #5433 ), #9206, .T. ) ;
#9115 = FACE_OUTER_BOUND ( 'NONE', #8668, .T. ) ;
#9116 = LINE ( 'NONE', #6922, #2131 ) ;
#9117 = CARTESIAN_POINT ( 'NONE',  ( -3.950000000000000178, -4.349999999999999645, 3.950000000000000178 ) ) ;
#9118 = CARTESIAN_POINT ( 'NONE',  ( 6.200000000000000178, 1.750000000000000000, 0.5500000000000180300 ) ) ;
#9119 = ORIENTED_EDGE ( 'NONE', *, *, #1764, .F. ) ;
#9120 = VERTEX_POINT ( 'NONE', #1767 ) ;
#9121 = ORIENTED_EDGE ( 'NONE', *, *, #2156, .F. ) ;
#9122 = AXIS2_PLACEMENT_3D ( 'NONE', #3274, #1850, #9332 ) ;
#9123 = ORIENTED_EDGE ( 'NONE', *, *, #5030, .T. ) ;
#9124 = LINE ( 'NONE', #2333, #8943 ) ;
#9125 = CARTESIAN_POINT ( 'NONE',  ( -11.45385763461843709, -4.675365379185345560, -2.500000000000000000 ) ) ;
#9126 = CARTESIAN_POINT ( 'NONE',  ( 2.899999999999999911, 3.550000000000000266, 1.649999999999999911 ) ) ;
#9127 = DIRECTION ( 'NONE',  ( 3.675261601645779967E-17, 0.000000000000000000, 1.000000000000000000 ) ) ;
#9128 = AXIS2_PLACEMENT_3D ( 'NONE', #6335, #5597, #898 ) ;
#9129 = FACE_OUTER_BOUND ( 'NONE', #1833, .T. ) ;
#9130 = CARTESIAN_POINT ( 'NONE',  ( -11.41162309946109943, -4.649999999999999467, -2.500000000000000000 ) ) ;
#9131 = DIRECTION ( 'NONE',  ( -0.8660254037844387076, -0.4999999999999998890, -1.249219751954890073E-15 ) ) ;
#9132 = CARTESIAN_POINT ( 'NONE',  ( -2.700000000000000178, 3.950000000000000178, 3.500000000000000000 ) ) ;
#9133 = EDGE_CURVE ( 'NONE', #4061, #1406, #1676, .T. ) ;
#9134 = ORIENTED_EDGE ( 'NONE', *, *, #9197, .F. ) ;
#9135 = ADVANCED_FACE ( 'NONE', ( #8367, #927 ), #1572, .T. ) ;
#9136 = ORIENTED_EDGE ( 'NONE', *, *, #694, .F. ) ;
#9137 = ORIENTED_EDGE ( 'NONE', *, *, #4437, .T. ) ;
#9138 = EDGE_CURVE ( 'NONE', #8330, #241, #2038, .T. ) ;
#9139 = DIRECTION ( 'NONE',  ( 0.000000000000000000, 0.000000000000000000, -1.000000000000000000 ) ) ;
#9140 = CARTESIAN_POINT ( 'NONE',  ( -4.708132092612940411, 3.149999999999999911, -0.2246782025892299917 ) ) ;
#9141 = CARTESIAN_POINT ( 'NONE',  ( 0.3000000000000000444, 7.670027478753489447, 3.857403016484412639 ) ) ;
#9142 = CARTESIAN_POINT ( 'NONE',  ( -4.898978868267030329, 4.750000000000000000, -0.9499902100883750311 ) ) ;
#9143 = CARTESIAN_POINT ( 'NONE',  ( 9.500000000000000000, 5.000000000000000000, -1.500000000000000000 ) ) ;
#9144 = CARTESIAN_POINT ( 'NONE',  ( -12.69999999999999929, -6.200000000000000178, 0.5500000000000000444 ) ) ;
#9145 = DIRECTION ( 'NONE',  ( 0.000000000000000000, 0.000000000000000000, -1.000000000000000000 ) ) ;
#9146 = EDGE_LOOP ( 'NONE', ( #3052, #1028, #4145 ) ) ;
#9147 = VERTEX_POINT ( 'NONE', #974 ) ;
#9148 = DIRECTION ( 'NONE',  ( 0.000000000000000000, 0.000000000000000000, -1.000000000000000000 ) ) ;
#9149 = CARTESIAN_POINT ( 'NONE',  ( -2.147203005232829476, -7.687731922544750240, -3.964966114332849845 ) ) ;
#9150 = DIRECTION ( 'NONE',  ( -1.000000000000000000, -9.149931283457318678E-17, 3.128579780658979875E-16 ) ) ;
#9151 = CARTESIAN_POINT ( 'NONE',  ( -4.898978868267030329, 4.649999999999999467, -0.9499902100883750311 ) ) ;
#9152 = CARTESIAN_POINT ( 'NONE',  ( -6.359745509654959328, -3.149999999999999911, -1.905327628688650021 ) ) ;
#9153 = AXIS2_PLACEMENT_3D ( 'NONE', #9333, #1704, #4620 ) ;
#9154 = DIRECTION ( 'NONE',  ( -9.856383386231849706E-16, 0.000000000000000000, 1.000000000000000000 ) ) ;
#9155 = ORIENTED_EDGE ( 'NONE', *, *, #5864, .T. ) ;
#9156 = VECTOR ( 'NONE', #4127, 1000.000000000000000 ) ;
#9157 = VERTEX_POINT ( 'NONE', #2321 ) ;
#9158 = VERTEX_POINT ( 'NONE', #3989 ) ;
#9159 = ADVANCED_FACE ( 'NONE', ( #4590 ), #6135, .F. ) ;
#9160 = CARTESIAN_POINT ( 'NONE',  ( 0.000000000000000000, 8.000000000000000000, 0.000000000000000000 ) ) ;
#9161 = EDGE_CURVE ( 'NONE', #1818, #6645, #3089, .T. ) ;
#9162 = DIRECTION ( 'NONE',  ( -1.656580215914899728E-16, 0.000000000000000000, 1.000000000000000000 ) ) ;
#9163 = CIRCLE ( 'NONE', #4888, 0.7500000000000000000 ) ;
#9164 = CARTESIAN_POINT ( 'NONE',  ( 6.400000000000000355, 8.000000000000000000, -3.500000000000000000 ) ) ;
#9165 = DIRECTION ( 'NONE',  ( 1.000000000000000000, 0.000000000000000000, 2.168404344971008868E-16 ) ) ;
#9166 = DIRECTION ( 'NONE',  ( -0.8160244811016550415, -2.875390424438230349E-15, -0.5780173407803390617 ) ) ;
#9167 = EDGE_LOOP ( 'NONE', ( #725, #6070, #158, #8717 ) ) ;
#9168 = ORIENTED_EDGE ( 'NONE', *, *, #1223, .T. ) ;
#9169 = EDGE_LOOP ( 'NONE', ( #8481, #2980, #635, #9472 ) ) ;
#9170 = ORIENTED_EDGE ( 'NONE', *, *, #6439, .T. ) ;
#9171 = EDGE_CURVE ( 'NONE', #7664, #2378, #8634, .T. ) ;
#9172 = DIRECTION ( 'NONE',  ( -0.000000000000000000, 1.000000000000000000, 0.000000000000000000 ) ) ;
#9173 =( LENGTH_UNIT ( ) NAMED_UNIT ( * ) SI_UNIT ( .MILLI., .METRE. ) );
#9174 = LINE ( 'NONE', #2337, #3939 ) ;
#9175 = FACE_OUTER_BOUND ( 'NONE', #3685, .T. ) ;
#9176 = FACE_OUTER_BOUND ( 'NONE', #6861, .T. ) ;
#9177 = CARTESIAN_POINT ( 'NONE',  ( -5.083698756151719955, -4.750000000000000000, -0.2730936816746800111 ) ) ;
#9178 = DIRECTION ( 'NONE',  ( 1.000000000000000000, 0.000000000000000000, 1.365923996832129884E-16 ) ) ;
#9179 = B_SPLINE_CURVE_WITH_KNOTS ( 'NONE', 3,
 ( #1035, #4142, #9402, #4238, #4847, #7962, #376, #5586, #1126, #4194, #233, #7217 ),
 .UNSPECIFIED., .F., .F.,
 ( 4, 2, 2, 2, 2, 4 ),
 ( -0.08244218537777520117, -0.06474943937832160212, -0.04497664290914730328, -0.02290606797528130234, 0.000000000000000000, 0.0003501958160349039062 ),
 .UNSPECIFIED. ) ;
#9180 = DIRECTION ( 'NONE',  ( -1.000000000000000000, -3.081172736962810407E-15, 3.675261601645779967E-17 ) ) ;
#9181 = VERTEX_POINT ( 'NONE', #3437 ) ;
#9182 = AXIS2_PLACEMENT_3D ( 'NONE', #2555, #1636, #4654 ) ;
#9183 = ORIENTED_EDGE ( 'NONE', *, *, #9619, .T. ) ;
#9184 = DIRECTION ( 'NONE',  ( 1.000000000000000000, 0.000000000000000000, 0.000000000000000000 ) ) ;
#9185 = EDGE_CURVE ( 'NONE', #4052, #6281, #2143, .T. ) ;
#9186 = CARTESIAN_POINT ( 'NONE',  ( 2.210275264114839988, 6.200000000000000178, 1.350000000000020073 ) ) ;
#9187 = CARTESIAN_POINT ( 'NONE',  ( 1.807518844340070041, 1.699999999999999956, 0.5500000000000140332 ) ) ;
#9188 = DIRECTION ( 'NONE',  ( 1.000000000000000000, 0.000000000000000000, 0.000000000000000000 ) ) ;
#9189 = CARTESIAN_POINT ( 'NONE',  ( -4.566620657608403633, -3.231749993886902761, 0.04999999999999742151 ) ) ;
#9190 = FACE_OUTER_BOUND ( 'NONE', #443, .T. ) ;
#9191 = CARTESIAN_POINT ( 'NONE',  ( 3.567091607782539864, -7.643242681739970124, -3.984225351743480914 ) ) ;
#9192 = VECTOR ( 'NONE', #4730, 1000.000000000000000 ) ;
#9193 = ORIENTED_EDGE ( 'NONE', *, *, #3459, .F. ) ;
#9194 = ORIENTED_EDGE ( 'NONE', *, *, #9375, .F. ) ;
#9195 = DIRECTION ( 'NONE',  ( -1.000000000000000000, 0.000000000000000000, 0.000000000000000000 ) ) ;
#9196 = DIRECTION ( 'NONE',  ( -1.000000000000000000, 1.913297951445009840E-16, 0.000000000000000000 ) ) ;
#9197 = EDGE_CURVE ( 'NONE', #7119, #6664, #5304, .T. ) ;
#9198 = EDGE_CURVE ( 'NONE', #985, #8948, #244, .T. ) ;
#9199 = CARTESIAN_POINT ( 'NONE',  ( -11.46423078997079870, -3.149999999999999911, -2.053085655970579904 ) ) ;
#9200 = CARTESIAN_POINT ( 'NONE',  ( -4.894548371762245331, -4.736604447904547044, 0.04999940578955855419 ) ) ;
#9201 = DIRECTION ( 'NONE',  ( 0.000000000000000000, 0.000000000000000000, -1.000000000000000000 ) ) ;
#9202 = CARTESIAN_POINT ( 'NONE',  ( 9.500000000000000000, -5.000000000000000000, 0.000000000000000000 ) ) ;
#9203 = ORIENTED_EDGE ( 'NONE', *, *, #9306, .T. ) ;
#9204 = ORIENTED_EDGE ( 'NONE', *, *, #5772, .T. ) ;
#9205 = ORIENTED_EDGE ( 'NONE', *, *, #4790, .T. ) ;
#9206 = CYLINDRICAL_SURFACE ( 'NONE', #7201, 0.09999999999999997780 ) ;
#9207 = AXIS2_PLACEMENT_3D ( 'NONE', #4704, #9317, #291 ) ;
#9208 = DIRECTION ( 'NONE',  ( 1.000000000000000000, 0.000000000000000000, 0.000000000000000000 ) ) ;
#9209 = CARTESIAN_POINT ( 'NONE',  ( 9.500000000000000000, 5.000000000000000000, -1.500000000000000000 ) ) ;
#9210 = VECTOR ( 'NONE', #6391, 1000.000000000000000 ) ;
#9211 = PLANE ( 'NONE',  #659 ) ;
#9212 = DIRECTION ( 'NONE',  ( -0.5780173407803390617, 0.000000000000000000, 0.8160244811016550415 ) ) ;
#9213 = VERTEX_POINT ( 'NONE', #324 ) ;
#9214 = EDGE_LOOP ( 'NONE', ( #397, #1987, #9461, #1535 ) ) ;
#9215 = EDGE_LOOP ( 'NONE', ( #7822, #4344 ) ) ;
#9216 = CIRCLE ( 'NONE', #8428, 2.499999999999999556 ) ;
#9217 = EDGE_LOOP ( 'NONE', ( #7321, #5543, #3449, #9727 ) ) ;
#9218 = CARTESIAN_POINT ( 'NONE',  ( 6.200000000000000178, -4.250000000000000000, 1.350000000000000089 ) ) ;
#9219 = EDGE_CURVE ( 'NONE', #8406, #9265, #8321, .T. ) ;
#9220 = EDGE_CURVE ( 'NONE', #1511, #8095, #7044, .T. ) ;
#9221 = PERSON_AND_ORGANIZATION ( #7298, #2091 ) ;
#9222 = AXIS2_PLACEMENT_3D ( 'NONE', #1852, #960, #4769 ) ;
#9223 = FACE_OUTER_BOUND ( 'NONE', #1623, .T. ) ;
#9224 = DIRECTION ( 'NONE',  ( -1.656580215914899728E-16, 0.000000000000000000, 1.000000000000000000 ) ) ;
#9225 = CARTESIAN_POINT ( 'NONE',  ( -6.359745509654959328, -4.750000000000000000, -2.500000000000000000 ) ) ;
#9226 = EDGE_CURVE ( 'NONE', #1844, #2020, #4036, .T. ) ;
#9227 = LINE ( 'NONE', #5504, #9540 ) ;
#9228 = LINE ( 'NONE', #6291, #9569 ) ;
#9229 = ORIENTED_EDGE ( 'NONE', *, *, #7793, .T. ) ;
#9230 = VERTEX_POINT ( 'NONE', #7255 ) ;
#9231 = ORIENTED_EDGE ( 'NONE', *, *, #6026, .T. ) ;
#9232 = CARTESIAN_POINT ( 'NONE',  ( 3.299999999999999822, -3.950000000000000178, -2.600000000000000089 ) ) ;
#9233 = DIRECTION ( 'NONE',  ( 0.000000000000000000, 0.000000000000000000, -1.000000000000000000 ) ) ;
#9234 = DIRECTION ( 'NONE',  ( -0.5780173407803396168, 1.912554588140334419E-15, -0.8160244811016544864 ) ) ;
#9235 = LINE ( 'NONE', #5467, #6577 ) ;
#9236 = LINE ( 'NONE', #8591, #7727 ) ;
#9237 = EDGE_CURVE ( 'NONE', #2661, #625, #618, .T. ) ;
#9238 = CARTESIAN_POINT ( 'NONE',  ( 3.299999999999999822, -3.950000000000000178, 1.350000000000000089 ) ) ;
#9239 = VECTOR ( 'NONE', #3920, 1000.000000000000000 ) ;
#9240 = DIRECTION ( 'NONE',  ( 0.000000000000000000, -1.000000000000000000, 0.000000000000000000 ) ) ;
#9241 = ORIENTED_EDGE ( 'NONE', *, *, #9319, .F. ) ;
#9242 = VECTOR ( 'NONE', #7055, 1000.000000000000000 ) ;
#9243 = DIRECTION ( 'NONE',  ( -3.128579780658979875E-16, 9.970989681626198491E-16, -1.000000000000000000 ) ) ;
#9244 = CARTESIAN_POINT ( 'NONE',  ( -2.084305967669569881, 7.825875356380930903, 3.885618546656579575 ) ) ;
#9245 = DIRECTION ( 'NONE',  ( 9.343242246769421254E-16, -2.294126247091830304E-15, 1.000000000000000000 ) ) ;
#9246 = CYLINDRICAL_SURFACE ( 'NONE', #5310, 1.000000000000000000 ) ;
#9247 = DIRECTION ( 'NONE',  ( 9.387283644590649326E-16, 8.725142821606440391E-16, -1.000000000000000000 ) ) ;
#9248 = AXIS2_PLACEMENT_3D ( 'NONE', #2419, #6093, #3841 ) ;
#9250 = ORIENTED_EDGE ( 'NONE', *, *, #1045, .F. ) ;
#9249 = EDGE_CURVE ( 'NONE', #760, #7110, #5787, .T. ) ;
#9251 = EDGE_CURVE ( 'NONE', #7877, #8417, #3243, .T. ) ;
#9252 = VECTOR ( 'NONE', #6378, 1000.000000000000000 ) ;
#9253 = ORIENTED_EDGE ( 'NONE', *, *, #7520, .F. ) ;
#9254 = CIRCLE ( 'NONE', #9567, 1.749999999999999778 ) ;
#9255 = ORIENTED_EDGE ( 'NONE', *, *, #6519, .F. ) ;
#9256 = CARTESIAN_POINT ( 'NONE',  ( -3.950000000000000178, -3.950000000000000178, 3.500000000000000000 ) ) ;
#9257 = CIRCLE ( 'NONE', #6241, 1.299999999999999156 ) ;
#9258 = CIRCLE ( 'NONE', #4981, 0.1000000000000000333 ) ;
#9259 = FACE_OUTER_BOUND ( 'NONE', #4995, .T. ) ;
#9260 = CARTESIAN_POINT ( 'NONE',  ( -12.69999999999999929, -4.799999999999999822, -2.500000000000000000 ) ) ;
#9261 = LINE ( 'NONE', #2473, #4456 ) ;
#9262 = CARTESIAN_POINT ( 'NONE',  ( 0.4000000000000000222, -8.000000000000000000, -3.558691488137589953 ) ) ;
#9263 = ORIENTED_EDGE ( 'NONE', *, *, #7976, .T. ) ;
#9264 = EDGE_LOOP ( 'NONE', ( #5361, #8973, #4647 ) ) ;
#9265 = VERTEX_POINT ( 'NONE', #5727 ) ;
#9266 = ORIENTED_EDGE ( 'NONE', *, *, #3266, .T. ) ;
#9267 = VECTOR ( 'NONE', #2483, 1000.000000000000000 ) ;
#9268 = DIRECTION ( 'NONE',  ( 1.741690236924499901E-16, 0.000000000000000000, -1.000000000000000000 ) ) ;
#9269 = AXIS2_PLACEMENT_3D ( 'NONE', #2845, #1366, #5874 ) ;
#9270 = VECTOR ( 'NONE', #826, 1000.000000000000000 ) ;
#9271 = APPLICATION_PROTOCOL_DEFINITION ( 'international standard', 'config_control_design', 1994, #2815 ) ;
#9272 = CARTESIAN_POINT ( 'NONE',  ( -2.700000000000000178, 1.224646799147349904E-15, 4.000000000000000000 ) ) ;
#9273 = DIRECTION ( 'NONE',  ( 0.8160244811016545974, -4.203552217315170121E-15, -0.5780173407803397279 ) ) ;
#9274 = DIRECTION ( 'NONE',  ( 0.000000000000000000, 1.000000000000000000, 0.000000000000000000 ) ) ;
#9275 = AXIS2_PLACEMENT_3D ( 'NONE', #4913, #4164, #6540 ) ;
#9276 = CARTESIAN_POINT ( 'NONE',  ( 12.69999999999999929, 6.000000000000000000, 0.000000000000000000 ) ) ;
#9277 = EDGE_CURVE ( 'NONE', #3785, #1230, #5928, .T. ) ;
#9278 = CARTESIAN_POINT ( 'NONE',  ( -4.898978868267030329, -4.649999999999999467, -0.9999902100883649725 ) ) ;
#9279 = EDGE_CURVE ( 'NONE', #3174, #5327, #4175, .T. ) ;
#9280 = ORIENTED_EDGE ( 'NONE', *, *, #4484, .T. ) ;
#9281 = ORIENTED_EDGE ( 'NONE', *, *, #6178, .T. ) ;
#9282 = ORIENTED_EDGE ( 'NONE', *, *, #7405, .T. ) ;
#9283 = DIRECTION ( 'NONE',  ( -1.000000000000000000, 0.000000000000000000, 0.000000000000000000 ) ) ;
#9284 = EDGE_CURVE ( 'NONE', #6896, #5051, #8769, .T. ) ;
#9285 = AXIS2_PLACEMENT_3D ( 'NONE', #6038, #778, #3792 ) ;
#9286 = LINE ( 'NONE', #2578, #5991 ) ;
#9287 = FACE_OUTER_BOUND ( 'NONE', #2070, .T. ) ;
#9288 = LINE ( 'NONE', #1298, #2468 ) ;
#9289 = CARTESIAN_POINT ( 'NONE',  ( -12.69999999999999929, -7.500000000000000000, 3.500000000000000000 ) ) ;
#9290 = CARTESIAN_POINT ( 'NONE',  ( -4.895814636122127084, -3.149999999999999911, -0.2499968850281128474 ) ) ;
#9291 = EDGE_CURVE ( 'NONE', #7772, #2498, #2747, .T. ) ;
#9292 = FACE_OUTER_BOUND ( 'NONE', #8453, .T. ) ;
#9293 = ORIENTED_EDGE ( 'NONE', *, *, #5128, .F. ) ;
#9294 = CARTESIAN_POINT ( 'NONE',  ( -0.6999999999999999556, 6.200000000000000178, 0.5500000000000000444 ) ) ;
#9295 = ADVANCED_FACE ( 'NONE', ( #5029 ), #1959, .T. ) ;
#9296 = CARTESIAN_POINT ( 'NONE',  ( -4.898978868267030329, -4.750000000000000000, -0.9999902100883649725 ) ) ;
#9297 = LINE ( 'NONE', #3930, #5987 ) ;
#9298 = PRODUCT_RELATED_PRODUCT_CATEGORY ( 'detail', '', ( #5459 ) ) ;
#9299 = PLANE ( 'NONE',  #1352 ) ;
#9300 = CARTESIAN_POINT ( 'NONE',  ( -4.768600664696140967, 3.250000000000000000, -1.214922013198409978 ) ) ;
#9301 = VERTEX_POINT ( 'NONE', #8708 ) ;
#9302 = EDGE_LOOP ( 'NONE', ( #6247, #7765, #9043, #7839 ) ) ;
#9303 = ORIENTED_EDGE ( 'NONE', *, *, #8194, .F. ) ;
#9304 = CARTESIAN_POINT ( 'NONE',  ( -11.52127450851680024, 3.243157893699139649, -2.449999999999999734 ) ) ;
#9305 = EDGE_CURVE ( 'NONE', #2464, #7038, #7977, .T. ) ;
#9306 = EDGE_CURVE ( 'NONE', #8874, #4774, #9352, .T. ) ;
#9307 = DIRECTION ( 'NONE',  ( -0.004218976193204673764, 0.000000000000000000, -0.9999911000803363148 ) ) ;
#9308 = CARTESIAN_POINT ( 'NONE',  ( 3.299999999999999822, -3.950000000000000178, -3.649999999999999911 ) ) ;
#9309 = TOROIDAL_SURFACE ( 'NONE', #3753, 1.000000000000000000, 0.1000000000000000056 ) ;
#9310 = CARTESIAN_POINT ( 'NONE',  ( 0.1999999999999879929, 6.200000000000000178, 1.350000000000020073 ) ) ;
#9311 = CARTESIAN_POINT ( 'NONE',  ( 0.5104997524523279262, -7.769467990233069443, -3.926640469040080461 ) ) ;
#9312 = ORIENTED_EDGE ( 'NONE', *, *, #5983, .F. ) ;
#9313 = ORIENTED_EDGE ( 'NONE', *, *, #3602, .F. ) ;
#9314 = ORIENTED_EDGE ( 'NONE', *, *, #6752, .T. ) ;
#9315 = ORIENTED_EDGE ( 'NONE', *, *, #558, .F. ) ;
#9316 = DIRECTION ( 'NONE',  ( 1.365923996832129884E-16, 0.000000000000000000, -1.000000000000000000 ) ) ;
#9317 = DIRECTION ( 'NONE',  ( 0.000000000000000000, 0.000000000000000000, 1.000000000000000000 ) ) ;
#9318 = VECTOR ( 'NONE', #54, 1000.000000000000000 ) ;
#9319 = EDGE_CURVE ( 'NONE', #3197, #1776, #734, .T. ) ;
#9320 = EDGE_CURVE ( 'NONE', #1697, #6130, #2109, .T. ) ;
#9321 = LINE ( 'NONE', #292, #256 ) ;
#9322 = DIRECTION ( 'NONE',  ( -0.9931429867320367144, 0.000000000000000000, -0.1169059789102749741 ) ) ;
#9323 = CARTESIAN_POINT ( 'NONE',  ( 6.750000000000000000, -8.050000000000000711, 0.5500000000000100364 ) ) ;
#9324 = CARTESIAN_POINT ( 'NONE',  ( -4.898978868267030329, -3.149999999999999911, -0.9999902100883649725 ) ) ;
#9325 = ORIENTED_EDGE ( 'NONE', *, *, #2544, .F. ) ;
#9326 = ORIENTED_EDGE ( 'NONE', *, *, #860, .T. ) ;
#9327 = ORIENTED_EDGE ( 'NONE', *, *, #9030, .T. ) ;
#9328 = CARTESIAN_POINT ( 'NONE',  ( -12.69999999999999929, 7.500000000000000000, 3.500000000000000000 ) ) ;
#9329 = DIRECTION ( 'NONE',  ( 0.000000000000000000, 1.000000000000000000, 0.000000000000000000 ) ) ;
#9330 = CARTESIAN_POINT ( 'NONE',  ( 0.3000000000000001554, 7.834272874362845585, 3.675738795032204020 ) ) ;
#9331 = AXIS2_PLACEMENT_3D ( 'NONE', #2654, #7215, #9598 ) ;
#9332 = DIRECTION ( 'NONE',  ( 1.000000000000000000, 0.000000000000000000, -3.675261601645779967E-17 ) ) ;
#9333 = CARTESIAN_POINT ( 'NONE',  ( 3.299999999999999822, 3.950000000000000178, -6.505213034913029562E-16 ) ) ;
#9334 = AXIS2_PLACEMENT_3D ( 'NONE', #1750, #9379, #3224 ) ;
#9335 = DIRECTION ( 'NONE',  ( -1.000000000000000000, 1.913297951445009840E-16, -1.734723475976839881E-16 ) ) ;
#9336 = CARTESIAN_POINT ( 'NONE',  ( -2.299999999999999822, -3.550000000000000266, 3.950000000000000178 ) ) ;
#9337 = ADVANCED_FACE ( 'NONE', ( #2899 ), #8161, .F. ) ;
#9338 = ORIENTED_EDGE ( 'NONE', *, *, #2016, .F. ) ;
#9339 = VERTEX_POINT ( 'NONE', #2800 ) ;
#9340 = DIRECTION ( 'NONE',  ( -1.741690236924499901E-16, 0.000000000000000000, 1.000000000000000000 ) ) ;
#9341 = FACE_OUTER_BOUND ( 'NONE', #359, .T. ) ;
#9342 = VECTOR ( 'NONE', #1271, 1000.000000000000000 ) ;
#9343 = FACE_OUTER_BOUND ( 'NONE', #8696, .T. ) ;
#9344 = CYLINDRICAL_SURFACE ( 'NONE', #5943, 0.1000000000000000333 ) ;
#9345 = CARTESIAN_POINT ( 'NONE',  ( -12.69999999999999929, 7.500000000000000000, 4.000000000000000000 ) ) ;
#9346 = AXIS2_PLACEMENT_3D ( 'NONE', #3781, #2902, #8956 ) ;
#9347 = EDGE_CURVE ( 'NONE', #2421, #5691, #615, .T. ) ;
#9348 = EDGE_CURVE ( 'NONE', #9552, #599, #9642, .T. ) ;
#9349 = ORIENTED_EDGE ( 'NONE', *, *, #4724, .T. ) ;
#9350 = ORIENTED_EDGE ( 'NONE', *, *, #3972, .F. ) ;
#9351 = VERTEX_POINT ( 'NONE', #2159 ) ;
#9352 = LINE ( 'NONE', #7867, #8615 ) ;
#9353 = CARTESIAN_POINT ( 'NONE',  ( -11.47402114982909893, 3.250000000000000000, -1.950189061875239993 ) ) ;
#9354 = CARTESIAN_POINT ( 'NONE',  ( 3.299999999999999822, -4.349999999999999645, -3.649999999999999911 ) ) ;
#9355 = DIRECTION ( 'NONE',  ( -1.656580215914899728E-16, 0.000000000000000000, 1.000000000000000000 ) ) ;
#9356 = EDGE_CURVE ( 'NONE', #7345, #4499, #1020, .T. ) ;
#9357 = CARTESIAN_POINT ( 'NONE',  ( -11.52127450851669899, -3.243157893699149863, -2.500000000000000000 ) ) ;
#9358 = ORIENTED_EDGE ( 'NONE', *, *, #4563, .F. ) ;
#9359 = ORIENTED_EDGE ( 'NONE', *, *, #5242, .T. ) ;
#9360 = ORIENTED_EDGE ( 'NONE', *, *, #1291, .F. ) ;
#9361 = EDGE_LOOP ( 'NONE', ( #8049, #7346, #7498, #2055 ) ) ;
#9362 = EDGE_CURVE ( 'NONE', #5240, #3029, #1419, .T. ) ;
#9363 = ORIENTED_EDGE ( 'NONE', *, *, #3602, .T. ) ;
#9364 = CARTESIAN_POINT ( 'NONE',  ( 12.69999999999999929, -8.000000000000000000, 4.000000000000000000 ) ) ;
#9365 = PERSON_AND_ORGANIZATION_ROLE ( 'creator' ) ;
#9366 = VECTOR ( 'NONE', #4312, 1000.000000000000000 ) ;
#9367 = DIRECTION ( 'NONE',  ( 0.9670826766655241657, 0.000000000000000000, -0.2544623675387880923 ) ) ;
#9368 = CARTESIAN_POINT ( 'NONE',  ( 0.1999999999999889921, 6.200000000000000178, 0.5500000000000160316 ) ) ;
#9369 = CARTESIAN_POINT ( 'NONE',  ( -4.896236533741447516, -4.649999999999999467, -0.3499959950361465344 ) ) ;
#9370 = CARTESIAN_POINT ( 'NONE',  ( -4.780733988912461125E-16, -7.500000000000000000, 3.500000000000000000 ) ) ;
#9371 = VERTEX_POINT ( 'NONE', #4477 ) ;
#9372 = AXIS2_PLACEMENT_3D ( 'NONE', #6808, #14, #2499 ) ;
#9373 = ORIENTED_EDGE ( 'NONE', *, *, #7767, .T. ) ;
#9374 = ORIENTED_EDGE ( 'NONE', *, *, #2550, .F. ) ;
#9375 = EDGE_CURVE ( 'NONE', #781, #5126, #153, .T. ) ;
#9376 = ADVANCED_FACE ( 'NONE', ( #8301 ), #379, .F. ) ;
#9377 = AXIS2_PLACEMENT_3D ( 'NONE', #88, #7018, #1036 ) ;
#9378 = CARTESIAN_POINT ( 'NONE',  ( 5.250000000000000000, -7.349999999999999645, 0.5500000000000090372 ) ) ;
#9379 = DIRECTION ( 'NONE',  ( 1.000000000000000000, -2.181414771040840345E-16, -3.128579780658979875E-16 ) ) ;
#9380 = CARTESIAN_POINT ( 'NONE',  ( -11.46738209570190037, 3.250000000000000000, -2.003270492925989021 ) ) ;
#9381 = CARTESIAN_POINT ( 'NONE',  ( -5.059069437767100830, 4.750000000000000000, -0.3200132187965100128 ) ) ;
#9382 = CARTESIAN_POINT ( 'NONE',  ( -11.46738209570190037, 3.250000000000000000, -2.353270492925989110 ) ) ;
#9383 = CARTESIAN_POINT ( 'NONE',  ( -4.376595962401239603, 4.649999999999999467, 0.05000000000001059847 ) ) ;
#9384 = CIRCLE ( 'NONE', #4310, 1.250000000000000222 ) ;
#9385 = EDGE_LOOP ( 'NONE', ( #5602, #2691, #5192, #1945 ) ) ;
#9386 = ORIENTED_EDGE ( 'NONE', *, *, #9220, .T. ) ;
#9387 = CARTESIAN_POINT ( 'NONE',  ( 0.3000000000000000999, -7.623567692723498546, 3.889009600658269949 ) ) ;
#9388 = CARTESIAN_POINT ( 'NONE',  ( -5.083698756151719955, -3.250000000000000000, -0.2730936816746800111 ) ) ;
#9389 = AXIS2_PLACEMENT_3D ( 'NONE', #7140, #6998, #354 ) ;
#9390 = DIRECTION ( 'NONE',  ( 5.551115123125809819E-17, 1.000000000000000000, 9.970989681626198491E-16 ) ) ;
#9391 = FACE_OUTER_BOUND ( 'NONE', #5171, .T. ) ;
#9392 = CARTESIAN_POINT ( 'NONE',  ( -3.100000000000000089, -2.700000000000000178, 3.500000000000000000 ) ) ;
#9394 = EDGE_CURVE ( 'NONE', #4168, #936, #9743, .T. ) ;
#9393 = EDGE_LOOP ( 'NONE', ( #4170, #4487, #3004, #6200, #4394, #6644 ) ) ;
#9395 = VERTEX_POINT ( 'NONE', #2992 ) ;
#9396 = EDGE_LOOP ( 'NONE', ( #1497, #685 ) ) ;
#9397 = CARTESIAN_POINT ( 'NONE',  ( -4.677482053875789525, -3.175305081068261259, 0.04999999999999751171 ) ) ;
#9398 = ORIENTED_EDGE ( 'NONE', *, *, #3344, .F. ) ;
#9399 = ADVANCED_FACE ( 'NONE', ( #5130 ), #4533, .T. ) ;
#9400 = LINE ( 'NONE', #2603, #2524 ) ;
#9401 = PLANE ( 'NONE',  #3825 ) ;
#9402 = CARTESIAN_POINT ( 'NONE',  ( -2.005188171466049774, 7.989681027825030313, -3.616495914642009701 ) ) ;
#9403 = AXIS2_PLACEMENT_3D ( 'NONE', #1787, #3501, #340 ) ;
#9404 = CARTESIAN_POINT ( 'NONE',  ( 3.299999999999999822, -3.950000000000000178, 0.5500000000000000444 ) ) ;
#9406 = ORIENTED_EDGE ( 'NONE', *, *, #68, .T. ) ;
#9405 = VECTOR ( 'NONE', #9691, 1000.000000000000000 ) ;
#9407 = ORIENTED_EDGE ( 'NONE', *, *, #7865, .T. ) ;
#9408 = ORIENTED_EDGE ( 'NONE', *, *, #612, .T. ) ;
#9409 = ORIENTED_EDGE ( 'NONE', *, *, #3787, .T. ) ;
#9410 = CIRCLE ( 'NONE', #7186, 1.299999999999999156 ) ;
#9411 = VERTEX_POINT ( 'NONE', #8998 ) ;
#9412 = CARTESIAN_POINT ( 'NONE',  ( -12.69999999999999929, -6.200000000000000178, -1.397680857941120327E-16 ) ) ;
#9413 = CIRCLE ( 'NONE', #4503, 1.300000000000000044 ) ;
#9414 = ADVANCED_FACE ( 'NONE', ( #1322 ), #2205, .T. ) ;
#9415 = AXIS2_PLACEMENT_3D ( 'NONE', #3010, #136, #3204 ) ;
#9416 = VECTOR ( 'NONE', #688, 1000.000000000000114 ) ;
#9417 = EDGE_CURVE ( 'NONE', #7876, #5298, #3531, .T. ) ;
#9418 = DIRECTION ( 'NONE',  ( 0.000000000000000000, -1.000000000000000000, 0.000000000000000000 ) ) ;
#9419 = CARTESIAN_POINT ( 'NONE',  ( 2.200000000000000178, 8.900000000000000355, -3.500000000000000000 ) ) ;
#9420 = DIRECTION ( 'NONE',  ( 0.000000000000000000, -1.000000000000000000, 0.000000000000000000 ) ) ;
#9421 = LINE ( 'NONE', #441, #4501 ) ;
#9422 = ORIENTED_EDGE ( 'NONE', *, *, #8951, .F. ) ;
#9423 = CIRCLE ( 'NONE', #2138, 1.500000000000000000 ) ;
#9424 = CIRCLE ( 'NONE', #1044, 0.1000000000000003109 ) ;
#9425 = EDGE_LOOP ( 'NONE', ( #7802, #1013, #9007, #8840 ) ) ;
#9426 = ORIENTED_EDGE ( 'NONE', *, *, #2749, .T. ) ;
#9427 = PLANE ( 'NONE',  #1498 ) ;
#9428 = CARTESIAN_POINT ( 'NONE',  ( 3.299999999999999822, 4.349999999999999645, -3.649999999999999911 ) ) ;
#9429 = DIRECTION ( 'NONE',  ( 3.675261601645779967E-17, 0.000000000000000000, 1.000000000000000000 ) ) ;
#9430 = FACE_OUTER_BOUND ( 'NONE', #3327, .T. ) ;
#9431 = AXIS2_PLACEMENT_3D ( 'NONE', #9381, #1008, #6950 ) ;
#9432 = ADVANCED_FACE ( 'NONE', ( #5878 ), #8900, .F. ) ;
#9433 = CYLINDRICAL_SURFACE ( 'NONE', #6736, 1.500000000000000000 ) ;
#9434 = LINE ( 'NONE', #5662, #1653 ) ;
#9435 = EDGE_CURVE ( 'NONE', #1720, #9371, #2748, .T. ) ;
#9436 = DIRECTION ( 'NONE',  ( 0.004218976193202674495, 0.000000000000000000, 0.9999911000803363148 ) ) ;
#9437 = CARTESIAN_POINT ( 'NONE',  ( -12.69999999999999929, 8.000000000000000000, -3.500000000000000000 ) ) ;
#9438 = VECTOR ( 'NONE', #2959, 1000.000000000000000 ) ;
#9439 = EDGE_LOOP ( 'NONE', ( #6977, #2868, #8415, #9639 ) ) ;
#9440 = VERTEX_POINT ( 'NONE', #3098 ) ;
#9441 = VERTEX_POINT ( 'NONE', #8506 ) ;
#9442 = CARTESIAN_POINT ( 'NONE',  ( 7.000000000000000000, 1.699999999999999956, 1.350000000000020073 ) ) ;
#9443 = CYLINDRICAL_SURFACE ( 'NONE', #923, 1.300000000000000711 ) ;
#9444 = FACE_OUTER_BOUND ( 'NONE', #1633, .T. ) ;
#9445 = CARTESIAN_POINT ( 'NONE',  ( -4.768600664696140967, -3.149999999999999911, -1.264922013198400252 ) ) ;
#9446 = VECTOR ( 'NONE', #2415, 1000.000000000000000 ) ;
#9447 = VERTEX_POINT ( 'NONE', #2403 ) ;
#9448 = ORIENTED_EDGE ( 'NONE', *, *, #6423, .T. ) ;
#9449 = ORIENTED_EDGE ( 'NONE', *, *, #281, .F. ) ;
#9450 = DIRECTION ( 'NONE',  ( 0.000000000000000000, 0.000000000000000000, -1.000000000000000000 ) ) ;
#9451 = CARTESIAN_POINT ( 'NONE',  ( -4.768600664696140967, 4.750000000000000000, -1.214922013198409978 ) ) ;
#9452 = DIRECTION ( 'NONE',  ( -1.000000000000000000, 0.000000000000000000, -1.365923996832129884E-16 ) ) ;
#9453 = LINE ( 'NONE', #4846, #3660 ) ;
#9454 = DIRECTION ( 'NONE',  ( -0.000000000000000000, 1.000000000000000000, 0.000000000000000000 ) ) ;
#9455 = CARTESIAN_POINT ( 'NONE',  ( -5.145272052113280203, -4.649999999999999467, -0.03079483887012009896 ) ) ;
#9456 = ORIENTED_EDGE ( 'NONE', *, *, #5660, .F. ) ;
#9457 = EDGE_LOOP ( 'NONE', ( #3447, #6109 ) ) ;
#9458 = ORIENTED_EDGE ( 'NONE', *, *, #2379, .T. ) ;
#9459 = EDGE_CURVE ( 'NONE', #580, #9497, #6865, .T. ) ;
#9460 = ORIENTED_EDGE ( 'NONE', *, *, #3154, .T. ) ;
#9461 = ORIENTED_EDGE ( 'NONE', *, *, #7973, .F. ) ;
#9462 = DIRECTION ( 'NONE',  ( 0.000000000000000000, 1.000000000000000000, 0.000000000000000000 ) ) ;
#9463 = EDGE_CURVE ( 'NONE', #3745, #8667, #5523, .T. ) ;
#9464 = AXIS2_PLACEMENT_3D ( 'NONE', #2261, #1671, #4686 ) ;
#9465 = DIRECTION ( 'NONE',  ( 0.9931429867320367144, 0.000000000000000000, 0.1169059789102749741 ) ) ;
#9466 = CARTESIAN_POINT ( 'NONE',  ( 0.9577574185765900250, -7.914357045500480581, -3.786772011914109726 ) ) ;
#9467 = AXIS2_PLACEMENT_3D ( 'NONE', #8733, #7995, #7191 ) ;
#9468 = CARTESIAN_POINT ( 'NONE',  ( 2.200000000000000178, 8.900000000000000355, -46.00000000000000000 ) ) ;
#9469 = CARTESIAN_POINT ( 'NONE',  ( -2.299999999999999822, -4.349999999999999645, 3.950000000000000178 ) ) ;
#9470 = VERTEX_POINT ( 'NONE', #915 ) ;
#9471 = EDGE_CURVE ( 'NONE', #6339, #7622, #2681, .T. ) ;
#9472 = ORIENTED_EDGE ( 'NONE', *, *, #9764, .F. ) ;
#9473 = VECTOR ( 'NONE', #8699, 1000.000000000000000 ) ;
#9474 = LINE ( 'NONE', #6488, #868 ) ;
#9475 = CARTESIAN_POINT ( 'NONE',  ( 0.2999999999999999889, -1.699999999999999956, -6.505213034913029562E-16 ) ) ;
#9476 = CARTESIAN_POINT ( 'NONE',  ( -3.726145790396850010, 4.750000000000000000, -0.4830620671561600132 ) ) ;
#9477 = FACE_OUTER_BOUND ( 'NONE', #6133, .T. ) ;
#9478 = CARTESIAN_POINT ( 'NONE',  ( -5.169901370497909099, -4.649999999999999467, 0.06612469825171000959 ) ) ;
#9479 = CARTESIAN_POINT ( 'NONE',  ( 3.915694032464190233, -7.825875356666581517, -3.885618546413839969 ) ) ;
#9480 = CARTESIAN_POINT ( 'NONE',  ( 3.299999999999999822, -3.950000000000000178, -2.600000000000000089 ) ) ;
#9481 = EDGE_LOOP ( 'NONE', ( #5494, #4050, #6057, #8645 ) ) ;
#9482 = ORIENTED_EDGE ( 'NONE', *, *, #3990, .T. ) ;
#9483 = ORIENTED_EDGE ( 'NONE', *, *, #4368, .F. ) ;
#9484 = EDGE_CURVE ( 'NONE', #1844, #1230, #784, .T. ) ;
#9485 = PLANE ( 'NONE',  #5434 ) ;
#9486 = AXIS2_PLACEMENT_3D ( 'NONE', #508, #5019, #603 ) ;
#9487 = CIRCLE ( 'NONE', #6949, 0.1000000000000000333 ) ;
#9488 = DIRECTION ( 'NONE',  ( 0.000000000000000000, -1.000000000000000000, 0.000000000000000000 ) ) ;
#9489 = AXIS2_PLACEMENT_3D ( 'NONE', #6390, #2630, #5658 ) ;
#9490 = DIRECTION ( 'NONE',  ( 0.000000000000000000, -1.000000000000000000, 0.000000000000000000 ) ) ;
#9491 = VECTOR ( 'NONE', #2393, 1000.000000000000000 ) ;
#9492 = CARTESIAN_POINT ( 'NONE',  ( 6.750000000000000000, -12.05000000000000071, 1.350000000000000089 ) ) ;
#9493 = AXIS2_PLACEMENT_3D ( 'NONE', #616, #5833, #8852 ) ;
#9494 = EDGE_LOOP ( 'NONE', ( #265, #1485, #332, #6560 ) ) ;
#9495 = ADVANCED_FACE ( 'NONE', ( #3046 ), #7005, .F. ) ;
#9496 = EDGE_CURVE ( 'NONE', #5969, #5086, #8296, .T. ) ;
#9497 = VERTEX_POINT ( 'NONE', #219 ) ;
#9498 = DIRECTION ( 'NONE',  ( -1.365923996832129884E-16, 0.000000000000000000, 1.000000000000000000 ) ) ;
#9499 = CARTESIAN_POINT ( 'NONE',  ( -0.2500000000000080491, 1.699999999999999956, 1.350000000000000089 ) ) ;
#9500 = DIRECTION ( 'NONE',  ( 0.000000000000000000, 0.000000000000000000, -1.000000000000000000 ) ) ;
#9501 = DIRECTION ( 'NONE',  ( 0.000000000000000000, -1.000000000000000000, 0.000000000000000000 ) ) ;
#9502 = PLANE ( 'NONE',  #7358 ) ;
#9503 = CARTESIAN_POINT ( 'NONE',  ( -11.49697323849340158, -3.226926704459180062, -2.500000000000000000 ) ) ;
#9504 = ORIENTED_EDGE ( 'NONE', *, *, #68, .F. ) ;
#9505 = ORIENTED_EDGE ( 'NONE', *, *, #5722, .T. ) ;
#9506 = ORIENTED_EDGE ( 'NONE', *, *, #8673, .T. ) ;
#9507 = VERTEX_POINT ( 'NONE', #67 ) ;
#9508 = B_SPLINE_CURVE_WITH_KNOTS ( 'NONE', 3,
 ( #4416, #3655, #6689, #2881, #5965, #3712, #7391, #597, #9027, #8983, #748, #8929 ),
 .UNSPECIFIED., .F., .F.,
 ( 4, 2, 2, 2, 2, 4 ),
 ( -0.08244218534523639619, -0.06474943934158890191, -0.04497664287919819759, -0.02290606795316130900, 0.000000000000000000, 0.0003501958157064166688 ),
 .UNSPECIFIED. ) ;
#9509 = ORIENTED_EDGE ( 'NONE', *, *, #5489, .F. ) ;
#9510 = DIRECTION ( 'NONE',  ( -3.675261601645779967E-17, 0.000000000000000000, -1.000000000000000000 ) ) ;
#9511 = DIRECTION ( 'NONE',  ( 0.000000000000000000, 1.000000000000000000, 0.000000000000000000 ) ) ;
#9512 = CARTESIAN_POINT ( 'NONE',  ( 3.299999999999999822, 2.600000000000000533, 0.05000000000001617734 ) ) ;
#9513 = CARTESIAN_POINT ( 'NONE',  ( -11.46738209570190037, -3.250000000000000000, -2.026314594173330264 ) ) ;
#9514 = ORIENTED_EDGE ( 'NONE', *, *, #9435, .F. ) ;
#9515 = VERTEX_POINT ( 'NONE', #6264 ) ;
#9516 = ORIENTED_EDGE ( 'NONE', *, *, #108, .T. ) ;
#9517 = EDGE_CURVE ( 'NONE', #5338, #9795, #5446, .T. ) ;
#9518 = LINE ( 'NONE', #4258, #4184 ) ;
#9519 = DIRECTION ( 'NONE',  ( 1.000000000000000000, 0.000000000000000000, 0.000000000000000000 ) ) ;
#9520 = EDGE_CURVE ( 'NONE', #1144, #5885, #3686, .T. ) ;
#9521 = DIRECTION ( 'NONE',  ( 0.000000000000000000, 0.000000000000000000, 1.000000000000000000 ) ) ;
#9522 = DIRECTION ( 'NONE',  ( -1.656580215914899728E-16, 0.000000000000000000, 1.000000000000000000 ) ) ;
#9523 = LINE ( 'NONE', #1995, #6289 ) ;
#9524 = PLANE ( 'NONE',  #8278 ) ;
#9525 = CARTESIAN_POINT ( 'NONE',  ( -4.376595962401239603, 3.250000000000000000, 0.05000000000000920375 ) ) ;
#9526 = CIRCLE ( 'NONE', #1460, 2.700000000000000178 ) ;
#9527 = ORIENTED_EDGE ( 'NONE', *, *, #6794, .T. ) ;
#9528 = EDGE_LOOP ( 'NONE', ( #5542, #5191, #1405, #6034 ) ) ;
#9529 = EDGE_LOOP ( 'NONE', ( #5284, #8838, #1281, #1632 ) ) ;
#9530 = LINE ( 'NONE', #7147, #3603 ) ;
#9531 = DIRECTION ( 'NONE',  ( 0.9931429867320364924, 0.000000000000000000, 0.1169059789102759456 ) ) ;
#9532 = EDGE_CURVE ( 'NONE', #8776, #7967, #4013, .T. ) ;
#9533 = CIRCLE ( 'NONE', #510, 0.5000000000000000000 ) ;
#9534 = CARTESIAN_POINT ( 'NONE',  ( -11.49697323849350106, 4.673073295540850047, -2.449999999999999734 ) ) ;
#9535 = DIRECTION ( 'NONE',  ( -2.927845397290890110E-16, -1.000000000000000000, 0.000000000000000000 ) ) ;
#9536 = VECTOR ( 'NONE', #6921, 1000.000000000000000 ) ;
#9537 = EDGE_CURVE ( 'NONE', #6653, #8933, #8465, .T. ) ;
#9538 = ORIENTED_EDGE ( 'NONE', *, *, #3629, .T. ) ;
#9539 = ORIENTED_EDGE ( 'NONE', *, *, #8698, .T. ) ;
#9540 = VECTOR ( 'NONE', #5551, 1000.000000000000000 ) ;
#9541 = EDGE_LOOP ( 'NONE', ( #8510, #2485 ) ) ;
#9542 = CARTESIAN_POINT ( 'NONE',  ( -0.8000000000000000444, -8.900000000000000355, -4.000000000000000000 ) ) ;
#9543 = CARTESIAN_POINT ( 'NONE',  ( 6.750000000000000000, -8.050000000000000711, 1.350000000000000089 ) ) ;
#9544 = CARTESIAN_POINT ( 'NONE',  ( 3.299999999999999822, 3.950000000000000178, 0.5500000000000180300 ) ) ;
#9545 = DIRECTION ( 'NONE',  ( 1.000000000000000000, 0.000000000000000000, -1.040834085586084059E-15 ) ) ;
#9546 = EDGE_CURVE ( 'NONE', #9339, #4530, #6230, .T. ) ;
#9547 = CARTESIAN_POINT ( 'NONE',  ( -4.896236533741448405, 4.750000000000000000, -0.2999959950361567040 ) ) ;
#9548 = ADVANCED_FACE ( 'NONE', ( #9341 ), #314, .F. ) ;
#9549 = LINE ( 'NONE', #284, #4554 ) ;
#9550 = AXIS2_PLACEMENT_3D ( 'NONE', #2395, #6161, #4717 ) ;
#9551 = ORIENTED_EDGE ( 'NONE', *, *, #529, .T. ) ;
#9552 = VERTEX_POINT ( 'NONE', #8651 ) ;
#9553 = EDGE_LOOP ( 'NONE', ( #5530, #2263, #6866, #4158 ) ) ;
#9554 = VERTEX_POINT ( 'NONE', #6636 ) ;
#9555 = ORIENTED_EDGE ( 'NONE', *, *, #7101, .T. ) ;
#9556 = DIRECTION ( 'NONE',  ( 3.336006684570780143E-16, 0.000000000000000000, -1.000000000000000000 ) ) ;
#9557 = AXIS2_PLACEMENT_3D ( 'NONE', #9568, #8601, #2082 ) ;
#9558 = CARTESIAN_POINT ( 'NONE',  ( -12.69999999999999929, -3.100000000000000089, -0.8499999999999999778 ) ) ;
#9559 = LINE ( 'NONE', #1838, #6236 ) ;
#9560 = DIRECTION ( 'NONE',  ( -1.365923996832129884E-16, 0.000000000000000000, 1.000000000000000000 ) ) ;
#9561 = DIRECTION ( 'NONE',  ( -1.000000000000000000, 0.000000000000000000, 8.673617379884035472E-16 ) ) ;
#9562 = ORIENTED_EDGE ( 'NONE', *, *, #7296, .F. ) ;
#9563 = AXIS2_PLACEMENT_3D ( 'NONE', #3013, #6041, #9017 ) ;
#9564 = EDGE_LOOP ( 'NONE', ( #3926, #3084, #6085, #6587 ) ) ;
#9565 = AXIS2_PLACEMENT_3D ( 'NONE', #947, #3908, #6937 ) ;
#9566 = DIRECTION ( 'NONE',  ( 0.9691953712182476144, 0.000000000000000000, 0.2462931838462509293 ) ) ;
#9567 = AXIS2_PLACEMENT_3D ( 'NONE', #5593, #96, #3903 ) ;
#9568 = CARTESIAN_POINT ( 'NONE',  ( 3.700000000000000178, -5.200000000000000178, 2.850000000000000089 ) ) ;
#9569 = VECTOR ( 'NONE', #2388, 1000.000000000000000 ) ;
#9570 = CARTESIAN_POINT ( 'NONE',  ( 3.299999999999999822, 3.950000000000000178, -2.600000000000000089 ) ) ;
#9571 = DIRECTION ( 'NONE',  ( 0.004218976193204164622, 0.000000000000000000, 0.9999911000803363148 ) ) ;
#9572 = EDGE_CURVE ( 'NONE', #7271, #578, #1295, .T. ) ;
#9573 = ADVANCED_FACE ( 'NONE', ( #5056 ), #5902, .T. ) ;
#9574 = DIRECTION ( 'NONE',  ( 1.000000000000000000, 0.000000000000000000, 0.000000000000000000 ) ) ;
#9575 = AXIS2_PLACEMENT_3D ( 'NONE', #6348, #8502, #6903 ) ;
#9576 = CARTESIAN_POINT ( 'NONE',  ( -11.45254019207970053, -4.750000000000000000, -2.152399954643779978 ) ) ;
#9577 = CARTESIAN_POINT ( 'NONE',  ( 3.772166415146760432, -7.501076215300259697, -4.000000000000000000 ) ) ;
#9578 = DIRECTION ( 'NONE',  ( 9.343242246769421254E-16, -2.294126247091830304E-15, 1.000000000000000000 ) ) ;
#9579 = CIRCLE ( 'NONE', #4192, 0.09999999999999997780 ) ;
#9580 = EDGE_CURVE ( 'NONE', #7099, #2021, #4309, .T. ) ;
#9581 = EDGE_LOOP ( 'NONE', ( #9374, #7083, #6704, #8986 ) ) ;
#9582 = ORIENTED_EDGE ( 'NONE', *, *, #7521, .T. ) ;
#9583 = ORIENTED_EDGE ( 'NONE', *, *, #3278, .T. ) ;
#9584 = DIRECTION ( 'NONE',  ( 1.000000000000000000, 0.000000000000000000, 0.000000000000000000 ) ) ;
#9585 = CIRCLE ( 'NONE', #5624, 0.5000000000000000000 ) ;
#9586 = CARTESIAN_POINT ( 'NONE',  ( 3.299999999999999822, 5.300000000000000711, 0.5500000000000193623 ) ) ;
#9587 = ADVANCED_FACE ( 'NONE', ( #8924 ), #1807, .F. ) ;
#9588 = DIRECTION ( 'NONE',  ( 0.000000000000000000, -1.000000000000000000, 0.000000000000000000 ) ) ;
#9589 = CARTESIAN_POINT ( 'NONE',  ( -11.46738209570190037, -4.750000000000000000, -2.026314594173330264 ) ) ;
#9590 = ORIENTED_EDGE ( 'NONE', *, *, #9546, .T. ) ;
#9591 = TOROIDAL_SURFACE ( 'NONE', #5153, 0.1269558987526489824, 0.1000000000000000056 ) ;
#9592 = EDGE_CURVE ( 'NONE', #7772, #2712, #268, .T. ) ;
#9593 = ORIENTED_EDGE ( 'NONE', *, *, #8859, .F. ) ;
#9594 = DIRECTION ( 'NONE',  ( 8.928723773410041156E-16, -1.000000000000000000, 1.548886674024689908E-31 ) ) ;
#9595 = CARTESIAN_POINT ( 'NONE',  ( -4.862863943567535152, 3.150000000479211248, 0.05000000000000864864 ) ) ;
#9596 = AXIS2_PLACEMENT_3D ( 'NONE', #5799, #7926, #8722 ) ;
#9597 = LINE ( 'NONE', #9499, #9342 ) ;
#9598 = DIRECTION ( 'NONE',  ( 1.000000000000000000, 0.000000000000000000, 0.000000000000000000 ) ) ;
#9599 = LINE ( 'NONE', #2398, #3987 ) ;
#9600 = CARTESIAN_POINT ( 'NONE',  ( -0.6999999999999999556, 3.100000000000000089, -0.8499999999999999778 ) ) ;
#9601 = LINE ( 'NONE', #5982, #282 ) ;
#9602 = ORIENTED_EDGE ( 'NONE', *, *, #7796, .T. ) ;
#9603 = VERTEX_POINT ( 'NONE', #4361 ) ;
#9604 = ORIENTED_EDGE ( 'NONE', *, *, #8847, .T. ) ;
#9605 = B_SPLINE_CURVE_WITH_KNOTS ( 'NONE', 3,
 ( #5980, #3100, #9101, #9200 ),
 .UNSPECIFIED., .F., .F.,
 ( 4, 4 ),
 ( 0.000000000000000000, 0.4996115779860614281 ),
 .UNSPECIFIED. ) ;
#9606 = ORIENTED_EDGE ( 'NONE', *, *, #9133, .T. ) ;
#9607 = ORIENTED_EDGE ( 'NONE', *, *, #558, .T. ) ;
#9608 = LINE ( 'NONE', #5645, #8485 ) ;
#9609 = EDGE_CURVE ( 'NONE', #2885, #7099, #6589, .T. ) ;
#9610 = CARTESIAN_POINT ( 'NONE',  ( -12.69999999999999929, 4.799999999999999822, -0.8499999999999999778 ) ) ;
#9611 = DIRECTION ( 'NONE',  ( 0.000000000000000000, 0.000000000000000000, 1.000000000000000000 ) ) ;
#9612 = LINE ( 'NONE', #1930, #2563 ) ;
#9613 = DIRECTION ( 'NONE',  ( -0.2544623675387871486, 0.000000000000000000, -0.9670826766655243878 ) ) ;
#9614 = ORIENTED_EDGE ( 'NONE', *, *, #5180, .T. ) ;
#9615 = VERTEX_POINT ( 'NONE', #2590 ) ;
#9616 = DIRECTION ( 'NONE',  ( 1.000000000000000000, 0.000000000000000000, 0.000000000000000000 ) ) ;
#9617 = EDGE_CURVE ( 'NONE', #6943, #470, #85, .T. ) ;
#9618 = CARTESIAN_POINT ( 'NONE',  ( -0.6999999999999999556, -5.200000000000000178, -0.8499999999999999778 ) ) ;
#9619 = EDGE_CURVE ( 'NONE', #2034, #7714, #6310, .T. ) ;
#9620 = LINE ( 'NONE', #7991, #6317 ) ;
#9621 = AXIS2_PLACEMENT_3D ( 'NONE', #1459, #10, #2244 ) ;
#9622 = LINE ( 'NONE', #8979, #9366 ) ;
#9623 = CARTESIAN_POINT ( 'NONE',  ( -11.41897125843630079, 3.237043900731340074, -2.449999999999999734 ) ) ;
#9624 = FACE_OUTER_BOUND ( 'NONE', #2022, .T. ) ;
#9625 = DIRECTION ( 'NONE',  ( 0.000000000000000000, -1.000000000000000000, 0.000000000000000000 ) ) ;
#9626 = CARTESIAN_POINT ( 'NONE',  ( -11.46738209570190037, -3.149999999999999911, -2.026314594173330264 ) ) ;
#9627 = VERTEX_POINT ( 'NONE', #7385 ) ;
#9628 = VECTOR ( 'NONE', #9245, 1000.000000000000000 ) ;
#9629 = ORIENTED_EDGE ( 'NONE', *, *, #2208, .T. ) ;
#9630 = VERTEX_POINT ( 'NONE', #9666 ) ;
#9631 = ORIENTED_EDGE ( 'NONE', *, *, #1443, .F. ) ;
#9632 = ORIENTED_EDGE ( 'NONE', *, *, #877, .F. ) ;
#9633 = LINE ( 'NONE', #9680, #6466 ) ;
#9634 = DIRECTION ( 'NONE',  ( 0.000000000000000000, 0.000000000000000000, -1.000000000000000000 ) ) ;
#9635 = DIRECTION ( 'NONE',  ( -6.684682762690817893E-17, -1.000000000000000000, -2.272792139314878256E-15 ) ) ;
#9636 = FACE_OUTER_BOUND ( 'NONE', #6499, .T. ) ;
#9637 = CARTESIAN_POINT ( 'NONE',  ( -2.299999999999999822, -4.349999999999999645, 3.500000000000000000 ) ) ;
#9638 = EDGE_LOOP ( 'NONE', ( #5675, #2700, #1111, #1997 ) ) ;
#9639 = ORIENTED_EDGE ( 'NONE', *, *, #3132, .F. ) ;
#9640 = EDGE_CURVE ( 'NONE', #7967, #2095, #494, .T. ) ;
#9641 = CARTESIAN_POINT ( 'NONE',  ( -11.46738209570190037, 4.750000000000000000, -1.976314594173340211 ) ) ;
#9642 = LINE ( 'NONE', #7409, #9405 ) ;
#9643 = CYLINDRICAL_SURFACE ( 'NONE', #2211, 2.700000000000000178 ) ;
#9644 = PLANE ( 'NONE',  #461 ) ;
#9645 = EDGE_CURVE ( 'NONE', #5619, #555, #2871, .T. ) ;
#9646 = VECTOR ( 'NONE', #5134, 1000.000000000000114 ) ;
#9647 = DIRECTION ( 'NONE',  ( 1.334402673828309888E-16, 0.000000000000000000, -1.000000000000000000 ) ) ;
#9648 = CARTESIAN_POINT ( 'NONE',  ( 3.299999999999999822, -4.349999999999999645, -3.649999999999999911 ) ) ;
#9649 = CIRCLE ( 'NONE', #7587, 0.1000000000000000333 ) ;
#9650 = CARTESIAN_POINT ( 'NONE',  ( -5.046762077960783799, 3.150524619381452673, 0.05000000000000846129 ) ) ;
#9651 = VERTEX_POINT ( 'NONE', #1016 ) ;
#9652 = ORIENTED_EDGE ( 'NONE', *, *, #6852, .T. ) ;
#9653 = EDGE_LOOP ( 'NONE', ( #4624, #8816, #6916, #4798 ) ) ;
#9654 = ORIENTED_EDGE ( 'NONE', *, *, #4064, .F. ) ;
#9655 = DIRECTION ( 'NONE',  ( 0.9670826766655241657, 0.000000000000000000, -0.2544623675387880923 ) ) ;
#9656 = EDGE_CURVE ( 'NONE', #4551, #8961, #3073, .T. ) ;
#9657 = CARTESIAN_POINT ( 'NONE',  ( -3.637083961758269979, -3.149999999999999911, -0.1945831303232199994 ) ) ;
#9658 = LINE ( 'NONE', #1480, #1188 ) ;
#9659 = CARTESIAN_POINT ( 'NONE',  ( 11.25000000000000000, -5.000000000000000000, -4.000000000000000000 ) ) ;
#9660 = LINE ( 'NONE', #6776, #3382 ) ;
#9661 = AXIS2_PLACEMENT_3D ( 'NONE', #3240, #2595, #7658 ) ;
#9662 = EDGE_CURVE ( 'NONE', #7013, #4124, #6047, .T. ) ;
#9663 = ORIENTED_EDGE ( 'NONE', *, *, #2204, .F. ) ;
#9664 = ORIENTED_EDGE ( 'NONE', *, *, #493, .F. ) ;
#9665 = CARTESIAN_POINT ( 'NONE',  ( 3.299999999999999822, -3.950000000000000178, -3.649999999999999911 ) ) ;
#9666 = CARTESIAN_POINT ( 'NONE',  ( 11.00000000000000000, -5.596261355944090354, 0.5500000000000160316 ) ) ;
#9667 = DIRECTION ( 'NONE',  ( 8.928723773410041156E-16, -1.000000000000000000, 1.548886674024689908E-31 ) ) ;
#9668 = DIRECTION ( 'NONE',  ( 0.5780173407803397279, -1.945791139965778624E-15, 0.8160244811016544864 ) ) ;
#9669 = CARTESIAN_POINT ( 'NONE',  ( 6.400000000000000355, -8.000000000000000000, -3.500000000000000000 ) ) ;
#9670 = DIRECTION ( 'NONE',  ( 1.334402673828309888E-16, 0.000000000000000000, -1.000000000000000000 ) ) ;
#9671 = DIRECTION ( 'NONE',  ( 0.000000000000000000, -1.000000000000000000, 0.000000000000000000 ) ) ;
#9672 = LINE ( 'NONE', #9078, #8946 ) ;
#9673 = ADVANCED_FACE ( 'NONE', ( #6833 ), #7627, .T. ) ;
#9674 = ORIENTED_EDGE ( 'NONE', *, *, #816, .F. ) ;
#9675 = ADVANCED_FACE ( 'NONE', ( #4506 ), #6198, .F. ) ;
#9676 = VERTEX_POINT ( 'NONE', #6146 ) ;
#9677 = VERTEX_POINT ( 'NONE', #4454 ) ;
#9678 = EDGE_LOOP ( 'NONE', ( #7156, #3108, #3041, #2636, #127, #237, #588, #7026 ) ) ;
#9679 = ORIENTED_EDGE ( 'NONE', *, *, #4834, .F. ) ;
#9680 = CARTESIAN_POINT ( 'NONE',  ( -12.69999999999999929, 6.200000000000000178, 0.000000000000000000 ) ) ;
#9681 = DIRECTION ( 'NONE',  ( -1.000000000000000000, 0.000000000000000000, 0.000000000000000000 ) ) ;
#9682 = DIRECTION ( 'NONE',  ( 0.000000000000000000, 0.000000000000000000, -1.000000000000000000 ) ) ;
#9683 = CARTESIAN_POINT ( 'NONE',  ( -0.6999999999999999556, 3.100000000000000089, -0.8499999999999999778 ) ) ;
#9684 = CARTESIAN_POINT ( 'NONE',  ( 0.1999999999999879929, 6.200000000000000178, 1.350000000000020073 ) ) ;
#9685 = AXIS2_PLACEMENT_3D ( 'NONE', #4912, #7934, #1396 ) ;
#9686 = EDGE_LOOP ( 'NONE', ( #2077, #4920, #5457, #4271 ) ) ;
#9687 = VECTOR ( 'NONE', #5492, 1000.000000000000000 ) ;
#9688 = ORIENTED_EDGE ( 'NONE', *, *, #3059, .T. ) ;
#9689 = AXIS2_PLACEMENT_3D ( 'NONE', #9641, #2848, #5877 ) ;
#9690 = CYLINDRICAL_SURFACE ( 'NONE', #2900, 1.500000000000000000 ) ;
#9691 = DIRECTION ( 'NONE',  ( 0.000000000000000000, 0.000000000000000000, -1.000000000000000000 ) ) ;
#9692 = AXIS2_PLACEMENT_3D ( 'NONE', #5663, #1106, #1801 ) ;
#9693 = CARTESIAN_POINT ( 'NONE',  ( -0.8000000000000000444, 8.900000000000000355, -3.500000000000000000 ) ) ;
#9694 = FACE_OUTER_BOUND ( 'NONE', #8312, .T. ) ;
#9695 = EDGE_CURVE ( 'NONE', #8815, #7196, #4553, .T. ) ;
#9696 = PLANE ( 'NONE',  #4979 ) ;
#9697 = CARTESIAN_POINT ( 'NONE',  ( -5.030690102229812055, 3.150285041042885759, 0.05000000000000846823 ) ) ;
#9698 = EDGE_LOOP ( 'NONE', ( #7764, #8886, #2316, #2128 ) ) ;
#9699 = CIRCLE ( 'NONE', #6067, 2.700000000000000178 ) ;
#9700 = ORIENTED_EDGE ( 'NONE', *, *, #1247, .T. ) ;
#9701 = ORIENTED_EDGE ( 'NONE', *, *, #5074, .T. ) ;
#9702 = ADVANCED_FACE ( 'NONE', ( #2179 ), #7477, .F. ) ;
#9703 = FACE_OUTER_BOUND ( 'NONE', #4898, .T. ) ;
#9704 = AXIS2_PLACEMENT_3D ( 'NONE', #4903, #1982, #1288 ) ;
#9705 = VECTOR ( 'NONE', #2440, 1000.000000000000000 ) ;
#9706 = DIRECTION ( 'NONE',  ( 0.000000000000000000, -1.000000000000000000, 0.000000000000000000 ) ) ;
#9707 = DIRECTION ( 'NONE',  ( -0.9878995680665040302, 0.000000000000000000, 0.1550949496728210031 ) ) ;
#9708 = DIRECTION ( 'NONE',  ( 1.000000000000000000, -1.913297951445009840E-16, 1.734723475976839881E-16 ) ) ;
#9709 = CARTESIAN_POINT ( 'NONE',  ( 6.200000000000000178, -1.750000000000000000, 0.04999999999999619332 ) ) ;
#9710 = ORIENTED_EDGE ( 'NONE', *, *, #2768, .F. ) ;
#9711 = EDGE_LOOP ( 'NONE', ( #3016, #3053 ) ) ;
#9712 = AXIS2_PLACEMENT_3D ( 'NONE', #360, #8550, #4775 ) ;
#9713 = ADVANCED_FACE ( 'NONE', ( #742 ), #8332, .F. ) ;
#9714 = DIRECTION ( 'NONE',  ( 0.000000000000000000, -1.000000000000000000, -9.838130824405502029E-16 ) ) ;
#9715 = DIRECTION ( 'NONE',  ( 0.000000000000000000, 0.000000000000000000, -1.000000000000000000 ) ) ;
#9716 = CARTESIAN_POINT ( 'NONE',  ( -0.6999999999999999556, 1.699999999999999956, 0.000000000000000000 ) ) ;
#9717 = DIRECTION ( 'NONE',  ( 0.000000000000000000, -1.000000000000000000, 0.000000000000000000 ) ) ;
#9718 = DIRECTION ( 'NONE',  ( 1.741690236924499901E-16, 0.000000000000000000, -1.000000000000000000 ) ) ;
#9719 = CARTESIAN_POINT ( 'NONE',  ( 1.807518844340070041, 6.200000000000000178, 0.5500000000000180300 ) ) ;
#9720 = CARTESIAN_POINT ( 'NONE',  ( 11.00000000000000000, -5.596261355944090354, 0.5500000000000160316 ) ) ;
#9721 = CARTESIAN_POINT ( 'NONE',  ( -5.145272052113280203, 3.149999999999999911, 0.01920516112986990140 ) ) ;
#9722 = ORIENTED_EDGE ( 'NONE', *, *, #8693, .F. ) ;
#9723 = AXIS2_PLACEMENT_3D ( 'NONE', #2386, #248, #3854 ) ;
#9724 = EDGE_LOOP ( 'NONE', ( #9231, #3644 ) ) ;
#9725 = VECTOR ( 'NONE', #9789, 1000.000000000000000 ) ;
#9726 = ORIENTED_EDGE ( 'NONE', *, *, #1158, .F. ) ;
#9727 = ORIENTED_EDGE ( 'NONE', *, *, #95, .F. ) ;
#9728 = VECTOR ( 'NONE', #5736, 1000.000000000000000 ) ;
#9729 = DIRECTION ( 'NONE',  ( 0.9691953712182473923, 0.000000000000000000, 0.2462931838462521228 ) ) ;
#9730 = EDGE_CURVE ( 'NONE', #2859, #4540, #5206, .T. ) ;
#9731 = VECTOR ( 'NONE', #1108, 1000.000000000000000 ) ;
#9732 = EDGE_CURVE ( 'NONE', #4919, #998, #975, .T. ) ;
#9733 = LINE ( 'NONE', #5971, #764 ) ;
#9734 = DIRECTION ( 'NONE',  ( 0.9691953712182473923, 0.000000000000000000, 0.2462931838462521228 ) ) ;
#9735 = CIRCLE ( 'NONE', #5934, 1.000000000000000222 ) ;
#9736 = AXIS2_PLACEMENT_3D ( 'NONE', #9665, #5901, #639 ) ;
#9737 = DIRECTION ( 'NONE',  ( -1.000000000000000000, 0.000000000000000000, 0.000000000000000000 ) ) ;
#9738 = DIRECTION ( 'NONE',  ( 0.000000000000000000, 0.8160244811016550415, -0.5780173407803390617 ) ) ;
#9739 = ORIENTED_EDGE ( 'NONE', *, *, #9471, .F. ) ;
#9740 = AXIS2_PLACEMENT_3D ( 'NONE', #3218, #7737, #5403 ) ;
#9741 = ORIENTED_EDGE ( 'NONE', *, *, #583, .F. ) ;
#9742 = CARTESIAN_POINT ( 'NONE',  ( -12.20000000000000107, -1.750000000000000000, 0.05000000000000109912 ) ) ;
#9743 = LINE ( 'NONE', #4386, #9725 ) ;
#9744 = EDGE_CURVE ( 'NONE', #1596, #3197, #4576, .T. ) ;
#9745 = CARTESIAN_POINT ( 'NONE',  ( 3.627833584854510018, 7.501076215297249661, -4.000000000000000000 ) ) ;
#9746 = CARTESIAN_POINT ( 'NONE',  ( -2.042242581456069850, -7.914357045433039417, 3.786772012012169952 ) ) ;
#9747 = DIRECTION ( 'NONE',  ( -1.000000000000000000, 0.000000000000000000, -1.232047923278979734E-16 ) ) ;
#9748 = VECTOR ( 'NONE', #8383, 1000.000000000000000 ) ;
#9749 = DIRECTION ( 'NONE',  ( -0.7071067811865500152, -0.7071067811865450192, 2.598802401158269806E-17 ) ) ;
#9750 = DIRECTION ( 'NONE',  ( -0.2544623675387880923, 0.000000000000000000, -0.9670826766655240547 ) ) ;
#9751 = ORIENTED_EDGE ( 'NONE', *, *, #4237, .F. ) ;
#9752 = ORIENTED_EDGE ( 'NONE', *, *, #7367, .F. ) ;
#9753 = VERTEX_POINT ( 'NONE', #97 ) ;
#9754 = CARTESIAN_POINT ( 'NONE',  ( -4.376595962401250262, 5.450000000000000178, 0.05000000000001140338 ) ) ;
#9755 = VECTOR ( 'NONE', #9418, 1000.000000000000000 ) ;
#9756 = DIRECTION ( 'NONE',  ( -1.365923996832129884E-16, 0.000000000000000000, 1.000000000000000000 ) ) ;
#9757 = DIRECTION ( 'NONE',  ( 0.9878995680665040302, 0.000000000000000000, -0.1550949496728210031 ) ) ;
#9758 = EDGE_CURVE ( 'NONE', #982, #2885, #5352, .T. ) ;
#9759 = LINE ( 'NONE', #2961, #8738 ) ;
#9760 = DIRECTION ( 'NONE',  ( 0.000000000000000000, 0.000000000000000000, 1.000000000000000000 ) ) ;
#9761 = ORIENTED_EDGE ( 'NONE', *, *, #8206, .F. ) ;
#9762 = ORIENTED_EDGE ( 'NONE', *, *, #8304, .T. ) ;
#9763 = CARTESIAN_POINT ( 'NONE',  ( 3.299999999999999378, -5.300000000000000711, 0.5499999999999984901 ) ) ;
#9764 = EDGE_CURVE ( 'NONE', #8365, #8026, #9812, .T. ) ;
#9765 = CARTESIAN_POINT ( 'NONE',  ( -11.46738209570190037, 4.750000000000000000, -1.976314594173340211 ) ) ;
#9766 = CARTESIAN_POINT ( 'NONE',  ( -12.69999999999999929, 7.500000000000000000, -3.500000000000000000 ) ) ;
#9767 = CARTESIAN_POINT ( 'NONE',  ( -0.6999999999999999556, 4.750000000000000000, -0.4749951050441880152 ) ) ;
#9768 = CARTESIAN_POINT ( 'NONE',  ( 0.2999999999999999889, -7.900000000000000355, 1.350000000000000089 ) ) ;
#9769 = CARTESIAN_POINT ( 'NONE',  ( -11.45254019207970053, -4.649999999999999467, -2.152399954643779978 ) ) ;
#9770 = EDGE_CURVE ( 'NONE', #107, #106, #1393, .T. ) ;
#9771 = CARTESIAN_POINT ( 'NONE',  ( -4.854746654831579633, 4.649999999999999467, -1.325752963803189965 ) ) ;
#9772 = DIRECTION ( 'NONE',  ( -1.000000000000000000, 0.000000000000000000, -1.239088197126290817E-16 ) ) ;
#9773 = ORIENTED_EDGE ( 'NONE', *, *, #712, .F. ) ;
#9774 = VERTEX_POINT ( 'NONE', #1444 ) ;
#9775 = APPROVAL ( #7828, 'UNSPECIFIED' ) ;
#9776 = EDGE_LOOP ( 'NONE', ( #3528, #8416, #8581, #8680, #6944 ) ) ;
#9777 = CYLINDRICAL_SURFACE ( 'NONE', #8221, 0.09999999999999997780 ) ;
#9778 = CARTESIAN_POINT ( 'NONE',  ( 3.983988439306360263, 3.550000000000000266, 2.050924855491349952 ) ) ;
#9779 = CARTESIAN_POINT ( 'NONE',  ( -11.41162309946109943, 4.649999999999999467, -2.449999999999999734 ) ) ;
#9780 = LINE ( 'NONE', #8991, #5146 ) ;
#9781 = CARTESIAN_POINT ( 'NONE',  ( -11.56022376417530140, -3.149999999999999911, -1.660970681948839900 ) ) ;
#9782 = AXIS2_PLACEMENT_3D ( 'NONE', #8361, #6915, #6173 ) ;
#9783 = EDGE_CURVE ( 'NONE', #4956, #9774, #3646, .T. ) ;
#9784 = EDGE_CURVE ( 'NONE', #8258, #8791, #2228, .T. ) ;
#9785 = ORIENTED_EDGE ( 'NONE', *, *, #5772, .F. ) ;
#9786 = EDGE_LOOP ( 'NONE', ( #367, #6816, #6759, #1708 ) ) ;
#9787 = CARTESIAN_POINT ( 'NONE',  ( 10.69999999999999929, 8.000000000000000000, -3.500000000000000000 ) ) ;
#9788 = AXIS2_PLACEMENT_3D ( 'NONE', #111, #7791, #257 ) ;
#9789 = DIRECTION ( 'NONE',  ( 0.000000000000000000, -1.000000000000000000, 0.000000000000000000 ) ) ;
#9790 = LINE ( 'NONE', #1422, #7943 ) ;
#9791 = DIRECTION ( 'NONE',  ( 7.355979185155139968E-16, 0.5780173407803372854, 0.8160244811016562627 ) ) ;
#9792 = CARTESIAN_POINT ( 'NONE',  ( -2.299999999999999822, -3.550000000000000266, 3.500000000000000000 ) ) ;
#9793 = CARTESIAN_POINT ( 'NONE',  ( -5.011970195842192055, 3.150068391516586352, 0.05000000000000848210 ) ) ;
#9795 = VERTEX_POINT ( 'NONE', #8277 ) ;
#9794 = EDGE_CURVE ( 'NONE', #458, #107, #5957, .T. ) ;
#9796 = ORIENTED_EDGE ( 'NONE', *, *, #6799, .F. ) ;
#9797 = EDGE_CURVE ( 'NONE', #3570, #2661, #501, .T. ) ;
#9798 = VERTEX_POINT ( 'NONE', #4651 ) ;
#9799 = EDGE_LOOP ( 'NONE', ( #3612, #2329, #1777, #6031 ) ) ;
#9800 = DIRECTION ( 'NONE',  ( 0.9670826766655243878, 0.000000000000000000, -0.2544623675387871486 ) ) ;
#9801 = AXIS2_PLACEMENT_3D ( 'NONE', #4520, #6797, #6015 ) ;
#9802 = AXIS2_PLACEMENT_3D ( 'NONE', #5307, #1692, #8382 ) ;
#9803 = AXIS2_PLACEMENT_3D ( 'NONE', #2534, #9329, #160 ) ;
#9804 = CIRCLE ( 'NONE', #1421, 6.487680633323429369 ) ;
#9805 = CARTESIAN_POINT ( 'NONE',  ( -4.768600664696140967, 4.750000000000000000, -1.214922013198409978 ) ) ;
#9806 = DIRECTION ( 'NONE',  ( 0.9670826766655241657, 0.000000000000000000, -0.2544623675387880923 ) ) ;
#9807 = DIRECTION ( 'NONE',  ( -1.000000000000000000, 1.100971166086609954E-15, -9.387283644590639465E-16 ) ) ;
#9808 = ORIENTED_EDGE ( 'NONE', *, *, #2009, .F. ) ;
#9809 = EDGE_LOOP ( 'NONE', ( #9408, #2399, #2574, #3633 ) ) ;
#9810 = CARTESIAN_POINT ( 'NONE',  ( -0.6999999999999999556, 6.200000000000000178, 0.5500000000000000444 ) ) ;
#9811 = CIRCLE ( 'NONE', #6019, 2.499999999999999556 ) ;
#9812 = LINE ( 'NONE', #8181, #7460 ) ;
#9813 = CARTESIAN_POINT ( 'NONE',  ( 0.8000000000000031530, -3.950000000000014388, 2.350000000000002309 ) ) ;
#9814 = CARTESIAN_POINT ( 'NONE',  ( -11.43779095291020020, 4.673073295540850935, -2.449999999999999734 ) ) ;
#9815 = VECTOR ( 'NONE', #8555, 1000.000000000000000 ) ;
#9816 = LINE ( 'NONE', #2972, #2938 ) ;
#9817 = CARTESIAN_POINT ( 'NONE',  ( -3.726145790396850010, -3.250000000000000000, -0.5330620671561500101 ) ) ;
#9818 = CARTESIAN_POINT ( 'NONE',  ( -2.228285685708569552, 7.500000000000000000, 4.000000000000000000 ) ) ;
#9819 = CARTESIAN_POINT ( 'NONE',  ( -0.6999999999999999556, -4.799999999999999822, -2.500000000000000000 ) ) ;
ENDSEC;
END-ISO-10303-21;
